delete from dbo.payments
delete from dbo.conference_day_attendees
delete from dbo.conference_day_reservations
delete from dbo.reservations
delete from dbo.price_levels
delete from dbo.workshops
delete from dbo.individual_customers
delete from dbo.companies
delete from dbo.customers
delete from dbo.conference_days
delete from dbo.conferences
delete from dbo.addresses
delete from dbo.registered

set identity_insert dbo.registered on
insert into dbo.registered (registered_id, first_name, last_name, email_address) values (1, 'Marleen', 'Catlee', 'marleencatlee@agh.edu.pl'), (2, 'Shea', 'Philippine', 'sheaphilippine@agh.edu.pl'), (3, 'Fiorenze', 'Amal', 'fiorenzeamal@yahoo.com'), (4, 'Angelle', 'Micro', 'angellemicro@agh.edu.pl'), (5, 'Domeniga', 'Franciskus', 'domenigafranciskus@agh.edu.pl'), (6, 'Katharine', 'Germann', 'katharinegermann@yahoo.com'), (7, 'Leia', 'Danila', 'leiadanila@agh.edu.pl'), (8, 'Elisa', 'Daney', 'elisadaney@yahoo.com'), (9, 'Pamella', 'Penoyer', 'pamellapenoyer@gmail.com'), (10, 'Moyra', 'Carmela', 'moyracarmela@yahoo.com'), (11, 'Cele', 'Keyek', 'celekeyek@agh.edu.pl'), (12, 'Juliana', 'Cardwell', 'julianacardwell@yahoo.com'), (13, 'Ronna', 'Bullock', 'ronnabullock@yahoo.com'), (14, 'Marabel', 'Vlada', 'marabelvlada@yahoo.com'), (15, 'Marcy', 'Catriona', 'marcycatriona@agh.edu.pl'), (16, 'Piper', 'Peti', 'piperpeti@gmail.com'), (17, 'Eolanda', 'Hernandez', 'eolandahernandez@agh.edu.pl'), (18, 'Max', 'Howlyn', 'maxhowlyn@agh.edu.pl'), (19, 'Viviyan', 'Lidah', 'viviyanlidah@gmail.com'), (20, 'Martina', 'Daffy', 'martinadaffy@agh.edu.pl'), (21, 'Jonell', 'Thebault', 'jonellthebault@gmail.com'), (22, 'Teena', 'Nora', 'teenanora@agh.edu.pl'), (23, 'Ronna', 'Rene', 'ronnarene@agh.edu.pl'), (24, 'Janetta', 'Rizzi', 'janettarizzi@yahoo.com'), (25, 'Kary', 'Pooley', 'karypooley@agh.edu.pl'), (26, 'Margareta', 'Hills', 'margaretahills@yahoo.com'), (27, 'Theadora', 'Castor', 'theadoracastor@yahoo.com'), (28, 'Latisha', 'Wooster', 'latishawooster@agh.edu.pl'), (29, 'Bebe', 'Jamil', 'bebejamil@agh.edu.pl'), (30, 'Bertha', 'Eileen', 'berthaeileen@gmail.com'), (31, 'Drusy', 'Rhee', 'drusyrhee@gmail.com'), (32, 'Betteann', 'Fennie', 'betteannfennie@agh.edu.pl'), (33, 'Josey', 'Leeann', 'joseyleeann@gmail.com'), (34, 'Athena', 'Crelin', 'athenacrelin@gmail.com'), (35, 'Robbyn', 'Dorwin', 'robbyndorwin@agh.edu.pl'), (36, 'Tierney', 'Thamos', 'tierneythamos@yahoo.com'), (37, 'Bree', 'Fillender', 'breefillender@gmail.com'), (38, 'Leda', 'Freddy', 'ledafreddy@gmail.com'), (39, 'Evangelia', 'Weaver', 'evangeliaweaver@yahoo.com'), (40, 'Madeline', 'Skurnik', 'madelineskurnik@yahoo.com'), (41, 'Manya', 'Vera', 'manyavera@agh.edu.pl'), (42, 'Lyndsey', 'Bowers', 'lyndseybowers@yahoo.com'), (43, 'Henka', 'Gavrielle', 'henkagavrielle@yahoo.com'), (44, 'Hatty', 'Eckart', 'hattyeckart@gmail.com'), (45, 'Anallise', 'Damarra', 'anallisedamarra@gmail.com'), (46, 'Janeta', 'Alodi', 'janetaalodi@gmail.com'), (47, 'Aubrey', 'Aloysius', 'aubreyaloysius@yahoo.com'), (48, 'Susette', 'Finer', 'susettefiner@gmail.com'), (49, 'Fionnula', 'Sholom', 'fionnulasholom@gmail.com'), (50, 'Kerstin', 'Latta', 'kerstinlatta@gmail.com')
set identity_insert dbo.registered off


set identity_insert dbo.addresses on
insert into dbo.addresses (address_id, country, city, postal_code, street, building_number) values (1, 'Austria', 'Tobadill', '6552', 'Wiesberg', '5'), (2, 'Germany', 'Schwarzenau', '3900', 'Bergweg', '28'), (3, 'Germany', 'Bernhardsthal', '2276', 'Ober den Gärten', '95'), (4, 'Germany', 'Krenglbach', '4631', 'Radgattern', '69'), (5, 'Switzerland', 'Schenkenfelden', '4192', 'Hochgarten', '93'), (6, 'Germany', 'Kaltenbach', '6272', 'Innere Embergstraße', '100'), (7, 'Switzerland', 'Behamberg', '4441', 'Schachnersiedlung', '80'), (8, 'Austria', 'Kuchl', '5424', 'Unterlangenberg', '8'), (9, 'Austria', 'Aspach', '5252', 'Revitalplatz', '16'), (10, 'Germany', 'Mariazell', '8630', 'Bahnpromenade', '100'), (11, 'The Netherlands', 'Kals am Großglockner', '9981', 'Lana', '43'), (12, 'Switzerland', 'Straßwalchen', '5204', 'Zimmermannsweg', '12'), (13, 'The Netherlands', 'Trieben', '8784', 'Sonnbergstraße', '38'), (14, 'Austria', 'Klaffer am Hochficht', '4163', 'Freundorf', '94'), (15, 'The Netherlands', 'Podersdorf am See', '7141', 'Söllnergasse', '78'), (16, 'Germany', 'Köflach', '8580', 'Karl-Kriegl-Straße', '36'), (17, 'Germany', 'St. Anton am Arlberg', '6580', 'Schöngrabenweg', '48'), (18, 'Switzerland', 'Schenkenfelden', '4192', 'Lichtenstein', '98'), (19, 'Austria', 'Alpbach', '6236', 'Alpbach', '23'), (20, 'Switzerland', 'Roßleithen', '4575', 'Rading', '17')
set identity_insert dbo.addresses off


set identity_insert dbo.conferences on
insert into dbo.conferences (conference_id, name, description, address_id, base_price, student_discount) values (1, 'Experience Nine Conference', 'Really nice conference, everyone should attend.', '1', '578.61', '0.68'), (2, 'Five Excuse Conference', 'Really nice conference, everyone should attend.', '3', '490.9', '0.84'), (3, 'Closes Degree Conference', 'Really nice conference, everyone should attend.', '18', '827.54', '0.19'), (4, 'Welcome Job Conference', 'Really nice conference, everyone should attend.', '15', '787.63', '0.05'), (5, 'Per System Conference', 'Really nice conference, everyone should attend.', '12', '207.04', '0.26'), (6, 'Seven File Conference', 'Really nice conference, everyone should attend.', '6', '916.38', '0.73'), (7, 'Inside By Conference', 'Really nice conference, everyone should attend.', '13', '659.23', '0.62'), (8, 'Heart Nation Conference', 'Really nice conference, everyone should attend.', '8', '471.79', '0.82'), (9, 'Sister Role Conference', 'Really nice conference, everyone should attend.', '7', '670.95', '0.83'), (10, 'Road Put Conference', 'Really nice conference, everyone should attend.', '17', '595.67', '0.15'), (11, 'War Just Conference', 'Really nice conference, everyone should attend.', '6', '458.02', '0.16'), (12, 'Church Teach Conference', 'Really nice conference, everyone should attend.', '4', '207.78', '0.38'), (13, 'Teach Print Conference', 'Really nice conference, everyone should attend.', '8', '350.95', '0.05'), (14, 'Visit Wrong Conference', 'Really nice conference, everyone should attend.', '4', '435.32', '0.03'), (15, 'Young Appropriate Conference', 'Really nice conference, everyone should attend.', '8', '672.03', '0.19'), (16, 'Far Tree Conference', 'Really nice conference, everyone should attend.', '6', '589.75', '0.04'), (17, 'Club They Conference', 'Really nice conference, everyone should attend.', '5', '396.47', '0.12'), (18, 'Evening Luck Conference', 'Really nice conference, everyone should attend.', '12', '378.37', '0.58'), (19, 'Book Old Conference', 'Really nice conference, everyone should attend.', '3', '336.2', '0.93'), (20, 'Direct Govern Conference', 'Really nice conference, everyone should attend.', '6', '122.44', '0.85'), (21, 'Along Around Conference', 'Really nice conference, everyone should attend.', '10', '442.24', '0.38'), (22, 'Come Bank Conference', 'Really nice conference, everyone should attend.', '1', '998.76', '0.25'), (23, 'Think Certain Conference', 'Really nice conference, everyone should attend.', '19', '968.83', '0.84'), (24, 'Simple Box Conference', 'Really nice conference, everyone should attend.', '9', '488.66', '0.71'), (25, 'Succeed Actual Conference', 'Really nice conference, everyone should attend.', '14', '195.68', '0.72'), (26, 'Programme Therefore Conference', 'Really nice conference, everyone should attend.', '1', '743.18', '0.95'), (27, 'Wall Open Conference', 'Really nice conference, everyone should attend.', '14', '144.15', '0.98'), (28, 'Report Stuff Conference', 'Really nice conference, everyone should attend.', '12', '703.75', '0.74'), (29, 'Total Person Conference', 'Really nice conference, everyone should attend.', '7', '197.88', '0.27'), (30, 'Quality Claim Conference', 'Really nice conference, everyone should attend.', '8', '941.87', '0.6'), (31, 'Big Lot Conference', 'Really nice conference, everyone should attend.', '16', '612.87', '0.25'), (32, 'Ever Quiet Conference', 'Really nice conference, everyone should attend.', '3', '565.82', '0.97'), (33, 'Similar State Conference', 'Really nice conference, everyone should attend.', '3', '853.57', '0.88'), (34, 'Research Final Conference', 'Really nice conference, everyone should attend.', '2', '659.8', '0.41'), (35, 'Video Fall Conference', 'Really nice conference, everyone should attend.', '4', '135.37', '0.7'), (36, 'After Believe Conference', 'Really nice conference, everyone should attend.', '1', '540.48', '0.14'), (37, 'Luck Positive Conference', 'Really nice conference, everyone should attend.', '11', '368.66', '0.34'), (38, 'Lad Assume Conference', 'Really nice conference, everyone should attend.', '14', '533.53', '0.63'), (39, 'Some Meaning Conference', 'Really nice conference, everyone should attend.', '15', '277.5', '0.34'), (40, 'Under Business Conference', 'Really nice conference, everyone should attend.', '14', '506.44', '0.07'), (41, 'Kitchen Pence Conference', 'Really nice conference, everyone should attend.', '20', '212.93', '0.46'), (42, 'More Wood Conference', 'Really nice conference, everyone should attend.', '14', '762.67', '0.86'), (43, 'Measure Tax Conference', 'Really nice conference, everyone should attend.', '16', '989.84', '0.38'), (44, 'Consider Dinner Conference', 'Really nice conference, everyone should attend.', '9', '919.3', '0.69'), (45, 'Drop System Conference', 'Really nice conference, everyone should attend.', '20', '304.51', '0.18'), (46, 'Complete Not Conference', 'Really nice conference, everyone should attend.', '3', '866.12', '0.03'), (47, 'Current Dear Conference', 'Really nice conference, everyone should attend.', '17', '898.34', '0.12'), (48, 'Tend Appoint Conference', 'Really nice conference, everyone should attend.', '13', '370.08', '0.25'), (49, 'System Two Conference', 'Really nice conference, everyone should attend.', '14', '325.59', '0.97'), (50, 'Try Here Conference', 'Really nice conference, everyone should attend.', '19', '913.43', '0.55'), (51, 'Away Common Conference', 'Really nice conference, everyone should attend.', '2', '649.64', '0.91'), (52, 'Notice Learn Conference', 'Really nice conference, everyone should attend.', '13', '722.65', '0.9'), (53, 'Laugh Just Conference', 'Really nice conference, everyone should attend.', '9', '158.63', '0.1'), (54, 'Decide Public Conference', 'Really nice conference, everyone should attend.', '14', '505.41', '0.92'), (55, 'North Agent Conference', 'Really nice conference, everyone should attend.', '18', '431.89', '0.34'), (56, 'Proper Reduce Conference', 'Really nice conference, everyone should attend.', '10', '705.68', '0.27'), (57, 'Some Organize Conference', 'Really nice conference, everyone should attend.', '8', '106.7', '0.84'), (58, 'Sheet What Conference', 'Really nice conference, everyone should attend.', '2', '705.69', '0.09'), (59, 'Girl Figure Conference', 'Really nice conference, everyone should attend.', '14', '309.26', '0.26'), (60, 'Stay Accept Conference', 'Really nice conference, everyone should attend.', '8', '190.09', '0.29'), (61, 'Woman Live Conference', 'Really nice conference, everyone should attend.', '20', '470.35', '0.12'), (62, 'Very Deal Conference', 'Really nice conference, everyone should attend.', '18', '464.98', '0.78'), (63, 'Pension Wage Conference', 'Really nice conference, everyone should attend.', '20', '311.1', '0.47'), (64, 'Worth Wife Conference', 'Really nice conference, everyone should attend.', '8', '927.65', '0.44'), (65, 'Book Man Conference', 'Really nice conference, everyone should attend.', '12', '135.14', '0.29'), (66, 'Part Occasion Conference', 'Really nice conference, everyone should attend.', '19', '143.58', '0.32'), (67, 'Link Plus Conference', 'Really nice conference, everyone should attend.', '11', '929.8', '0.68'), (68, 'Pay Specific Conference', 'Really nice conference, everyone should attend.', '16', '688.41', '0.02'), (69, 'Sorry Girl Conference', 'Really nice conference, everyone should attend.', '6', '625.6', '0.93'), (70, 'Smoke Various Conference', 'Really nice conference, everyone should attend.', '20', '319.59', '0.07'), (71, 'Worry Doctor Conference', 'Really nice conference, everyone should attend.', '3', '121.12', '0.05'), (72, 'Fine Position Conference', 'Really nice conference, everyone should attend.', '14', '728.36', '0.68'), (73, 'Wish Slow Conference', 'Really nice conference, everyone should attend.', '7', '236.6', '0.19'), (74, 'Car Benefit Conference', 'Really nice conference, everyone should attend.', '20', '144.76', '0.51'), (75, 'None Mention Conference', 'Really nice conference, everyone should attend.', '18', '712.09', '0.21'), (76, 'Sell Only Conference', 'Really nice conference, everyone should attend.', '16', '290.59', '0.66'), (77, 'Social Mister Conference', 'Really nice conference, everyone should attend.', '4', '238.98', '0.57'), (78, 'Date Bad Conference', 'Really nice conference, everyone should attend.', '1', '820.5', '0.83'), (79, 'World Dad Conference', 'Really nice conference, everyone should attend.', '2', '215.21', '0.53'), (80, 'Total Amount Conference', 'Really nice conference, everyone should attend.', '14', '111.09', '0.21'), (81, 'Price Husband Conference', 'Really nice conference, everyone should attend.', '14', '475.23', '0.52'), (82, 'Fill Evening Conference', 'Really nice conference, everyone should attend.', '16', '771.51', '0.62'), (83, 'Major Wear Conference', 'Really nice conference, everyone should attend.', '1', '688.82', '0.32'), (84, 'Street Sun Conference', 'Really nice conference, everyone should attend.', '7', '681.76', '0.69'), (85, 'Place Private Conference', 'Really nice conference, everyone should attend.', '11', '949.27', '0.71'), (86, 'Clock The Conference', 'Really nice conference, everyone should attend.', '15', '731.7', '0.37'), (87, 'Each Read Conference', 'Really nice conference, everyone should attend.', '8', '384.61', '0.31'), (88, 'Worry Council Conference', 'Really nice conference, everyone should attend.', '3', '317.16', '0.79'), (89, 'Eleven Sign Conference', 'Really nice conference, everyone should attend.', '13', '568.84', '0.8'), (90, 'Committee Will Conference', 'Really nice conference, everyone should attend.', '14', '905.46', '0.37'), (91, 'Commit Double Conference', 'Really nice conference, everyone should attend.', '13', '307.47', '0.64'), (92, 'Bad Report Conference', 'Really nice conference, everyone should attend.', '8', '294.95', '0.84'), (93, 'Hundred Land Conference', 'Really nice conference, everyone should attend.', '13', '131.5', '0.72'), (94, 'Hold Explain Conference', 'Really nice conference, everyone should attend.', '18', '105.02', '0.98'), (95, 'Come Compute Conference', 'Really nice conference, everyone should attend.', '1', '244.07', '0.79'), (96, 'Clock Door Conference', 'Really nice conference, everyone should attend.', '15', '544.16', '0.13'), (97, 'Achieve Eleven Conference', 'Really nice conference, everyone should attend.', '16', '934.73', '0.45'), (98, 'Another Press Conference', 'Really nice conference, everyone should attend.', '3', '725.66', '0.16'), (99, 'Dear Go Conference', 'Really nice conference, everyone should attend.', '15', '463.41', '0.91'), (100, 'Dress Piece Conference', 'Really nice conference, everyone should attend.', '17', '439.73', '0.77')
set identity_insert dbo.conferences off



set identity_insert dbo.price_levels on
insert into dbo.price_levels (price_level_id, conference_id, discount, date_from) values (1,1,0.3333333333333333, '2017-07-20'), (2,1,0.6666666666666666, '2017-07-13')
set identity_insert dbo.price_levels off


set identity_insert dbo.conference_days on
insert into dbo.conference_days (conference_day_id, conference_id, date, attendees_day_max) values (1, 1, '2017-07-27', 226), (2, 1, '2017-07-28', 202)
set identity_insert dbo.conference_days off


set identity_insert dbo.price_levels on
insert into dbo.price_levels (price_level_id, conference_id, discount, date_from) values (3,2,0.14285714285714285, '2019-02-02'), (4,2,0.2857142857142857, '2019-01-26'), (5,2,0.42857142857142855, '2019-01-19'), (6,2,0.5714285714285714, '2019-01-12'), (7,2,0.7142857142857142, '2019-01-05'), (8,2,0.857142857142857, '2018-12-29')
set identity_insert dbo.price_levels off


set identity_insert dbo.conference_days on
insert into dbo.conference_days (conference_day_id, conference_id, date, attendees_day_max) values (3, 2, '2019-02-09', 370), (4, 2, '2019-02-10', 318), (5, 2, '2019-02-11', 120), (6, 2, '2019-02-12', 356)
set identity_insert dbo.conference_days off


set identity_insert dbo.price_levels on
insert into dbo.price_levels (price_level_id, conference_id, discount, date_from) values (9,3,0.14285714285714285, '2017-07-29'), (10,3,0.2857142857142857, '2017-07-22'), (11,3,0.42857142857142855, '2017-07-15'), (12,3,0.5714285714285714, '2017-07-08'), (13,3,0.7142857142857142, '2017-07-01'), (14,3,0.857142857142857, '2017-06-24')
set identity_insert dbo.price_levels off


set identity_insert dbo.conference_days on
insert into dbo.conference_days (conference_day_id, conference_id, date, attendees_day_max) values (7, 3, '2017-08-05', 201), (8, 3, '2017-08-06', 416), (9, 3, '2017-08-07', 355)
set identity_insert dbo.conference_days off


set identity_insert dbo.price_levels on
insert into dbo.price_levels (price_level_id, conference_id, discount, date_from) values (15,4,0.2, '2019-11-07'), (16,4,0.4, '2019-10-31'), (17,4,0.6000000000000001, '2019-10-24'), (18,4,0.8, '2019-10-17')
set identity_insert dbo.price_levels off


set identity_insert dbo.conference_days on
insert into dbo.conference_days (conference_day_id, conference_id, date, attendees_day_max) values (10, 4, '2019-11-14', 356), (11, 4, '2019-11-15', 441), (12, 4, '2019-11-16', 477), (13, 4, '2019-11-17', 247)
set identity_insert dbo.conference_days off


set identity_insert dbo.price_levels on
insert into dbo.price_levels (price_level_id, conference_id, discount, date_from) values (19,5,0.25, '2018-05-30'), (20,5,0.5, '2018-05-23'), (21,5,0.75, '2018-05-16')
set identity_insert dbo.price_levels off


set identity_insert dbo.conference_days on
insert into dbo.conference_days (conference_day_id, conference_id, date, attendees_day_max) values (14, 5, '2018-06-06', 292), (15, 5, '2018-06-07', 256), (16, 5, '2018-06-08', 389)
set identity_insert dbo.conference_days off


set identity_insert dbo.price_levels on
insert into dbo.price_levels (price_level_id, conference_id, discount, date_from) values (22,6,0.2, '2017-01-08'), (23,6,0.4, '2017-01-01'), (24,6,0.6000000000000001, '2016-12-25'), (25,6,0.8, '2016-12-18')
set identity_insert dbo.price_levels off


set identity_insert dbo.conference_days on
insert into dbo.conference_days (conference_day_id, conference_id, date, attendees_day_max) values (17, 6, '2017-01-15', 100), (18, 6, '2017-01-16', 271), (19, 6, '2017-01-17', 342), (20, 6, '2017-01-18', 222)
set identity_insert dbo.conference_days off


set identity_insert dbo.price_levels on
insert into dbo.price_levels (price_level_id, conference_id, discount, date_from) values (26,7,0.5, '2018-01-04')
set identity_insert dbo.price_levels off


set identity_insert dbo.conference_days on
insert into dbo.conference_days (conference_day_id, conference_id, date, attendees_day_max) values (21, 7, '2018-01-11', 491), (22, 7, '2018-01-12', 286), (23, 7, '2018-01-13', 185), (24, 7, '2018-01-14', 322)
set identity_insert dbo.conference_days off


set identity_insert dbo.price_levels on
insert into dbo.price_levels (price_level_id, conference_id, discount, date_from) values (27,8,0.25, '2017-11-11'), (28,8,0.5, '2017-11-04'), (29,8,0.75, '2017-10-28')
set identity_insert dbo.price_levels off


set identity_insert dbo.conference_days on
insert into dbo.conference_days (conference_day_id, conference_id, date, attendees_day_max) values (25, 8, '2017-11-18', 445)
set identity_insert dbo.conference_days off


set identity_insert dbo.price_levels on
insert into dbo.price_levels (price_level_id, conference_id, discount, date_from) values (30,9,0.125, '2018-09-30'), (31,9,0.25, '2018-09-23'), (32,9,0.375, '2018-09-16'), (33,9,0.5, '2018-09-09'), (34,9,0.625, '2018-09-02'), (35,9,0.75, '2018-08-26'), (36,9,0.875, '2018-08-19')
set identity_insert dbo.price_levels off


set identity_insert dbo.conference_days on
insert into dbo.conference_days (conference_day_id, conference_id, date, attendees_day_max) values (26, 9, '2018-10-07', 405), (27, 9, '2018-10-08', 208)
set identity_insert dbo.conference_days off


set identity_insert dbo.price_levels on
insert into dbo.price_levels (price_level_id, conference_id, discount, date_from) values (37,10,0.25, '2017-07-05'), (38,10,0.5, '2017-06-28'), (39,10,0.75, '2017-06-21')
set identity_insert dbo.price_levels off


set identity_insert dbo.conference_days on
insert into dbo.conference_days (conference_day_id, conference_id, date, attendees_day_max) values (28, 10, '2017-07-12', 261)
set identity_insert dbo.conference_days off


set identity_insert dbo.price_levels on
insert into dbo.price_levels (price_level_id, conference_id, discount, date_from) values (40,11,0.16666666666666666, '2018-11-21'), (41,11,0.3333333333333333, '2018-11-14'), (42,11,0.5, '2018-11-07'), (43,11,0.6666666666666666, '2018-10-31'), (44,11,0.8333333333333333, '2018-10-24')
set identity_insert dbo.price_levels off


set identity_insert dbo.conference_days on
insert into dbo.conference_days (conference_day_id, conference_id, date, attendees_day_max) values (29, 11, '2018-11-28', 214), (30, 11, '2018-11-29', 113)
set identity_insert dbo.conference_days off


set identity_insert dbo.price_levels on
insert into dbo.price_levels (price_level_id, conference_id, discount, date_from) values (45,12,0.2, '2017-09-11'), (46,12,0.4, '2017-09-04'), (47,12,0.6000000000000001, '2017-08-28'), (48,12,0.8, '2017-08-21')
set identity_insert dbo.price_levels off


set identity_insert dbo.conference_days on
insert into dbo.conference_days (conference_day_id, conference_id, date, attendees_day_max) values (31, 12, '2017-09-18', 139), (32, 12, '2017-09-19', 388)
set identity_insert dbo.conference_days off


set identity_insert dbo.price_levels on
insert into dbo.price_levels (price_level_id, conference_id, discount, date_from) values (49,13,0.3333333333333333, '2017-08-10'), (50,13,0.6666666666666666, '2017-08-03')
set identity_insert dbo.price_levels off


set identity_insert dbo.conference_days on
insert into dbo.conference_days (conference_day_id, conference_id, date, attendees_day_max) values (33, 13, '2017-08-17', 397), (34, 13, '2017-08-18', 218), (35, 13, '2017-08-19', 490), (36, 13, '2017-08-20', 339)
set identity_insert dbo.conference_days off


set identity_insert dbo.price_levels on
insert into dbo.price_levels (price_level_id, conference_id, discount, date_from) values (51,14,0.2, '2017-07-04'), (52,14,0.4, '2017-06-27'), (53,14,0.6000000000000001, '2017-06-20'), (54,14,0.8, '2017-06-13')
set identity_insert dbo.price_levels off


set identity_insert dbo.conference_days on
insert into dbo.conference_days (conference_day_id, conference_id, date, attendees_day_max) values (37, 14, '2017-07-11', 457), (38, 14, '2017-07-12', 117), (39, 14, '2017-07-13', 107), (40, 14, '2017-07-14', 227)
set identity_insert dbo.conference_days off


set identity_insert dbo.price_levels on
insert into dbo.price_levels (price_level_id, conference_id, discount, date_from) values (55,15,0.2, '2017-09-09'), (56,15,0.4, '2017-09-02'), (57,15,0.6000000000000001, '2017-08-26'), (58,15,0.8, '2017-08-19')
set identity_insert dbo.price_levels off


set identity_insert dbo.conference_days on
insert into dbo.conference_days (conference_day_id, conference_id, date, attendees_day_max) values (41, 15, '2017-09-16', 368)
set identity_insert dbo.conference_days off


set identity_insert dbo.price_levels on
insert into dbo.price_levels (price_level_id, conference_id, discount, date_from) values (59,16,0.5, '2018-01-15')
set identity_insert dbo.price_levels off


set identity_insert dbo.conference_days on
insert into dbo.conference_days (conference_day_id, conference_id, date, attendees_day_max) values (42, 16, '2018-01-22', 411), (43, 16, '2018-01-23', 298), (44, 16, '2018-01-24', 301), (45, 16, '2018-01-25', 368)
set identity_insert dbo.conference_days off


set identity_insert dbo.price_levels on
insert into dbo.price_levels (price_level_id, conference_id, discount, date_from) values (60,17,0.3333333333333333, '2019-03-04'), (61,17,0.6666666666666666, '2019-02-25')
set identity_insert dbo.price_levels off


set identity_insert dbo.conference_days on
insert into dbo.conference_days (conference_day_id, conference_id, date, attendees_day_max) values (46, 17, '2019-03-11', 172)
set identity_insert dbo.conference_days off


set identity_insert dbo.price_levels on
insert into dbo.price_levels (price_level_id, conference_id, discount, date_from) values (62,18,0.5, '2018-03-26')
set identity_insert dbo.price_levels off


set identity_insert dbo.conference_days on
insert into dbo.conference_days (conference_day_id, conference_id, date, attendees_day_max) values (47, 18, '2018-04-02', 362), (48, 18, '2018-04-03', 152)
set identity_insert dbo.conference_days off


set identity_insert dbo.price_levels on
insert into dbo.price_levels (price_level_id, conference_id, discount, date_from) values (63,19,0.14285714285714285, '2019-01-13'), (64,19,0.2857142857142857, '2019-01-06'), (65,19,0.42857142857142855, '2018-12-30'), (66,19,0.5714285714285714, '2018-12-23'), (67,19,0.7142857142857142, '2018-12-16'), (68,19,0.857142857142857, '2018-12-09')
set identity_insert dbo.price_levels off


set identity_insert dbo.conference_days on
insert into dbo.conference_days (conference_day_id, conference_id, date, attendees_day_max) values (49, 19, '2019-01-20', 246), (50, 19, '2019-01-21', 465), (51, 19, '2019-01-22', 378), (52, 19, '2019-01-23', 258), (53, 19, '2019-01-24', 296)
set identity_insert dbo.conference_days off


set identity_insert dbo.price_levels on
insert into dbo.price_levels (price_level_id, conference_id, discount, date_from) values (69,20,0.25, '2019-06-07'), (70,20,0.5, '2019-05-31'), (71,20,0.75, '2019-05-24')
set identity_insert dbo.price_levels off


set identity_insert dbo.conference_days on
insert into dbo.conference_days (conference_day_id, conference_id, date, attendees_day_max) values (54, 20, '2019-06-14', 268), (55, 20, '2019-06-15', 199), (56, 20, '2019-06-16', 282), (57, 20, '2019-06-17', 413), (58, 20, '2019-06-18', 202)
set identity_insert dbo.conference_days off


set identity_insert dbo.price_levels on
insert into dbo.price_levels (price_level_id, conference_id, discount, date_from) values (72,21,0.125, '2017-09-15'), (73,21,0.25, '2017-09-08'), (74,21,0.375, '2017-09-01'), (75,21,0.5, '2017-08-25'), (76,21,0.625, '2017-08-18'), (77,21,0.75, '2017-08-11'), (78,21,0.875, '2017-08-04')
set identity_insert dbo.price_levels off


set identity_insert dbo.conference_days on
insert into dbo.conference_days (conference_day_id, conference_id, date, attendees_day_max) values (59, 21, '2017-09-22', 168), (60, 21, '2017-09-23', 359)
set identity_insert dbo.conference_days off


set identity_insert dbo.price_levels on
insert into dbo.price_levels (price_level_id, conference_id, discount, date_from) values (79,22,0.25, '2018-03-20'), (80,22,0.5, '2018-03-13'), (81,22,0.75, '2018-03-06')
set identity_insert dbo.price_levels off


set identity_insert dbo.conference_days on
insert into dbo.conference_days (conference_day_id, conference_id, date, attendees_day_max) values (61, 22, '2018-03-27', 265), (62, 22, '2018-03-28', 297), (63, 22, '2018-03-29', 308), (64, 22, '2018-03-30', 309), (65, 22, '2018-03-31', 135)
set identity_insert dbo.conference_days off


set identity_insert dbo.price_levels on
insert into dbo.price_levels (price_level_id, conference_id, discount, date_from) values (82,23,0.125, '2018-04-15'), (83,23,0.25, '2018-04-08'), (84,23,0.375, '2018-04-01'), (85,23,0.5, '2018-03-25'), (86,23,0.625, '2018-03-18'), (87,23,0.75, '2018-03-11'), (88,23,0.875, '2018-03-04')
set identity_insert dbo.price_levels off


set identity_insert dbo.conference_days on
insert into dbo.conference_days (conference_day_id, conference_id, date, attendees_day_max) values (66, 23, '2018-04-22', 204), (67, 23, '2018-04-23', 321), (68, 23, '2018-04-24', 125), (69, 23, '2018-04-25', 156), (70, 23, '2018-04-26', 227)
set identity_insert dbo.conference_days off


set identity_insert dbo.price_levels on
insert into dbo.price_levels (price_level_id, conference_id, discount, date_from) values (89,24,0.25, '2017-10-16'), (90,24,0.5, '2017-10-09'), (91,24,0.75, '2017-10-02')
set identity_insert dbo.price_levels off


set identity_insert dbo.conference_days on
insert into dbo.conference_days (conference_day_id, conference_id, date, attendees_day_max) values (71, 24, '2017-10-23', 291), (72, 24, '2017-10-24', 297), (73, 24, '2017-10-25', 440), (74, 24, '2017-10-26', 198)
set identity_insert dbo.conference_days off


set identity_insert dbo.price_levels on
insert into dbo.price_levels (price_level_id, conference_id, discount, date_from) values (92,25,0.25, '2017-03-14'), (93,25,0.5, '2017-03-07'), (94,25,0.75, '2017-02-28')
set identity_insert dbo.price_levels off


set identity_insert dbo.conference_days on
insert into dbo.conference_days (conference_day_id, conference_id, date, attendees_day_max) values (75, 25, '2017-03-21', 226), (76, 25, '2017-03-22', 381), (77, 25, '2017-03-23', 470)
set identity_insert dbo.conference_days off


set identity_insert dbo.price_levels on
insert into dbo.price_levels (price_level_id, conference_id, discount, date_from) values (95,26,0.2, '2018-09-12'), (96,26,0.4, '2018-09-05'), (97,26,0.6000000000000001, '2018-08-29'), (98,26,0.8, '2018-08-22')
set identity_insert dbo.price_levels off


set identity_insert dbo.conference_days on
insert into dbo.conference_days (conference_day_id, conference_id, date, attendees_day_max) values (78, 26, '2018-09-19', 401), (79, 26, '2018-09-20', 327), (80, 26, '2018-09-21', 270), (81, 26, '2018-09-22', 382), (82, 26, '2018-09-23', 125)
set identity_insert dbo.conference_days off


set identity_insert dbo.price_levels on
insert into dbo.price_levels (price_level_id, conference_id, discount, date_from) values (99,27,0.16666666666666666, '2019-05-20'), (100,27,0.3333333333333333, '2019-05-13'), (101,27,0.5, '2019-05-06'), (102,27,0.6666666666666666, '2019-04-29'), (103,27,0.8333333333333333, '2019-04-22')
set identity_insert dbo.price_levels off


set identity_insert dbo.conference_days on
insert into dbo.conference_days (conference_day_id, conference_id, date, attendees_day_max) values (83, 27, '2019-05-27', 154)
set identity_insert dbo.conference_days off


set identity_insert dbo.price_levels on
insert into dbo.price_levels (price_level_id, conference_id, discount, date_from) values (104,28,0.25, '2019-09-04'), (105,28,0.5, '2019-08-28'), (106,28,0.75, '2019-08-21')
set identity_insert dbo.price_levels off


set identity_insert dbo.conference_days on
insert into dbo.conference_days (conference_day_id, conference_id, date, attendees_day_max) values (84, 28, '2019-09-11', 304), (85, 28, '2019-09-12', 361), (86, 28, '2019-09-13', 392), (87, 28, '2019-09-14', 306)
set identity_insert dbo.conference_days off


set identity_insert dbo.price_levels on
insert into dbo.price_levels (price_level_id, conference_id, discount, date_from) values (107,29,0.125, '2019-08-30'), (108,29,0.25, '2019-08-23'), (109,29,0.375, '2019-08-16'), (110,29,0.5, '2019-08-09'), (111,29,0.625, '2019-08-02'), (112,29,0.75, '2019-07-26'), (113,29,0.875, '2019-07-19')
set identity_insert dbo.price_levels off


set identity_insert dbo.conference_days on
insert into dbo.conference_days (conference_day_id, conference_id, date, attendees_day_max) values (88, 29, '2019-09-06', 114), (89, 29, '2019-09-07', 416), (90, 29, '2019-09-08', 486), (91, 29, '2019-09-09', 388), (92, 29, '2019-09-10', 209)
set identity_insert dbo.conference_days off


set identity_insert dbo.price_levels on
insert into dbo.price_levels (price_level_id, conference_id, discount, date_from) values (114,30,0.2, '2017-04-03'), (115,30,0.4, '2017-03-27'), (116,30,0.6000000000000001, '2017-03-20'), (117,30,0.8, '2017-03-13')
set identity_insert dbo.price_levels off


set identity_insert dbo.conference_days on
insert into dbo.conference_days (conference_day_id, conference_id, date, attendees_day_max) values (93, 30, '2017-04-10', 246), (94, 30, '2017-04-11', 271), (95, 30, '2017-04-12', 417), (96, 30, '2017-04-13', 403), (97, 30, '2017-04-14', 379)
set identity_insert dbo.conference_days off


set identity_insert dbo.price_levels on
insert into dbo.price_levels (price_level_id, conference_id, discount, date_from) values (118,31,0.3333333333333333, '2019-04-08'), (119,31,0.6666666666666666, '2019-04-01')
set identity_insert dbo.price_levels off


set identity_insert dbo.conference_days on
insert into dbo.conference_days (conference_day_id, conference_id, date, attendees_day_max) values (98, 31, '2019-04-15', 310), (99, 31, '2019-04-16', 336), (100, 31, '2019-04-17', 456), (101, 31, '2019-04-18', 206)
set identity_insert dbo.conference_days off


set identity_insert dbo.price_levels on
insert into dbo.price_levels (price_level_id, conference_id, discount, date_from) values (120,32,0.14285714285714285, '2019-06-08'), (121,32,0.2857142857142857, '2019-06-01'), (122,32,0.42857142857142855, '2019-05-25'), (123,32,0.5714285714285714, '2019-05-18'), (124,32,0.7142857142857142, '2019-05-11'), (125,32,0.857142857142857, '2019-05-04')
set identity_insert dbo.price_levels off


set identity_insert dbo.conference_days on
insert into dbo.conference_days (conference_day_id, conference_id, date, attendees_day_max) values (102, 32, '2019-06-15', 246)
set identity_insert dbo.conference_days off


set identity_insert dbo.price_levels on
insert into dbo.price_levels (price_level_id, conference_id, discount, date_from) values (126,33,0.25, '2018-08-20'), (127,33,0.5, '2018-08-13'), (128,33,0.75, '2018-08-06')
set identity_insert dbo.price_levels off


set identity_insert dbo.conference_days on
insert into dbo.conference_days (conference_day_id, conference_id, date, attendees_day_max) values (103, 33, '2018-08-27', 427)
set identity_insert dbo.conference_days off


set identity_insert dbo.price_levels on
insert into dbo.price_levels (price_level_id, conference_id, discount, date_from) values (129,34,0.3333333333333333, '2019-01-12'), (130,34,0.6666666666666666, '2019-01-05')
set identity_insert dbo.price_levels off


set identity_insert dbo.conference_days on
insert into dbo.conference_days (conference_day_id, conference_id, date, attendees_day_max) values (104, 34, '2019-01-19', 283), (105, 34, '2019-01-20', 192), (106, 34, '2019-01-21', 384), (107, 34, '2019-01-22', 249)
set identity_insert dbo.conference_days off


set identity_insert dbo.price_levels on
insert into dbo.price_levels (price_level_id, conference_id, discount, date_from) values (131,35,0.25, '2018-11-16'), (132,35,0.5, '2018-11-09'), (133,35,0.75, '2018-11-02')
set identity_insert dbo.price_levels off


set identity_insert dbo.conference_days on
insert into dbo.conference_days (conference_day_id, conference_id, date, attendees_day_max) values (108, 35, '2018-11-23', 147), (109, 35, '2018-11-24', 494), (110, 35, '2018-11-25', 314), (111, 35, '2018-11-26', 317)
set identity_insert dbo.conference_days off


set identity_insert dbo.price_levels on
insert into dbo.price_levels (price_level_id, conference_id, discount, date_from) values (134,36,0.3333333333333333, '2017-04-29'), (135,36,0.6666666666666666, '2017-04-22')
set identity_insert dbo.price_levels off


set identity_insert dbo.conference_days on
insert into dbo.conference_days (conference_day_id, conference_id, date, attendees_day_max) values (112, 36, '2017-05-06', 138)
set identity_insert dbo.conference_days off


set identity_insert dbo.price_levels on
insert into dbo.price_levels (price_level_id, conference_id, discount, date_from) values (136,37,0.125, '2017-06-10'), (137,37,0.25, '2017-06-03'), (138,37,0.375, '2017-05-27'), (139,37,0.5, '2017-05-20'), (140,37,0.625, '2017-05-13'), (141,37,0.75, '2017-05-06'), (142,37,0.875, '2017-04-29')
set identity_insert dbo.price_levels off


set identity_insert dbo.conference_days on
insert into dbo.conference_days (conference_day_id, conference_id, date, attendees_day_max) values (113, 37, '2017-06-17', 264), (114, 37, '2017-06-18', 500), (115, 37, '2017-06-19', 491)
set identity_insert dbo.conference_days off


set identity_insert dbo.price_levels on
insert into dbo.price_levels (price_level_id, conference_id, discount, date_from) values (143,38,0.3333333333333333, '2017-07-08'), (144,38,0.6666666666666666, '2017-07-01')
set identity_insert dbo.price_levels off


set identity_insert dbo.conference_days on
insert into dbo.conference_days (conference_day_id, conference_id, date, attendees_day_max) values (116, 38, '2017-07-15', 441), (117, 38, '2017-07-16', 242), (118, 38, '2017-07-17', 253), (119, 38, '2017-07-18', 296)
set identity_insert dbo.conference_days off


set identity_insert dbo.price_levels on
insert into dbo.price_levels (price_level_id, conference_id, discount, date_from) values (145,39,0.2, '2018-05-14'), (146,39,0.4, '2018-05-07'), (147,39,0.6000000000000001, '2018-04-30'), (148,39,0.8, '2018-04-23')
set identity_insert dbo.price_levels off


set identity_insert dbo.conference_days on
insert into dbo.conference_days (conference_day_id, conference_id, date, attendees_day_max) values (120, 39, '2018-05-21', 134), (121, 39, '2018-05-22', 406), (122, 39, '2018-05-23', 172)
set identity_insert dbo.conference_days off


set identity_insert dbo.price_levels on
insert into dbo.price_levels (price_level_id, conference_id, discount, date_from) values (149,40,0.14285714285714285, '2019-12-20'), (150,40,0.2857142857142857, '2019-12-13'), (151,40,0.42857142857142855, '2019-12-06'), (152,40,0.5714285714285714, '2019-11-29'), (153,40,0.7142857142857142, '2019-11-22'), (154,40,0.857142857142857, '2019-11-15')
set identity_insert dbo.price_levels off


set identity_insert dbo.conference_days on
insert into dbo.conference_days (conference_day_id, conference_id, date, attendees_day_max) values (123, 40, '2019-12-27', 314), (124, 40, '2019-12-28', 169)
set identity_insert dbo.conference_days off


set identity_insert dbo.price_levels on
insert into dbo.price_levels (price_level_id, conference_id, discount, date_from) values (155,41,0.16666666666666666, '2017-10-21'), (156,41,0.3333333333333333, '2017-10-14'), (157,41,0.5, '2017-10-07'), (158,41,0.6666666666666666, '2017-09-30'), (159,41,0.8333333333333333, '2017-09-23')
set identity_insert dbo.price_levels off


set identity_insert dbo.conference_days on
insert into dbo.conference_days (conference_day_id, conference_id, date, attendees_day_max) values (125, 41, '2017-10-28', 246), (126, 41, '2017-10-29', 166)
set identity_insert dbo.conference_days off


set identity_insert dbo.price_levels on
insert into dbo.price_levels (price_level_id, conference_id, discount, date_from) values (160,42,0.16666666666666666, '2016-12-31'), (161,42,0.3333333333333333, '2016-12-24'), (162,42,0.5, '2016-12-17'), (163,42,0.6666666666666666, '2016-12-10'), (164,42,0.8333333333333333, '2016-12-03')
set identity_insert dbo.price_levels off


set identity_insert dbo.conference_days on
insert into dbo.conference_days (conference_day_id, conference_id, date, attendees_day_max) values (127, 42, '2017-01-07', 498)
set identity_insert dbo.conference_days off


set identity_insert dbo.price_levels on
insert into dbo.price_levels (price_level_id, conference_id, discount, date_from) values (165,43,0.2, '2019-11-17'), (166,43,0.4, '2019-11-10'), (167,43,0.6000000000000001, '2019-11-03'), (168,43,0.8, '2019-10-27')
set identity_insert dbo.price_levels off


set identity_insert dbo.conference_days on
insert into dbo.conference_days (conference_day_id, conference_id, date, attendees_day_max) values (128, 43, '2019-11-24', 456), (129, 43, '2019-11-25', 207)
set identity_insert dbo.conference_days off


set identity_insert dbo.price_levels on
insert into dbo.price_levels (price_level_id, conference_id, discount, date_from) values (169,44,0.5, '2019-06-10')
set identity_insert dbo.price_levels off


set identity_insert dbo.conference_days on
insert into dbo.conference_days (conference_day_id, conference_id, date, attendees_day_max) values (130, 44, '2019-06-17', 419), (131, 44, '2019-06-18', 313), (132, 44, '2019-06-19', 251), (133, 44, '2019-06-20', 132), (134, 44, '2019-06-21', 263)
set identity_insert dbo.conference_days off


set identity_insert dbo.price_levels on
insert into dbo.price_levels (price_level_id, conference_id, discount, date_from) values (170,45,0.14285714285714285, '2019-07-28'), (171,45,0.2857142857142857, '2019-07-21'), (172,45,0.42857142857142855, '2019-07-14'), (173,45,0.5714285714285714, '2019-07-07'), (174,45,0.7142857142857142, '2019-06-30'), (175,45,0.857142857142857, '2019-06-23')
set identity_insert dbo.price_levels off


set identity_insert dbo.conference_days on
insert into dbo.conference_days (conference_day_id, conference_id, date, attendees_day_max) values (135, 45, '2019-08-04', 192), (136, 45, '2019-08-05', 248)
set identity_insert dbo.conference_days off


set identity_insert dbo.price_levels on
insert into dbo.price_levels (price_level_id, conference_id, discount, date_from) values (176,46,0.25, '2017-05-07'), (177,46,0.5, '2017-04-30'), (178,46,0.75, '2017-04-23')
set identity_insert dbo.price_levels off


set identity_insert dbo.conference_days on
insert into dbo.conference_days (conference_day_id, conference_id, date, attendees_day_max) values (137, 46, '2017-05-14', 238), (138, 46, '2017-05-15', 295), (139, 46, '2017-05-16', 166), (140, 46, '2017-05-17', 197)
set identity_insert dbo.conference_days off


set identity_insert dbo.price_levels on
insert into dbo.price_levels (price_level_id, conference_id, discount, date_from) values (179,47,0.3333333333333333, '2017-08-05'), (180,47,0.6666666666666666, '2017-07-29')
set identity_insert dbo.price_levels off


set identity_insert dbo.conference_days on
insert into dbo.conference_days (conference_day_id, conference_id, date, attendees_day_max) values (141, 47, '2017-08-12', 230), (142, 47, '2017-08-13', 272), (143, 47, '2017-08-14', 363), (144, 47, '2017-08-15', 399), (145, 47, '2017-08-16', 368)
set identity_insert dbo.conference_days off


set identity_insert dbo.price_levels on
insert into dbo.price_levels (price_level_id, conference_id, discount, date_from) values (181,48,0.16666666666666666, '2019-08-03'), (182,48,0.3333333333333333, '2019-07-27'), (183,48,0.5, '2019-07-20'), (184,48,0.6666666666666666, '2019-07-13'), (185,48,0.8333333333333333, '2019-07-06')
set identity_insert dbo.price_levels off


set identity_insert dbo.conference_days on
insert into dbo.conference_days (conference_day_id, conference_id, date, attendees_day_max) values (146, 48, '2019-08-10', 356), (147, 48, '2019-08-11', 445), (148, 48, '2019-08-12', 464)
set identity_insert dbo.conference_days off


set identity_insert dbo.price_levels on
insert into dbo.price_levels (price_level_id, conference_id, discount, date_from) values (186,49,0.125, '2017-10-03'), (187,49,0.25, '2017-09-26'), (188,49,0.375, '2017-09-19'), (189,49,0.5, '2017-09-12'), (190,49,0.625, '2017-09-05'), (191,49,0.75, '2017-08-29'), (192,49,0.875, '2017-08-22')
set identity_insert dbo.price_levels off


set identity_insert dbo.conference_days on
insert into dbo.conference_days (conference_day_id, conference_id, date, attendees_day_max) values (149, 49, '2017-10-10', 479)
set identity_insert dbo.conference_days off


set identity_insert dbo.price_levels on
insert into dbo.price_levels (price_level_id, conference_id, discount, date_from) values (193,50,0.2, '2018-10-04'), (194,50,0.4, '2018-09-27'), (195,50,0.6000000000000001, '2018-09-20'), (196,50,0.8, '2018-09-13')
set identity_insert dbo.price_levels off


set identity_insert dbo.conference_days on
insert into dbo.conference_days (conference_day_id, conference_id, date, attendees_day_max) values (150, 50, '2018-10-11', 139), (151, 50, '2018-10-12', 203), (152, 50, '2018-10-13', 404), (153, 50, '2018-10-14', 383)
set identity_insert dbo.conference_days off


set identity_insert dbo.price_levels on
insert into dbo.price_levels (price_level_id, conference_id, discount, date_from) values (197,51,0.3333333333333333, '2018-10-02'), (198,51,0.6666666666666666, '2018-09-25')
set identity_insert dbo.price_levels off


set identity_insert dbo.conference_days on
insert into dbo.conference_days (conference_day_id, conference_id, date, attendees_day_max) values (154, 51, '2018-10-09', 166), (155, 51, '2018-10-10', 327), (156, 51, '2018-10-11', 137), (157, 51, '2018-10-12', 185)
set identity_insert dbo.conference_days off


set identity_insert dbo.price_levels on
insert into dbo.price_levels (price_level_id, conference_id, discount, date_from) values (199,52,0.25, '2018-02-20'), (200,52,0.5, '2018-02-13'), (201,52,0.75, '2018-02-06')
set identity_insert dbo.price_levels off


set identity_insert dbo.conference_days on
insert into dbo.conference_days (conference_day_id, conference_id, date, attendees_day_max) values (158, 52, '2018-02-27', 216), (159, 52, '2018-02-28', 138)
set identity_insert dbo.conference_days off


set identity_insert dbo.price_levels on
insert into dbo.price_levels (price_level_id, conference_id, discount, date_from) values (202,53,0.25, '2018-06-19'), (203,53,0.5, '2018-06-12'), (204,53,0.75, '2018-06-05')
set identity_insert dbo.price_levels off


set identity_insert dbo.conference_days on
insert into dbo.conference_days (conference_day_id, conference_id, date, attendees_day_max) values (160, 53, '2018-06-26', 271), (161, 53, '2018-06-27', 204), (162, 53, '2018-06-28', 384), (163, 53, '2018-06-29', 123)
set identity_insert dbo.conference_days off


set identity_insert dbo.price_levels on
insert into dbo.price_levels (price_level_id, conference_id, discount, date_from) values (205,54,0.16666666666666666, '2018-02-13'), (206,54,0.3333333333333333, '2018-02-06'), (207,54,0.5, '2018-01-30'), (208,54,0.6666666666666666, '2018-01-23'), (209,54,0.8333333333333333, '2018-01-16')
set identity_insert dbo.price_levels off


set identity_insert dbo.conference_days on
insert into dbo.conference_days (conference_day_id, conference_id, date, attendees_day_max) values (164, 54, '2018-02-20', 340)
set identity_insert dbo.conference_days off


set identity_insert dbo.price_levels on
insert into dbo.price_levels (price_level_id, conference_id, discount, date_from) values (210,55,0.25, '2019-04-08'), (211,55,0.5, '2019-04-01'), (212,55,0.75, '2019-03-25')
set identity_insert dbo.price_levels off


set identity_insert dbo.conference_days on
insert into dbo.conference_days (conference_day_id, conference_id, date, attendees_day_max) values (165, 55, '2019-04-15', 360), (166, 55, '2019-04-16', 166), (167, 55, '2019-04-17', 225)
set identity_insert dbo.conference_days off


set identity_insert dbo.price_levels on
insert into dbo.price_levels (price_level_id, conference_id, discount, date_from) values (213,56,0.5, '2019-12-09')
set identity_insert dbo.price_levels off


set identity_insert dbo.conference_days on
insert into dbo.conference_days (conference_day_id, conference_id, date, attendees_day_max) values (168, 56, '2019-12-16', 239), (169, 56, '2019-12-17', 187), (170, 56, '2019-12-18', 392), (171, 56, '2019-12-19', 274)
set identity_insert dbo.conference_days off


set identity_insert dbo.price_levels on
insert into dbo.price_levels (price_level_id, conference_id, discount, date_from) values (214,57,0.16666666666666666, '2019-01-13'), (215,57,0.3333333333333333, '2019-01-06'), (216,57,0.5, '2018-12-30'), (217,57,0.6666666666666666, '2018-12-23'), (218,57,0.8333333333333333, '2018-12-16')
set identity_insert dbo.price_levels off


set identity_insert dbo.conference_days on
insert into dbo.conference_days (conference_day_id, conference_id, date, attendees_day_max) values (172, 57, '2019-01-20', 328), (173, 57, '2019-01-21', 248), (174, 57, '2019-01-22', 428)
set identity_insert dbo.conference_days off


set identity_insert dbo.price_levels on
insert into dbo.price_levels (price_level_id, conference_id, discount, date_from) values (219,58,0.3333333333333333, '2019-08-03'), (220,58,0.6666666666666666, '2019-07-27')
set identity_insert dbo.price_levels off


set identity_insert dbo.conference_days on
insert into dbo.conference_days (conference_day_id, conference_id, date, attendees_day_max) values (175, 58, '2019-08-10', 177), (176, 58, '2019-08-11', 398), (177, 58, '2019-08-12', 410), (178, 58, '2019-08-13', 476), (179, 58, '2019-08-14', 218)
set identity_insert dbo.conference_days off


set identity_insert dbo.price_levels on
insert into dbo.price_levels (price_level_id, conference_id, discount, date_from) values (221,59,0.2, '2017-10-16'), (222,59,0.4, '2017-10-09'), (223,59,0.6000000000000001, '2017-10-02'), (224,59,0.8, '2017-09-25')
set identity_insert dbo.price_levels off


set identity_insert dbo.conference_days on
insert into dbo.conference_days (conference_day_id, conference_id, date, attendees_day_max) values (180, 59, '2017-10-23', 249), (181, 59, '2017-10-24', 392), (182, 59, '2017-10-25', 391)
set identity_insert dbo.conference_days off


set identity_insert dbo.price_levels on
insert into dbo.price_levels (price_level_id, conference_id, discount, date_from) values (225,60,0.3333333333333333, '2018-03-19'), (226,60,0.6666666666666666, '2018-03-12')
set identity_insert dbo.price_levels off


set identity_insert dbo.conference_days on
insert into dbo.conference_days (conference_day_id, conference_id, date, attendees_day_max) values (183, 60, '2018-03-26', 188)
set identity_insert dbo.conference_days off


set identity_insert dbo.price_levels on
insert into dbo.price_levels (price_level_id, conference_id, discount, date_from) values (227,61,0.25, '2017-07-25'), (228,61,0.5, '2017-07-18'), (229,61,0.75, '2017-07-11')
set identity_insert dbo.price_levels off


set identity_insert dbo.conference_days on
insert into dbo.conference_days (conference_day_id, conference_id, date, attendees_day_max) values (184, 61, '2017-08-01', 467), (185, 61, '2017-08-02', 397), (186, 61, '2017-08-03', 102), (187, 61, '2017-08-04', 343), (188, 61, '2017-08-05', 199)
set identity_insert dbo.conference_days off


set identity_insert dbo.price_levels on
insert into dbo.price_levels (price_level_id, conference_id, discount, date_from) values (230,62,0.5, '2019-08-06')
set identity_insert dbo.price_levels off


set identity_insert dbo.conference_days on
insert into dbo.conference_days (conference_day_id, conference_id, date, attendees_day_max) values (189, 62, '2019-08-13', 312), (190, 62, '2019-08-14', 413), (191, 62, '2019-08-15', 337), (192, 62, '2019-08-16', 284)
set identity_insert dbo.conference_days off


set identity_insert dbo.price_levels on
insert into dbo.price_levels (price_level_id, conference_id, discount, date_from) values (231,63,0.16666666666666666, '2019-11-10'), (232,63,0.3333333333333333, '2019-11-03'), (233,63,0.5, '2019-10-27'), (234,63,0.6666666666666666, '2019-10-20'), (235,63,0.8333333333333333, '2019-10-13')
set identity_insert dbo.price_levels off


set identity_insert dbo.conference_days on
insert into dbo.conference_days (conference_day_id, conference_id, date, attendees_day_max) values (193, 63, '2019-11-17', 172), (194, 63, '2019-11-18', 294), (195, 63, '2019-11-19', 442)
set identity_insert dbo.conference_days off


set identity_insert dbo.price_levels on
insert into dbo.price_levels (price_level_id, conference_id, discount, date_from) values (236,64,0.25, '2019-05-05'), (237,64,0.5, '2019-04-28'), (238,64,0.75, '2019-04-21')
set identity_insert dbo.price_levels off


set identity_insert dbo.conference_days on
insert into dbo.conference_days (conference_day_id, conference_id, date, attendees_day_max) values (196, 64, '2019-05-12', 256), (197, 64, '2019-05-13', 102)
set identity_insert dbo.conference_days off


set identity_insert dbo.price_levels on
insert into dbo.price_levels (price_level_id, conference_id, discount, date_from) values (239,65,0.14285714285714285, '2018-08-09'), (240,65,0.2857142857142857, '2018-08-02'), (241,65,0.42857142857142855, '2018-07-26'), (242,65,0.5714285714285714, '2018-07-19'), (243,65,0.7142857142857142, '2018-07-12'), (244,65,0.857142857142857, '2018-07-05')
set identity_insert dbo.price_levels off


set identity_insert dbo.conference_days on
insert into dbo.conference_days (conference_day_id, conference_id, date, attendees_day_max) values (198, 65, '2018-08-16', 232), (199, 65, '2018-08-17', 261), (200, 65, '2018-08-18', 170), (201, 65, '2018-08-19', 296), (202, 65, '2018-08-20', 152)
set identity_insert dbo.conference_days off


set identity_insert dbo.price_levels on
insert into dbo.price_levels (price_level_id, conference_id, discount, date_from) values (245,66,0.16666666666666666, '2018-06-15'), (246,66,0.3333333333333333, '2018-06-08'), (247,66,0.5, '2018-06-01'), (248,66,0.6666666666666666, '2018-05-25'), (249,66,0.8333333333333333, '2018-05-18')
set identity_insert dbo.price_levels off


set identity_insert dbo.conference_days on
insert into dbo.conference_days (conference_day_id, conference_id, date, attendees_day_max) values (203, 66, '2018-06-22', 387), (204, 66, '2018-06-23', 358), (205, 66, '2018-06-24', 300), (206, 66, '2018-06-25', 118), (207, 66, '2018-06-26', 272)
set identity_insert dbo.conference_days off


set identity_insert dbo.price_levels on
insert into dbo.price_levels (price_level_id, conference_id, discount, date_from) values (250,67,0.3333333333333333, '2018-07-18'), (251,67,0.6666666666666666, '2018-07-11')
set identity_insert dbo.price_levels off


set identity_insert dbo.conference_days on
insert into dbo.conference_days (conference_day_id, conference_id, date, attendees_day_max) values (208, 67, '2018-07-25', 278), (209, 67, '2018-07-26', 488), (210, 67, '2018-07-27', 444), (211, 67, '2018-07-28', 232), (212, 67, '2018-07-29', 432)
set identity_insert dbo.conference_days off


set identity_insert dbo.price_levels on
insert into dbo.price_levels (price_level_id, conference_id, discount, date_from) values (252,68,0.2, '2018-02-23'), (253,68,0.4, '2018-02-16'), (254,68,0.6000000000000001, '2018-02-09'), (255,68,0.8, '2018-02-02')
set identity_insert dbo.price_levels off


set identity_insert dbo.conference_days on
insert into dbo.conference_days (conference_day_id, conference_id, date, attendees_day_max) values (213, 68, '2018-03-02', 464), (214, 68, '2018-03-03', 185)
set identity_insert dbo.conference_days off


set identity_insert dbo.price_levels on
insert into dbo.price_levels (price_level_id, conference_id, discount, date_from) values (256,69,0.16666666666666666, '2018-03-28'), (257,69,0.3333333333333333, '2018-03-21'), (258,69,0.5, '2018-03-14'), (259,69,0.6666666666666666, '2018-03-07'), (260,69,0.8333333333333333, '2018-02-28')
set identity_insert dbo.price_levels off


set identity_insert dbo.conference_days on
insert into dbo.conference_days (conference_day_id, conference_id, date, attendees_day_max) values (215, 69, '2018-04-04', 499)
set identity_insert dbo.conference_days off


set identity_insert dbo.price_levels on
insert into dbo.price_levels (price_level_id, conference_id, discount, date_from) values (261,70,0.25, '2019-01-12'), (262,70,0.5, '2019-01-05'), (263,70,0.75, '2018-12-29')
set identity_insert dbo.price_levels off


set identity_insert dbo.conference_days on
insert into dbo.conference_days (conference_day_id, conference_id, date, attendees_day_max) values (216, 70, '2019-01-19', 468)
set identity_insert dbo.conference_days off


set identity_insert dbo.price_levels on
insert into dbo.price_levels (price_level_id, conference_id, discount, date_from) values (264,71,0.16666666666666666, '2019-05-19'), (265,71,0.3333333333333333, '2019-05-12'), (266,71,0.5, '2019-05-05'), (267,71,0.6666666666666666, '2019-04-28'), (268,71,0.8333333333333333, '2019-04-21')
set identity_insert dbo.price_levels off


set identity_insert dbo.conference_days on
insert into dbo.conference_days (conference_day_id, conference_id, date, attendees_day_max) values (217, 71, '2019-05-26', 391), (218, 71, '2019-05-27', 458), (219, 71, '2019-05-28', 426), (220, 71, '2019-05-29', 440)
set identity_insert dbo.conference_days off


set identity_insert dbo.price_levels on
insert into dbo.price_levels (price_level_id, conference_id, discount, date_from) values (269,72,0.5, '2018-04-02')
set identity_insert dbo.price_levels off


set identity_insert dbo.conference_days on
insert into dbo.conference_days (conference_day_id, conference_id, date, attendees_day_max) values (221, 72, '2018-04-09', 405), (222, 72, '2018-04-10', 433), (223, 72, '2018-04-11', 203), (224, 72, '2018-04-12', 468), (225, 72, '2018-04-13', 425)
set identity_insert dbo.conference_days off


set identity_insert dbo.price_levels on
insert into dbo.price_levels (price_level_id, conference_id, discount, date_from) values (270,73,0.125, '2018-10-14'), (271,73,0.25, '2018-10-07'), (272,73,0.375, '2018-09-30'), (273,73,0.5, '2018-09-23'), (274,73,0.625, '2018-09-16'), (275,73,0.75, '2018-09-09'), (276,73,0.875, '2018-09-02')
set identity_insert dbo.price_levels off


set identity_insert dbo.conference_days on
insert into dbo.conference_days (conference_day_id, conference_id, date, attendees_day_max) values (226, 73, '2018-10-21', 215)
set identity_insert dbo.conference_days off


set identity_insert dbo.price_levels on
insert into dbo.price_levels (price_level_id, conference_id, discount, date_from) values (277,74,0.14285714285714285, '2017-07-18'), (278,74,0.2857142857142857, '2017-07-11'), (279,74,0.42857142857142855, '2017-07-04'), (280,74,0.5714285714285714, '2017-06-27'), (281,74,0.7142857142857142, '2017-06-20'), (282,74,0.857142857142857, '2017-06-13')
set identity_insert dbo.price_levels off


set identity_insert dbo.conference_days on
insert into dbo.conference_days (conference_day_id, conference_id, date, attendees_day_max) values (227, 74, '2017-07-25', 225), (228, 74, '2017-07-26', 194), (229, 74, '2017-07-27', 433), (230, 74, '2017-07-28', 119)
set identity_insert dbo.conference_days off


set identity_insert dbo.price_levels on
insert into dbo.price_levels (price_level_id, conference_id, discount, date_from) values (283,75,0.2, '2017-10-21'), (284,75,0.4, '2017-10-14'), (285,75,0.6000000000000001, '2017-10-07'), (286,75,0.8, '2017-09-30')
set identity_insert dbo.price_levels off


set identity_insert dbo.conference_days on
insert into dbo.conference_days (conference_day_id, conference_id, date, attendees_day_max) values (231, 75, '2017-10-28', 360), (232, 75, '2017-10-29', 240), (233, 75, '2017-10-30', 269), (234, 75, '2017-10-31', 273)
set identity_insert dbo.conference_days off


set identity_insert dbo.price_levels on
insert into dbo.price_levels (price_level_id, conference_id, discount, date_from) values (287,76,0.3333333333333333, '2018-08-15'), (288,76,0.6666666666666666, '2018-08-08')
set identity_insert dbo.price_levels off


set identity_insert dbo.conference_days on
insert into dbo.conference_days (conference_day_id, conference_id, date, attendees_day_max) values (235, 76, '2018-08-22', 478), (236, 76, '2018-08-23', 361), (237, 76, '2018-08-24', 161), (238, 76, '2018-08-25', 102), (239, 76, '2018-08-26', 143)
set identity_insert dbo.conference_days off


set identity_insert dbo.price_levels on
insert into dbo.price_levels (price_level_id, conference_id, discount, date_from) values (289,77,0.125, '2019-12-20'), (290,77,0.25, '2019-12-13'), (291,77,0.375, '2019-12-06'), (292,77,0.5, '2019-11-29'), (293,77,0.625, '2019-11-22'), (294,77,0.75, '2019-11-15'), (295,77,0.875, '2019-11-08')
set identity_insert dbo.price_levels off


set identity_insert dbo.conference_days on
insert into dbo.conference_days (conference_day_id, conference_id, date, attendees_day_max) values (240, 77, '2019-12-27', 413), (241, 77, '2019-12-28', 171), (242, 77, '2019-12-29', 122), (243, 77, '2019-12-30', 498)
set identity_insert dbo.conference_days off


set identity_insert dbo.price_levels on
insert into dbo.price_levels (price_level_id, conference_id, discount, date_from) values (296,78,0.2, '2019-07-11'), (297,78,0.4, '2019-07-04'), (298,78,0.6000000000000001, '2019-06-27'), (299,78,0.8, '2019-06-20')
set identity_insert dbo.price_levels off


set identity_insert dbo.conference_days on
insert into dbo.conference_days (conference_day_id, conference_id, date, attendees_day_max) values (244, 78, '2019-07-18', 406), (245, 78, '2019-07-19', 119), (246, 78, '2019-07-20', 111), (247, 78, '2019-07-21', 307)
set identity_insert dbo.conference_days off


set identity_insert dbo.price_levels on
insert into dbo.price_levels (price_level_id, conference_id, discount, date_from) values (300,79,0.5, '2019-11-07')
set identity_insert dbo.price_levels off


set identity_insert dbo.conference_days on
insert into dbo.conference_days (conference_day_id, conference_id, date, attendees_day_max) values (248, 79, '2019-11-14', 185), (249, 79, '2019-11-15', 271), (250, 79, '2019-11-16', 413), (251, 79, '2019-11-17', 103)
set identity_insert dbo.conference_days off


set identity_insert dbo.price_levels on
insert into dbo.price_levels (price_level_id, conference_id, discount, date_from) values (301,80,0.2, '2019-03-31'), (302,80,0.4, '2019-03-24'), (303,80,0.6000000000000001, '2019-03-17'), (304,80,0.8, '2019-03-10')
set identity_insert dbo.price_levels off


set identity_insert dbo.conference_days on
insert into dbo.conference_days (conference_day_id, conference_id, date, attendees_day_max) values (252, 80, '2019-04-07', 444), (253, 80, '2019-04-08', 282)
set identity_insert dbo.conference_days off


set identity_insert dbo.price_levels on
insert into dbo.price_levels (price_level_id, conference_id, discount, date_from) values (305,81,0.125, '2017-12-26'), (306,81,0.25, '2017-12-19'), (307,81,0.375, '2017-12-12'), (308,81,0.5, '2017-12-05'), (309,81,0.625, '2017-11-28'), (310,81,0.75, '2017-11-21'), (311,81,0.875, '2017-11-14')
set identity_insert dbo.price_levels off


set identity_insert dbo.conference_days on
insert into dbo.conference_days (conference_day_id, conference_id, date, attendees_day_max) values (254, 81, '2018-01-02', 212), (255, 81, '2018-01-03', 372), (256, 81, '2018-01-04', 490), (257, 81, '2018-01-05', 490), (258, 81, '2018-01-06', 433)
set identity_insert dbo.conference_days off


set identity_insert dbo.price_levels on
insert into dbo.price_levels (price_level_id, conference_id, discount, date_from) values (312,82,0.14285714285714285, '2017-10-03'), (313,82,0.2857142857142857, '2017-09-26'), (314,82,0.42857142857142855, '2017-09-19'), (315,82,0.5714285714285714, '2017-09-12'), (316,82,0.7142857142857142, '2017-09-05'), (317,82,0.857142857142857, '2017-08-29')
set identity_insert dbo.price_levels off


set identity_insert dbo.conference_days on
insert into dbo.conference_days (conference_day_id, conference_id, date, attendees_day_max) values (259, 82, '2017-10-10', 183), (260, 82, '2017-10-11', 166), (261, 82, '2017-10-12', 432)
set identity_insert dbo.conference_days off


set identity_insert dbo.price_levels on
insert into dbo.price_levels (price_level_id, conference_id, discount, date_from) values (318,83,0.25, '2019-05-01'), (319,83,0.5, '2019-04-24'), (320,83,0.75, '2019-04-17')
set identity_insert dbo.price_levels off


set identity_insert dbo.conference_days on
insert into dbo.conference_days (conference_day_id, conference_id, date, attendees_day_max) values (262, 83, '2019-05-08', 317), (263, 83, '2019-05-09', 425), (264, 83, '2019-05-10', 402), (265, 83, '2019-05-11', 459)
set identity_insert dbo.conference_days off


set identity_insert dbo.price_levels on
insert into dbo.price_levels (price_level_id, conference_id, discount, date_from) values (321,84,0.2, '2018-10-06'), (322,84,0.4, '2018-09-29'), (323,84,0.6000000000000001, '2018-09-22'), (324,84,0.8, '2018-09-15')
set identity_insert dbo.price_levels off


set identity_insert dbo.conference_days on
insert into dbo.conference_days (conference_day_id, conference_id, date, attendees_day_max) values (266, 84, '2018-10-13', 486), (267, 84, '2018-10-14', 394), (268, 84, '2018-10-15', 381), (269, 84, '2018-10-16', 186)
set identity_insert dbo.conference_days off


set identity_insert dbo.price_levels on
insert into dbo.price_levels (price_level_id, conference_id, discount, date_from) values (325,85,0.3333333333333333, '2018-11-16'), (326,85,0.6666666666666666, '2018-11-09')
set identity_insert dbo.price_levels off


set identity_insert dbo.conference_days on
insert into dbo.conference_days (conference_day_id, conference_id, date, attendees_day_max) values (270, 85, '2018-11-23', 401), (271, 85, '2018-11-24', 408), (272, 85, '2018-11-25', 378), (273, 85, '2018-11-26', 356)
set identity_insert dbo.conference_days off


set identity_insert dbo.price_levels on
insert into dbo.price_levels (price_level_id, conference_id, discount, date_from) values (327,86,0.14285714285714285, '2017-11-30'), (328,86,0.2857142857142857, '2017-11-23'), (329,86,0.42857142857142855, '2017-11-16'), (330,86,0.5714285714285714, '2017-11-09'), (331,86,0.7142857142857142, '2017-11-02'), (332,86,0.857142857142857, '2017-10-26')
set identity_insert dbo.price_levels off


set identity_insert dbo.conference_days on
insert into dbo.conference_days (conference_day_id, conference_id, date, attendees_day_max) values (274, 86, '2017-12-07', 352), (275, 86, '2017-12-08', 316), (276, 86, '2017-12-09', 281)
set identity_insert dbo.conference_days off


set identity_insert dbo.price_levels on
insert into dbo.price_levels (price_level_id, conference_id, discount, date_from) values (333,87,0.16666666666666666, '2017-04-25'), (334,87,0.3333333333333333, '2017-04-18'), (335,87,0.5, '2017-04-11'), (336,87,0.6666666666666666, '2017-04-04'), (337,87,0.8333333333333333, '2017-03-28')
set identity_insert dbo.price_levels off


set identity_insert dbo.conference_days on
insert into dbo.conference_days (conference_day_id, conference_id, date, attendees_day_max) values (277, 87, '2017-05-02', 365), (278, 87, '2017-05-03', 388)
set identity_insert dbo.conference_days off


set identity_insert dbo.price_levels on
insert into dbo.price_levels (price_level_id, conference_id, discount, date_from) values (338,88,0.25, '2018-05-20'), (339,88,0.5, '2018-05-13'), (340,88,0.75, '2018-05-06')
set identity_insert dbo.price_levels off


set identity_insert dbo.conference_days on
insert into dbo.conference_days (conference_day_id, conference_id, date, attendees_day_max) values (279, 88, '2018-05-27', 127)
set identity_insert dbo.conference_days off


set identity_insert dbo.price_levels on
insert into dbo.price_levels (price_level_id, conference_id, discount, date_from) values (341,89,0.3333333333333333, '2019-07-01'), (342,89,0.6666666666666666, '2019-06-24')
set identity_insert dbo.price_levels off


set identity_insert dbo.conference_days on
insert into dbo.conference_days (conference_day_id, conference_id, date, attendees_day_max) values (280, 89, '2019-07-08', 470), (281, 89, '2019-07-09', 326)
set identity_insert dbo.conference_days off


set identity_insert dbo.price_levels on
insert into dbo.price_levels (price_level_id, conference_id, discount, date_from) values (343,90,0.2, '2018-08-19'), (344,90,0.4, '2018-08-12'), (345,90,0.6000000000000001, '2018-08-05'), (346,90,0.8, '2018-07-29')
set identity_insert dbo.price_levels off


set identity_insert dbo.conference_days on
insert into dbo.conference_days (conference_day_id, conference_id, date, attendees_day_max) values (282, 90, '2018-08-26', 245)
set identity_insert dbo.conference_days off


set identity_insert dbo.price_levels on
insert into dbo.price_levels (price_level_id, conference_id, discount, date_from) values (347,91,0.16666666666666666, '2019-10-20'), (348,91,0.3333333333333333, '2019-10-13'), (349,91,0.5, '2019-10-06'), (350,91,0.6666666666666666, '2019-09-29'), (351,91,0.8333333333333333, '2019-09-22')
set identity_insert dbo.price_levels off


set identity_insert dbo.conference_days on
insert into dbo.conference_days (conference_day_id, conference_id, date, attendees_day_max) values (283, 91, '2019-10-27', 212)
set identity_insert dbo.conference_days off


set identity_insert dbo.price_levels on
insert into dbo.price_levels (price_level_id, conference_id, discount, date_from) values (352,92,0.125, '2018-01-01'), (353,92,0.25, '2017-12-25'), (354,92,0.375, '2017-12-18'), (355,92,0.5, '2017-12-11'), (356,92,0.625, '2017-12-04'), (357,92,0.75, '2017-11-27'), (358,92,0.875, '2017-11-20')
set identity_insert dbo.price_levels off


set identity_insert dbo.conference_days on
insert into dbo.conference_days (conference_day_id, conference_id, date, attendees_day_max) values (284, 92, '2018-01-08', 119)
set identity_insert dbo.conference_days off


set identity_insert dbo.price_levels on
insert into dbo.price_levels (price_level_id, conference_id, discount, date_from) values (359,93,0.2, '2018-06-06'), (360,93,0.4, '2018-05-30'), (361,93,0.6000000000000001, '2018-05-23'), (362,93,0.8, '2018-05-16')
set identity_insert dbo.price_levels off


set identity_insert dbo.conference_days on
insert into dbo.conference_days (conference_day_id, conference_id, date, attendees_day_max) values (285, 93, '2018-06-13', 260), (286, 93, '2018-06-14', 217), (287, 93, '2018-06-15', 121)
set identity_insert dbo.conference_days off


set identity_insert dbo.price_levels on
insert into dbo.price_levels (price_level_id, conference_id, discount, date_from) values (363,94,0.25, '2017-07-08'), (364,94,0.5, '2017-07-01'), (365,94,0.75, '2017-06-24')
set identity_insert dbo.price_levels off


set identity_insert dbo.conference_days on
insert into dbo.conference_days (conference_day_id, conference_id, date, attendees_day_max) values (288, 94, '2017-07-15', 243), (289, 94, '2017-07-16', 491), (290, 94, '2017-07-17', 365), (291, 94, '2017-07-18', 242), (292, 94, '2017-07-19', 486)
set identity_insert dbo.conference_days off


set identity_insert dbo.price_levels on
insert into dbo.price_levels (price_level_id, conference_id, discount, date_from) values (366,95,0.14285714285714285, '2018-02-05'), (367,95,0.2857142857142857, '2018-01-29'), (368,95,0.42857142857142855, '2018-01-22'), (369,95,0.5714285714285714, '2018-01-15'), (370,95,0.7142857142857142, '2018-01-08'), (371,95,0.857142857142857, '2018-01-01')
set identity_insert dbo.price_levels off


set identity_insert dbo.conference_days on
insert into dbo.conference_days (conference_day_id, conference_id, date, attendees_day_max) values (293, 95, '2018-02-12', 172), (294, 95, '2018-02-13', 377), (295, 95, '2018-02-14', 258), (296, 95, '2018-02-15', 199)
set identity_insert dbo.conference_days off


set identity_insert dbo.price_levels on
insert into dbo.price_levels (price_level_id, conference_id, discount, date_from) values (372,96,0.25, '2018-01-03'), (373,96,0.5, '2017-12-27'), (374,96,0.75, '2017-12-20')
set identity_insert dbo.price_levels off


set identity_insert dbo.conference_days on
insert into dbo.conference_days (conference_day_id, conference_id, date, attendees_day_max) values (297, 96, '2018-01-10', 227), (298, 96, '2018-01-11', 395), (299, 96, '2018-01-12', 417)
set identity_insert dbo.conference_days off


set identity_insert dbo.price_levels on
insert into dbo.price_levels (price_level_id, conference_id, discount, date_from) values (375,97,0.125, '2018-02-19'), (376,97,0.25, '2018-02-12'), (377,97,0.375, '2018-02-05'), (378,97,0.5, '2018-01-29'), (379,97,0.625, '2018-01-22'), (380,97,0.75, '2018-01-15'), (381,97,0.875, '2018-01-08')
set identity_insert dbo.price_levels off


set identity_insert dbo.conference_days on
insert into dbo.conference_days (conference_day_id, conference_id, date, attendees_day_max) values (300, 97, '2018-02-26', 326), (301, 97, '2018-02-27', 209), (302, 97, '2018-02-28', 101), (303, 97, '2018-03-01', 183)
set identity_insert dbo.conference_days off


set identity_insert dbo.price_levels on
insert into dbo.price_levels (price_level_id, conference_id, discount, date_from) values (382,98,0.25, '2017-06-27'), (383,98,0.5, '2017-06-20'), (384,98,0.75, '2017-06-13')
set identity_insert dbo.price_levels off


set identity_insert dbo.conference_days on
insert into dbo.conference_days (conference_day_id, conference_id, date, attendees_day_max) values (304, 98, '2017-07-04', 117), (305, 98, '2017-07-05', 499), (306, 98, '2017-07-06', 447), (307, 98, '2017-07-07', 250), (308, 98, '2017-07-08', 276)
set identity_insert dbo.conference_days off


set identity_insert dbo.price_levels on
insert into dbo.price_levels (price_level_id, conference_id, discount, date_from) values (385,99,0.125, '2017-02-19'), (386,99,0.25, '2017-02-12'), (387,99,0.375, '2017-02-05'), (388,99,0.5, '2017-01-29'), (389,99,0.625, '2017-01-22'), (390,99,0.75, '2017-01-15'), (391,99,0.875, '2017-01-08')
set identity_insert dbo.price_levels off


set identity_insert dbo.conference_days on
insert into dbo.conference_days (conference_day_id, conference_id, date, attendees_day_max) values (309, 99, '2017-02-26', 369), (310, 99, '2017-02-27', 387), (311, 99, '2017-02-28', 433), (312, 99, '2017-03-01', 115)
set identity_insert dbo.conference_days off


set identity_insert dbo.price_levels on
insert into dbo.price_levels (price_level_id, conference_id, discount, date_from) values (392,100,0.25, '2019-04-17'), (393,100,0.5, '2019-04-10'), (394,100,0.75, '2019-04-03')
set identity_insert dbo.price_levels off


set identity_insert dbo.conference_days on
insert into dbo.conference_days (conference_day_id, conference_id, date, attendees_day_max) values (313, 100, '2019-04-24', 161), (314, 100, '2019-04-25', 397), (315, 100, '2019-04-26', 479), (316, 100, '2019-04-27', 179), (317, 100, '2019-04-28', 100)
set identity_insert dbo.conference_days off


set identity_insert dbo.customers on
insert into dbo.customers (customer_id, phone_number, email_address) values (1, '+7200120921', 'christanseigler@yahoo.com')

set identity_insert dbo.customers off

set identity_insert dbo.individual_customers on
insert into dbo.individual_customers (individual_customer_id, first_name, last_name, customer_id) values (1, 'Christan', 'Seigler', 1)
set identity_insert dbo.individual_customers off


set identity_insert dbo.customers on
insert into dbo.customers (customer_id, phone_number, email_address) values (2, '2932037285', 'herminebackler@yahoo.com')

set identity_insert dbo.customers off

set identity_insert dbo.individual_customers on
insert into dbo.individual_customers (individual_customer_id, first_name, last_name, customer_id) values (2, 'Hermine', 'Backler', 2)
set identity_insert dbo.individual_customers off


set identity_insert dbo.customers on
insert into dbo.customers (customer_id, phone_number, email_address) values (3, '+05221638', 'vinpooh@gmail.com')

set identity_insert dbo.customers off

set identity_insert dbo.individual_customers on
insert into dbo.individual_customers (individual_customer_id, first_name, last_name, customer_id) values (3, 'Vin', 'Pooh', 3)
set identity_insert dbo.individual_customers off


set identity_insert dbo.customers on
insert into dbo.customers (customer_id, phone_number, email_address) values (4, '+55110449', 'consuelogregg@agh.edu.pl')

set identity_insert dbo.customers off

set identity_insert dbo.individual_customers on
insert into dbo.individual_customers (individual_customer_id, first_name, last_name, customer_id) values (4, 'Consuelo', 'Gregg', 4)
set identity_insert dbo.individual_customers off


set identity_insert dbo.customers on
insert into dbo.customers (customer_id, phone_number, email_address) values (5, '2290522861', 'deadtechnology@agh.edu.pl')

set identity_insert dbo.customers off

set identity_insert dbo.companies on
insert into dbo.companies (company_id, company_name, customer_id) values (1, 'Dead Technology', 5)
set identity_insert dbo.companies off


set identity_insert dbo.customers on
insert into dbo.customers (customer_id, phone_number, email_address) values (6, '+66824544', 'landtechnology@gmail.com')

set identity_insert dbo.customers off

set identity_insert dbo.companies on
insert into dbo.companies (company_id, company_name, customer_id) values (2, 'Land Technology', 6)
set identity_insert dbo.companies off


set identity_insert dbo.customers on
insert into dbo.customers (customer_id, phone_number, email_address) values (7, '+0162558866', 'laynezakaria@yahoo.com')

set identity_insert dbo.customers off

set identity_insert dbo.individual_customers on
insert into dbo.individual_customers (individual_customer_id, first_name, last_name, customer_id) values (5, 'Layne', 'Zakaria', 7)
set identity_insert dbo.individual_customers off


set identity_insert dbo.customers on
insert into dbo.customers (customer_id, phone_number, email_address) values (8, '3864905273', 'randichristophe@agh.edu.pl')

set identity_insert dbo.customers off

set identity_insert dbo.individual_customers on
insert into dbo.individual_customers (individual_customer_id, first_name, last_name, customer_id) values (6, 'Randi', 'Christophe', 8)
set identity_insert dbo.individual_customers off


set identity_insert dbo.customers on
insert into dbo.customers (customer_id, phone_number, email_address) values (9, '+5756392215', 'they@gmail.com')

set identity_insert dbo.customers off

set identity_insert dbo.companies on
insert into dbo.companies (company_id, company_name, customer_id) values (3, 'They', 9)
set identity_insert dbo.companies off


set identity_insert dbo.customers on
insert into dbo.customers (customer_id, phone_number, email_address) values (10, '+7349829087', 'rachelledavide@agh.edu.pl')

set identity_insert dbo.customers off

set identity_insert dbo.individual_customers on
insert into dbo.individual_customers (individual_customer_id, first_name, last_name, customer_id) values (7, 'Rachelle', 'Davide', 10)
set identity_insert dbo.individual_customers off


set identity_insert dbo.customers on
insert into dbo.customers (customer_id, phone_number, email_address) values (11, '+91371662', 'devanmargaretha@agh.edu.pl')

set identity_insert dbo.customers off

set identity_insert dbo.individual_customers on
insert into dbo.individual_customers (individual_customer_id, first_name, last_name, customer_id) values (8, 'Devan', 'Margaretha', 11)
set identity_insert dbo.individual_customers off


set identity_insert dbo.customers on
insert into dbo.customers (customer_id, phone_number, email_address) values (12, '812985280', 'goldiaphelips@yahoo.com')

set identity_insert dbo.customers off

set identity_insert dbo.individual_customers on
insert into dbo.individual_customers (individual_customer_id, first_name, last_name, customer_id) values (9, 'Goldia', 'Phelips', 12)
set identity_insert dbo.individual_customers off


set identity_insert dbo.customers on
insert into dbo.customers (customer_id, phone_number, email_address) values (13, '38768454', 'tishluby@agh.edu.pl')

set identity_insert dbo.customers off

set identity_insert dbo.individual_customers on
insert into dbo.individual_customers (individual_customer_id, first_name, last_name, customer_id) values (10, 'Tish', 'Luby', 13)
set identity_insert dbo.individual_customers off


set identity_insert dbo.customers on
insert into dbo.customers (customer_id, phone_number, email_address) values (14, '54924516', 'jaclynnurse@yahoo.com')

set identity_insert dbo.customers off

set identity_insert dbo.individual_customers on
insert into dbo.individual_customers (individual_customer_id, first_name, last_name, customer_id) values (11, 'Jaclyn', 'Nurse', 14)
set identity_insert dbo.individual_customers off


set identity_insert dbo.customers on
insert into dbo.customers (customer_id, phone_number, email_address) values (15, '781378648', 'persontechnology@gmail.com')

set identity_insert dbo.customers off

set identity_insert dbo.companies on
insert into dbo.companies (company_id, company_name, customer_id) values (4, 'Person Technology', 15)
set identity_insert dbo.companies off


set identity_insert dbo.customers on
insert into dbo.customers (customer_id, phone_number, email_address) values (16, '6527091454', 'together@agh.edu.pl')

set identity_insert dbo.customers off

set identity_insert dbo.companies on
insert into dbo.companies (company_id, company_name, customer_id) values (5, 'Together', 16)
set identity_insert dbo.companies off


set identity_insert dbo.customers on
insert into dbo.customers (customer_id, phone_number, email_address) values (17, '+1734421319', 'regiontechnology@agh.edu.pl')

set identity_insert dbo.customers off

set identity_insert dbo.companies on
insert into dbo.companies (company_id, company_name, customer_id) values (6, 'Region Technology', 17)
set identity_insert dbo.companies off


set identity_insert dbo.customers on
insert into dbo.customers (customer_id, phone_number, email_address) values (18, '1429572714', 'countycompany@gmail.com')

set identity_insert dbo.customers off

set identity_insert dbo.companies on
insert into dbo.companies (company_id, company_name, customer_id) values (7, 'County Company', 18)
set identity_insert dbo.companies off


set identity_insert dbo.customers on
insert into dbo.customers (customer_id, phone_number, email_address) values (19, '+3247662710', 'carmellalalla@agh.edu.pl')

set identity_insert dbo.customers off

set identity_insert dbo.individual_customers on
insert into dbo.individual_customers (individual_customer_id, first_name, last_name, customer_id) values (12, 'Carmella', 'Lalla', 19)
set identity_insert dbo.individual_customers off


set identity_insert dbo.customers on
insert into dbo.customers (customer_id, phone_number, email_address) values (20, '6229750605', 'nettleagueda@agh.edu.pl')

set identity_insert dbo.customers off

set identity_insert dbo.individual_customers on
insert into dbo.individual_customers (individual_customer_id, first_name, last_name, customer_id) values (13, 'Nettle', 'Agueda', 20)
set identity_insert dbo.individual_customers off


set identity_insert dbo.customers on
insert into dbo.customers (customer_id, phone_number, email_address) values (21, '6419606031', 'along@agh.edu.pl')

set identity_insert dbo.customers off

set identity_insert dbo.companies on
insert into dbo.companies (company_id, company_name, customer_id) values (8, 'Along', 21)
set identity_insert dbo.companies off


set identity_insert dbo.customers on
insert into dbo.customers (customer_id, phone_number, email_address) values (22, '4410148671', 'shalltechnology@gmail.com')

set identity_insert dbo.customers off

set identity_insert dbo.companies on
insert into dbo.companies (company_id, company_name, customer_id) values (9, 'Shall Technology', 22)
set identity_insert dbo.companies off


set identity_insert dbo.customers on
insert into dbo.customers (customer_id, phone_number, email_address) values (23, '+0117575896', 'understandcompany@agh.edu.pl')

set identity_insert dbo.customers off

set identity_insert dbo.companies on
insert into dbo.companies (company_id, company_name, customer_id) values (10, 'Understand Company', 23)
set identity_insert dbo.companies off


set identity_insert dbo.customers on
insert into dbo.customers (customer_id, phone_number, email_address) values (24, '+08462782', 'lawtechnology@gmail.com')

set identity_insert dbo.customers off

set identity_insert dbo.companies on
insert into dbo.companies (company_id, company_name, customer_id) values (11, 'Law Technology', 24)
set identity_insert dbo.companies off


set identity_insert dbo.customers on
insert into dbo.customers (customer_id, phone_number, email_address) values (25, '+484639833', 'feedenterprise@gmail.com')

set identity_insert dbo.customers off

set identity_insert dbo.companies on
insert into dbo.companies (company_id, company_name, customer_id) values (12, 'Feed Enterprise', 25)
set identity_insert dbo.companies off


set identity_insert dbo.customers on
insert into dbo.customers (customer_id, phone_number, email_address) values (26, '93668118', 'termcompany@agh.edu.pl')

set identity_insert dbo.customers off

set identity_insert dbo.companies on
insert into dbo.companies (company_id, company_name, customer_id) values (13, 'Term Company', 26)
set identity_insert dbo.companies off


set identity_insert dbo.customers on
insert into dbo.customers (customer_id, phone_number, email_address) values (27, '702324272', 'noneenterprise@yahoo.com')

set identity_insert dbo.customers off

set identity_insert dbo.companies on
insert into dbo.companies (company_id, company_name, customer_id) values (14, 'None Enterprise', 27)
set identity_insert dbo.companies off


set identity_insert dbo.customers on
insert into dbo.customers (customer_id, phone_number, email_address) values (28, '8918389329', 'thenenterprise@gmail.com')

set identity_insert dbo.customers off

set identity_insert dbo.companies on
insert into dbo.companies (company_id, company_name, customer_id) values (15, 'Then Enterprise', 28)
set identity_insert dbo.companies off


set identity_insert dbo.customers on
insert into dbo.customers (customer_id, phone_number, email_address) values (29, '45485614', 'programmeenterprise@gmail.com')

set identity_insert dbo.customers off

set identity_insert dbo.companies on
insert into dbo.companies (company_id, company_name, customer_id) values (16, 'Programme Enterprise', 29)
set identity_insert dbo.companies off


set identity_insert dbo.customers on
insert into dbo.customers (customer_id, phone_number, email_address) values (30, '+2269046252', 'deedeetrabue@agh.edu.pl')

set identity_insert dbo.customers off

set identity_insert dbo.individual_customers on
insert into dbo.individual_customers (individual_customer_id, first_name, last_name, customer_id) values (14, 'Deedee', 'Trabue', 30)
set identity_insert dbo.individual_customers off



set identity_insert dbo.workshops on
insert into dbo.workshops (workshop_id, conference_day_id, workshop_title, workshop_description, attendees_workshop_max, price, start_time, end_time) values (1, 1, 'Party Workshop', 'Really great workshop, you have to take part in.', 35, 80.61, '15:37:00', '16:22:00'), (2, 1, 'Ten Workshop', 'Really great workshop, you have to take part in.', 88, 13.46, '14:50:00', '16:20:00'), (3, 1, 'Cause Workshop', 'Really great workshop, you have to take part in.', 37, 79.72, '22:08:00', '00:08:00'), (4, 1, 'Rule Workshop', 'Really great workshop, you have to take part in.', 214, 84.27, '11:22:00', '12:52:00'), (5, 1, 'Certain Workshop', 'Really great workshop, you have to take part in.', 153, 27.36, '21:15:00', '22:00:00'), (6, 1, 'Unite Workshop', 'Really great workshop, you have to take part in.', 214, 87.19, '16:16:00', '17:16:00'), (7, 2, 'Achieve Workshop', 'Really great workshop, you have to take part in.', 47, 82.5, '19:48:00', '20:33:00'), (8, 2, 'Time Workshop', 'Really great workshop, you have to take part in.', 16, 79.18, '22:33:00', '00:03:00'), (9, 2, 'Unit Workshop', 'Really great workshop, you have to take part in.', 12, 77.72, '11:26:00', '12:26:00'), (10, 2, 'Car Workshop', 'Really great workshop, you have to take part in.', 178, 83.76, '18:23:00', '19:08:00'), (11, 2, 'Relation Workshop', 'Really great workshop, you have to take part in.', 18, 32.27, '22:35:00', '00:05:00'), (12, 2, 'Experience Workshop', 'Really great workshop, you have to take part in.', 36, 67.24, '15:04:00', '16:04:00'), (13, 2, 'Aware Workshop', 'Really great workshop, you have to take part in.', 73, 25.81, '20:15:00', '22:15:00'), (14, 3, 'Traffic Workshop', 'Really great workshop, you have to take part in.', 155, 37.32, '06:46:00', '08:16:00'), (15, 3, 'Positive Workshop', 'Really great workshop, you have to take part in.', 260, 41.19, '07:16:00', '09:16:00'), (16, 3, 'Bill Workshop', 'Really great workshop, you have to take part in.', 338, 27.84, '01:38:00', '02:23:00'), (17, 3, 'After Workshop', 'Really great workshop, you have to take part in.', 326, 13.15, '10:22:00', '11:07:00'), (18, 3, 'Equal Workshop', 'Really great workshop, you have to take part in.', 36, 75.0, '00:04:00', '01:04:00'), (19, 3, 'Touch Workshop', 'Really great workshop, you have to take part in.', 163, 48.95, '19:14:00', '21:14:00'), (20, 3, 'Although Workshop', 'Really great workshop, you have to take part in.', 22, 76.68, '09:39:00', '11:09:00'), (21, 3, 'Name Workshop', 'Really great workshop, you have to take part in.', 181, 67.77, '05:34:00', '07:04:00'), (22, 3, 'A Workshop', 'Really great workshop, you have to take part in.', 369, 82.04, '20:01:00', '21:31:00'), (23, 3, 'Get Workshop', 'Really great workshop, you have to take part in.', 277, 44.13, '09:38:00', '11:08:00'), (24, 4, 'Love Workshop', 'Really great workshop, you have to take part in.', 310, 47.96, '08:06:00', '08:51:00'), (25, 4, 'Nature Workshop', 'Really great workshop, you have to take part in.', 241, 98.83, '23:17:00', '00:47:00'), (26, 4, 'Private Workshop', 'Really great workshop, you have to take part in.', 13, 57.24, '03:07:00', '04:37:00'), (27, 5, 'Plus Workshop', 'Really great workshop, you have to take part in.', 115, 89.81, '08:40:00', '09:25:00'), (28, 5, 'Boat Workshop', 'Really great workshop, you have to take part in.', 43, 36.55, '15:57:00', '17:27:00'), (29, 5, 'Certain Workshop', 'Really great workshop, you have to take part in.', 44, 31.59, '01:22:00', '02:52:00'), (30, 5, 'Role Workshop', 'Really great workshop, you have to take part in.', 11, 33.14, '09:45:00', '11:15:00'), (31, 5, 'Move Workshop', 'Really great workshop, you have to take part in.', 82, 98.82, '00:00:00', '01:30:00'), (32, 6, 'Think Workshop', 'Really great workshop, you have to take part in.', 115, 59.24, '09:34:00', '11:34:00'), (33, 6, 'Bar Workshop', 'Really great workshop, you have to take part in.', 329, 35.39, '08:09:00', '09:39:00'), (34, 6, 'Hang Workshop', 'Really great workshop, you have to take part in.', 152, 48.76, '10:02:00', '10:47:00'), (35, 6, 'Compare Workshop', 'Really great workshop, you have to take part in.', 234, 14.1, '21:10:00', '22:40:00'), (36, 6, 'Fly Workshop', 'Really great workshop, you have to take part in.', 230, 41.8, '14:10:00', '15:40:00'), (37, 6, 'Street Workshop', 'Really great workshop, you have to take part in.', 164, 69.23, '04:00:00', '05:00:00'), (38, 6, 'America Workshop', 'Really great workshop, you have to take part in.', 143, 87.07, '18:38:00', '19:38:00'), (39, 6, 'Refer Workshop', 'Really great workshop, you have to take part in.', 243, 83.98, '19:32:00', '20:17:00'), (40, 7, 'Order Workshop', 'Really great workshop, you have to take part in.', 149, 60.99, '16:51:00', '17:36:00'), (41, 7, 'Really Workshop', 'Really great workshop, you have to take part in.', 45, 90.88, '02:40:00', '03:40:00'), (42, 7, 'Consider Workshop', 'Really great workshop, you have to take part in.', 168, 50.08, '00:03:00', '01:33:00'), (43, 8, 'Bit Workshop', 'Really great workshop, you have to take part in.', 408, 63.42, '01:43:00', '03:13:00'), (44, 8, 'Perfect Workshop', 'Really great workshop, you have to take part in.', 335, 63.06, '06:35:00', '07:35:00'), (45, 9, 'Less Workshop', 'Really great workshop, you have to take part in.', 124, 96.49, '09:07:00', '10:37:00'), (46, 10, 'Pass Workshop', 'Really great workshop, you have to take part in.', 231, 89.7, '04:08:00', '06:08:00'), (47, 10, 'Friday Workshop', 'Really great workshop, you have to take part in.', 281, 22.51, '05:26:00', '06:11:00'), (48, 10, 'System Workshop', 'Really great workshop, you have to take part in.', 229, 95.71, '04:58:00', '06:28:00'), (49, 10, 'Course Workshop', 'Really great workshop, you have to take part in.', 81, 81.85, '05:00:00', '07:00:00'), (50, 10, 'Such Workshop', 'Really great workshop, you have to take part in.', 125, 70.33, '06:36:00', '07:21:00'), (51, 10, 'Miss Workshop', 'Really great workshop, you have to take part in.', 127, 95.5, '16:24:00', '17:09:00'), (52, 11, 'Tell Workshop', 'Really great workshop, you have to take part in.', 41, 21.52, '22:06:00', '23:36:00'), (53, 11, 'Presume Workshop', 'Really great workshop, you have to take part in.', 54, 77.52, '18:36:00', '20:06:00'), (54, 11, 'Art Workshop', 'Really great workshop, you have to take part in.', 91, 73.45, '17:59:00', '18:44:00'), (55, 11, 'Common Workshop', 'Really great workshop, you have to take part in.', 132, 30.19, '04:28:00', '06:28:00'), (56, 12, 'Wall Workshop', 'Really great workshop, you have to take part in.', 368, 37.28, '19:13:00', '19:58:00'), (57, 12, 'Sunday Workshop', 'Really great workshop, you have to take part in.', 157, 19.68, '15:12:00', '16:42:00'), (58, 12, 'Build Workshop', 'Really great workshop, you have to take part in.', 285, 88.94, '23:14:00', '00:14:00'), (59, 12, 'Rail Workshop', 'Really great workshop, you have to take part in.', 360, 93.79, '11:31:00', '12:31:00'), (60, 12, 'Produce Workshop', 'Really great workshop, you have to take part in.', 397, 44.67, '23:33:00', '01:03:00'), (61, 12, 'Guess Workshop', 'Really great workshop, you have to take part in.', 30, 60.07, '05:23:00', '06:23:00'), (62, 13, 'Complete Workshop', 'Really great workshop, you have to take part in.', 34, 32.07, '06:48:00', '08:48:00'), (63, 13, 'Hate Workshop', 'Really great workshop, you have to take part in.', 162, 83.82, '12:07:00', '13:07:00'), (64, 13, 'Foot Workshop', 'Really great workshop, you have to take part in.', 165, 58.3, '21:33:00', '22:18:00'), (65, 13, 'Visit Workshop', 'Really great workshop, you have to take part in.', 229, 93.46, '00:06:00', '01:06:00'), (66, 13, 'Previous Workshop', 'Really great workshop, you have to take part in.', 143, 94.06, '01:42:00', '03:42:00'), (67, 13, 'Blood Workshop', 'Really great workshop, you have to take part in.', 80, 40.04, '18:28:00', '19:28:00'), (68, 13, 'Amount Workshop', 'Really great workshop, you have to take part in.', 162, 75.92, '16:33:00', '18:33:00'), (69, 14, 'Positive Workshop', 'Really great workshop, you have to take part in.', 53, 83.87, '15:25:00', '16:55:00'), (70, 14, 'By Workshop', 'Really great workshop, you have to take part in.', 151, 36.39, '17:22:00', '19:22:00'), (71, 14, 'Accept Workshop', 'Really great workshop, you have to take part in.', 200, 43.39, '21:15:00', '22:15:00'), (72, 14, 'Feed Workshop', 'Really great workshop, you have to take part in.', 288, 51.51, '19:18:00', '20:18:00'), (73, 14, 'Issue Workshop', 'Really great workshop, you have to take part in.', 174, 76.89, '12:28:00', '13:28:00'), (74, 15, 'Admit Workshop', 'Really great workshop, you have to take part in.', 62, 23.89, '04:42:00', '05:27:00'), (75, 15, 'Protect Workshop', 'Really great workshop, you have to take part in.', 214, 27.53, '22:20:00', '23:20:00'), (76, 15, 'Drive Workshop', 'Really great workshop, you have to take part in.', 154, 40.41, '20:01:00', '20:46:00'), (77, 15, 'Not Workshop', 'Really great workshop, you have to take part in.', 234, 89.47, '03:46:00', '05:16:00'), (78, 15, 'Judge Workshop', 'Really great workshop, you have to take part in.', 235, 19.21, '23:57:00', '00:42:00'), (79, 15, 'Grow Workshop', 'Really great workshop, you have to take part in.', 187, 87.85, '03:38:00', '04:23:00'), (80, 15, 'Wrong Workshop', 'Really great workshop, you have to take part in.', 49, 68.1, '22:08:00', '00:08:00'), (81, 16, 'Represent Workshop', 'Really great workshop, you have to take part in.', 69, 90.91, '22:45:00', '23:30:00'), (82, 16, 'Definite Workshop', 'Really great workshop, you have to take part in.', 102, 94.98, '11:05:00', '13:05:00'), (83, 16, 'Agree Workshop', 'Really great workshop, you have to take part in.', 223, 33.25, '10:35:00', '11:20:00'), (84, 17, 'Dear Workshop', 'Really great workshop, you have to take part in.', 36, 70.6, '23:37:00', '00:37:00'), (85, 17, 'Secretary Workshop', 'Really great workshop, you have to take part in.', 81, 33.11, '20:56:00', '22:56:00'), (86, 17, 'Enjoy Workshop', 'Really great workshop, you have to take part in.', 68, 53.77, '07:08:00', '09:08:00'), (87, 17, 'Arm Workshop', 'Really great workshop, you have to take part in.', 25, 36.06, '08:56:00', '09:56:00'), (88, 17, 'Study Workshop', 'Really great workshop, you have to take part in.', 39, 88.35, '04:17:00', '06:17:00'), (89, 18, 'Poor Workshop', 'Really great workshop, you have to take part in.', 184, 16.9, '16:17:00', '17:02:00'), (90, 18, 'Come Workshop', 'Really great workshop, you have to take part in.', 119, 91.86, '19:21:00', '21:21:00'), (91, 18, 'High Workshop', 'Really great workshop, you have to take part in.', 229, 47.2, '17:33:00', '19:33:00'), (92, 18, 'Cake Workshop', 'Really great workshop, you have to take part in.', 160, 36.39, '15:09:00', '17:09:00'), (93, 18, 'Only Workshop', 'Really great workshop, you have to take part in.', 121, 51.9, '17:41:00', '19:11:00'), (94, 18, 'Shall Workshop', 'Really great workshop, you have to take part in.', 71, 54.09, '13:28:00', '14:28:00'), (95, 18, 'Sick Workshop', 'Really great workshop, you have to take part in.', 101, 65.47, '17:06:00', '18:06:00'), (96, 18, 'Union Workshop', 'Really great workshop, you have to take part in.', 194, 52.87, '10:25:00', '12:25:00'), (97, 19, 'Always Workshop', 'Really great workshop, you have to take part in.', 109, 54.47, '07:20:00', '09:20:00'), (98, 20, 'Million Workshop', 'Really great workshop, you have to take part in.', 178, 31.64, '18:16:00', '19:16:00'), (99, 21, 'Separate Workshop', 'Really great workshop, you have to take part in.', 316, 64.25, '16:39:00', '17:24:00'), (100, 21, 'Thirty Workshop', 'Really great workshop, you have to take part in.', 119, 40.88, '21:21:00', '23:21:00'), (101, 22, 'Sun Workshop', 'Really great workshop, you have to take part in.', 182, 63.76, '13:10:00', '15:10:00'), (102, 22, 'Arrange Workshop', 'Really great workshop, you have to take part in.', 147, 97.35, '05:37:00', '07:07:00'), (103, 22, 'Equal Workshop', 'Really great workshop, you have to take part in.', 262, 31.25, '22:40:00', '23:40:00'), (104, 22, 'Office Workshop', 'Really great workshop, you have to take part in.', 112, 34.35, '07:13:00', '09:13:00'), (105, 22, 'Social Workshop', 'Really great workshop, you have to take part in.', 78, 34.86, '03:16:00', '04:46:00'), (106, 22, 'Tape Workshop', 'Really great workshop, you have to take part in.', 14, 29.8, '04:17:00', '05:17:00'), (107, 23, 'Heat Workshop', 'Really great workshop, you have to take part in.', 65, 29.35, '18:29:00', '19:29:00'), (108, 23, 'Allow Workshop', 'Really great workshop, you have to take part in.', 84, 93.3, '08:20:00', '09:20:00'), (109, 23, 'Buy Workshop', 'Really great workshop, you have to take part in.', 38, 62.29, '21:32:00', '22:17:00'), (110, 23, 'Structure Workshop', 'Really great workshop, you have to take part in.', 97, 34.73, '05:14:00', '06:44:00'), (111, 23, 'Hang Workshop', 'Really great workshop, you have to take part in.', 111, 65.69, '00:15:00', '01:15:00'), (112, 23, 'Settle Workshop', 'Really great workshop, you have to take part in.', 137, 81.05, '04:02:00', '06:02:00'), (113, 23, 'Treat Workshop', 'Really great workshop, you have to take part in.', 67, 95.8, '18:35:00', '20:05:00'), (114, 23, 'Almost Workshop', 'Really great workshop, you have to take part in.', 183, 76.11, '13:24:00', '14:24:00'), (115, 23, 'Let Workshop', 'Really great workshop, you have to take part in.', 91, 52.19, '04:45:00', '05:45:00'), (116, 24, 'Amount Workshop', 'Really great workshop, you have to take part in.', 66, 82.63, '00:12:00', '00:57:00'), (117, 24, 'Pay Workshop', 'Really great workshop, you have to take part in.', 241, 22.54, '15:41:00', '17:41:00'), (118, 25, 'Square Workshop', 'Really great workshop, you have to take part in.', 102, 97.36, '14:44:00', '15:44:00'), (119, 25, 'Count Workshop', 'Really great workshop, you have to take part in.', 220, 28.96, '17:32:00', '19:02:00'), (120, 25, 'France Workshop', 'Really great workshop, you have to take part in.', 68, 34.26, '19:03:00', '19:48:00'), (121, 25, 'Own Workshop', 'Really great workshop, you have to take part in.', 11, 80.2, '21:04:00', '23:04:00'), (122, 25, 'Regard Workshop', 'Really great workshop, you have to take part in.', 298, 78.43, '02:03:00', '04:03:00'), (123, 25, 'Free Workshop', 'Really great workshop, you have to take part in.', 286, 46.14, '06:24:00', '07:54:00'), (124, 25, 'It Workshop', 'Really great workshop, you have to take part in.', 43, 48.76, '01:12:00', '02:12:00'), (125, 25, 'And Workshop', 'Really great workshop, you have to take part in.', 158, 42.52, '13:46:00', '14:31:00'), (126, 25, 'Wood Workshop', 'Really great workshop, you have to take part in.', 29, 92.21, '00:14:00', '01:14:00'), (127, 25, 'Seem Workshop', 'Really great workshop, you have to take part in.', 147, 99.56, '21:00:00', '23:00:00'), (128, 26, 'Open Workshop', 'Really great workshop, you have to take part in.', 353, 62.38, '12:43:00', '14:13:00'), (129, 26, 'Offer Workshop', 'Really great workshop, you have to take part in.', 397, 93.31, '21:48:00', '22:48:00'), (130, 26, 'Effect Workshop', 'Really great workshop, you have to take part in.', 264, 63.79, '09:32:00', '11:02:00'), (131, 26, 'Home Workshop', 'Really great workshop, you have to take part in.', 231, 47.15, '14:22:00', '15:22:00'), (132, 26, 'Front Workshop', 'Really great workshop, you have to take part in.', 173, 75.11, '12:50:00', '13:35:00'), (133, 26, 'Need Workshop', 'Really great workshop, you have to take part in.', 315, 37.34, '09:57:00', '11:57:00'), (134, 26, 'Improve Workshop', 'Really great workshop, you have to take part in.', 209, 18.06, '19:27:00', '20:27:00'), (135, 26, 'Link Workshop', 'Really great workshop, you have to take part in.', 203, 25.49, '02:08:00', '03:38:00'), (136, 27, 'Give Workshop', 'Really great workshop, you have to take part in.', 10, 10.07, '06:25:00', '07:10:00'), (137, 27, 'Important Workshop', 'Really great workshop, you have to take part in.', 102, 55.1, '01:15:00', '02:45:00'), (138, 27, 'Otherwise Workshop', 'Really great workshop, you have to take part in.', 133, 23.13, '05:40:00', '07:40:00'), (139, 29, 'Easy Workshop', 'Really great workshop, you have to take part in.', 60, 49.52, '08:48:00', '09:33:00'), (140, 29, 'Photograph Workshop', 'Really great workshop, you have to take part in.', 132, 47.71, '03:29:00', '04:59:00'), (141, 29, 'Call Workshop', 'Really great workshop, you have to take part in.', 202, 44.98, '20:06:00', '20:51:00'), (142, 29, 'Big Workshop', 'Really great workshop, you have to take part in.', 187, 95.52, '07:18:00', '08:48:00'), (143, 29, 'Art Workshop', 'Really great workshop, you have to take part in.', 122, 35.11, '04:32:00', '06:02:00'), (144, 29, 'Break Workshop', 'Really great workshop, you have to take part in.', 61, 19.21, '06:51:00', '07:51:00'), (145, 29, 'Compute Workshop', 'Really great workshop, you have to take part in.', 102, 17.29, '22:52:00', '00:22:00'), (146, 29, 'Wednesday Workshop', 'Really great workshop, you have to take part in.', 54, 86.29, '22:20:00', '23:50:00'), (147, 29, 'Sir Workshop', 'Really great workshop, you have to take part in.', 203, 52.33, '17:10:00', '19:10:00'), (148, 29, 'Link Workshop', 'Really great workshop, you have to take part in.', 194, 85.09, '07:05:00', '08:35:00'), (149, 30, 'Rid Workshop', 'Really great workshop, you have to take part in.', 34, 93.15, '01:00:00', '02:30:00'), (150, 30, 'Hour Workshop', 'Really great workshop, you have to take part in.', 112, 83.12, '01:46:00', '03:46:00'), (151, 30, 'Possible Workshop', 'Really great workshop, you have to take part in.', 61, 62.73, '00:46:00', '02:16:00'), (152, 30, 'Fund Workshop', 'Really great workshop, you have to take part in.', 89, 19.95, '10:58:00', '12:58:00'), (153, 30, 'Fine Workshop', 'Really great workshop, you have to take part in.', 89, 48.86, '16:00:00', '17:30:00'), (154, 30, 'Hospital Workshop', 'Really great workshop, you have to take part in.', 58, 17.22, '03:15:00', '04:00:00'), (155, 30, 'Land Workshop', 'Really great workshop, you have to take part in.', 93, 30.76, '02:00:00', '04:00:00'), (156, 30, 'Much Workshop', 'Really great workshop, you have to take part in.', 65, 44.46, '15:01:00', '16:31:00'), (157, 30, 'Too Workshop', 'Really great workshop, you have to take part in.', 60, 16.71, '05:53:00', '07:53:00'), (158, 30, 'Committee Workshop', 'Really great workshop, you have to take part in.', 80, 33.98, '16:56:00', '17:56:00'), (159, 31, 'Wonder Workshop', 'Really great workshop, you have to take part in.', 62, 93.6, '00:38:00', '01:23:00'), (160, 31, 'Private Workshop', 'Really great workshop, you have to take part in.', 64, 37.55, '04:41:00', '06:11:00'), (161, 32, 'State Workshop', 'Really great workshop, you have to take part in.', 331, 37.36, '03:39:00', '05:09:00'), (162, 32, 'Tape Workshop', 'Really great workshop, you have to take part in.', 329, 33.14, '03:30:00', '04:15:00'), (163, 32, 'Nature Workshop', 'Really great workshop, you have to take part in.', 153, 55.51, '10:03:00', '11:03:00'), (164, 32, 'Tape Workshop', 'Really great workshop, you have to take part in.', 177, 65.62, '19:29:00', '20:14:00'), (165, 32, 'Job Workshop', 'Really great workshop, you have to take part in.', 143, 56.71, '15:13:00', '17:13:00'), (166, 32, 'This Workshop', 'Really great workshop, you have to take part in.', 355, 62.41, '04:29:00', '05:14:00'), (167, 32, 'Require Workshop', 'Really great workshop, you have to take part in.', 74, 72.73, '16:15:00', '17:45:00'), (168, 32, 'Wish Workshop', 'Really great workshop, you have to take part in.', 162, 12.34, '00:29:00', '01:29:00'), (169, 32, 'Bad Workshop', 'Really great workshop, you have to take part in.', 385, 38.43, '16:46:00', '17:46:00'), (170, 33, 'Colleague Workshop', 'Really great workshop, you have to take part in.', 208, 18.1, '20:50:00', '22:50:00'), (171, 33, 'Sell Workshop', 'Really great workshop, you have to take part in.', 204, 75.83, '11:03:00', '11:48:00'), (172, 33, 'Evidence Workshop', 'Really great workshop, you have to take part in.', 275, 77.51, '10:31:00', '11:31:00'), (173, 33, 'Street Workshop', 'Really great workshop, you have to take part in.', 85, 29.05, '03:46:00', '05:16:00'), (174, 34, 'Return Workshop', 'Really great workshop, you have to take part in.', 139, 26.89, '21:04:00', '22:34:00'), (175, 34, 'Evidence Workshop', 'Really great workshop, you have to take part in.', 36, 54.01, '06:25:00', '07:10:00'), (176, 34, 'Every Workshop', 'Really great workshop, you have to take part in.', 25, 12.36, '02:32:00', '03:32:00'), (177, 34, 'Morning Workshop', 'Really great workshop, you have to take part in.', 144, 82.62, '08:00:00', '10:00:00'), (178, 34, 'Fun Workshop', 'Really great workshop, you have to take part in.', 157, 15.53, '06:18:00', '08:18:00'), (179, 34, 'Record Workshop', 'Really great workshop, you have to take part in.', 51, 43.08, '20:51:00', '22:21:00'), (180, 34, 'Church Workshop', 'Really great workshop, you have to take part in.', 17, 78.49, '09:13:00', '10:43:00'), (181, 34, 'Community Workshop', 'Really great workshop, you have to take part in.', 39, 40.22, '07:39:00', '09:39:00'), (182, 34, 'Box Workshop', 'Really great workshop, you have to take part in.', 24, 92.92, '18:53:00', '19:53:00'), (183, 34, 'Fortune Workshop', 'Really great workshop, you have to take part in.', 144, 44.78, '05:45:00', '06:45:00'), (184, 35, 'Corner Workshop', 'Really great workshop, you have to take part in.', 487, 96.53, '14:49:00', '15:34:00'), (185, 36, 'Common Workshop', 'Really great workshop, you have to take part in.', 274, 67.12, '06:56:00', '08:26:00'), (186, 36, 'Horse Workshop', 'Really great workshop, you have to take part in.', 206, 61.93, '01:36:00', '02:36:00'), (187, 36, 'Travel Workshop', 'Really great workshop, you have to take part in.', 249, 18.27, '13:13:00', '15:13:00'), (188, 36, 'So Workshop', 'Really great workshop, you have to take part in.', 329, 80.72, '17:38:00', '18:38:00'), (189, 36, 'Act Workshop', 'Really great workshop, you have to take part in.', 135, 52.09, '08:21:00', '09:21:00'), (190, 36, 'Bother Workshop', 'Really great workshop, you have to take part in.', 249, 39.83, '22:47:00', '00:17:00'), (191, 36, 'Farm Workshop', 'Really great workshop, you have to take part in.', 111, 48.76, '22:55:00', '23:55:00'), (192, 36, 'Stupid Workshop', 'Really great workshop, you have to take part in.', 185, 63.62, '21:26:00', '23:26:00'), (193, 36, 'Card Workshop', 'Really great workshop, you have to take part in.', 305, 64.72, '22:45:00', '00:45:00'), (194, 37, 'Story Workshop', 'Really great workshop, you have to take part in.', 167, 78.08, '01:48:00', '03:48:00'), (195, 37, 'Yes Workshop', 'Really great workshop, you have to take part in.', 92, 57.59, '07:10:00', '08:10:00'), (196, 37, 'Film Workshop', 'Really great workshop, you have to take part in.', 401, 93.85, '01:28:00', '02:58:00'), (197, 37, 'Protect Workshop', 'Really great workshop, you have to take part in.', 250, 30.16, '21:43:00', '22:43:00'), (198, 38, 'Date Workshop', 'Really great workshop, you have to take part in.', 106, 78.15, '03:58:00', '05:28:00'), (199, 38, 'Practise Workshop', 'Really great workshop, you have to take part in.', 80, 62.05, '21:25:00', '22:25:00'), (200, 38, 'Score Workshop', 'Really great workshop, you have to take part in.', 13, 23.53, '17:33:00', '18:33:00'), (201, 38, 'Where Workshop', 'Really great workshop, you have to take part in.', 25, 86.5, '10:44:00', '11:29:00'), (202, 38, 'Colour Workshop', 'Really great workshop, you have to take part in.', 84, 24.11, '18:38:00', '19:23:00'), (203, 38, 'Mother Workshop', 'Really great workshop, you have to take part in.', 30, 34.1, '05:28:00', '06:13:00'), (204, 39, 'Sister Workshop', 'Really great workshop, you have to take part in.', 67, 19.11, '05:28:00', '06:13:00'), (205, 39, 'Represent Workshop', 'Really great workshop, you have to take part in.', 72, 13.69, '07:15:00', '08:45:00'), (206, 39, 'Weigh Workshop', 'Really great workshop, you have to take part in.', 48, 62.49, '01:43:00', '02:43:00'), (207, 40, 'Sheet Workshop', 'Really great workshop, you have to take part in.', 222, 39.55, '11:23:00', '12:08:00'), (208, 40, 'Afternoon Workshop', 'Really great workshop, you have to take part in.', 83, 41.82, '11:05:00', '12:35:00'), (209, 40, 'Indeed Workshop', 'Really great workshop, you have to take part in.', 39, 43.72, '20:10:00', '20:55:00'), (210, 40, 'Order Workshop', 'Really great workshop, you have to take part in.', 191, 55.26, '01:03:00', '03:03:00'), (211, 40, 'About Workshop', 'Really great workshop, you have to take part in.', 76, 22.76, '18:20:00', '20:20:00'), (212, 40, 'Page Workshop', 'Really great workshop, you have to take part in.', 198, 10.55, '01:45:00', '02:30:00'), (213, 40, 'By Workshop', 'Really great workshop, you have to take part in.', 141, 67.87, '12:00:00', '12:45:00'), (214, 40, 'Pardon Workshop', 'Really great workshop, you have to take part in.', 94, 96.99, '19:49:00', '20:34:00'), (215, 40, 'Away Workshop', 'Really great workshop, you have to take part in.', 167, 31.68, '12:54:00', '14:54:00'), (216, 40, 'Whether Workshop', 'Really great workshop, you have to take part in.', 170, 79.07, '02:02:00', '02:47:00'), (217, 41, 'Special Workshop', 'Really great workshop, you have to take part in.', 287, 64.52, '10:17:00', '11:47:00'), (218, 41, 'Bad Workshop', 'Really great workshop, you have to take part in.', 146, 96.4, '10:40:00', '11:25:00'), (219, 41, 'America Workshop', 'Really great workshop, you have to take part in.', 238, 49.21, '09:14:00', '10:44:00'), (220, 41, 'Eleven Workshop', 'Really great workshop, you have to take part in.', 20, 72.9, '06:54:00', '08:24:00'), (221, 41, 'Agree Workshop', 'Really great workshop, you have to take part in.', 283, 38.06, '08:58:00', '09:58:00'), (222, 41, 'Understand Workshop', 'Really great workshop, you have to take part in.', 107, 88.83, '18:10:00', '18:55:00'), (223, 41, 'Create Workshop', 'Really great workshop, you have to take part in.', 327, 26.43, '01:50:00', '02:50:00'), (224, 41, 'Sort Workshop', 'Really great workshop, you have to take part in.', 260, 70.83, '13:40:00', '14:25:00'), (225, 43, 'Brother Workshop', 'Really great workshop, you have to take part in.', 108, 13.97, '22:24:00', '23:09:00'), (226, 43, 'Family Workshop', 'Really great workshop, you have to take part in.', 136, 84.83, '14:18:00', '15:18:00'), (227, 43, 'Point Workshop', 'Really great workshop, you have to take part in.', 11, 12.22, '22:47:00', '23:47:00'), (228, 43, 'Follow Workshop', 'Really great workshop, you have to take part in.', 32, 43.97, '18:40:00', '19:25:00'), (229, 43, 'Straight Workshop', 'Really great workshop, you have to take part in.', 111, 27.12, '22:15:00', '23:45:00'), (230, 44, 'Charge Workshop', 'Really great workshop, you have to take part in.', 113, 51.55, '08:33:00', '10:33:00'), (231, 44, 'Tie Workshop', 'Really great workshop, you have to take part in.', 245, 89.55, '19:33:00', '21:03:00'), (232, 44, 'Particular Workshop', 'Really great workshop, you have to take part in.', 241, 80.68, '20:35:00', '22:35:00'), (233, 44, 'Debate Workshop', 'Really great workshop, you have to take part in.', 191, 99.54, '01:03:00', '01:48:00'), (234, 44, 'Choose Workshop', 'Really great workshop, you have to take part in.', 74, 13.0, '16:01:00', '18:01:00'), (235, 45, 'Chairman Workshop', 'Really great workshop, you have to take part in.', 301, 80.4, '22:26:00', '23:26:00'), (236, 45, 'Trade Workshop', 'Really great workshop, you have to take part in.', 298, 54.37, '00:04:00', '00:49:00'), (237, 45, 'Meet Workshop', 'Really great workshop, you have to take part in.', 85, 28.78, '17:28:00', '18:28:00'), (238, 45, 'Okay Workshop', 'Really great workshop, you have to take part in.', 72, 63.27, '14:55:00', '16:55:00'), (239, 45, 'Clothe Workshop', 'Really great workshop, you have to take part in.', 292, 19.68, '10:00:00', '11:30:00'), (240, 45, 'Suggest Workshop', 'Really great workshop, you have to take part in.', 295, 26.68, '07:11:00', '09:11:00'), (241, 45, 'Fortune Workshop', 'Really great workshop, you have to take part in.', 77, 82.78, '01:51:00', '02:36:00'), (242, 45, 'Though Workshop', 'Really great workshop, you have to take part in.', 19, 17.27, '07:18:00', '08:03:00'), (243, 45, 'Occasion Workshop', 'Really great workshop, you have to take part in.', 137, 66.1, '15:41:00', '17:11:00'), (244, 46, 'Honest Workshop', 'Really great workshop, you have to take part in.', 82, 50.78, '04:29:00', '05:14:00'), (245, 46, 'Tax Workshop', 'Really great workshop, you have to take part in.', 88, 45.17, '01:16:00', '02:46:00'), (246, 46, 'Pair Workshop', 'Really great workshop, you have to take part in.', 130, 30.93, '02:15:00', '03:45:00'), (247, 46, 'New Workshop', 'Really great workshop, you have to take part in.', 156, 75.04, '11:46:00', '12:31:00'), (248, 46, 'People Workshop', 'Really great workshop, you have to take part in.', 128, 85.91, '06:22:00', '07:07:00'), (249, 49, 'Low Workshop', 'Really great workshop, you have to take part in.', 42, 50.34, '02:29:00', '03:59:00'), (250, 49, 'Language Workshop', 'Really great workshop, you have to take part in.', 128, 49.82, '19:05:00', '20:05:00'), (251, 50, 'Class Workshop', 'Really great workshop, you have to take part in.', 198, 68.31, '21:21:00', '22:06:00'), (252, 50, 'Read Workshop', 'Really great workshop, you have to take part in.', 360, 58.64, '03:24:00', '04:09:00'), (253, 50, 'Aware Workshop', 'Really great workshop, you have to take part in.', 40, 10.14, '14:36:00', '15:36:00'), (254, 50, 'Catch Workshop', 'Really great workshop, you have to take part in.', 329, 99.85, '17:25:00', '18:10:00'), (255, 53, 'Hell Workshop', 'Really great workshop, you have to take part in.', 39, 81.13, '17:43:00', '18:43:00'), (256, 53, 'Invest Workshop', 'Really great workshop, you have to take part in.', 145, 57.25, '09:57:00', '11:57:00'), (257, 54, 'Middle Workshop', 'Really great workshop, you have to take part in.', 166, 14.84, '18:09:00', '19:39:00'), (258, 54, 'Deal Workshop', 'Really great workshop, you have to take part in.', 178, 68.17, '06:57:00', '08:27:00'), (259, 54, 'Spend Workshop', 'Really great workshop, you have to take part in.', 226, 39.85, '21:57:00', '22:42:00'), (260, 54, 'Job Workshop', 'Really great workshop, you have to take part in.', 55, 43.35, '13:15:00', '15:15:00'), (261, 54, 'Alright Workshop', 'Really great workshop, you have to take part in.', 199, 73.05, '03:17:00', '04:47:00'), (262, 54, 'Affect Workshop', 'Really great workshop, you have to take part in.', 113, 44.73, '01:50:00', '02:35:00'), (263, 54, 'Else Workshop', 'Really great workshop, you have to take part in.', 145, 93.63, '20:12:00', '21:12:00'), (264, 55, 'Britain Workshop', 'Really great workshop, you have to take part in.', 168, 41.04, '22:57:00', '23:42:00'), (265, 56, 'Represent Workshop', 'Really great workshop, you have to take part in.', 107, 83.2, '20:33:00', '21:33:00'), (266, 56, 'Character Workshop', 'Really great workshop, you have to take part in.', 33, 92.92, '01:44:00', '02:29:00'), (267, 56, 'Page Workshop', 'Really great workshop, you have to take part in.', 41, 99.7, '18:11:00', '18:56:00'), (268, 56, 'Fly Workshop', 'Really great workshop, you have to take part in.', 73, 87.09, '15:03:00', '16:03:00'), (269, 56, 'New Workshop', 'Really great workshop, you have to take part in.', 51, 18.22, '06:48:00', '08:48:00'), (270, 57, 'File Workshop', 'Really great workshop, you have to take part in.', 333, 19.88, '15:07:00', '16:07:00'), (271, 59, 'Bear Workshop', 'Really great workshop, you have to take part in.', 94, 30.44, '20:08:00', '21:08:00'), (272, 59, 'Value Workshop', 'Really great workshop, you have to take part in.', 18, 77.85, '23:12:00', '23:57:00'), (273, 59, 'Past Workshop', 'Really great workshop, you have to take part in.', 42, 39.83, '05:11:00', '06:41:00'), (274, 59, 'Test Workshop', 'Really great workshop, you have to take part in.', 38, 91.03, '18:15:00', '19:45:00'), (275, 59, 'Thank Workshop', 'Really great workshop, you have to take part in.', 102, 69.73, '12:25:00', '13:10:00'), (276, 59, 'Birth Workshop', 'Really great workshop, you have to take part in.', 137, 58.22, '12:04:00', '13:04:00'), (277, 59, 'Item Workshop', 'Really great workshop, you have to take part in.', 46, 81.54, '02:25:00', '03:25:00'), (278, 59, 'Last Workshop', 'Really great workshop, you have to take part in.', 59, 58.68, '05:43:00', '07:43:00'), (279, 59, 'Turn Workshop', 'Really great workshop, you have to take part in.', 63, 68.54, '18:10:00', '20:10:00'), (280, 60, 'Minister Workshop', 'Really great workshop, you have to take part in.', 263, 21.99, '18:30:00', '20:30:00'), (281, 60, 'Couple Workshop', 'Really great workshop, you have to take part in.', 11, 66.04, '17:20:00', '18:05:00'), (282, 60, 'Ask Workshop', 'Really great workshop, you have to take part in.', 131, 62.53, '11:48:00', '13:18:00'), (283, 60, 'Knock Workshop', 'Really great workshop, you have to take part in.', 131, 71.41, '09:24:00', '10:54:00'), (284, 60, 'Usual Workshop', 'Really great workshop, you have to take part in.', 166, 59.05, '15:38:00', '16:38:00'), (285, 61, 'Mile Workshop', 'Really great workshop, you have to take part in.', 106, 16.39, '04:25:00', '05:10:00'), (286, 61, 'Thirty Workshop', 'Really great workshop, you have to take part in.', 15, 33.66, '04:25:00', '05:25:00'), (287, 61, 'None Workshop', 'Really great workshop, you have to take part in.', 209, 44.81, '07:22:00', '08:07:00'), (288, 62, 'Cover Workshop', 'Really great workshop, you have to take part in.', 30, 94.45, '05:11:00', '07:11:00'), (289, 62, 'Comment Workshop', 'Really great workshop, you have to take part in.', 78, 82.41, '10:27:00', '11:12:00'), (290, 62, 'Wage Workshop', 'Really great workshop, you have to take part in.', 209, 91.86, '14:39:00', '15:39:00'), (291, 62, 'Public Workshop', 'Really great workshop, you have to take part in.', 70, 84.15, '13:22:00', '15:22:00'), (292, 62, 'Begin Workshop', 'Really great workshop, you have to take part in.', 59, 70.51, '13:11:00', '14:41:00'), (293, 62, 'Thirty Workshop', 'Really great workshop, you have to take part in.', 31, 24.38, '22:45:00', '00:45:00'), (294, 62, 'Common Workshop', 'Really great workshop, you have to take part in.', 31, 11.7, '02:42:00', '03:27:00'), (295, 63, 'Exact Workshop', 'Really great workshop, you have to take part in.', 35, 23.29, '20:02:00', '21:32:00'), (296, 63, 'Receive Workshop', 'Really great workshop, you have to take part in.', 114, 22.55, '09:00:00', '11:00:00'), (297, 64, 'Colleague Workshop', 'Really great workshop, you have to take part in.', 65, 28.18, '21:06:00', '22:06:00'), (298, 64, 'Number Workshop', 'Really great workshop, you have to take part in.', 288, 43.68, '06:33:00', '08:33:00'), (299, 64, 'Secure Workshop', 'Really great workshop, you have to take part in.', 256, 98.66, '05:41:00', '07:11:00'), (300, 64, 'Please Workshop', 'Really great workshop, you have to take part in.', 241, 35.33, '01:36:00', '03:06:00'), (301, 64, 'Budget Workshop', 'Really great workshop, you have to take part in.', 253, 17.35, '15:51:00', '16:51:00'), (302, 64, 'Brilliant Workshop', 'Really great workshop, you have to take part in.', 198, 35.7, '16:25:00', '17:55:00'), (303, 65, 'Just Workshop', 'Really great workshop, you have to take part in.', 119, 40.68, '09:49:00', '10:49:00'), (304, 65, 'Throw Workshop', 'Really great workshop, you have to take part in.', 56, 45.59, '15:00:00', '16:30:00'), (305, 65, 'Special Workshop', 'Really great workshop, you have to take part in.', 37, 15.94, '18:31:00', '20:01:00'), (306, 65, 'Floor Workshop', 'Really great workshop, you have to take part in.', 104, 49.08, '08:44:00', '09:44:00'), (307, 66, 'Body Workshop', 'Really great workshop, you have to take part in.', 25, 84.39, '06:54:00', '08:24:00'), (308, 66, 'Express Workshop', 'Really great workshop, you have to take part in.', 204, 36.11, '15:25:00', '16:25:00'), (309, 66, 'Instead Workshop', 'Really great workshop, you have to take part in.', 58, 82.4, '03:02:00', '04:02:00'), (310, 66, 'Blood Workshop', 'Really great workshop, you have to take part in.', 102, 27.46, '11:15:00', '12:00:00'), (311, 66, 'Sheet Workshop', 'Really great workshop, you have to take part in.', 190, 48.61, '22:01:00', '22:46:00'), (312, 66, 'When Workshop', 'Really great workshop, you have to take part in.', 69, 41.3, '11:04:00', '12:34:00'), (313, 67, 'Break Workshop', 'Really great workshop, you have to take part in.', 288, 69.03, '18:42:00', '20:42:00'), (314, 67, 'Trouble Workshop', 'Really great workshop, you have to take part in.', 258, 87.16, '11:00:00', '13:00:00'), (315, 67, 'This Workshop', 'Really great workshop, you have to take part in.', 94, 13.66, '08:16:00', '09:01:00'), (316, 67, 'Authority Workshop', 'Really great workshop, you have to take part in.', 295, 97.75, '17:55:00', '19:55:00'), (317, 67, 'Wee Workshop', 'Really great workshop, you have to take part in.', 317, 35.11, '05:05:00', '06:35:00'), (318, 67, 'Cook Workshop', 'Really great workshop, you have to take part in.', 163, 89.27, '01:07:00', '02:07:00'), (319, 67, 'Town Workshop', 'Really great workshop, you have to take part in.', 112, 19.33, '08:17:00', '09:47:00'), (320, 68, 'Seven Workshop', 'Really great workshop, you have to take part in.', 48, 76.39, '10:22:00', '12:22:00'), (321, 68, 'At Workshop', 'Really great workshop, you have to take part in.', 70, 40.51, '20:32:00', '21:32:00'), (322, 68, 'Particular Workshop', 'Really great workshop, you have to take part in.', 39, 28.7, '14:20:00', '15:50:00'), (323, 68, 'Need Workshop', 'Really great workshop, you have to take part in.', 30, 60.54, '21:32:00', '22:17:00'), (324, 68, 'Agree Workshop', 'Really great workshop, you have to take part in.', 16, 54.59, '01:32:00', '02:32:00'), (325, 68, 'Start Workshop', 'Really great workshop, you have to take part in.', 30, 95.02, '10:58:00', '11:58:00'), (326, 68, 'Wear Workshop', 'Really great workshop, you have to take part in.', 24, 57.44, '19:32:00', '20:17:00'), (327, 68, 'Name Workshop', 'Really great workshop, you have to take part in.', 68, 26.09, '09:48:00', '10:48:00'), (328, 68, 'Tea Workshop', 'Really great workshop, you have to take part in.', 33, 64.55, '01:19:00', '02:19:00'), (329, 68, 'Tree Workshop', 'Really great workshop, you have to take part in.', 96, 72.26, '12:24:00', '13:54:00'), (330, 69, 'Very Workshop', 'Really great workshop, you have to take part in.', 81, 77.68, '13:06:00', '15:06:00'), (331, 69, 'Happy Workshop', 'Really great workshop, you have to take part in.', 143, 31.91, '22:26:00', '00:26:00'), (332, 69, 'Fill Workshop', 'Really great workshop, you have to take part in.', 77, 16.26, '08:03:00', '08:48:00'), (333, 69, 'Wrong Workshop', 'Really great workshop, you have to take part in.', 130, 66.08, '16:30:00', '17:15:00'), (334, 69, 'Well Workshop', 'Really great workshop, you have to take part in.', 90, 91.61, '05:38:00', '07:38:00'), (335, 69, 'Seem Workshop', 'Really great workshop, you have to take part in.', 138, 53.67, '09:19:00', '10:19:00'), (336, 69, 'Decide Workshop', 'Really great workshop, you have to take part in.', 64, 69.2, '05:51:00', '06:51:00'), (337, 69, 'Goodbye Workshop', 'Really great workshop, you have to take part in.', 68, 75.67, '16:43:00', '17:43:00'), (338, 69, 'List Workshop', 'Really great workshop, you have to take part in.', 156, 80.59, '19:22:00', '21:22:00'), (339, 69, 'Dinner Workshop', 'Really great workshop, you have to take part in.', 127, 40.82, '03:52:00', '05:52:00'), (340, 70, 'Minus Workshop', 'Really great workshop, you have to take part in.', 161, 87.98, '15:54:00', '16:54:00'), (341, 70, 'Man Workshop', 'Really great workshop, you have to take part in.', 222, 84.79, '08:30:00', '10:00:00'), (342, 70, 'Detail Workshop', 'Really great workshop, you have to take part in.', 105, 55.11, '17:09:00', '19:09:00'), (343, 70, 'Run Workshop', 'Really great workshop, you have to take part in.', 135, 27.97, '07:32:00', '08:32:00'), (344, 70, 'Develop Workshop', 'Really great workshop, you have to take part in.', 164, 59.11, '06:09:00', '07:09:00'), (345, 70, 'Item Workshop', 'Really great workshop, you have to take part in.', 54, 16.26, '05:08:00', '05:53:00'), (346, 70, 'Offer Workshop', 'Really great workshop, you have to take part in.', 49, 93.91, '01:58:00', '02:43:00'), (347, 70, 'Specific Workshop', 'Really great workshop, you have to take part in.', 173, 48.02, '01:13:00', '03:13:00'), (348, 70, 'Stage Workshop', 'Really great workshop, you have to take part in.', 100, 78.33, '02:51:00', '04:51:00'), (349, 71, 'Function Workshop', 'Really great workshop, you have to take part in.', 230, 96.38, '13:30:00', '15:30:00'), (350, 71, 'Near Workshop', 'Really great workshop, you have to take part in.', 149, 42.43, '20:40:00', '21:40:00'), (351, 71, 'Drop Workshop', 'Really great workshop, you have to take part in.', 64, 76.65, '21:47:00', '23:17:00'), (352, 71, 'Confer Workshop', 'Really great workshop, you have to take part in.', 168, 70.53, '09:08:00', '10:38:00'), (353, 71, 'Result Workshop', 'Really great workshop, you have to take part in.', 151, 73.05, '09:29:00', '11:29:00'), (354, 71, 'Glass Workshop', 'Really great workshop, you have to take part in.', 32, 94.98, '12:02:00', '14:02:00'), (355, 71, 'Propose Workshop', 'Really great workshop, you have to take part in.', 223, 90.17, '21:02:00', '21:47:00'), (356, 71, 'Normal Workshop', 'Really great workshop, you have to take part in.', 102, 70.64, '02:34:00', '04:04:00'), (357, 71, 'Enough Workshop', 'Really great workshop, you have to take part in.', 137, 78.92, '17:09:00', '18:39:00'), (358, 72, 'Succeed Workshop', 'Really great workshop, you have to take part in.', 42, 18.98, '19:03:00', '20:03:00'), (359, 72, 'Until Workshop', 'Really great workshop, you have to take part in.', 157, 51.37, '13:55:00', '14:55:00'), (360, 72, 'Admit Workshop', 'Really great workshop, you have to take part in.', 257, 65.04, '08:42:00', '09:42:00'), (361, 72, 'Card Workshop', 'Really great workshop, you have to take part in.', 195, 91.8, '09:25:00', '10:55:00'), (362, 72, 'Birth Workshop', 'Really great workshop, you have to take part in.', 241, 75.91, '13:16:00', '14:16:00'), (363, 73, 'Forward Workshop', 'Really great workshop, you have to take part in.', 56, 16.76, '16:10:00', '17:10:00'), (364, 73, 'Pull Workshop', 'Really great workshop, you have to take part in.', 254, 40.9, '21:41:00', '23:41:00'), (365, 73, 'All Workshop', 'Really great workshop, you have to take part in.', 219, 60.65, '00:13:00', '00:58:00'), (366, 73, 'Design Workshop', 'Really great workshop, you have to take part in.', 147, 22.46, '09:29:00', '10:59:00'), (367, 73, 'Degree Workshop', 'Really great workshop, you have to take part in.', 291, 37.89, '18:22:00', '19:22:00'), (368, 73, 'Effect Workshop', 'Really great workshop, you have to take part in.', 38, 69.36, '15:27:00', '16:57:00'), (369, 73, 'Future Workshop', 'Really great workshop, you have to take part in.', 390, 77.35, '23:11:00', '00:11:00'), (370, 73, 'Whether Workshop', 'Really great workshop, you have to take part in.', 126, 79.42, '12:19:00', '14:19:00'), (371, 74, 'Example Workshop', 'Really great workshop, you have to take part in.', 131, 49.48, '14:41:00', '16:11:00'), (372, 74, 'Price Workshop', 'Really great workshop, you have to take part in.', 73, 15.01, '10:17:00', '12:17:00'), (373, 74, 'Lay Workshop', 'Really great workshop, you have to take part in.', 97, 45.58, '16:08:00', '18:08:00'), (374, 74, 'Equal Workshop', 'Really great workshop, you have to take part in.', 194, 93.54, '07:09:00', '08:39:00'), (375, 75, 'Stop Workshop', 'Really great workshop, you have to take part in.', 41, 24.35, '19:18:00', '20:48:00'), (376, 75, 'As Workshop', 'Really great workshop, you have to take part in.', 44, 58.63, '05:51:00', '06:51:00'), (377, 75, 'Nine Workshop', 'Really great workshop, you have to take part in.', 166, 75.61, '08:14:00', '09:44:00'), (378, 75, 'Support Workshop', 'Really great workshop, you have to take part in.', 102, 27.22, '23:48:00', '00:48:00'), (379, 76, 'Brother Workshop', 'Really great workshop, you have to take part in.', 218, 72.45, '13:21:00', '14:51:00'), (380, 76, 'Every Workshop', 'Really great workshop, you have to take part in.', 240, 18.35, '10:09:00', '11:09:00'), (381, 76, 'Receive Workshop', 'Really great workshop, you have to take part in.', 203, 42.59, '06:44:00', '07:29:00'), (382, 76, 'Heat Workshop', 'Really great workshop, you have to take part in.', 233, 54.45, '01:54:00', '02:39:00'), (383, 76, 'Money Workshop', 'Really great workshop, you have to take part in.', 36, 84.51, '12:21:00', '13:21:00'), (384, 77, 'End Workshop', 'Really great workshop, you have to take part in.', 132, 99.37, '22:06:00', '23:06:00'), (385, 77, 'Affect Workshop', 'Really great workshop, you have to take part in.', 42, 23.0, '16:44:00', '18:14:00'), (386, 77, 'Identify Workshop', 'Really great workshop, you have to take part in.', 15, 92.0, '17:12:00', '18:42:00'), (387, 77, 'Worth Workshop', 'Really great workshop, you have to take part in.', 197, 63.89, '20:06:00', '22:06:00'), (388, 77, 'He Workshop', 'Really great workshop, you have to take part in.', 185, 14.21, '14:03:00', '15:03:00'), (389, 77, 'Difference Workshop', 'Really great workshop, you have to take part in.', 242, 76.31, '21:32:00', '23:32:00'), (390, 77, 'Sick Workshop', 'Really great workshop, you have to take part in.', 460, 65.61, '19:47:00', '21:17:00'), (391, 77, 'Press Workshop', 'Really great workshop, you have to take part in.', 111, 48.11, '07:20:00', '08:50:00'), (392, 77, 'Live Workshop', 'Really great workshop, you have to take part in.', 388, 54.87, '02:12:00', '02:57:00'), (393, 78, 'Evidence Workshop', 'Really great workshop, you have to take part in.', 330, 82.49, '22:03:00', '23:03:00'), (394, 78, 'Rise Workshop', 'Really great workshop, you have to take part in.', 316, 24.97, '15:14:00', '15:59:00'), (395, 78, 'Spell Workshop', 'Really great workshop, you have to take part in.', 314, 65.47, '12:01:00', '14:01:00'), (396, 78, 'Total Workshop', 'Really great workshop, you have to take part in.', 114, 83.79, '18:13:00', '20:13:00'), (397, 79, 'Rid Workshop', 'Really great workshop, you have to take part in.', 60, 46.68, '15:15:00', '17:15:00'), (398, 79, 'Income Workshop', 'Really great workshop, you have to take part in.', 171, 50.27, '02:42:00', '03:27:00'), (399, 79, 'Kind Workshop', 'Really great workshop, you have to take part in.', 263, 22.02, '06:22:00', '07:52:00'), (400, 79, 'Fight Workshop', 'Really great workshop, you have to take part in.', 270, 17.65, '17:48:00', '19:48:00'), (401, 79, 'Park Workshop', 'Really great workshop, you have to take part in.', 64, 89.18, '11:05:00', '12:35:00'), (402, 79, 'Percent Workshop', 'Really great workshop, you have to take part in.', 86, 43.78, '07:58:00', '08:58:00'), (403, 79, 'Head Workshop', 'Really great workshop, you have to take part in.', 158, 54.09, '02:32:00', '04:32:00'), (404, 79, 'High Workshop', 'Really great workshop, you have to take part in.', 164, 94.52, '02:55:00', '03:40:00'), (405, 79, 'Stuff Workshop', 'Really great workshop, you have to take part in.', 218, 86.45, '01:43:00', '02:28:00'), (406, 80, 'Picture Workshop', 'Really great workshop, you have to take part in.', 145, 13.15, '13:45:00', '15:45:00'), (407, 80, 'Sir Workshop', 'Really great workshop, you have to take part in.', 104, 71.59, '03:46:00', '04:46:00'), (408, 80, 'Exercise Workshop', 'Really great workshop, you have to take part in.', 258, 67.25, '02:50:00', '03:35:00'), (409, 80, 'Around Workshop', 'Really great workshop, you have to take part in.', 139, 47.61, '16:30:00', '18:00:00'), (410, 80, 'Document Workshop', 'Really great workshop, you have to take part in.', 18, 17.79, '08:55:00', '09:40:00'), (411, 81, 'File Workshop', 'Really great workshop, you have to take part in.', 303, 18.37, '14:10:00', '15:10:00'), (412, 81, 'Affect Workshop', 'Really great workshop, you have to take part in.', 339, 30.24, '04:36:00', '05:21:00'), (413, 81, 'Time Workshop', 'Really great workshop, you have to take part in.', 339, 17.88, '22:16:00', '23:01:00'), (414, 81, 'Inform Workshop', 'Really great workshop, you have to take part in.', 152, 68.84, '10:08:00', '11:38:00'), (415, 82, 'Girl Workshop', 'Really great workshop, you have to take part in.', 92, 10.08, '16:45:00', '17:30:00'), (416, 82, 'Life Workshop', 'Really great workshop, you have to take part in.', 89, 72.25, '10:13:00', '11:13:00'), (417, 82, 'Sudden Workshop', 'Really great workshop, you have to take part in.', 110, 68.88, '11:42:00', '12:42:00'), (418, 82, 'Make Workshop', 'Really great workshop, you have to take part in.', 33, 38.18, '12:11:00', '13:41:00'), (419, 82, 'Line Workshop', 'Really great workshop, you have to take part in.', 101, 91.66, '21:55:00', '22:55:00'), (420, 82, 'Will Workshop', 'Really great workshop, you have to take part in.', 49, 76.41, '01:26:00', '02:26:00'), (421, 82, 'Rid Workshop', 'Really great workshop, you have to take part in.', 76, 20.81, '15:16:00', '16:46:00'), (422, 83, 'News Workshop', 'Really great workshop, you have to take part in.', 104, 50.3, '11:29:00', '12:59:00'), (423, 83, 'Strategy Workshop', 'Really great workshop, you have to take part in.', 42, 67.21, '15:52:00', '17:52:00'), (424, 83, 'Wish Workshop', 'Really great workshop, you have to take part in.', 119, 69.17, '07:21:00', '09:21:00'), (425, 84, 'Refer Workshop', 'Really great workshop, you have to take part in.', 187, 25.44, '17:52:00', '18:52:00'), (426, 84, 'Half Workshop', 'Really great workshop, you have to take part in.', 44, 52.68, '21:12:00', '22:42:00'), (427, 84, 'Help Workshop', 'Really great workshop, you have to take part in.', 266, 71.4, '15:41:00', '17:41:00'), (428, 84, 'Friday Workshop', 'Really great workshop, you have to take part in.', 130, 19.2, '22:21:00', '00:21:00'), (429, 84, 'Scheme Workshop', 'Really great workshop, you have to take part in.', 162, 42.88, '03:24:00', '05:24:00'), (430, 84, 'Park Workshop', 'Really great workshop, you have to take part in.', 45, 44.47, '14:40:00', '15:25:00'), (431, 84, 'Film Workshop', 'Really great workshop, you have to take part in.', 37, 55.42, '21:45:00', '23:45:00'), (432, 85, 'End Workshop', 'Really great workshop, you have to take part in.', 344, 40.98, '11:09:00', '11:54:00'), (433, 85, 'New Workshop', 'Really great workshop, you have to take part in.', 273, 90.05, '04:48:00', '05:33:00'), (434, 85, 'No Workshop', 'Really great workshop, you have to take part in.', 34, 87.52, '23:51:00', '01:51:00'), (435, 86, 'Pretty Workshop', 'Really great workshop, you have to take part in.', 257, 77.55, '14:03:00', '16:03:00'), (436, 86, 'Break Workshop', 'Really great workshop, you have to take part in.', 70, 87.54, '06:26:00', '07:56:00'), (437, 86, 'Fight Workshop', 'Really great workshop, you have to take part in.', 221, 51.9, '07:31:00', '09:31:00'), (438, 86, 'To Workshop', 'Really great workshop, you have to take part in.', 355, 93.97, '14:34:00', '15:19:00'), (439, 86, 'Labour Workshop', 'Really great workshop, you have to take part in.', 217, 40.23, '19:20:00', '20:05:00'), (440, 86, 'State Workshop', 'Really great workshop, you have to take part in.', 364, 19.16, '20:43:00', '22:13:00'), (441, 86, 'Allow Workshop', 'Really great workshop, you have to take part in.', 239, 66.22, '20:18:00', '21:48:00'), (442, 86, 'Count Workshop', 'Really great workshop, you have to take part in.', 383, 57.44, '00:45:00', '02:45:00'), (443, 88, 'Stand Workshop', 'Really great workshop, you have to take part in.', 37, 66.6, '15:04:00', '16:04:00'), (444, 88, 'Fish Workshop', 'Really great workshop, you have to take part in.', 15, 43.18, '22:05:00', '23:05:00'), (445, 89, 'Offer Workshop', 'Really great workshop, you have to take part in.', 320, 98.19, '09:50:00', '11:20:00'), (446, 89, 'Of Workshop', 'Really great workshop, you have to take part in.', 94, 61.56, '09:24:00', '10:54:00'), (447, 89, 'Few Workshop', 'Really great workshop, you have to take part in.', 186, 45.15, '03:32:00', '04:17:00'), (448, 89, 'Matter Workshop', 'Really great workshop, you have to take part in.', 84, 65.42, '02:29:00', '03:14:00'), (449, 89, 'More Workshop', 'Really great workshop, you have to take part in.', 73, 70.25, '19:21:00', '20:21:00'), (450, 90, 'Ever Workshop', 'Really great workshop, you have to take part in.', 423, 34.72, '09:40:00', '10:25:00'), (451, 91, 'France Workshop', 'Really great workshop, you have to take part in.', 12, 82.07, '12:32:00', '14:32:00'), (452, 92, 'South Workshop', 'Really great workshop, you have to take part in.', 90, 55.22, '05:01:00', '05:46:00'), (453, 92, 'Line Workshop', 'Really great workshop, you have to take part in.', 96, 52.46, '16:49:00', '18:49:00'), (454, 93, 'King Workshop', 'Really great workshop, you have to take part in.', 86, 94.23, '03:06:00', '04:06:00'), (455, 93, 'Scotland Workshop', 'Really great workshop, you have to take part in.', 165, 79.2, '01:25:00', '03:25:00'), (456, 93, 'Equal Workshop', 'Really great workshop, you have to take part in.', 182, 70.99, '10:53:00', '11:53:00'), (457, 93, 'History Workshop', 'Really great workshop, you have to take part in.', 68, 36.89, '18:27:00', '20:27:00'), (458, 93, 'Eye Workshop', 'Really great workshop, you have to take part in.', 245, 54.62, '17:47:00', '19:47:00'), (459, 93, 'Problem Workshop', 'Really great workshop, you have to take part in.', 67, 73.76, '18:12:00', '19:42:00'), (460, 93, 'Left Workshop', 'Really great workshop, you have to take part in.', 214, 57.93, '02:51:00', '04:51:00'), (461, 94, 'Easy Workshop', 'Really great workshop, you have to take part in.', 13, 90.8, '14:47:00', '16:17:00'), (462, 94, 'Twenty Workshop', 'Really great workshop, you have to take part in.', 145, 85.68, '06:24:00', '07:54:00'), (463, 94, 'Condition Workshop', 'Really great workshop, you have to take part in.', 159, 79.58, '02:39:00', '03:39:00'), (464, 94, 'Sleep Workshop', 'Really great workshop, you have to take part in.', 253, 78.54, '10:12:00', '11:12:00'), (465, 94, 'Office Workshop', 'Really great workshop, you have to take part in.', 95, 69.44, '14:12:00', '16:12:00'), (466, 94, 'Probable Workshop', 'Really great workshop, you have to take part in.', 16, 66.73, '04:32:00', '05:32:00'), (467, 94, 'Table Workshop', 'Really great workshop, you have to take part in.', 71, 94.17, '05:54:00', '06:54:00'), (468, 94, 'Control Workshop', 'Really great workshop, you have to take part in.', 187, 48.22, '11:50:00', '13:50:00'), (469, 94, 'Student Workshop', 'Really great workshop, you have to take part in.', 101, 63.9, '07:01:00', '08:01:00'), (470, 95, 'Exact Workshop', 'Really great workshop, you have to take part in.', 378, 72.41, '17:11:00', '17:56:00'), (471, 95, 'Together Workshop', 'Really great workshop, you have to take part in.', 377, 89.71, '21:21:00', '23:21:00'), (472, 95, 'Quid Workshop', 'Really great workshop, you have to take part in.', 335, 43.65, '13:28:00', '15:28:00'), (473, 95, 'Appoint Workshop', 'Really great workshop, you have to take part in.', 303, 22.7, '17:07:00', '18:37:00'), (474, 95, 'Electric Workshop', 'Really great workshop, you have to take part in.', 153, 44.64, '20:26:00', '21:56:00'), (475, 95, 'There Workshop', 'Really great workshop, you have to take part in.', 18, 39.73, '20:38:00', '22:08:00'), (476, 95, 'File Workshop', 'Really great workshop, you have to take part in.', 10, 30.13, '22:02:00', '23:32:00'), (477, 96, 'Realise Workshop', 'Really great workshop, you have to take part in.', 150, 77.58, '10:21:00', '12:21:00'), (478, 96, 'Important Workshop', 'Really great workshop, you have to take part in.', 24, 11.29, '22:30:00', '23:30:00'), (479, 96, 'Year Workshop', 'Really great workshop, you have to take part in.', 318, 77.94, '02:56:00', '04:56:00'), (480, 97, 'Give Workshop', 'Really great workshop, you have to take part in.', 14, 97.68, '18:23:00', '19:08:00'), (481, 97, 'Round Workshop', 'Really great workshop, you have to take part in.', 239, 81.3, '16:30:00', '17:15:00'), (482, 97, 'Art Workshop', 'Really great workshop, you have to take part in.', 204, 95.3, '23:09:00', '23:54:00'), (483, 97, 'Or Workshop', 'Really great workshop, you have to take part in.', 291, 75.76, '07:04:00', '08:04:00'), (484, 97, 'Be Workshop', 'Really great workshop, you have to take part in.', 222, 84.2, '21:57:00', '23:57:00'), (485, 97, 'Compare Workshop', 'Really great workshop, you have to take part in.', 110, 84.25, '00:46:00', '01:31:00'), (486, 98, 'Period Workshop', 'Really great workshop, you have to take part in.', 264, 46.42, '00:12:00', '00:57:00'), (487, 98, 'Flat Workshop', 'Really great workshop, you have to take part in.', 97, 33.17, '20:09:00', '21:09:00'), (488, 98, 'Green Workshop', 'Really great workshop, you have to take part in.', 206, 53.6, '20:04:00', '20:49:00'), (489, 98, 'Time Workshop', 'Really great workshop, you have to take part in.', 251, 43.02, '23:47:00', '01:47:00'), (490, 98, 'Fish Workshop', 'Really great workshop, you have to take part in.', 291, 77.58, '20:19:00', '21:04:00'), (491, 98, 'Visit Workshop', 'Really great workshop, you have to take part in.', 209, 86.6, '20:34:00', '21:34:00'), (492, 98, 'Unite Workshop', 'Really great workshop, you have to take part in.', 218, 52.83, '21:50:00', '22:35:00'), (493, 98, 'Arm Workshop', 'Really great workshop, you have to take part in.', 226, 54.12, '05:37:00', '07:37:00'), (494, 98, 'Interest Workshop', 'Really great workshop, you have to take part in.', 168, 91.88, '16:37:00', '17:22:00'), (495, 99, 'Station Workshop', 'Really great workshop, you have to take part in.', 214, 54.01, '19:38:00', '20:38:00'), (496, 99, 'Research Workshop', 'Really great workshop, you have to take part in.', 242, 39.81, '03:19:00', '04:04:00'), (497, 99, 'Hit Workshop', 'Really great workshop, you have to take part in.', 244, 67.45, '10:03:00', '10:48:00'), (498, 99, 'Million Workshop', 'Really great workshop, you have to take part in.', 16, 92.77, '05:41:00', '07:41:00'), (499, 99, 'Mister Workshop', 'Really great workshop, you have to take part in.', 172, 11.63, '21:34:00', '22:34:00'), (500, 99, 'What Workshop', 'Really great workshop, you have to take part in.', 291, 85.34, '20:51:00', '22:21:00'), (501, 99, 'Question Workshop', 'Really great workshop, you have to take part in.', 14, 67.14, '01:06:00', '02:06:00'), (502, 100, 'Across Workshop', 'Really great workshop, you have to take part in.', 295, 39.34, '21:55:00', '23:55:00'), (503, 100, 'They Workshop', 'Really great workshop, you have to take part in.', 118, 61.96, '02:00:00', '04:00:00'), (504, 100, 'Visit Workshop', 'Really great workshop, you have to take part in.', 391, 16.87, '16:54:00', '17:54:00'), (505, 101, 'Stairs Workshop', 'Really great workshop, you have to take part in.', 10, 53.63, '18:33:00', '19:33:00'), (506, 101, 'Project Workshop', 'Really great workshop, you have to take part in.', 175, 20.36, '23:55:00', '01:55:00'), (507, 101, 'Man Workshop', 'Really great workshop, you have to take part in.', 83, 57.1, '17:12:00', '17:57:00'), (508, 101, 'Thursday Workshop', 'Really great workshop, you have to take part in.', 21, 34.41, '09:34:00', '11:04:00'), (509, 102, 'Able Workshop', 'Really great workshop, you have to take part in.', 183, 16.11, '05:38:00', '07:08:00'), (510, 102, 'Hour Workshop', 'Really great workshop, you have to take part in.', 189, 42.14, '12:11:00', '12:56:00'), (511, 103, 'Point Workshop', 'Really great workshop, you have to take part in.', 23, 39.36, '08:02:00', '10:02:00'), (512, 103, 'Instead Workshop', 'Really great workshop, you have to take part in.', 107, 66.52, '06:57:00', '07:42:00'), (513, 103, 'Beat Workshop', 'Really great workshop, you have to take part in.', 137, 51.05, '03:18:00', '05:18:00'), (514, 103, 'Result Workshop', 'Really great workshop, you have to take part in.', 380, 72.7, '01:58:00', '02:43:00'), (515, 103, 'Stage Workshop', 'Really great workshop, you have to take part in.', 330, 80.76, '03:42:00', '04:27:00'), (516, 103, 'Project Workshop', 'Really great workshop, you have to take part in.', 369, 85.06, '22:18:00', '23:18:00'), (517, 103, 'Union Workshop', 'Really great workshop, you have to take part in.', 261, 30.56, '06:45:00', '08:15:00'), (518, 103, 'Stand Workshop', 'Really great workshop, you have to take part in.', 299, 35.2, '00:03:00', '01:33:00'), (519, 103, 'Problem Workshop', 'Really great workshop, you have to take part in.', 263, 99.08, '11:24:00', '12:09:00'), (520, 103, 'Want Workshop', 'Really great workshop, you have to take part in.', 129, 49.23, '08:20:00', '09:20:00'), (521, 104, 'Heat Workshop', 'Really great workshop, you have to take part in.', 80, 98.72, '18:47:00', '19:47:00'), (522, 106, 'Show Workshop', 'Really great workshop, you have to take part in.', 110, 72.68, '21:34:00', '23:34:00'), (523, 106, 'Argue Workshop', 'Really great workshop, you have to take part in.', 262, 92.09, '21:07:00', '22:07:00'), (524, 106, 'Photograph Workshop', 'Really great workshop, you have to take part in.', 291, 22.18, '11:30:00', '12:15:00'), (525, 106, 'Cook Workshop', 'Really great workshop, you have to take part in.', 92, 18.38, '14:56:00', '15:56:00'), (526, 106, 'Proper Workshop', 'Really great workshop, you have to take part in.', 242, 21.18, '23:02:00', '01:02:00'), (527, 106, 'Bet Workshop', 'Really great workshop, you have to take part in.', 314, 70.64, '08:19:00', '10:19:00'), (528, 106, 'Or Workshop', 'Really great workshop, you have to take part in.', 42, 89.54, '01:51:00', '02:36:00'), (529, 107, 'Shoe Workshop', 'Really great workshop, you have to take part in.', 166, 69.62, '21:01:00', '23:01:00'), (530, 107, 'Difference Workshop', 'Really great workshop, you have to take part in.', 38, 22.25, '13:04:00', '14:34:00'), (531, 108, 'Give Workshop', 'Really great workshop, you have to take part in.', 58, 53.32, '11:23:00', '12:08:00'), (532, 108, 'Farm Workshop', 'Really great workshop, you have to take part in.', 107, 42.24, '02:49:00', '03:34:00'), (533, 108, 'Speed Workshop', 'Really great workshop, you have to take part in.', 71, 91.48, '03:58:00', '05:58:00'), (534, 108, 'Reason Workshop', 'Really great workshop, you have to take part in.', 136, 49.87, '18:07:00', '20:07:00'), (535, 109, 'As Workshop', 'Really great workshop, you have to take part in.', 195, 63.22, '19:38:00', '20:23:00'), (536, 109, 'Thirteen Workshop', 'Really great workshop, you have to take part in.', 401, 30.66, '21:38:00', '23:08:00'), (537, 109, 'May Workshop', 'Really great workshop, you have to take part in.', 76, 24.46, '11:05:00', '13:05:00'), (538, 109, 'Often Workshop', 'Really great workshop, you have to take part in.', 483, 74.2, '12:25:00', '13:25:00'), (539, 110, 'Bet Workshop', 'Really great workshop, you have to take part in.', 48, 93.01, '21:41:00', '22:41:00'), (540, 110, 'Draw Workshop', 'Really great workshop, you have to take part in.', 72, 47.89, '08:06:00', '09:06:00'), (541, 110, 'Express Workshop', 'Really great workshop, you have to take part in.', 124, 18.92, '23:56:00', '01:56:00'), (542, 110, 'Reckon Workshop', 'Really great workshop, you have to take part in.', 58, 91.03, '12:47:00', '14:17:00'), (543, 110, 'Grow Workshop', 'Really great workshop, you have to take part in.', 193, 44.53, '16:58:00', '17:58:00'), (544, 110, 'Knock Workshop', 'Really great workshop, you have to take part in.', 192, 50.6, '04:43:00', '06:43:00'), (545, 110, 'Can Workshop', 'Really great workshop, you have to take part in.', 212, 46.51, '09:11:00', '11:11:00'), (546, 110, 'Centre Workshop', 'Really great workshop, you have to take part in.', 88, 56.2, '10:34:00', '12:34:00'), (547, 110, 'Mean Workshop', 'Really great workshop, you have to take part in.', 272, 73.87, '14:29:00', '15:29:00'), (548, 111, 'Field Workshop', 'Really great workshop, you have to take part in.', 282, 72.47, '18:27:00', '19:12:00'), (549, 111, 'This Workshop', 'Really great workshop, you have to take part in.', 37, 50.56, '19:05:00', '20:05:00'), (550, 111, 'Regard Workshop', 'Really great workshop, you have to take part in.', 82, 26.82, '08:01:00', '09:31:00'), (551, 111, 'Chap Workshop', 'Really great workshop, you have to take part in.', 66, 80.48, '23:11:00', '23:56:00'), (552, 112, 'For Workshop', 'Really great workshop, you have to take part in.', 76, 89.86, '01:47:00', '03:47:00'), (553, 112, 'Club Workshop', 'Really great workshop, you have to take part in.', 45, 49.48, '13:08:00', '15:08:00'), (554, 112, 'Music Workshop', 'Really great workshop, you have to take part in.', 49, 97.15, '16:44:00', '17:29:00'), (555, 112, 'Good Workshop', 'Really great workshop, you have to take part in.', 72, 54.43, '22:47:00', '00:17:00'), (556, 112, 'Item Workshop', 'Really great workshop, you have to take part in.', 101, 87.5, '12:14:00', '13:14:00'), (557, 112, 'Clean Workshop', 'Really great workshop, you have to take part in.', 51, 54.69, '19:48:00', '20:33:00'), (558, 112, 'Grow Workshop', 'Really great workshop, you have to take part in.', 63, 29.18, '03:09:00', '03:54:00'), (559, 112, 'Forward Workshop', 'Really great workshop, you have to take part in.', 86, 39.55, '20:52:00', '22:22:00'), (560, 112, 'Social Workshop', 'Really great workshop, you have to take part in.', 30, 48.06, '02:35:00', '04:35:00'), (561, 113, 'Test Workshop', 'Really great workshop, you have to take part in.', 138, 13.22, '12:52:00', '14:52:00'), (562, 113, 'Need Workshop', 'Really great workshop, you have to take part in.', 58, 57.66, '03:57:00', '05:57:00'), (563, 113, 'One Workshop', 'Really great workshop, you have to take part in.', 27, 23.47, '20:37:00', '21:37:00'), (564, 113, 'Safe Workshop', 'Really great workshop, you have to take part in.', 258, 99.67, '08:19:00', '10:19:00'), (565, 113, 'Enough Workshop', 'Really great workshop, you have to take part in.', 188, 16.59, '17:30:00', '19:00:00'), (566, 113, 'Major Workshop', 'Really great workshop, you have to take part in.', 80, 64.38, '10:39:00', '11:39:00'), (567, 113, 'News Workshop', 'Really great workshop, you have to take part in.', 162, 63.14, '18:02:00', '19:32:00'), (568, 113, 'Before Workshop', 'Really great workshop, you have to take part in.', 238, 72.99, '16:48:00', '18:18:00'), (569, 114, 'Secure Workshop', 'Really great workshop, you have to take part in.', 133, 89.35, '02:11:00', '03:41:00'), (570, 114, 'Press Workshop', 'Really great workshop, you have to take part in.', 150, 18.1, '12:42:00', '14:12:00'), (571, 114, 'Yet Workshop', 'Really great workshop, you have to take part in.', 182, 89.26, '19:47:00', '20:47:00'), (572, 114, 'Face Workshop', 'Really great workshop, you have to take part in.', 118, 30.01, '20:27:00', '21:57:00'), (573, 114, 'Question Workshop', 'Really great workshop, you have to take part in.', 133, 91.07, '05:00:00', '07:00:00'), (574, 114, 'Flat Workshop', 'Really great workshop, you have to take part in.', 68, 83.96, '23:51:00', '01:21:00'), (575, 114, 'Child Workshop', 'Really great workshop, you have to take part in.', 486, 66.24, '01:21:00', '02:21:00'), (576, 114, 'Inside Workshop', 'Really great workshop, you have to take part in.', 299, 94.81, '17:34:00', '18:19:00'), (577, 114, 'He Workshop', 'Really great workshop, you have to take part in.', 299, 58.58, '00:24:00', '01:54:00'), (578, 115, 'Council Workshop', 'Really great workshop, you have to take part in.', 149, 67.0, '19:46:00', '21:46:00'), (579, 115, 'Visit Workshop', 'Really great workshop, you have to take part in.', 122, 95.5, '07:53:00', '09:23:00'), (580, 115, 'Union Workshop', 'Really great workshop, you have to take part in.', 73, 52.74, '08:30:00', '09:15:00'), (581, 115, 'Contact Workshop', 'Really great workshop, you have to take part in.', 39, 93.73, '12:26:00', '14:26:00'), (582, 115, 'Soon Workshop', 'Really great workshop, you have to take part in.', 467, 14.6, '12:30:00', '13:30:00'), (583, 115, 'Rest Workshop', 'Really great workshop, you have to take part in.', 283, 48.83, '15:48:00', '16:48:00'), (584, 115, 'Catch Workshop', 'Really great workshop, you have to take part in.', 24, 19.87, '07:37:00', '08:22:00'), (585, 115, 'Old Workshop', 'Really great workshop, you have to take part in.', 487, 99.12, '14:19:00', '16:19:00'), (586, 116, 'Add Workshop', 'Really great workshop, you have to take part in.', 430, 90.6, '18:04:00', '19:34:00'), (587, 116, 'Produce Workshop', 'Really great workshop, you have to take part in.', 181, 34.94, '20:37:00', '22:07:00'), (588, 117, 'Print Workshop', 'Really great workshop, you have to take part in.', 58, 87.4, '00:48:00', '01:33:00'), (589, 117, 'Whole Workshop', 'Really great workshop, you have to take part in.', 240, 98.33, '22:16:00', '23:01:00'), (590, 117, 'Always Workshop', 'Really great workshop, you have to take part in.', 152, 12.1, '04:56:00', '06:56:00'), (591, 117, 'Whole Workshop', 'Really great workshop, you have to take part in.', 17, 68.51, '09:21:00', '10:06:00'), (592, 117, 'Do Workshop', 'Really great workshop, you have to take part in.', 101, 32.07, '13:33:00', '14:33:00'), (593, 117, 'Slight Workshop', 'Really great workshop, you have to take part in.', 150, 50.44, '03:20:00', '04:05:00'), (594, 118, 'Situate Workshop', 'Really great workshop, you have to take part in.', 223, 90.08, '10:42:00', '11:42:00'), (595, 119, 'Choice Workshop', 'Really great workshop, you have to take part in.', 207, 20.24, '00:58:00', '01:43:00'), (596, 119, 'Brilliant Workshop', 'Really great workshop, you have to take part in.', 262, 66.4, '05:30:00', '06:15:00'), (597, 120, 'Forget Workshop', 'Really great workshop, you have to take part in.', 64, 49.59, '21:53:00', '23:23:00'), (598, 120, 'Tuesday Workshop', 'Really great workshop, you have to take part in.', 21, 92.16, '09:40:00', '11:40:00'), (599, 120, 'Change Workshop', 'Really great workshop, you have to take part in.', 84, 63.26, '06:13:00', '06:58:00'), (600, 120, 'Seven Workshop', 'Really great workshop, you have to take part in.', 37, 33.16, '01:51:00', '02:36:00'), (601, 120, 'Exist Workshop', 'Really great workshop, you have to take part in.', 105, 70.79, '17:36:00', '19:06:00'), (602, 120, 'Slow Workshop', 'Really great workshop, you have to take part in.', 106, 34.18, '20:44:00', '22:44:00'), (603, 120, 'Buy Workshop', 'Really great workshop, you have to take part in.', 75, 15.54, '09:27:00', '11:27:00'), (604, 121, 'Good Workshop', 'Really great workshop, you have to take part in.', 190, 93.92, '05:00:00', '05:45:00'), (605, 121, 'Fortune Workshop', 'Really great workshop, you have to take part in.', 72, 68.16, '06:53:00', '08:23:00'), (606, 121, 'Sex Workshop', 'Really great workshop, you have to take part in.', 21, 52.86, '23:15:00', '00:45:00'), (607, 121, 'Card Workshop', 'Really great workshop, you have to take part in.', 68, 88.9, '13:39:00', '15:09:00'), (608, 121, 'Wear Workshop', 'Really great workshop, you have to take part in.', 217, 23.24, '05:55:00', '06:55:00'), (609, 121, 'Music Workshop', 'Really great workshop, you have to take part in.', 133, 88.05, '10:19:00', '11:04:00'), (610, 121, 'Involve Workshop', 'Really great workshop, you have to take part in.', 168, 47.57, '06:06:00', '06:51:00'), (611, 122, 'Half Workshop', 'Really great workshop, you have to take part in.', 63, 25.94, '05:04:00', '07:04:00'), (612, 122, 'Extra Workshop', 'Really great workshop, you have to take part in.', 120, 23.97, '13:43:00', '14:43:00'), (613, 122, 'Only Workshop', 'Really great workshop, you have to take part in.', 13, 44.51, '20:17:00', '22:17:00'), (614, 122, 'Chair Workshop', 'Really great workshop, you have to take part in.', 73, 44.49, '18:30:00', '20:30:00'), (615, 122, 'Depend Workshop', 'Really great workshop, you have to take part in.', 70, 95.24, '02:49:00', '03:34:00'), (616, 122, 'Christmas Workshop', 'Really great workshop, you have to take part in.', 35, 48.83, '22:08:00', '00:08:00'), (617, 122, 'Appear Workshop', 'Really great workshop, you have to take part in.', 48, 91.27, '07:06:00', '08:06:00'), (618, 122, 'Believe Workshop', 'Really great workshop, you have to take part in.', 25, 37.53, '07:00:00', '08:30:00'), (619, 122, 'Thirteen Workshop', 'Really great workshop, you have to take part in.', 107, 95.15, '00:28:00', '02:28:00'), (620, 122, 'As Workshop', 'Really great workshop, you have to take part in.', 40, 98.51, '20:42:00', '21:42:00'), (621, 123, 'Go Workshop', 'Really great workshop, you have to take part in.', 92, 64.11, '01:46:00', '03:16:00'), (622, 124, 'Eye Workshop', 'Really great workshop, you have to take part in.', 61, 11.87, '20:55:00', '22:55:00'), (623, 124, 'Lead Workshop', 'Really great workshop, you have to take part in.', 42, 35.9, '13:35:00', '14:35:00'), (624, 124, 'Worth Workshop', 'Really great workshop, you have to take part in.', 143, 24.51, '04:38:00', '05:38:00'), (625, 124, 'Night Workshop', 'Really great workshop, you have to take part in.', 83, 42.85, '12:31:00', '13:31:00'), (626, 124, 'Ready Workshop', 'Really great workshop, you have to take part in.', 94, 76.87, '22:20:00', '23:05:00'), (627, 124, 'Enjoy Workshop', 'Really great workshop, you have to take part in.', 80, 33.44, '01:43:00', '02:28:00'), (628, 125, 'Worry Workshop', 'Really great workshop, you have to take part in.', 97, 64.41, '21:58:00', '23:28:00'), (629, 125, 'Self Workshop', 'Really great workshop, you have to take part in.', 118, 55.61, '12:42:00', '13:42:00'), (630, 125, 'Stupid Workshop', 'Really great workshop, you have to take part in.', 212, 16.16, '04:33:00', '06:03:00'), (631, 125, 'Off Workshop', 'Really great workshop, you have to take part in.', 113, 87.1, '02:57:00', '04:27:00'), (632, 125, 'Nine Workshop', 'Really great workshop, you have to take part in.', 184, 90.17, '22:49:00', '00:49:00'), (633, 126, 'Travel Workshop', 'Really great workshop, you have to take part in.', 121, 76.77, '17:47:00', '18:32:00'), (634, 127, 'Begin Workshop', 'Really great workshop, you have to take part in.', 198, 27.79, '14:38:00', '16:08:00'), (635, 127, 'Help Workshop', 'Really great workshop, you have to take part in.', 108, 60.94, '00:32:00', '02:02:00'), (636, 127, 'Germany Workshop', 'Really great workshop, you have to take part in.', 369, 95.58, '21:34:00', '22:19:00'), (637, 128, 'Left Workshop', 'Really great workshop, you have to take part in.', 85, 76.29, '23:44:00', '00:29:00'), (638, 129, 'Opportunity Workshop', 'Really great workshop, you have to take part in.', 50, 70.87, '06:27:00', '07:57:00'), (639, 129, 'Friend Workshop', 'Really great workshop, you have to take part in.', 196, 71.96, '06:08:00', '07:08:00'), (640, 130, 'Employ Workshop', 'Really great workshop, you have to take part in.', 88, 90.04, '15:31:00', '16:31:00'), (641, 130, 'Result Workshop', 'Really great workshop, you have to take part in.', 291, 76.28, '06:42:00', '07:27:00'), (642, 130, 'Value Workshop', 'Really great workshop, you have to take part in.', 28, 97.59, '22:56:00', '00:56:00'), (643, 130, 'Except Workshop', 'Really great workshop, you have to take part in.', 308, 77.85, '08:53:00', '10:53:00'), (644, 130, 'System Workshop', 'Really great workshop, you have to take part in.', 298, 36.56, '10:55:00', '12:55:00'), (645, 131, 'Key Workshop', 'Really great workshop, you have to take part in.', 157, 16.95, '22:37:00', '00:37:00'), (646, 131, 'Bottle Workshop', 'Really great workshop, you have to take part in.', 35, 87.09, '11:03:00', '11:48:00'), (647, 131, 'Photograph Workshop', 'Really great workshop, you have to take part in.', 301, 17.09, '07:12:00', '08:12:00'), (648, 131, 'Health Workshop', 'Really great workshop, you have to take part in.', 311, 20.18, '19:04:00', '20:34:00'), (649, 131, 'Open Workshop', 'Really great workshop, you have to take part in.', 22, 86.97, '08:41:00', '09:26:00'), (650, 132, 'Move Workshop', 'Really great workshop, you have to take part in.', 239, 97.19, '08:30:00', '10:30:00'), (651, 132, 'Insure Workshop', 'Really great workshop, you have to take part in.', 120, 11.43, '11:29:00', '12:14:00'), (652, 132, 'Recognize Workshop', 'Really great workshop, you have to take part in.', 232, 30.82, '02:59:00', '03:59:00'), (653, 132, 'Evidence Workshop', 'Really great workshop, you have to take part in.', 241, 94.58, '11:39:00', '13:39:00'), (654, 133, 'Type Workshop', 'Really great workshop, you have to take part in.', 53, 88.61, '18:31:00', '20:31:00'), (655, 133, 'Tomorrow Workshop', 'Really great workshop, you have to take part in.', 40, 98.82, '12:17:00', '13:47:00'), (656, 133, 'Finance Workshop', 'Really great workshop, you have to take part in.', 41, 83.56, '03:27:00', '04:12:00'), (657, 133, 'Behind Workshop', 'Really great workshop, you have to take part in.', 53, 97.96, '17:14:00', '18:14:00'), (658, 133, 'Six Workshop', 'Really great workshop, you have to take part in.', 12, 26.11, '02:05:00', '03:35:00'), (659, 133, 'America Workshop', 'Really great workshop, you have to take part in.', 50, 95.84, '04:21:00', '05:51:00'), (660, 133, 'Yet Workshop', 'Really great workshop, you have to take part in.', 10, 79.52, '16:24:00', '17:54:00'), (661, 133, 'First Workshop', 'Really great workshop, you have to take part in.', 91, 43.09, '21:26:00', '22:26:00'), (662, 135, 'Cut Workshop', 'Really great workshop, you have to take part in.', 181, 50.99, '04:09:00', '04:54:00'), (663, 136, 'Responsible Workshop', 'Really great workshop, you have to take part in.', 213, 59.91, '23:20:00', '00:50:00'), (664, 136, 'Example Workshop', 'Really great workshop, you have to take part in.', 126, 92.26, '06:32:00', '07:32:00'), (665, 136, 'Really Workshop', 'Really great workshop, you have to take part in.', 141, 56.37, '23:12:00', '23:57:00'), (666, 136, 'They Workshop', 'Really great workshop, you have to take part in.', 70, 12.56, '07:32:00', '08:17:00'), (667, 137, 'Listen Workshop', 'Really great workshop, you have to take part in.', 160, 81.86, '05:31:00', '06:31:00'), (668, 138, 'Check Workshop', 'Really great workshop, you have to take part in.', 98, 67.92, '00:32:00', '01:17:00'), (669, 138, 'Often Workshop', 'Really great workshop, you have to take part in.', 69, 68.84, '07:01:00', '08:31:00'), (670, 140, 'News Workshop', 'Really great workshop, you have to take part in.', 162, 17.5, '19:03:00', '19:48:00'), (671, 140, 'Represent Workshop', 'Really great workshop, you have to take part in.', 186, 75.82, '09:55:00', '10:40:00'), (672, 140, 'Base Workshop', 'Really great workshop, you have to take part in.', 37, 55.44, '12:03:00', '13:03:00'), (673, 140, 'Speak Workshop', 'Really great workshop, you have to take part in.', 81, 56.77, '23:02:00', '00:02:00'), (674, 140, 'Private Workshop', 'Really great workshop, you have to take part in.', 108, 89.12, '22:32:00', '23:17:00'), (675, 140, 'Relation Workshop', 'Really great workshop, you have to take part in.', 177, 59.67, '07:37:00', '08:37:00'), (676, 140, 'Enter Workshop', 'Really great workshop, you have to take part in.', 193, 77.95, '20:04:00', '21:04:00'), (677, 140, 'Fill Workshop', 'Really great workshop, you have to take part in.', 32, 77.76, '01:47:00', '02:47:00'), (678, 142, 'Sense Workshop', 'Really great workshop, you have to take part in.', 180, 12.13, '09:00:00', '10:00:00'), (679, 142, 'Come Workshop', 'Really great workshop, you have to take part in.', 221, 88.34, '09:50:00', '10:35:00'), (680, 142, 'Involve Workshop', 'Really great workshop, you have to take part in.', 227, 71.53, '15:04:00', '15:49:00'), (681, 142, 'Poor Workshop', 'Really great workshop, you have to take part in.', 134, 61.34, '19:44:00', '20:29:00'), (682, 142, 'Step Workshop', 'Really great workshop, you have to take part in.', 272, 76.32, '19:29:00', '21:29:00'), (683, 142, 'Stairs Workshop', 'Really great workshop, you have to take part in.', 249, 77.01, '08:47:00', '10:47:00'), (684, 142, 'Claim Workshop', 'Really great workshop, you have to take part in.', 48, 17.84, '04:06:00', '05:36:00'), (685, 142, 'Charge Workshop', 'Really great workshop, you have to take part in.', 15, 95.23, '21:02:00', '22:02:00'), (686, 142, 'Field Workshop', 'Really great workshop, you have to take part in.', 157, 38.02, '11:46:00', '13:16:00'), (687, 142, 'Engine Workshop', 'Really great workshop, you have to take part in.', 68, 34.57, '14:35:00', '15:20:00'), (688, 143, 'Hear Workshop', 'Really great workshop, you have to take part in.', 185, 76.04, '23:34:00', '00:19:00'), (689, 143, 'Imagine Workshop', 'Really great workshop, you have to take part in.', 321, 69.72, '15:04:00', '16:04:00'), (690, 143, 'Converse Workshop', 'Really great workshop, you have to take part in.', 36, 28.7, '05:11:00', '07:11:00'), (691, 143, 'Thursday Workshop', 'Really great workshop, you have to take part in.', 338, 93.18, '06:09:00', '06:54:00'), (692, 143, 'News Workshop', 'Really great workshop, you have to take part in.', 125, 89.25, '13:15:00', '14:45:00'), (693, 143, 'Hour Workshop', 'Really great workshop, you have to take part in.', 60, 26.84, '18:45:00', '20:45:00'), (694, 143, 'More Workshop', 'Really great workshop, you have to take part in.', 92, 80.58, '22:07:00', '00:07:00'), (695, 143, 'Should Workshop', 'Really great workshop, you have to take part in.', 164, 42.96, '08:34:00', '10:34:00'), (696, 144, 'Achieve Workshop', 'Really great workshop, you have to take part in.', 130, 18.83, '06:49:00', '07:34:00'), (697, 144, 'Bar Workshop', 'Really great workshop, you have to take part in.', 261, 97.0, '02:29:00', '03:59:00'), (698, 144, 'Every Workshop', 'Really great workshop, you have to take part in.', 122, 32.13, '05:24:00', '06:24:00'), (699, 144, 'Sun Workshop', 'Really great workshop, you have to take part in.', 348, 20.7, '07:07:00', '08:37:00'), (700, 145, 'Less Workshop', 'Really great workshop, you have to take part in.', 191, 67.45, '02:05:00', '02:50:00'), (701, 145, 'Post Workshop', 'Really great workshop, you have to take part in.', 27, 53.03, '06:39:00', '08:09:00'), (702, 146, 'Obvious Workshop', 'Really great workshop, you have to take part in.', 19, 86.14, '16:26:00', '17:26:00'), (703, 146, 'Go Workshop', 'Really great workshop, you have to take part in.', 216, 30.04, '21:15:00', '22:45:00'), (704, 146, 'Point Workshop', 'Really great workshop, you have to take part in.', 39, 93.62, '01:12:00', '02:42:00'), (705, 146, 'Politic Workshop', 'Really great workshop, you have to take part in.', 338, 38.31, '23:33:00', '00:18:00'), (706, 148, 'Present Workshop', 'Really great workshop, you have to take part in.', 139, 31.09, '09:22:00', '10:07:00'), (707, 148, 'Jesus Workshop', 'Really great workshop, you have to take part in.', 177, 60.87, '08:38:00', '10:08:00'), (708, 148, 'Art Workshop', 'Really great workshop, you have to take part in.', 129, 61.75, '18:56:00', '19:56:00'), (709, 148, 'Appear Workshop', 'Really great workshop, you have to take part in.', 86, 90.55, '05:36:00', '06:36:00'), (710, 148, 'Quick Workshop', 'Really great workshop, you have to take part in.', 446, 70.81, '01:01:00', '01:46:00'), (711, 148, 'Specific Workshop', 'Really great workshop, you have to take part in.', 82, 23.26, '00:14:00', '02:14:00'), (712, 148, 'Most Workshop', 'Really great workshop, you have to take part in.', 37, 46.23, '07:01:00', '08:01:00'), (713, 148, 'Car Workshop', 'Really great workshop, you have to take part in.', 372, 16.16, '03:38:00', '04:38:00'), (714, 149, 'Site Workshop', 'Really great workshop, you have to take part in.', 215, 32.42, '06:49:00', '08:19:00'), (715, 149, 'Happen Workshop', 'Really great workshop, you have to take part in.', 445, 72.9, '16:44:00', '18:44:00'), (716, 149, 'Put Workshop', 'Really great workshop, you have to take part in.', 348, 49.69, '21:48:00', '22:48:00'), (717, 149, 'Copy Workshop', 'Really great workshop, you have to take part in.', 330, 23.69, '10:03:00', '11:03:00'), (718, 149, 'Power Workshop', 'Really great workshop, you have to take part in.', 220, 25.94, '22:02:00', '00:02:00'), (719, 150, 'College Workshop', 'Really great workshop, you have to take part in.', 30, 85.71, '16:08:00', '16:53:00'), (720, 150, 'Across Workshop', 'Really great workshop, you have to take part in.', 86, 15.5, '12:43:00', '13:28:00'), (721, 152, 'Hard Workshop', 'Really great workshop, you have to take part in.', 13, 45.32, '00:34:00', '02:34:00'), (722, 152, 'Rest Workshop', 'Really great workshop, you have to take part in.', 96, 29.37, '14:10:00', '15:10:00'), (723, 152, 'Hit Workshop', 'Really great workshop, you have to take part in.', 34, 19.14, '17:11:00', '19:11:00'), (724, 152, 'Will Workshop', 'Really great workshop, you have to take part in.', 344, 50.65, '18:09:00', '18:54:00'), (725, 152, 'Point Workshop', 'Really great workshop, you have to take part in.', 147, 80.18, '02:03:00', '03:03:00'), (726, 152, 'Six Workshop', 'Really great workshop, you have to take part in.', 326, 20.3, '02:39:00', '04:39:00'), (727, 153, 'After Workshop', 'Really great workshop, you have to take part in.', 293, 73.11, '14:00:00', '16:00:00'), (728, 155, 'Expense Workshop', 'Really great workshop, you have to take part in.', 169, 20.05, '00:12:00', '02:12:00'), (729, 155, 'Parent Workshop', 'Really great workshop, you have to take part in.', 290, 53.08, '20:45:00', '21:30:00'), (730, 155, 'While Workshop', 'Really great workshop, you have to take part in.', 158, 67.46, '04:49:00', '06:49:00'), (731, 155, 'Life Workshop', 'Really great workshop, you have to take part in.', 310, 80.08, '23:55:00', '01:25:00'), (732, 155, 'Make Workshop', 'Really great workshop, you have to take part in.', 97, 55.45, '21:11:00', '22:11:00'), (733, 155, 'Door Workshop', 'Really great workshop, you have to take part in.', 300, 32.98, '13:55:00', '15:25:00'), (734, 155, 'Introduce Workshop', 'Really great workshop, you have to take part in.', 137, 99.71, '06:32:00', '07:17:00'), (735, 156, 'Particular Workshop', 'Really great workshop, you have to take part in.', 51, 20.2, '09:52:00', '10:37:00'), (736, 157, 'Market Workshop', 'Really great workshop, you have to take part in.', 151, 92.82, '00:07:00', '01:07:00'), (737, 157, 'Subject Workshop', 'Really great workshop, you have to take part in.', 32, 77.75, '06:04:00', '08:04:00'), (738, 157, 'Miss Workshop', 'Really great workshop, you have to take part in.', 124, 40.7, '17:58:00', '19:58:00'), (739, 157, 'Europe Workshop', 'Really great workshop, you have to take part in.', 16, 98.48, '12:57:00', '13:42:00'), (740, 157, 'Environment Workshop', 'Really great workshop, you have to take part in.', 83, 76.61, '06:03:00', '08:03:00'), (741, 157, 'Door Workshop', 'Really great workshop, you have to take part in.', 148, 11.27, '08:15:00', '09:45:00'), (742, 158, 'Except Workshop', 'Really great workshop, you have to take part in.', 37, 62.35, '19:57:00', '21:27:00'), (743, 158, 'Previous Workshop', 'Really great workshop, you have to take part in.', 111, 21.38, '12:08:00', '13:38:00'), (744, 158, 'Than Workshop', 'Really great workshop, you have to take part in.', 15, 64.16, '07:01:00', '08:01:00'), (745, 158, 'Succeed Workshop', 'Really great workshop, you have to take part in.', 189, 71.82, '05:38:00', '07:38:00'), (746, 158, 'Per Workshop', 'Really great workshop, you have to take part in.', 99, 64.44, '12:10:00', '12:55:00'), (747, 158, 'City Workshop', 'Really great workshop, you have to take part in.', 92, 78.05, '10:51:00', '12:51:00'), (748, 158, 'Right Workshop', 'Really great workshop, you have to take part in.', 203, 50.87, '10:07:00', '11:37:00'), (749, 158, 'Test Workshop', 'Really great workshop, you have to take part in.', 74, 12.36, '21:38:00', '23:08:00'), (750, 158, 'Word Workshop', 'Really great workshop, you have to take part in.', 54, 94.61, '14:24:00', '16:24:00'), (751, 159, 'Respect Workshop', 'Really great workshop, you have to take part in.', 62, 35.1, '21:44:00', '23:14:00'), (752, 159, 'Claim Workshop', 'Really great workshop, you have to take part in.', 43, 14.63, '18:33:00', '19:18:00'), (753, 159, 'Stand Workshop', 'Really great workshop, you have to take part in.', 107, 73.15, '19:20:00', '20:05:00'), (754, 159, 'Pair Workshop', 'Really great workshop, you have to take part in.', 66, 35.74, '17:37:00', '18:22:00'), (755, 159, 'Sale Workshop', 'Really great workshop, you have to take part in.', 24, 52.86, '22:15:00', '23:45:00'), (756, 159, 'Let Workshop', 'Really great workshop, you have to take part in.', 130, 48.34, '11:13:00', '12:13:00'), (757, 159, 'Tell Workshop', 'Really great workshop, you have to take part in.', 131, 95.16, '11:26:00', '12:26:00'), (758, 159, 'Pull Workshop', 'Really great workshop, you have to take part in.', 20, 62.7, '13:22:00', '14:22:00'), (759, 160, 'Or Workshop', 'Really great workshop, you have to take part in.', 255, 94.01, '23:36:00', '00:36:00'), (760, 161, 'Today Workshop', 'Really great workshop, you have to take part in.', 71, 92.35, '02:00:00', '03:30:00'), (761, 161, 'Wind Workshop', 'Really great workshop, you have to take part in.', 96, 23.76, '01:48:00', '03:18:00'), (762, 161, 'Develop Workshop', 'Really great workshop, you have to take part in.', 16, 64.56, '11:11:00', '12:41:00'), (763, 161, 'Forget Workshop', 'Really great workshop, you have to take part in.', 47, 45.16, '05:14:00', '06:14:00'), (764, 161, 'Dinner Workshop', 'Really great workshop, you have to take part in.', 126, 13.23, '00:33:00', '01:18:00'), (765, 161, 'With Workshop', 'Really great workshop, you have to take part in.', 184, 13.91, '02:03:00', '02:48:00'), (766, 161, 'Forward Workshop', 'Really great workshop, you have to take part in.', 157, 31.18, '01:23:00', '02:08:00'), (767, 162, 'Situate Workshop', 'Really great workshop, you have to take part in.', 368, 91.49, '11:27:00', '12:12:00'), (768, 162, 'Road Workshop', 'Really great workshop, you have to take part in.', 267, 32.03, '15:41:00', '17:41:00'), (769, 163, 'Page Workshop', 'Really great workshop, you have to take part in.', 65, 66.03, '20:27:00', '21:12:00'), (770, 163, 'Express Workshop', 'Really great workshop, you have to take part in.', 47, 39.29, '09:30:00', '11:30:00'), (771, 163, 'Near Workshop', 'Really great workshop, you have to take part in.', 19, 29.92, '03:46:00', '05:16:00'), (772, 163, 'Court Workshop', 'Really great workshop, you have to take part in.', 95, 89.32, '19:19:00', '20:04:00'), (773, 164, 'Per Workshop', 'Really great workshop, you have to take part in.', 321, 17.53, '16:49:00', '18:19:00'), (774, 164, 'Sense Workshop', 'Really great workshop, you have to take part in.', 145, 74.8, '22:21:00', '23:21:00'), (775, 164, 'Air Workshop', 'Really great workshop, you have to take part in.', 69, 35.41, '03:07:00', '05:07:00'), (776, 164, 'Hell Workshop', 'Really great workshop, you have to take part in.', 134, 14.15, '21:50:00', '23:20:00'), (777, 164, 'Social Workshop', 'Really great workshop, you have to take part in.', 53, 10.03, '05:37:00', '07:07:00'), (778, 164, 'Bother Workshop', 'Really great workshop, you have to take part in.', 108, 49.39, '02:39:00', '03:24:00'), (779, 164, 'Of Workshop', 'Really great workshop, you have to take part in.', 186, 66.47, '11:14:00', '13:14:00'), (780, 164, 'Christ Workshop', 'Really great workshop, you have to take part in.', 212, 71.79, '23:52:00', '01:22:00'), (781, 164, 'Manage Workshop', 'Really great workshop, you have to take part in.', 71, 61.14, '04:17:00', '05:02:00'), (782, 165, 'Favour Workshop', 'Really great workshop, you have to take part in.', 46, 44.07, '02:16:00', '03:46:00'), (783, 165, 'Bad Workshop', 'Really great workshop, you have to take part in.', 316, 21.18, '18:33:00', '19:18:00'), (784, 165, 'Video Workshop', 'Really great workshop, you have to take part in.', 318, 77.88, '04:18:00', '05:48:00'), (785, 165, 'Wife Workshop', 'Really great workshop, you have to take part in.', 300, 54.36, '21:38:00', '23:38:00'), (786, 165, 'Birth Workshop', 'Really great workshop, you have to take part in.', 334, 96.46, '09:54:00', '10:39:00'), (787, 165, 'Amount Workshop', 'Really great workshop, you have to take part in.', 11, 33.7, '21:28:00', '22:13:00'), (788, 165, 'Not Workshop', 'Really great workshop, you have to take part in.', 293, 27.68, '11:43:00', '12:28:00'), (789, 165, 'Environment Workshop', 'Really great workshop, you have to take part in.', 260, 23.04, '04:11:00', '05:41:00'), (790, 165, 'Child Workshop', 'Really great workshop, you have to take part in.', 306, 46.38, '02:12:00', '02:57:00'), (791, 165, 'Drive Workshop', 'Really great workshop, you have to take part in.', 200, 60.36, '19:06:00', '21:06:00'), (792, 166, 'Society Workshop', 'Really great workshop, you have to take part in.', 72, 85.25, '10:37:00', '12:07:00'), (793, 166, 'Though Workshop', 'Really great workshop, you have to take part in.', 13, 87.45, '14:53:00', '15:38:00'), (794, 166, 'Secure Workshop', 'Really great workshop, you have to take part in.', 153, 27.21, '23:18:00', '00:48:00'), (795, 166, 'Tomorrow Workshop', 'Really great workshop, you have to take part in.', 17, 35.86, '18:07:00', '18:52:00'), (796, 166, 'Be Workshop', 'Really great workshop, you have to take part in.', 157, 46.48, '17:02:00', '19:02:00'), (797, 167, 'On Workshop', 'Really great workshop, you have to take part in.', 110, 76.23, '07:22:00', '08:07:00'), (798, 167, 'Dry Workshop', 'Really great workshop, you have to take part in.', 152, 48.8, '15:20:00', '17:20:00'), (799, 167, 'Direct Workshop', 'Really great workshop, you have to take part in.', 15, 68.02, '13:20:00', '15:20:00'), (800, 168, 'Less Workshop', 'Really great workshop, you have to take part in.', 207, 45.53, '22:56:00', '00:56:00'), (801, 168, 'Pick Workshop', 'Really great workshop, you have to take part in.', 195, 23.47, '13:05:00', '14:05:00'), (802, 169, 'Involve Workshop', 'Really great workshop, you have to take part in.', 154, 39.6, '17:53:00', '18:53:00'), (803, 169, 'Cover Workshop', 'Really great workshop, you have to take part in.', 48, 99.4, '05:32:00', '07:02:00'), (804, 169, 'Eleven Workshop', 'Really great workshop, you have to take part in.', 117, 89.34, '21:28:00', '22:58:00'), (805, 169, 'Serve Workshop', 'Really great workshop, you have to take part in.', 187, 76.75, '18:44:00', '19:29:00'), (806, 169, 'Husband Workshop', 'Really great workshop, you have to take part in.', 187, 76.87, '21:35:00', '22:20:00'), (807, 169, 'Local Workshop', 'Really great workshop, you have to take part in.', 166, 81.19, '17:26:00', '18:56:00'), (808, 169, 'Picture Workshop', 'Really great workshop, you have to take part in.', 151, 80.71, '02:22:00', '03:07:00'), (809, 169, 'Turn Workshop', 'Really great workshop, you have to take part in.', 24, 78.75, '02:55:00', '03:55:00'), (810, 170, 'Land Workshop', 'Really great workshop, you have to take part in.', 356, 32.28, '07:48:00', '08:33:00'), (811, 170, 'Closes Workshop', 'Really great workshop, you have to take part in.', 131, 25.16, '19:00:00', '20:30:00'), (812, 170, 'Of Workshop', 'Really great workshop, you have to take part in.', 270, 30.31, '05:39:00', '06:24:00'), (813, 171, 'Pass Workshop', 'Really great workshop, you have to take part in.', 199, 50.48, '20:10:00', '21:40:00'), (814, 171, 'Function Workshop', 'Really great workshop, you have to take part in.', 64, 11.71, '00:21:00', '01:51:00'), (815, 171, 'Difficult Workshop', 'Really great workshop, you have to take part in.', 179, 21.38, '06:06:00', '07:36:00'), (816, 171, 'Want Workshop', 'Really great workshop, you have to take part in.', 253, 60.33, '16:29:00', '18:29:00'), (817, 171, 'Chance Workshop', 'Really great workshop, you have to take part in.', 232, 38.75, '02:14:00', '03:14:00'), (818, 171, 'Converse Workshop', 'Really great workshop, you have to take part in.', 82, 26.7, '05:16:00', '06:01:00'), (819, 171, 'Unit Workshop', 'Really great workshop, you have to take part in.', 76, 73.11, '05:12:00', '07:12:00'), (820, 172, 'Active Workshop', 'Really great workshop, you have to take part in.', 304, 90.11, '10:50:00', '12:50:00'), (821, 172, 'Law Workshop', 'Really great workshop, you have to take part in.', 297, 84.86, '21:38:00', '22:23:00'), (822, 172, 'Answer Workshop', 'Really great workshop, you have to take part in.', 242, 48.29, '15:17:00', '16:47:00'), (823, 172, 'Win Workshop', 'Really great workshop, you have to take part in.', 14, 34.33, '11:28:00', '12:58:00'), (824, 172, 'New Workshop', 'Really great workshop, you have to take part in.', 107, 18.27, '02:31:00', '03:31:00'), (825, 172, 'Fun Workshop', 'Really great workshop, you have to take part in.', 163, 59.84, '07:40:00', '09:40:00'), (826, 172, 'Limit Workshop', 'Really great workshop, you have to take part in.', 136, 48.65, '09:11:00', '10:41:00'), (827, 172, 'Carry Workshop', 'Really great workshop, you have to take part in.', 198, 85.55, '12:52:00', '14:22:00'), (828, 173, 'Decide Workshop', 'Really great workshop, you have to take part in.', 61, 99.71, '22:50:00', '23:50:00'), (829, 174, 'Return Workshop', 'Really great workshop, you have to take part in.', 158, 28.78, '11:36:00', '12:36:00'), (830, 174, 'But Workshop', 'Really great workshop, you have to take part in.', 394, 82.51, '10:02:00', '11:02:00'), (831, 174, 'Walk Workshop', 'Really great workshop, you have to take part in.', 143, 12.8, '00:30:00', '02:00:00'), (832, 175, 'Not Workshop', 'Really great workshop, you have to take part in.', 165, 64.57, '08:28:00', '09:13:00'), (833, 175, 'Next Workshop', 'Really great workshop, you have to take part in.', 79, 58.78, '04:42:00', '06:42:00'), (834, 176, 'Once Workshop', 'Really great workshop, you have to take part in.', 299, 63.37, '08:26:00', '09:11:00'), (835, 176, 'Garden Workshop', 'Really great workshop, you have to take part in.', 362, 41.3, '11:46:00', '13:16:00'), (836, 176, 'Meet Workshop', 'Really great workshop, you have to take part in.', 296, 62.96, '12:46:00', '14:46:00'), (837, 176, 'This Workshop', 'Really great workshop, you have to take part in.', 83, 14.8, '20:09:00', '22:09:00'), (838, 176, 'Spend Workshop', 'Really great workshop, you have to take part in.', 232, 35.22, '07:56:00', '09:56:00'), (839, 176, 'Perfect Workshop', 'Really great workshop, you have to take part in.', 342, 91.13, '01:29:00', '02:29:00'), (840, 176, 'Morning Workshop', 'Really great workshop, you have to take part in.', 222, 54.14, '03:32:00', '04:32:00'), (841, 177, 'Make Workshop', 'Really great workshop, you have to take part in.', 347, 14.16, '22:44:00', '23:44:00'), (842, 177, 'Music Workshop', 'Really great workshop, you have to take part in.', 408, 66.72, '11:08:00', '12:38:00'), (843, 177, 'Waste Workshop', 'Really great workshop, you have to take part in.', 123, 51.11, '14:58:00', '15:58:00'), (844, 178, 'About Workshop', 'Really great workshop, you have to take part in.', 210, 38.56, '12:46:00', '13:46:00'), (845, 178, 'Appropriate Workshop', 'Really great workshop, you have to take part in.', 31, 30.79, '20:26:00', '21:26:00'), (846, 178, 'Before Workshop', 'Really great workshop, you have to take part in.', 328, 88.18, '04:56:00', '05:56:00'), (847, 178, 'We Workshop', 'Really great workshop, you have to take part in.', 254, 90.67, '10:56:00', '11:56:00'), (848, 178, 'Council Workshop', 'Really great workshop, you have to take part in.', 334, 59.69, '03:47:00', '05:17:00'), (849, 179, 'Thousand Workshop', 'Really great workshop, you have to take part in.', 129, 71.61, '11:04:00', '13:04:00'), (850, 179, 'Final Workshop', 'Really great workshop, you have to take part in.', 63, 45.39, '04:42:00', '05:42:00'), (851, 179, 'Future Workshop', 'Really great workshop, you have to take part in.', 78, 45.35, '23:59:00', '00:59:00'), (852, 180, 'If Workshop', 'Really great workshop, you have to take part in.', 91, 37.14, '21:21:00', '22:06:00'), (853, 180, 'Site Workshop', 'Really great workshop, you have to take part in.', 201, 96.0, '22:46:00', '00:46:00'), (854, 180, 'Available Workshop', 'Really great workshop, you have to take part in.', 63, 64.54, '23:39:00', '00:24:00'), (855, 181, 'Class Workshop', 'Really great workshop, you have to take part in.', 121, 77.07, '14:39:00', '16:09:00'), (856, 181, 'Quiet Workshop', 'Really great workshop, you have to take part in.', 155, 12.46, '11:14:00', '12:44:00'), (857, 181, 'Pension Workshop', 'Really great workshop, you have to take part in.', 191, 86.4, '22:36:00', '23:36:00'), (858, 181, 'Sex Workshop', 'Really great workshop, you have to take part in.', 244, 95.45, '13:45:00', '14:30:00'), (859, 181, 'Effect Workshop', 'Really great workshop, you have to take part in.', 177, 71.24, '23:49:00', '00:49:00'), (860, 182, 'Will Workshop', 'Really great workshop, you have to take part in.', 84, 28.56, '01:02:00', '01:47:00'), (861, 182, 'Dress Workshop', 'Really great workshop, you have to take part in.', 99, 48.51, '17:13:00', '18:43:00'), (862, 182, 'Meaning Workshop', 'Really great workshop, you have to take part in.', 209, 64.77, '12:36:00', '14:06:00'), (863, 183, 'Fact Workshop', 'Really great workshop, you have to take part in.', 155, 23.39, '04:52:00', '06:52:00'), (864, 183, 'King Workshop', 'Really great workshop, you have to take part in.', 148, 11.87, '23:40:00', '00:25:00'), (865, 183, 'Hit Workshop', 'Really great workshop, you have to take part in.', 75, 50.83, '05:46:00', '06:46:00'), (866, 184, 'Need Workshop', 'Really great workshop, you have to take part in.', 461, 10.17, '04:19:00', '06:19:00'), (867, 184, 'Twenty Workshop', 'Really great workshop, you have to take part in.', 210, 95.89, '22:12:00', '23:12:00'), (868, 184, 'Perhaps Workshop', 'Really great workshop, you have to take part in.', 314, 84.1, '21:59:00', '22:59:00'), (869, 184, 'Develop Workshop', 'Really great workshop, you have to take part in.', 291, 29.78, '10:59:00', '11:59:00'), (870, 184, 'Yet Workshop', 'Really great workshop, you have to take part in.', 256, 83.45, '17:57:00', '19:57:00'), (871, 185, 'Debate Workshop', 'Really great workshop, you have to take part in.', 340, 24.51, '10:19:00', '11:04:00'), (872, 185, 'Kitchen Workshop', 'Really great workshop, you have to take part in.', 105, 69.89, '02:13:00', '03:13:00'), (873, 185, 'Worse Workshop', 'Really great workshop, you have to take part in.', 141, 12.17, '19:04:00', '20:34:00'), (874, 185, 'Miss Workshop', 'Really great workshop, you have to take part in.', 118, 66.08, '16:55:00', '17:40:00'), (875, 186, 'Here Workshop', 'Really great workshop, you have to take part in.', 100, 28.35, '05:53:00', '06:38:00'), (876, 186, 'Or Workshop', 'Really great workshop, you have to take part in.', 83, 53.71, '16:38:00', '17:38:00'), (877, 186, 'Could Workshop', 'Really great workshop, you have to take part in.', 50, 40.4, '00:44:00', '02:14:00'), (878, 186, 'Same Workshop', 'Really great workshop, you have to take part in.', 58, 60.51, '11:49:00', '13:19:00'), (879, 186, 'Single Workshop', 'Really great workshop, you have to take part in.', 71, 26.92, '23:09:00', '23:54:00'), (880, 186, 'Water Workshop', 'Really great workshop, you have to take part in.', 15, 29.47, '23:25:00', '00:55:00'), (881, 186, 'Answer Workshop', 'Really great workshop, you have to take part in.', 102, 39.87, '22:26:00', '00:26:00'), (882, 186, 'West Workshop', 'Really great workshop, you have to take part in.', 96, 82.66, '03:09:00', '04:09:00'), (883, 186, 'Tonight Workshop', 'Really great workshop, you have to take part in.', 58, 77.24, '04:04:00', '06:04:00'), (884, 186, 'Print Workshop', 'Really great workshop, you have to take part in.', 56, 55.17, '05:22:00', '06:22:00'), (885, 187, 'Pardon Workshop', 'Really great workshop, you have to take part in.', 126, 31.94, '17:53:00', '19:23:00'), (886, 188, 'Than Workshop', 'Really great workshop, you have to take part in.', 19, 32.87, '00:30:00', '02:00:00'), (887, 188, 'Lot Workshop', 'Really great workshop, you have to take part in.', 38, 86.62, '13:11:00', '15:11:00'), (888, 188, 'Kind Workshop', 'Really great workshop, you have to take part in.', 152, 51.91, '01:18:00', '02:48:00'), (889, 188, 'Deep Workshop', 'Really great workshop, you have to take part in.', 14, 22.61, '02:19:00', '03:19:00'), (890, 188, 'Into Workshop', 'Really great workshop, you have to take part in.', 112, 21.99, '15:25:00', '16:55:00'), (891, 188, 'Thirty Workshop', 'Really great workshop, you have to take part in.', 114, 76.58, '15:14:00', '17:14:00'), (892, 188, 'Thirteen Workshop', 'Really great workshop, you have to take part in.', 76, 82.46, '14:52:00', '15:52:00'), (893, 188, 'Evening Workshop', 'Really great workshop, you have to take part in.', 53, 24.55, '14:35:00', '16:35:00'), (894, 189, 'South Workshop', 'Really great workshop, you have to take part in.', 96, 69.13, '23:43:00', '01:43:00'), (895, 189, 'Eight Workshop', 'Really great workshop, you have to take part in.', 154, 15.41, '23:18:00', '00:48:00'), (896, 189, 'Off Workshop', 'Really great workshop, you have to take part in.', 170, 93.37, '20:09:00', '21:09:00'), (897, 189, 'Saturday Workshop', 'Really great workshop, you have to take part in.', 231, 33.23, '09:21:00', '10:21:00'), (898, 189, 'Cook Workshop', 'Really great workshop, you have to take part in.', 104, 46.22, '08:05:00', '09:05:00'), (899, 189, 'Class Workshop', 'Really great workshop, you have to take part in.', 32, 62.69, '04:45:00', '05:30:00')
insert into dbo.workshops (workshop_id, conference_day_id, workshop_title, workshop_description, attendees_workshop_max, price, start_time, end_time) values (900, 189, 'File Workshop', 'Really great workshop, you have to take part in.', 240, 79.71, '09:38:00', '11:08:00'), (901, 190, 'Dinner Workshop', 'Really great workshop, you have to take part in.', 326, 94.98, '10:03:00', '12:03:00'), (902, 190, 'Site Workshop', 'Really great workshop, you have to take part in.', 218, 41.49, '18:50:00', '19:35:00'), (903, 190, 'Notice Workshop', 'Really great workshop, you have to take part in.', 344, 19.83, '00:49:00', '01:49:00'), (904, 190, 'East Workshop', 'Really great workshop, you have to take part in.', 304, 13.48, '02:48:00', '03:48:00'), (905, 190, 'Where Workshop', 'Really great workshop, you have to take part in.', 377, 14.91, '19:56:00', '21:56:00'), (906, 190, 'Lead Workshop', 'Really great workshop, you have to take part in.', 401, 41.73, '21:03:00', '22:33:00'), (907, 190, 'Care Workshop', 'Really great workshop, you have to take part in.', 388, 62.54, '19:07:00', '20:07:00'), (908, 190, 'Music Workshop', 'Really great workshop, you have to take part in.', 302, 66.05, '04:04:00', '04:49:00'), (909, 190, 'Available Workshop', 'Really great workshop, you have to take part in.', 362, 52.1, '19:53:00', '20:53:00'), (910, 191, 'Hate Workshop', 'Really great workshop, you have to take part in.', 321, 15.42, '15:54:00', '16:39:00'), (911, 191, 'Basis Workshop', 'Really great workshop, you have to take part in.', 85, 22.85, '04:48:00', '05:33:00'), (912, 191, 'System Workshop', 'Really great workshop, you have to take part in.', 265, 54.59, '04:48:00', '05:48:00'), (913, 191, 'Thursday Workshop', 'Really great workshop, you have to take part in.', 51, 34.96, '20:48:00', '22:48:00'), (914, 191, 'All Workshop', 'Really great workshop, you have to take part in.', 214, 24.89, '03:20:00', '05:20:00'), (915, 191, 'Region Workshop', 'Really great workshop, you have to take part in.', 78, 45.0, '02:16:00', '03:46:00'), (916, 191, 'Book Workshop', 'Really great workshop, you have to take part in.', 30, 95.29, '10:16:00', '11:01:00'), (917, 192, 'Subject Workshop', 'Really great workshop, you have to take part in.', 13, 82.53, '07:28:00', '08:13:00'), (918, 192, 'Million Workshop', 'Really great workshop, you have to take part in.', 85, 92.27, '15:12:00', '15:57:00'), (919, 192, 'Enjoy Workshop', 'Really great workshop, you have to take part in.', 157, 65.3, '07:21:00', '08:06:00'), (920, 192, 'Previous Workshop', 'Really great workshop, you have to take part in.', 213, 75.28, '09:26:00', '10:26:00'), (921, 192, 'Thirty Workshop', 'Really great workshop, you have to take part in.', 106, 74.82, '06:14:00', '06:59:00'), (922, 192, 'Link Workshop', 'Really great workshop, you have to take part in.', 68, 58.72, '21:04:00', '22:04:00'), (923, 193, 'Receive Workshop', 'Really great workshop, you have to take part in.', 52, 16.81, '03:15:00', '05:15:00'), (924, 193, 'Situate Workshop', 'Really great workshop, you have to take part in.', 63, 26.69, '16:19:00', '17:49:00'), (925, 193, 'Cut Workshop', 'Really great workshop, you have to take part in.', 62, 81.71, '13:46:00', '15:46:00'), (926, 193, 'It Workshop', 'Really great workshop, you have to take part in.', 46, 57.34, '07:23:00', '08:08:00'), (927, 193, 'Stage Workshop', 'Really great workshop, you have to take part in.', 90, 20.98, '00:35:00', '01:35:00'), (928, 193, 'On Workshop', 'Really great workshop, you have to take part in.', 66, 32.48, '05:11:00', '06:41:00'), (929, 194, 'Trouble Workshop', 'Really great workshop, you have to take part in.', 144, 70.34, '07:45:00', '08:45:00'), (930, 194, 'Nature Workshop', 'Really great workshop, you have to take part in.', 74, 65.38, '23:04:00', '00:04:00'), (931, 194, 'Within Workshop', 'Really great workshop, you have to take part in.', 175, 76.44, '17:22:00', '18:22:00'), (932, 194, 'Lose Workshop', 'Really great workshop, you have to take part in.', 166, 26.48, '00:39:00', '01:39:00'), (933, 194, 'Buy Workshop', 'Really great workshop, you have to take part in.', 106, 30.26, '20:03:00', '20:48:00'), (934, 195, 'London Workshop', 'Really great workshop, you have to take part in.', 365, 51.98, '15:00:00', '16:00:00'), (935, 195, 'Student Workshop', 'Really great workshop, you have to take part in.', 49, 21.34, '04:59:00', '06:59:00'), (936, 195, 'Economy Workshop', 'Really great workshop, you have to take part in.', 233, 62.01, '08:31:00', '09:31:00'), (937, 196, 'Council Workshop', 'Really great workshop, you have to take part in.', 118, 83.84, '21:13:00', '22:13:00'), (938, 196, 'Self Workshop', 'Really great workshop, you have to take part in.', 108, 35.27, '03:35:00', '05:35:00'), (939, 196, 'Many Workshop', 'Really great workshop, you have to take part in.', 186, 42.09, '10:02:00', '10:47:00'), (940, 197, 'Fast Workshop', 'Really great workshop, you have to take part in.', 69, 74.01, '20:21:00', '22:21:00'), (941, 197, 'Company Workshop', 'Really great workshop, you have to take part in.', 79, 54.28, '06:04:00', '06:49:00'), (942, 197, 'Grand Workshop', 'Really great workshop, you have to take part in.', 42, 49.65, '16:03:00', '17:03:00'), (943, 197, 'Environment Workshop', 'Really great workshop, you have to take part in.', 53, 51.82, '21:40:00', '22:25:00'), (944, 198, 'Every Workshop', 'Really great workshop, you have to take part in.', 83, 80.71, '09:50:00', '11:20:00'), (945, 198, 'Wait Workshop', 'Really great workshop, you have to take part in.', 106, 47.98, '01:09:00', '02:39:00'), (946, 198, 'Chairman Workshop', 'Really great workshop, you have to take part in.', 29, 22.67, '23:14:00', '00:14:00'), (947, 198, 'Only Workshop', 'Really great workshop, you have to take part in.', 222, 31.49, '09:50:00', '10:50:00'), (948, 198, 'Brother Workshop', 'Really great workshop, you have to take part in.', 172, 99.22, '16:14:00', '18:14:00'), (949, 198, 'Few Workshop', 'Really great workshop, you have to take part in.', 210, 87.61, '04:52:00', '06:22:00'), (950, 198, 'Minute Workshop', 'Really great workshop, you have to take part in.', 14, 64.91, '20:01:00', '22:01:00'), (951, 199, 'Brief Workshop', 'Really great workshop, you have to take part in.', 211, 77.07, '22:24:00', '23:24:00'), (952, 199, 'Once Workshop', 'Really great workshop, you have to take part in.', 90, 48.19, '06:05:00', '06:50:00'), (953, 200, 'Minute Workshop', 'Really great workshop, you have to take part in.', 24, 35.51, '23:30:00', '00:15:00'), (954, 200, 'They Workshop', 'Really great workshop, you have to take part in.', 57, 43.72, '08:50:00', '09:50:00'), (955, 200, 'Programme Workshop', 'Really great workshop, you have to take part in.', 70, 70.6, '08:43:00', '10:43:00'), (956, 201, 'Sale Workshop', 'Really great workshop, you have to take part in.', 171, 35.09, '11:22:00', '12:22:00'), (957, 201, 'Spend Workshop', 'Really great workshop, you have to take part in.', 139, 75.47, '06:37:00', '08:07:00'), (958, 201, 'Secretary Workshop', 'Really great workshop, you have to take part in.', 155, 53.27, '17:00:00', '17:45:00'), (959, 201, 'Fall Workshop', 'Really great workshop, you have to take part in.', 201, 63.71, '19:00:00', '21:00:00'), (960, 201, 'Early Workshop', 'Really great workshop, you have to take part in.', 109, 76.05, '12:58:00', '13:43:00'), (961, 201, 'Beat Workshop', 'Really great workshop, you have to take part in.', 230, 15.21, '23:52:00', '01:52:00'), (962, 201, 'Five Workshop', 'Really great workshop, you have to take part in.', 37, 94.29, '11:19:00', '12:19:00'), (963, 201, 'Lie Workshop', 'Really great workshop, you have to take part in.', 132, 33.64, '00:31:00', '02:01:00'), (964, 201, 'Where Workshop', 'Really great workshop, you have to take part in.', 129, 47.0, '20:35:00', '22:35:00'), (965, 202, 'Insure Workshop', 'Really great workshop, you have to take part in.', 77, 23.59, '14:06:00', '15:06:00'), (966, 202, 'Friend Workshop', 'Really great workshop, you have to take part in.', 97, 12.92, '13:23:00', '15:23:00'), (967, 202, 'Around Workshop', 'Really great workshop, you have to take part in.', 48, 80.21, '00:43:00', '02:43:00'), (968, 202, 'Act Workshop', 'Really great workshop, you have to take part in.', 150, 72.28, '09:03:00', '11:03:00'), (969, 203, 'Possible Workshop', 'Really great workshop, you have to take part in.', 126, 91.97, '21:40:00', '23:40:00'), (970, 203, 'Client Workshop', 'Really great workshop, you have to take part in.', 168, 66.65, '01:37:00', '02:37:00'), (971, 204, 'Floor Workshop', 'Really great workshop, you have to take part in.', 43, 40.81, '03:38:00', '05:38:00'), (972, 204, 'Speak Workshop', 'Really great workshop, you have to take part in.', 352, 27.26, '07:47:00', '09:17:00'), (973, 204, 'Question Workshop', 'Really great workshop, you have to take part in.', 358, 13.73, '13:36:00', '14:21:00'), (974, 204, 'Mrs Workshop', 'Really great workshop, you have to take part in.', 52, 70.12, '21:52:00', '23:22:00'), (975, 204, 'Bring Workshop', 'Really great workshop, you have to take part in.', 355, 91.77, '08:18:00', '09:18:00'), (976, 205, 'Into Workshop', 'Really great workshop, you have to take part in.', 24, 57.26, '19:41:00', '21:11:00'), (977, 205, 'Judge Workshop', 'Really great workshop, you have to take part in.', 192, 81.46, '03:54:00', '04:54:00'), (978, 205, 'Leave Workshop', 'Really great workshop, you have to take part in.', 66, 31.71, '15:08:00', '17:08:00'), (979, 205, 'Write Workshop', 'Really great workshop, you have to take part in.', 150, 93.5, '08:04:00', '08:49:00'), (980, 205, 'Serious Workshop', 'Really great workshop, you have to take part in.', 25, 82.93, '14:52:00', '15:52:00'), (981, 205, 'Collect Workshop', 'Really great workshop, you have to take part in.', 163, 64.84, '02:14:00', '04:14:00'), (982, 205, 'Difficult Workshop', 'Really great workshop, you have to take part in.', 210, 20.49, '19:58:00', '21:28:00'), (983, 205, 'School Workshop', 'Really great workshop, you have to take part in.', 272, 10.53, '04:14:00', '04:59:00'), (984, 206, 'New Workshop', 'Really great workshop, you have to take part in.', 99, 90.25, '18:14:00', '20:14:00'), (985, 206, 'During Workshop', 'Really great workshop, you have to take part in.', 68, 62.98, '01:58:00', '03:28:00'), (986, 206, 'Recent Workshop', 'Really great workshop, you have to take part in.', 68, 31.01, '00:29:00', '01:59:00'), (987, 206, 'Red Workshop', 'Really great workshop, you have to take part in.', 71, 38.63, '19:01:00', '20:01:00'), (988, 206, 'Every Workshop', 'Really great workshop, you have to take part in.', 23, 46.56, '21:56:00', '23:26:00'), (989, 206, 'Hospital Workshop', 'Really great workshop, you have to take part in.', 31, 91.83, '18:09:00', '18:54:00'), (990, 207, 'Game Workshop', 'Really great workshop, you have to take part in.', 41, 93.9, '19:39:00', '20:24:00'), (991, 207, 'Market Workshop', 'Really great workshop, you have to take part in.', 269, 87.02, '11:07:00', '13:07:00'), (992, 207, 'Way Workshop', 'Really great workshop, you have to take part in.', 54, 43.95, '01:27:00', '02:27:00'), (993, 207, 'Unite Workshop', 'Really great workshop, you have to take part in.', 131, 62.37, '01:12:00', '02:12:00'), (994, 207, 'Miss Workshop', 'Really great workshop, you have to take part in.', 150, 71.08, '15:01:00', '15:46:00'), (995, 207, 'Put Workshop', 'Really great workshop, you have to take part in.', 84, 31.05, '06:31:00', '08:01:00'), (996, 207, 'Date Workshop', 'Really great workshop, you have to take part in.', 132, 40.88, '13:13:00', '15:13:00'), (997, 207, 'Picture Workshop', 'Really great workshop, you have to take part in.', 194, 23.92, '03:32:00', '05:02:00'), (998, 209, 'Major Workshop', 'Really great workshop, you have to take part in.', 180, 48.67, '15:56:00', '17:56:00'), (999, 209, 'Some Workshop', 'Really great workshop, you have to take part in.', 196, 23.65, '17:44:00', '19:14:00'), (1000, 210, 'Life Workshop', 'Really great workshop, you have to take part in.', 218, 25.24, '07:29:00', '09:29:00'), (1001, 210, 'Programme Workshop', 'Really great workshop, you have to take part in.', 86, 76.69, '10:40:00', '12:10:00'), (1002, 210, 'Whole Workshop', 'Really great workshop, you have to take part in.', 236, 28.12, '18:28:00', '20:28:00'), (1003, 211, 'Active Workshop', 'Really great workshop, you have to take part in.', 132, 36.84, '00:35:00', '02:05:00'), (1004, 211, 'Cheap Workshop', 'Really great workshop, you have to take part in.', 22, 14.53, '22:48:00', '23:33:00'), (1005, 211, 'Claim Workshop', 'Really great workshop, you have to take part in.', 175, 60.94, '13:26:00', '15:26:00'), (1006, 211, 'System Workshop', 'Really great workshop, you have to take part in.', 168, 51.77, '13:36:00', '15:06:00'), (1007, 211, 'Learn Workshop', 'Really great workshop, you have to take part in.', 49, 28.77, '18:03:00', '19:03:00'), (1008, 211, 'Elect Workshop', 'Really great workshop, you have to take part in.', 215, 22.6, '04:41:00', '06:11:00'), (1009, 211, 'Bring Workshop', 'Really great workshop, you have to take part in.', 78, 39.08, '17:46:00', '19:46:00'), (1010, 211, 'Enter Workshop', 'Really great workshop, you have to take part in.', 64, 49.99, '17:54:00', '19:54:00'), (1011, 212, 'You Workshop', 'Really great workshop, you have to take part in.', 108, 51.16, '02:30:00', '03:15:00'), (1012, 212, 'Enter Workshop', 'Really great workshop, you have to take part in.', 378, 88.99, '05:49:00', '07:19:00'), (1013, 213, 'Say Workshop', 'Really great workshop, you have to take part in.', 202, 71.94, '08:18:00', '09:48:00'), (1014, 213, 'Hear Workshop', 'Really great workshop, you have to take part in.', 281, 34.35, '05:32:00', '06:32:00'), (1015, 213, 'Town Workshop', 'Really great workshop, you have to take part in.', 51, 33.71, '21:22:00', '22:07:00'), (1016, 213, 'Company Workshop', 'Really great workshop, you have to take part in.', 73, 91.41, '13:53:00', '14:38:00'), (1017, 213, 'Income Workshop', 'Really great workshop, you have to take part in.', 10, 99.65, '00:10:00', '00:55:00'), (1018, 213, 'Heavy Workshop', 'Really great workshop, you have to take part in.', 425, 26.23, '03:23:00', '04:23:00'), (1019, 213, 'Encourage Workshop', 'Really great workshop, you have to take part in.', 300, 18.81, '17:06:00', '18:36:00'), (1020, 213, 'Unless Workshop', 'Really great workshop, you have to take part in.', 150, 90.98, '16:49:00', '17:34:00'), (1021, 213, 'Process Workshop', 'Really great workshop, you have to take part in.', 227, 69.99, '05:18:00', '06:48:00'), (1022, 214, 'Figure Workshop', 'Really great workshop, you have to take part in.', 85, 43.78, '19:29:00', '21:29:00'), (1023, 214, 'Police Workshop', 'Really great workshop, you have to take part in.', 17, 85.79, '00:51:00', '02:51:00'), (1024, 214, 'Transport Workshop', 'Really great workshop, you have to take part in.', 143, 71.0, '12:12:00', '13:42:00'), (1025, 214, 'Enter Workshop', 'Really great workshop, you have to take part in.', 73, 71.71, '09:47:00', '11:17:00'), (1026, 214, 'Die Workshop', 'Really great workshop, you have to take part in.', 19, 96.84, '02:28:00', '03:28:00'), (1027, 214, 'Can Workshop', 'Really great workshop, you have to take part in.', 179, 70.14, '11:05:00', '12:35:00'), (1028, 214, 'Eat Workshop', 'Really great workshop, you have to take part in.', 126, 53.91, '06:06:00', '07:06:00'), (1029, 215, 'Pass Workshop', 'Really great workshop, you have to take part in.', 428, 42.67, '00:01:00', '01:31:00'), (1030, 215, 'Language Workshop', 'Really great workshop, you have to take part in.', 320, 25.66, '08:59:00', '09:44:00'), (1031, 216, 'Wear Workshop', 'Really great workshop, you have to take part in.', 162, 85.18, '13:14:00', '14:44:00'), (1032, 216, 'Meaning Workshop', 'Really great workshop, you have to take part in.', 143, 75.66, '06:09:00', '08:09:00'), (1033, 216, 'Come Workshop', 'Really great workshop, you have to take part in.', 50, 80.77, '01:16:00', '02:01:00'), (1034, 216, 'Feed Workshop', 'Really great workshop, you have to take part in.', 424, 38.92, '01:25:00', '02:25:00'), (1035, 216, 'This Workshop', 'Really great workshop, you have to take part in.', 60, 13.28, '07:01:00', '08:01:00'), (1036, 216, 'Fly Workshop', 'Really great workshop, you have to take part in.', 327, 19.25, '06:40:00', '08:40:00'), (1037, 216, 'Receive Workshop', 'Really great workshop, you have to take part in.', 16, 44.45, '05:18:00', '07:18:00'), (1038, 216, 'Like Workshop', 'Really great workshop, you have to take part in.', 116, 71.4, '18:29:00', '20:29:00'), (1039, 216, 'Speak Workshop', 'Really great workshop, you have to take part in.', 290, 85.15, '22:27:00', '23:27:00'), (1040, 216, 'Paint Workshop', 'Really great workshop, you have to take part in.', 419, 93.26, '16:00:00', '17:30:00'), (1041, 217, 'Sunday Workshop', 'Really great workshop, you have to take part in.', 248, 49.7, '08:47:00', '09:47:00'), (1042, 217, 'North Workshop', 'Really great workshop, you have to take part in.', 140, 76.8, '03:22:00', '04:22:00'), (1043, 217, 'Card Workshop', 'Really great workshop, you have to take part in.', 23, 84.52, '00:15:00', '01:00:00'), (1044, 217, 'Egg Workshop', 'Really great workshop, you have to take part in.', 313, 75.75, '20:00:00', '20:45:00'), (1045, 217, 'Bet Workshop', 'Really great workshop, you have to take part in.', 134, 94.43, '10:43:00', '11:43:00'), (1046, 217, 'Mother Workshop', 'Really great workshop, you have to take part in.', 222, 49.31, '14:31:00', '15:31:00'), (1047, 217, 'Hot Workshop', 'Really great workshop, you have to take part in.', 143, 30.42, '05:22:00', '06:22:00'), (1048, 217, 'Associate Workshop', 'Really great workshop, you have to take part in.', 310, 98.7, '04:03:00', '05:03:00'), (1049, 217, 'Force Workshop', 'Really great workshop, you have to take part in.', 100, 62.41, '11:59:00', '12:44:00'), (1050, 218, 'District Workshop', 'Really great workshop, you have to take part in.', 157, 72.19, '00:45:00', '02:15:00'), (1051, 218, 'Bag Workshop', 'Really great workshop, you have to take part in.', 197, 74.19, '21:38:00', '23:38:00'), (1052, 218, 'Lead Workshop', 'Really great workshop, you have to take part in.', 123, 70.04, '04:09:00', '04:54:00'), (1053, 218, 'Miss Workshop', 'Really great workshop, you have to take part in.', 193, 59.29, '19:44:00', '21:44:00'), (1054, 218, 'Gas Workshop', 'Really great workshop, you have to take part in.', 416, 70.54, '14:59:00', '15:59:00'), (1055, 218, 'Recommend Workshop', 'Really great workshop, you have to take part in.', 274, 58.07, '16:31:00', '18:31:00'), (1056, 218, 'Condition Workshop', 'Really great workshop, you have to take part in.', 94, 90.99, '06:19:00', '07:49:00'), (1057, 218, 'Insure Workshop', 'Really great workshop, you have to take part in.', 132, 22.07, '04:27:00', '06:27:00'), (1058, 218, 'View Workshop', 'Really great workshop, you have to take part in.', 325, 42.43, '07:30:00', '08:15:00'), (1059, 219, 'Across Workshop', 'Really great workshop, you have to take part in.', 108, 26.22, '20:30:00', '22:30:00'), (1060, 219, 'Film Workshop', 'Really great workshop, you have to take part in.', 30, 69.39, '09:38:00', '10:23:00'), (1061, 219, 'Otherwise Workshop', 'Really great workshop, you have to take part in.', 162, 80.62, '07:28:00', '08:58:00'), (1062, 219, 'Rid Workshop', 'Really great workshop, you have to take part in.', 343, 94.67, '02:39:00', '04:39:00'), (1063, 219, 'If Workshop', 'Really great workshop, you have to take part in.', 157, 54.89, '16:46:00', '18:46:00'), (1064, 219, 'Television Workshop', 'Really great workshop, you have to take part in.', 83, 97.9, '19:33:00', '20:18:00'), (1065, 219, 'Boat Workshop', 'Really great workshop, you have to take part in.', 143, 26.84, '17:00:00', '18:00:00'), (1066, 219, 'Husband Workshop', 'Really great workshop, you have to take part in.', 115, 41.42, '12:56:00', '14:26:00'), (1067, 219, 'Exist Workshop', 'Really great workshop, you have to take part in.', 248, 52.19, '11:07:00', '13:07:00'), (1068, 219, 'Water Workshop', 'Really great workshop, you have to take part in.', 305, 32.42, '14:52:00', '16:52:00'), (1069, 220, 'Would Workshop', 'Really great workshop, you have to take part in.', 403, 48.38, '06:54:00', '07:54:00'), (1070, 220, 'During Workshop', 'Really great workshop, you have to take part in.', 152, 30.23, '02:38:00', '04:38:00'), (1071, 220, 'Product Workshop', 'Really great workshop, you have to take part in.', 284, 86.87, '01:35:00', '02:35:00'), (1072, 220, 'Into Workshop', 'Really great workshop, you have to take part in.', 128, 29.62, '03:13:00', '04:13:00'), (1073, 220, 'Colleague Workshop', 'Really great workshop, you have to take part in.', 152, 50.44, '21:24:00', '22:54:00'), (1074, 220, 'Real Workshop', 'Really great workshop, you have to take part in.', 157, 93.41, '11:12:00', '12:42:00'), (1075, 221, 'Consider Workshop', 'Really great workshop, you have to take part in.', 70, 11.65, '07:52:00', '09:22:00'), (1076, 221, 'Record Workshop', 'Really great workshop, you have to take part in.', 339, 19.59, '18:19:00', '19:19:00'), (1077, 222, 'Round Workshop', 'Really great workshop, you have to take part in.', 377, 98.78, '04:56:00', '05:56:00'), (1078, 222, 'Between Workshop', 'Really great workshop, you have to take part in.', 189, 77.55, '14:43:00', '15:43:00'), (1079, 222, 'Week Workshop', 'Really great workshop, you have to take part in.', 336, 47.61, '00:38:00', '02:08:00'), (1080, 223, 'Know Workshop', 'Really great workshop, you have to take part in.', 16, 30.34, '06:30:00', '08:00:00'), (1081, 223, 'About Workshop', 'Really great workshop, you have to take part in.', 82, 30.87, '20:05:00', '21:35:00'), (1082, 223, 'Prepare Workshop', 'Really great workshop, you have to take part in.', 176, 64.16, '03:15:00', '05:15:00'), (1083, 223, 'Comment Workshop', 'Really great workshop, you have to take part in.', 103, 35.85, '10:45:00', '12:45:00'), (1084, 223, 'Choose Workshop', 'Really great workshop, you have to take part in.', 62, 67.54, '22:12:00', '23:12:00'), (1085, 223, 'Pardon Workshop', 'Really great workshop, you have to take part in.', 102, 97.8, '12:44:00', '13:44:00'), (1086, 223, 'Five Workshop', 'Really great workshop, you have to take part in.', 35, 86.65, '04:12:00', '05:42:00'), (1087, 223, 'Short Workshop', 'Really great workshop, you have to take part in.', 122, 84.75, '15:55:00', '17:25:00'), (1088, 224, 'Lady Workshop', 'Really great workshop, you have to take part in.', 36, 53.66, '11:16:00', '12:16:00'), (1089, 224, 'Bit Workshop', 'Really great workshop, you have to take part in.', 137, 29.79, '13:23:00', '14:23:00'), (1090, 224, 'Next Workshop', 'Really great workshop, you have to take part in.', 128, 95.85, '21:07:00', '22:07:00'), (1091, 224, 'Poor Workshop', 'Really great workshop, you have to take part in.', 16, 46.41, '02:58:00', '04:28:00'), (1092, 224, 'Wrong Workshop', 'Really great workshop, you have to take part in.', 16, 16.67, '16:37:00', '18:07:00'), (1093, 224, 'Become Workshop', 'Really great workshop, you have to take part in.', 139, 38.24, '08:37:00', '10:37:00'), (1094, 225, 'Lady Workshop', 'Really great workshop, you have to take part in.', 79, 80.92, '08:13:00', '10:13:00'), (1095, 225, 'Blood Workshop', 'Really great workshop, you have to take part in.', 310, 15.47, '10:14:00', '11:14:00'), (1096, 225, 'Same Workshop', 'Really great workshop, you have to take part in.', 111, 90.99, '15:25:00', '16:25:00'), (1097, 225, 'Great Workshop', 'Really great workshop, you have to take part in.', 62, 40.36, '09:36:00', '10:21:00'), (1098, 225, 'Colleague Workshop', 'Really great workshop, you have to take part in.', 413, 64.65, '21:41:00', '22:26:00'), (1099, 225, 'Light Workshop', 'Really great workshop, you have to take part in.', 249, 72.04, '22:30:00', '23:30:00'), (1100, 225, 'Month Workshop', 'Really great workshop, you have to take part in.', 316, 47.58, '10:35:00', '11:20:00'), (1101, 226, 'Quid Workshop', 'Really great workshop, you have to take part in.', 46, 84.09, '12:10:00', '12:55:00'), (1102, 226, 'Produce Workshop', 'Really great workshop, you have to take part in.', 124, 94.24, '17:34:00', '19:34:00'), (1103, 226, 'Judge Workshop', 'Really great workshop, you have to take part in.', 106, 59.62, '09:59:00', '10:59:00'), (1104, 226, 'Tend Workshop', 'Really great workshop, you have to take part in.', 79, 35.8, '07:33:00', '08:33:00'), (1105, 227, 'Centre Workshop', 'Really great workshop, you have to take part in.', 141, 71.32, '21:24:00', '22:09:00'), (1106, 227, 'Police Workshop', 'Really great workshop, you have to take part in.', 133, 48.11, '02:25:00', '03:55:00'), (1107, 227, 'Although Workshop', 'Really great workshop, you have to take part in.', 128, 32.34, '00:40:00', '02:10:00'), (1108, 227, 'Transport Workshop', 'Really great workshop, you have to take part in.', 39, 72.51, '13:00:00', '14:00:00'), (1109, 227, 'They Workshop', 'Really great workshop, you have to take part in.', 36, 68.3, '05:06:00', '06:06:00'), (1110, 228, 'Future Workshop', 'Really great workshop, you have to take part in.', 179, 69.6, '06:59:00', '08:29:00'), (1111, 228, 'Particular Workshop', 'Really great workshop, you have to take part in.', 84, 95.43, '08:00:00', '09:30:00'), (1112, 228, 'Love Workshop', 'Really great workshop, you have to take part in.', 26, 23.28, '01:11:00', '02:11:00'), (1113, 229, 'Drive Workshop', 'Really great workshop, you have to take part in.', 245, 30.11, '05:40:00', '07:40:00'), (1114, 229, 'Write Workshop', 'Really great workshop, you have to take part in.', 133, 28.38, '21:07:00', '22:07:00'), (1115, 229, 'Sale Workshop', 'Really great workshop, you have to take part in.', 261, 32.42, '15:08:00', '16:08:00'), (1116, 229, 'Hate Workshop', 'Really great workshop, you have to take part in.', 46, 22.89, '14:16:00', '15:01:00'), (1117, 229, 'Then Workshop', 'Really great workshop, you have to take part in.', 195, 81.76, '11:37:00', '13:37:00'), (1118, 229, 'Watch Workshop', 'Really great workshop, you have to take part in.', 379, 67.07, '08:24:00', '09:09:00'), (1119, 229, 'Service Workshop', 'Really great workshop, you have to take part in.', 208, 45.48, '18:44:00', '19:29:00'), (1120, 229, 'Language Workshop', 'Really great workshop, you have to take part in.', 59, 67.46, '01:18:00', '02:48:00'), (1121, 229, 'Do Workshop', 'Really great workshop, you have to take part in.', 106, 56.18, '20:36:00', '21:21:00'), (1122, 231, 'Miss Workshop', 'Really great workshop, you have to take part in.', 211, 67.51, '07:52:00', '09:22:00'), (1123, 231, 'Open Workshop', 'Really great workshop, you have to take part in.', 348, 75.35, '06:44:00', '07:44:00'), (1124, 231, 'Power Workshop', 'Really great workshop, you have to take part in.', 76, 89.58, '23:21:00', '00:21:00'), (1125, 231, 'Centre Workshop', 'Really great workshop, you have to take part in.', 51, 16.59, '05:03:00', '05:48:00'), (1126, 231, 'Condition Workshop', 'Really great workshop, you have to take part in.', 185, 23.86, '02:10:00', '03:10:00'), (1127, 232, 'Condition Workshop', 'Really great workshop, you have to take part in.', 178, 60.2, '03:04:00', '05:04:00'), (1128, 232, 'Before Workshop', 'Really great workshop, you have to take part in.', 232, 21.92, '06:27:00', '08:27:00'), (1129, 232, 'Service Workshop', 'Really great workshop, you have to take part in.', 132, 42.13, '08:06:00', '08:51:00'), (1130, 232, 'Double Workshop', 'Really great workshop, you have to take part in.', 109, 51.94, '18:50:00', '20:20:00'), (1131, 233, 'Full Workshop', 'Really great workshop, you have to take part in.', 127, 18.6, '19:32:00', '21:02:00'), (1132, 233, 'How Workshop', 'Really great workshop, you have to take part in.', 230, 96.03, '09:52:00', '10:37:00'), (1133, 233, 'Lad Workshop', 'Really great workshop, you have to take part in.', 21, 43.55, '04:43:00', '06:13:00'), (1134, 233, 'Thirty Workshop', 'Really great workshop, you have to take part in.', 64, 34.42, '08:23:00', '09:53:00'), (1135, 233, 'Amount Workshop', 'Really great workshop, you have to take part in.', 155, 86.03, '19:42:00', '20:27:00'), (1136, 233, 'Hospital Workshop', 'Really great workshop, you have to take part in.', 168, 85.51, '08:01:00', '09:31:00'), (1137, 233, 'Age Workshop', 'Really great workshop, you have to take part in.', 188, 30.16, '08:06:00', '10:06:00'), (1138, 235, 'Walk Workshop', 'Really great workshop, you have to take part in.', 117, 75.79, '00:13:00', '01:43:00'), (1139, 235, 'Street Workshop', 'Really great workshop, you have to take part in.', 278, 10.15, '16:49:00', '18:49:00'), (1140, 235, 'Try Workshop', 'Really great workshop, you have to take part in.', 87, 66.55, '10:48:00', '11:48:00'), (1141, 235, 'Beauty Workshop', 'Really great workshop, you have to take part in.', 12, 67.81, '03:00:00', '04:00:00'), (1142, 235, 'She Workshop', 'Really great workshop, you have to take part in.', 378, 43.97, '09:12:00', '10:42:00'), (1143, 235, 'Five Workshop', 'Really great workshop, you have to take part in.', 390, 13.49, '17:55:00', '18:40:00'), (1144, 235, 'Worry Workshop', 'Really great workshop, you have to take part in.', 325, 44.67, '20:28:00', '22:28:00'), (1145, 235, 'Consider Workshop', 'Really great workshop, you have to take part in.', 140, 92.49, '16:20:00', '18:20:00'), (1146, 236, 'Kid Workshop', 'Really great workshop, you have to take part in.', 241, 52.65, '05:36:00', '06:21:00'), (1147, 236, 'Hate Workshop', 'Really great workshop, you have to take part in.', 124, 21.85, '00:23:00', '02:23:00'), (1148, 236, 'Experience Workshop', 'Really great workshop, you have to take part in.', 151, 13.11, '00:21:00', '01:21:00'), (1149, 236, 'Ever Workshop', 'Really great workshop, you have to take part in.', 332, 11.0, '11:16:00', '12:01:00'), (1150, 237, 'Page Workshop', 'Really great workshop, you have to take part in.', 86, 61.42, '03:26:00', '04:56:00'), (1151, 237, 'Holiday Workshop', 'Really great workshop, you have to take part in.', 68, 74.97, '20:47:00', '21:32:00'), (1152, 238, 'Check Workshop', 'Really great workshop, you have to take part in.', 98, 79.59, '08:01:00', '09:01:00'), (1153, 238, 'Sit Workshop', 'Really great workshop, you have to take part in.', 28, 23.07, '04:47:00', '06:17:00'), (1154, 238, 'Care Workshop', 'Really great workshop, you have to take part in.', 93, 92.51, '23:17:00', '00:02:00'), (1155, 238, 'Holiday Workshop', 'Really great workshop, you have to take part in.', 91, 47.63, '13:11:00', '14:11:00'), (1156, 239, 'Which Workshop', 'Really great workshop, you have to take part in.', 30, 92.23, '06:05:00', '08:05:00'), (1157, 239, 'View Workshop', 'Really great workshop, you have to take part in.', 39, 47.06, '03:17:00', '04:47:00'), (1158, 239, 'Germany Workshop', 'Really great workshop, you have to take part in.', 35, 73.01, '19:55:00', '20:40:00'), (1159, 239, 'Hold Workshop', 'Really great workshop, you have to take part in.', 85, 20.88, '00:38:00', '01:38:00'), (1160, 239, 'Tree Workshop', 'Really great workshop, you have to take part in.', 113, 22.58, '10:21:00', '12:21:00'), (1161, 239, 'Than Workshop', 'Really great workshop, you have to take part in.', 58, 77.59, '12:46:00', '13:31:00'), (1162, 239, 'Seem Workshop', 'Really great workshop, you have to take part in.', 78, 71.44, '00:08:00', '00:53:00'), (1163, 239, 'Family Workshop', 'Really great workshop, you have to take part in.', 16, 62.59, '04:21:00', '05:06:00'), (1164, 239, 'Summer Workshop', 'Really great workshop, you have to take part in.', 107, 70.28, '19:58:00', '20:58:00'), (1165, 240, 'Individual Workshop', 'Really great workshop, you have to take part in.', 31, 69.64, '12:28:00', '13:28:00'), (1166, 240, 'System Workshop', 'Really great workshop, you have to take part in.', 70, 36.09, '01:59:00', '03:29:00'), (1167, 240, 'Rid Workshop', 'Really great workshop, you have to take part in.', 58, 13.92, '17:50:00', '18:50:00'), (1168, 241, 'Finish Workshop', 'Really great workshop, you have to take part in.', 104, 49.29, '13:47:00', '14:32:00'), (1169, 241, 'Shoot Workshop', 'Really great workshop, you have to take part in.', 138, 79.2, '19:42:00', '20:27:00'), (1170, 241, 'Cent Workshop', 'Really great workshop, you have to take part in.', 122, 38.39, '06:26:00', '07:26:00'), (1171, 242, 'Agree Workshop', 'Really great workshop, you have to take part in.', 82, 65.91, '11:25:00', '12:55:00'), (1172, 242, 'Wait Workshop', 'Really great workshop, you have to take part in.', 121, 18.04, '01:41:00', '02:26:00'), (1173, 242, 'Dinner Workshop', 'Really great workshop, you have to take part in.', 12, 59.34, '08:04:00', '10:04:00'), (1174, 242, 'Open Workshop', 'Really great workshop, you have to take part in.', 26, 95.1, '19:26:00', '21:26:00'), (1175, 242, 'Site Workshop', 'Really great workshop, you have to take part in.', 78, 46.79, '19:32:00', '20:32:00'), (1176, 242, 'Settle Workshop', 'Really great workshop, you have to take part in.', 75, 70.19, '03:02:00', '03:47:00'), (1177, 242, 'Hot Workshop', 'Really great workshop, you have to take part in.', 78, 32.85, '06:57:00', '08:27:00'), (1178, 242, 'Go Workshop', 'Really great workshop, you have to take part in.', 44, 18.74, '00:02:00', '01:32:00'), (1179, 242, 'Few Workshop', 'Really great workshop, you have to take part in.', 64, 67.98, '14:06:00', '15:06:00'), (1180, 244, 'He Workshop', 'Really great workshop, you have to take part in.', 334, 23.15, '08:16:00', '09:16:00'), (1181, 244, 'Engine Workshop', 'Really great workshop, you have to take part in.', 141, 66.03, '04:02:00', '05:02:00'), (1182, 245, 'View Workshop', 'Really great workshop, you have to take part in.', 66, 45.06, '12:22:00', '13:52:00'), (1183, 248, 'Require Workshop', 'Really great workshop, you have to take part in.', 16, 71.73, '12:24:00', '13:54:00'), (1184, 248, 'Pull Workshop', 'Really great workshop, you have to take part in.', 90, 90.95, '08:13:00', '10:13:00'), (1185, 248, 'Soon Workshop', 'Really great workshop, you have to take part in.', 104, 52.02, '23:15:00', '01:15:00'), (1186, 248, 'Remember Workshop', 'Really great workshop, you have to take part in.', 69, 20.6, '10:01:00', '10:46:00'), (1187, 248, 'Go Workshop', 'Really great workshop, you have to take part in.', 133, 56.61, '18:51:00', '20:21:00'), (1188, 248, 'Write Workshop', 'Really great workshop, you have to take part in.', 109, 13.59, '08:17:00', '09:47:00'), (1189, 248, 'Mention Workshop', 'Really great workshop, you have to take part in.', 135, 56.86, '00:32:00', '02:02:00'), (1190, 249, 'East Workshop', 'Really great workshop, you have to take part in.', 185, 56.2, '04:48:00', '05:33:00'), (1191, 249, 'Half Workshop', 'Really great workshop, you have to take part in.', 132, 79.03, '18:29:00', '19:59:00'), (1192, 249, 'Opportunity Workshop', 'Really great workshop, you have to take part in.', 35, 49.64, '17:04:00', '17:49:00'), (1193, 249, 'Charge Workshop', 'Really great workshop, you have to take part in.', 179, 82.08, '04:34:00', '06:04:00'), (1194, 249, 'Figure Workshop', 'Really great workshop, you have to take part in.', 217, 56.82, '21:20:00', '22:05:00'), (1195, 249, 'Tax Workshop', 'Really great workshop, you have to take part in.', 132, 13.92, '16:24:00', '17:54:00'), (1196, 250, 'Appear Workshop', 'Really great workshop, you have to take part in.', 297, 34.39, '21:32:00', '23:02:00'), (1197, 250, 'Minute Workshop', 'Really great workshop, you have to take part in.', 107, 87.88, '21:14:00', '22:14:00'), (1198, 250, 'Type Workshop', 'Really great workshop, you have to take part in.', 43, 34.31, '16:50:00', '17:35:00'), (1199, 250, 'University Workshop', 'Really great workshop, you have to take part in.', 86, 90.17, '12:56:00', '13:41:00'), (1200, 250, 'Major Workshop', 'Really great workshop, you have to take part in.', 97, 45.46, '19:57:00', '21:57:00'), (1201, 250, 'Actual Workshop', 'Really great workshop, you have to take part in.', 215, 47.46, '16:14:00', '16:59:00'), (1202, 251, 'Home Workshop', 'Really great workshop, you have to take part in.', 69, 58.85, '00:45:00', '02:15:00'), (1203, 251, 'Read Workshop', 'Really great workshop, you have to take part in.', 19, 54.19, '11:08:00', '13:08:00'), (1204, 251, 'Tomorrow Workshop', 'Really great workshop, you have to take part in.', 78, 70.52, '00:46:00', '02:46:00'), (1205, 251, 'Divide Workshop', 'Really great workshop, you have to take part in.', 99, 25.44, '19:17:00', '20:17:00'), (1206, 251, 'Grow Workshop', 'Really great workshop, you have to take part in.', 51, 88.3, '22:22:00', '23:22:00'), (1207, 252, 'Radio Workshop', 'Really great workshop, you have to take part in.', 214, 45.36, '03:36:00', '05:06:00'), (1208, 252, 'Cake Workshop', 'Really great workshop, you have to take part in.', 435, 98.2, '23:35:00', '01:35:00'), (1209, 252, 'Which Workshop', 'Really great workshop, you have to take part in.', 173, 26.98, '08:38:00', '09:23:00'), (1210, 252, 'Could Workshop', 'Really great workshop, you have to take part in.', 423, 92.88, '16:36:00', '17:36:00'), (1211, 252, 'Less Workshop', 'Really great workshop, you have to take part in.', 396, 58.58, '17:38:00', '19:08:00'), (1212, 252, 'Finish Workshop', 'Really great workshop, you have to take part in.', 186, 61.45, '02:41:00', '04:11:00'), (1213, 252, 'Agent Workshop', 'Really great workshop, you have to take part in.', 32, 72.5, '11:38:00', '12:23:00'), (1214, 253, 'Comment Workshop', 'Really great workshop, you have to take part in.', 111, 68.31, '07:30:00', '08:15:00'), (1215, 253, 'Than Workshop', 'Really great workshop, you have to take part in.', 66, 97.45, '07:20:00', '08:20:00'), (1216, 253, 'Case Workshop', 'Really great workshop, you have to take part in.', 196, 92.36, '03:26:00', '04:26:00'), (1217, 253, 'Money Workshop', 'Really great workshop, you have to take part in.', 62, 86.96, '11:55:00', '13:25:00'), (1218, 253, 'Club Workshop', 'Really great workshop, you have to take part in.', 193, 33.31, '05:16:00', '06:16:00'), (1219, 253, 'Today Workshop', 'Really great workshop, you have to take part in.', 53, 57.38, '03:56:00', '04:41:00'), (1220, 254, 'Necessary Workshop', 'Really great workshop, you have to take part in.', 196, 15.64, '01:53:00', '03:23:00'), (1221, 254, 'Same Workshop', 'Really great workshop, you have to take part in.', 65, 68.65, '14:47:00', '15:32:00'), (1222, 254, 'Choose Workshop', 'Really great workshop, you have to take part in.', 10, 64.35, '13:50:00', '15:50:00'), (1223, 254, 'Expect Workshop', 'Really great workshop, you have to take part in.', 207, 17.44, '02:58:00', '04:28:00'), (1224, 254, 'Less Workshop', 'Really great workshop, you have to take part in.', 212, 58.49, '00:02:00', '02:02:00'), (1225, 254, 'Job Workshop', 'Really great workshop, you have to take part in.', 25, 32.35, '05:27:00', '06:12:00'), (1226, 254, 'Converse Workshop', 'Really great workshop, you have to take part in.', 107, 59.84, '05:31:00', '06:31:00'), (1227, 255, 'Equal Workshop', 'Really great workshop, you have to take part in.', 19, 48.01, '18:15:00', '19:00:00'), (1228, 256, 'Cost Workshop', 'Really great workshop, you have to take part in.', 452, 71.61, '07:07:00', '09:07:00'), (1229, 256, 'Million Workshop', 'Really great workshop, you have to take part in.', 357, 90.6, '19:30:00', '20:30:00'), (1230, 256, 'Admit Workshop', 'Really great workshop, you have to take part in.', 310, 55.53, '12:06:00', '13:06:00'), (1231, 256, 'Real Workshop', 'Really great workshop, you have to take part in.', 275, 32.58, '05:43:00', '06:43:00'), (1232, 256, 'Secretary Workshop', 'Really great workshop, you have to take part in.', 182, 62.79, '18:24:00', '19:54:00'), (1233, 257, 'Market Workshop', 'Really great workshop, you have to take part in.', 355, 85.68, '15:28:00', '17:28:00'), (1234, 257, 'Slight Workshop', 'Really great workshop, you have to take part in.', 18, 30.92, '01:33:00', '03:03:00'), (1235, 257, 'Out Workshop', 'Really great workshop, you have to take part in.', 429, 42.91, '13:28:00', '14:13:00'), (1236, 257, 'Past Workshop', 'Really great workshop, you have to take part in.', 78, 94.5, '03:00:00', '04:00:00'), (1237, 257, 'Worry Workshop', 'Really great workshop, you have to take part in.', 12, 62.91, '11:23:00', '12:53:00'), (1238, 257, 'Dad Workshop', 'Really great workshop, you have to take part in.', 485, 12.4, '03:09:00', '05:09:00'), (1239, 257, 'Spend Workshop', 'Really great workshop, you have to take part in.', 452, 61.97, '11:27:00', '12:57:00'), (1240, 257, 'Hullo Workshop', 'Really great workshop, you have to take part in.', 152, 72.45, '22:28:00', '23:28:00'), (1241, 258, 'Without Workshop', 'Really great workshop, you have to take part in.', 251, 90.22, '05:04:00', '06:34:00'), (1242, 258, 'Shoot Workshop', 'Really great workshop, you have to take part in.', 108, 67.93, '09:43:00', '11:43:00'), (1243, 258, 'Fact Workshop', 'Really great workshop, you have to take part in.', 394, 24.23, '16:31:00', '18:31:00'), (1244, 258, 'Switch Workshop', 'Really great workshop, you have to take part in.', 175, 80.99, '01:32:00', '02:17:00'), (1245, 259, 'Alright Workshop', 'Really great workshop, you have to take part in.', 170, 85.57, '22:31:00', '23:16:00'), (1246, 259, 'Compare Workshop', 'Really great workshop, you have to take part in.', 16, 10.5, '00:59:00', '02:29:00'), (1247, 259, 'Bag Workshop', 'Really great workshop, you have to take part in.', 84, 61.28, '17:12:00', '18:42:00'), (1248, 259, 'Provide Workshop', 'Really great workshop, you have to take part in.', 161, 80.25, '06:26:00', '08:26:00'), (1249, 259, 'Size Workshop', 'Really great workshop, you have to take part in.', 160, 18.83, '20:09:00', '21:09:00'), (1250, 259, 'Expect Workshop', 'Really great workshop, you have to take part in.', 172, 73.59, '17:30:00', '18:15:00'), (1251, 259, 'Want Workshop', 'Really great workshop, you have to take part in.', 83, 35.9, '22:10:00', '23:10:00'), (1252, 259, 'Work Workshop', 'Really great workshop, you have to take part in.', 168, 48.39, '07:18:00', '08:18:00'), (1253, 259, 'Across Workshop', 'Really great workshop, you have to take part in.', 44, 28.61, '15:52:00', '17:52:00'), (1254, 260, 'Size Workshop', 'Really great workshop, you have to take part in.', 31, 88.03, '01:56:00', '03:56:00'), (1255, 260, 'Please Workshop', 'Really great workshop, you have to take part in.', 67, 11.91, '20:31:00', '22:31:00'), (1256, 260, 'Doctor Workshop', 'Really great workshop, you have to take part in.', 166, 28.64, '13:15:00', '14:45:00'), (1257, 260, 'Hit Workshop', 'Really great workshop, you have to take part in.', 101, 87.63, '19:28:00', '20:13:00'), (1258, 260, 'Remember Workshop', 'Really great workshop, you have to take part in.', 35, 69.73, '09:42:00', '10:42:00'), (1259, 260, 'Educate Workshop', 'Really great workshop, you have to take part in.', 24, 61.91, '10:36:00', '12:36:00'), (1260, 260, 'Dad Workshop', 'Really great workshop, you have to take part in.', 96, 94.4, '14:43:00', '16:13:00'), (1261, 261, 'News Workshop', 'Really great workshop, you have to take part in.', 260, 78.72, '06:31:00', '08:01:00'), (1262, 261, 'Bother Workshop', 'Really great workshop, you have to take part in.', 187, 31.88, '19:55:00', '21:55:00'), (1263, 261, 'Hall Workshop', 'Really great workshop, you have to take part in.', 410, 97.84, '03:50:00', '04:35:00'), (1264, 261, 'Represent Workshop', 'Really great workshop, you have to take part in.', 279, 58.04, '23:14:00', '23:59:00'), (1265, 261, 'Thursday Workshop', 'Really great workshop, you have to take part in.', 91, 96.11, '21:40:00', '23:10:00'), (1266, 262, 'Line Workshop', 'Really great workshop, you have to take part in.', 270, 94.27, '23:01:00', '00:31:00'), (1267, 262, 'Luck Workshop', 'Really great workshop, you have to take part in.', 119, 38.38, '19:09:00', '21:09:00'), (1268, 262, 'But Workshop', 'Really great workshop, you have to take part in.', 120, 33.43, '09:24:00', '10:54:00'), (1269, 262, 'Lay Workshop', 'Really great workshop, you have to take part in.', 29, 75.7, '06:04:00', '07:34:00'), (1270, 262, 'Press Workshop', 'Really great workshop, you have to take part in.', 298, 70.85, '09:07:00', '11:07:00'), (1271, 262, 'Be Workshop', 'Really great workshop, you have to take part in.', 186, 68.15, '17:08:00', '19:08:00'), (1272, 262, 'Woman Workshop', 'Really great workshop, you have to take part in.', 172, 35.0, '03:30:00', '04:15:00'), (1273, 262, 'Lose Workshop', 'Really great workshop, you have to take part in.', 249, 12.37, '22:28:00', '23:58:00'), (1274, 262, 'Bottle Workshop', 'Really great workshop, you have to take part in.', 121, 92.25, '07:10:00', '08:40:00'), (1275, 263, 'Than Workshop', 'Really great workshop, you have to take part in.', 298, 90.32, '04:39:00', '05:24:00'), (1276, 263, 'Mention Workshop', 'Really great workshop, you have to take part in.', 348, 66.65, '09:22:00', '10:22:00'), (1277, 263, 'Copy Workshop', 'Really great workshop, you have to take part in.', 58, 24.22, '22:17:00', '00:17:00'), (1278, 263, 'Educate Workshop', 'Really great workshop, you have to take part in.', 160, 49.09, '04:40:00', '05:40:00'), (1279, 263, 'Luck Workshop', 'Really great workshop, you have to take part in.', 398, 29.5, '06:40:00', '07:25:00'), (1280, 263, 'Heart Workshop', 'Really great workshop, you have to take part in.', 257, 73.15, '03:16:00', '04:46:00'), (1281, 263, 'Afternoon Workshop', 'Really great workshop, you have to take part in.', 183, 43.73, '15:41:00', '17:41:00'), (1282, 264, 'So Workshop', 'Really great workshop, you have to take part in.', 357, 46.98, '20:30:00', '22:00:00'), (1283, 264, 'Council Workshop', 'Really great workshop, you have to take part in.', 340, 29.74, '02:14:00', '04:14:00'), (1284, 264, 'Throw Workshop', 'Really great workshop, you have to take part in.', 211, 11.61, '14:20:00', '15:20:00'), (1285, 264, 'Hang Workshop', 'Really great workshop, you have to take part in.', 308, 26.41, '08:59:00', '10:29:00'), (1286, 264, 'Under Workshop', 'Really great workshop, you have to take part in.', 297, 86.29, '16:03:00', '18:03:00'), (1287, 264, 'Tree Workshop', 'Really great workshop, you have to take part in.', 182, 21.89, '09:37:00', '11:07:00'), (1288, 265, 'Issue Workshop', 'Really great workshop, you have to take part in.', 80, 63.93, '12:37:00', '13:37:00'), (1289, 265, 'Accept Workshop', 'Really great workshop, you have to take part in.', 259, 93.31, '23:10:00', '00:40:00'), (1290, 265, 'Tape Workshop', 'Really great workshop, you have to take part in.', 88, 50.85, '22:02:00', '00:02:00'), (1291, 265, 'Which Workshop', 'Really great workshop, you have to take part in.', 233, 88.01, '08:26:00', '09:26:00'), (1292, 265, 'Should Workshop', 'Really great workshop, you have to take part in.', 124, 16.65, '09:20:00', '10:50:00'), (1293, 265, 'Week Workshop', 'Really great workshop, you have to take part in.', 125, 81.34, '08:38:00', '10:38:00'), (1294, 265, 'Common Workshop', 'Really great workshop, you have to take part in.', 393, 98.43, '18:57:00', '20:57:00'), (1295, 265, 'Shop Workshop', 'Really great workshop, you have to take part in.', 140, 48.85, '04:14:00', '06:14:00'), (1296, 267, 'Absolute Workshop', 'Really great workshop, you have to take part in.', 65, 94.33, '07:39:00', '09:39:00'), (1297, 267, 'English Workshop', 'Really great workshop, you have to take part in.', 150, 24.56, '07:29:00', '09:29:00'), (1298, 267, 'Away Workshop', 'Really great workshop, you have to take part in.', 359, 73.6, '13:43:00', '15:43:00'), (1299, 267, 'Sale Workshop', 'Really great workshop, you have to take part in.', 265, 44.46, '03:45:00', '05:15:00'), (1300, 267, 'Brilliant Workshop', 'Really great workshop, you have to take part in.', 335, 53.04, '16:16:00', '17:01:00'), (1301, 267, 'Two Workshop', 'Really great workshop, you have to take part in.', 126, 87.78, '17:15:00', '18:00:00'), (1302, 268, 'Down Workshop', 'Really great workshop, you have to take part in.', 360, 15.4, '01:48:00', '02:33:00'), (1303, 269, 'Cold Workshop', 'Really great workshop, you have to take part in.', 117, 16.52, '07:10:00', '09:10:00'), (1304, 269, 'Bottom Workshop', 'Really great workshop, you have to take part in.', 121, 19.44, '21:58:00', '23:58:00'), (1305, 269, 'Decision Workshop', 'Really great workshop, you have to take part in.', 16, 68.79, '18:52:00', '20:22:00'), (1306, 269, 'Control Workshop', 'Really great workshop, you have to take part in.', 144, 68.43, '05:16:00', '07:16:00'), (1307, 269, 'Hundred Workshop', 'Really great workshop, you have to take part in.', 181, 45.08, '14:19:00', '15:19:00'), (1308, 269, 'Much Workshop', 'Really great workshop, you have to take part in.', 81, 40.66, '14:01:00', '15:01:00'), (1309, 271, 'Aware Workshop', 'Really great workshop, you have to take part in.', 137, 12.52, '06:36:00', '07:21:00'), (1310, 272, 'Corner Workshop', 'Really great workshop, you have to take part in.', 39, 49.63, '14:40:00', '15:25:00'), (1311, 272, 'Deal Workshop', 'Really great workshop, you have to take part in.', 42, 75.0, '00:52:00', '02:22:00'), (1312, 272, 'Industry Workshop', 'Really great workshop, you have to take part in.', 122, 77.63, '17:13:00', '19:13:00'), (1313, 273, 'High Workshop', 'Really great workshop, you have to take part in.', 260, 67.88, '14:29:00', '15:59:00'), (1314, 273, 'Course Workshop', 'Really great workshop, you have to take part in.', 60, 87.66, '13:13:00', '14:43:00'), (1315, 273, 'Concern Workshop', 'Really great workshop, you have to take part in.', 67, 45.79, '07:14:00', '09:14:00'), (1316, 273, 'While Workshop', 'Really great workshop, you have to take part in.', 159, 52.11, '00:22:00', '02:22:00'), (1317, 274, 'Heart Workshop', 'Really great workshop, you have to take part in.', 105, 31.39, '03:50:00', '05:50:00'), (1318, 274, 'Birth Workshop', 'Really great workshop, you have to take part in.', 341, 58.06, '04:27:00', '06:27:00'), (1319, 274, 'Project Workshop', 'Really great workshop, you have to take part in.', 212, 22.39, '01:58:00', '03:58:00'), (1320, 274, 'Baby Workshop', 'Really great workshop, you have to take part in.', 55, 25.17, '18:47:00', '20:17:00'), (1321, 274, 'Inside Workshop', 'Really great workshop, you have to take part in.', 228, 33.53, '02:41:00', '04:11:00'), (1322, 275, 'White Workshop', 'Really great workshop, you have to take part in.', 28, 14.53, '11:34:00', '13:34:00'), (1323, 276, 'Record Workshop', 'Really great workshop, you have to take part in.', 189, 19.66, '19:48:00', '21:18:00'), (1324, 276, 'Stand Workshop', 'Really great workshop, you have to take part in.', 174, 43.6, '13:48:00', '15:18:00'), (1325, 277, 'Degree Workshop', 'Really great workshop, you have to take part in.', 255, 87.12, '15:06:00', '16:06:00'), (1326, 277, 'Double Workshop', 'Really great workshop, you have to take part in.', 19, 40.11, '21:32:00', '22:32:00'), (1327, 277, 'Visit Workshop', 'Really great workshop, you have to take part in.', 133, 25.39, '15:22:00', '16:22:00'), (1328, 277, 'Certain Workshop', 'Really great workshop, you have to take part in.', 181, 93.25, '01:42:00', '03:12:00'), (1329, 277, 'Knock Workshop', 'Really great workshop, you have to take part in.', 92, 82.46, '20:16:00', '21:46:00'), (1330, 277, 'Finish Workshop', 'Really great workshop, you have to take part in.', 29, 36.31, '15:26:00', '16:11:00'), (1331, 277, 'Pair Workshop', 'Really great workshop, you have to take part in.', 126, 43.58, '01:23:00', '03:23:00'), (1332, 277, 'Much Workshop', 'Really great workshop, you have to take part in.', 271, 47.91, '06:54:00', '07:39:00'), (1333, 277, 'Way Workshop', 'Really great workshop, you have to take part in.', 221, 40.78, '14:22:00', '15:07:00'), (1334, 277, 'Even Workshop', 'Really great workshop, you have to take part in.', 335, 98.31, '04:14:00', '04:59:00'), (1335, 279, 'Lose Workshop', 'Really great workshop, you have to take part in.', 42, 88.58, '17:47:00', '18:32:00'), (1336, 280, 'Past Workshop', 'Really great workshop, you have to take part in.', 56, 76.89, '22:04:00', '23:34:00'), (1337, 280, 'Rate Workshop', 'Really great workshop, you have to take part in.', 359, 52.53, '11:35:00', '13:05:00'), (1338, 280, 'Hang Workshop', 'Really great workshop, you have to take part in.', 164, 93.12, '08:56:00', '10:26:00'), (1339, 282, 'Tonight Workshop', 'Really great workshop, you have to take part in.', 107, 79.41, '23:22:00', '00:52:00'), (1340, 282, 'Stand Workshop', 'Really great workshop, you have to take part in.', 32, 58.0, '14:23:00', '16:23:00'), (1341, 282, 'Party Workshop', 'Really great workshop, you have to take part in.', 188, 83.76, '10:22:00', '11:52:00'), (1342, 282, 'Stop Workshop', 'Really great workshop, you have to take part in.', 96, 59.82, '21:21:00', '22:06:00'), (1343, 282, 'Level Workshop', 'Really great workshop, you have to take part in.', 60, 37.82, '06:40:00', '07:40:00'), (1344, 282, 'Catch Workshop', 'Really great workshop, you have to take part in.', 19, 82.65, '15:52:00', '17:52:00'), (1345, 282, 'Comment Workshop', 'Really great workshop, you have to take part in.', 178, 45.42, '04:58:00', '05:58:00'), (1346, 282, 'He Workshop', 'Really great workshop, you have to take part in.', 78, 12.89, '21:00:00', '23:00:00'), (1347, 282, 'Move Workshop', 'Really great workshop, you have to take part in.', 82, 76.49, '02:43:00', '03:43:00'), (1348, 282, 'Bus Workshop', 'Really great workshop, you have to take part in.', 241, 71.59, '03:36:00', '05:06:00'), (1349, 283, 'Insure Workshop', 'Really great workshop, you have to take part in.', 138, 85.79, '07:48:00', '08:48:00'), (1350, 283, 'Nine Workshop', 'Really great workshop, you have to take part in.', 90, 10.6, '01:23:00', '02:08:00'), (1351, 283, 'Sorry Workshop', 'Really great workshop, you have to take part in.', 136, 89.63, '01:12:00', '03:12:00'), (1352, 283, 'Start Workshop', 'Really great workshop, you have to take part in.', 29, 26.3, '06:15:00', '07:00:00'), (1353, 283, 'Unit Workshop', 'Really great workshop, you have to take part in.', 176, 53.08, '23:40:00', '01:40:00'), (1354, 283, 'Instead Workshop', 'Really great workshop, you have to take part in.', 97, 65.73, '03:50:00', '04:50:00'), (1355, 283, 'Make Workshop', 'Really great workshop, you have to take part in.', 177, 15.23, '22:49:00', '00:49:00'), (1356, 283, 'Care Workshop', 'Really great workshop, you have to take part in.', 96, 30.17, '01:52:00', '03:22:00'), (1357, 285, 'Awful Workshop', 'Really great workshop, you have to take part in.', 224, 15.04, '16:39:00', '17:39:00'), (1358, 285, 'Quite Workshop', 'Really great workshop, you have to take part in.', 236, 13.58, '16:53:00', '18:53:00'), (1359, 285, 'Propose Workshop', 'Really great workshop, you have to take part in.', 128, 76.89, '03:42:00', '04:27:00'), (1360, 285, 'Refer Workshop', 'Really great workshop, you have to take part in.', 161, 98.98, '03:05:00', '04:05:00'), (1361, 285, 'Trouble Workshop', 'Really great workshop, you have to take part in.', 227, 44.72, '00:29:00', '01:29:00'), (1362, 285, 'Cup Workshop', 'Really great workshop, you have to take part in.', 96, 47.29, '01:18:00', '02:48:00'), (1363, 285, 'Equal Workshop', 'Really great workshop, you have to take part in.', 115, 64.44, '22:33:00', '00:33:00'), (1364, 285, 'Dinner Workshop', 'Really great workshop, you have to take part in.', 91, 91.61, '20:19:00', '22:19:00'), (1365, 285, 'Without Workshop', 'Really great workshop, you have to take part in.', 168, 84.19, '11:26:00', '13:26:00'), (1366, 285, 'Large Workshop', 'Really great workshop, you have to take part in.', 138, 97.54, '10:29:00', '11:29:00'), (1367, 286, 'Available Workshop', 'Really great workshop, you have to take part in.', 19, 86.21, '14:38:00', '16:08:00'), (1368, 286, 'Increase Workshop', 'Really great workshop, you have to take part in.', 107, 29.9, '16:34:00', '18:34:00'), (1369, 286, 'Programme Workshop', 'Really great workshop, you have to take part in.', 99, 11.9, '07:57:00', '09:57:00'), (1370, 286, 'Treat Workshop', 'Really great workshop, you have to take part in.', 120, 58.02, '12:02:00', '12:47:00'), (1371, 286, 'Reason Workshop', 'Really great workshop, you have to take part in.', 210, 57.95, '09:56:00', '11:26:00'), (1372, 286, 'Question Workshop', 'Really great workshop, you have to take part in.', 185, 42.8, '18:56:00', '20:56:00'), (1373, 286, 'Thirty Workshop', 'Really great workshop, you have to take part in.', 31, 60.35, '00:09:00', '01:39:00'), (1374, 286, 'Because Workshop', 'Really great workshop, you have to take part in.', 150, 22.86, '01:53:00', '03:23:00'), (1375, 286, 'Think Workshop', 'Really great workshop, you have to take part in.', 123, 81.62, '12:02:00', '13:32:00'), (1376, 286, 'Pretty Workshop', 'Really great workshop, you have to take part in.', 127, 14.58, '02:24:00', '03:54:00'), (1377, 287, 'Print Workshop', 'Really great workshop, you have to take part in.', 105, 80.28, '02:20:00', '03:05:00'), (1378, 287, 'Contact Workshop', 'Really great workshop, you have to take part in.', 97, 52.11, '10:53:00', '12:53:00'), (1379, 287, 'Glass Workshop', 'Really great workshop, you have to take part in.', 101, 63.56, '19:31:00', '20:31:00'), (1380, 287, 'Argue Workshop', 'Really great workshop, you have to take part in.', 59, 86.65, '22:29:00', '23:14:00'), (1381, 287, 'Give Workshop', 'Really great workshop, you have to take part in.', 56, 10.59, '13:45:00', '14:45:00'), (1382, 288, 'Politic Workshop', 'Really great workshop, you have to take part in.', 194, 32.9, '10:18:00', '11:03:00'), (1383, 288, 'Wrong Workshop', 'Really great workshop, you have to take part in.', 70, 67.51, '19:11:00', '21:11:00'), (1384, 288, 'Dress Workshop', 'Really great workshop, you have to take part in.', 66, 73.1, '05:30:00', '07:00:00'), (1385, 288, 'Write Workshop', 'Really great workshop, you have to take part in.', 157, 60.16, '01:41:00', '02:41:00'), (1386, 288, 'Three Workshop', 'Really great workshop, you have to take part in.', 166, 65.68, '21:55:00', '23:55:00'), (1387, 288, 'Help Workshop', 'Really great workshop, you have to take part in.', 10, 60.61, '00:47:00', '01:47:00'), (1388, 288, 'Food Workshop', 'Really great workshop, you have to take part in.', 203, 29.61, '18:42:00', '19:27:00'), (1389, 288, 'Charge Workshop', 'Really great workshop, you have to take part in.', 242, 17.77, '07:04:00', '08:04:00'), (1390, 293, 'House Workshop', 'Really great workshop, you have to take part in.', 125, 48.97, '20:34:00', '21:19:00'), (1391, 293, 'Other Workshop', 'Really great workshop, you have to take part in.', 89, 45.26, '16:43:00', '17:43:00'), (1392, 293, 'Red Workshop', 'Really great workshop, you have to take part in.', 23, 98.83, '21:41:00', '23:41:00'), (1393, 293, 'Marry Workshop', 'Really great workshop, you have to take part in.', 157, 21.5, '08:40:00', '10:10:00'), (1394, 293, 'Weigh Workshop', 'Really great workshop, you have to take part in.', 147, 44.18, '10:31:00', '11:16:00'), (1395, 293, 'Purpose Workshop', 'Really great workshop, you have to take part in.', 61, 59.61, '07:48:00', '09:48:00'), (1396, 293, 'Number Workshop', 'Really great workshop, you have to take part in.', 29, 95.52, '07:11:00', '09:11:00'), (1397, 293, 'Bottom Workshop', 'Really great workshop, you have to take part in.', 23, 10.65, '11:04:00', '13:04:00'), (1398, 293, 'Keep Workshop', 'Really great workshop, you have to take part in.', 152, 83.79, '17:56:00', '19:26:00'), (1399, 294, 'List Workshop', 'Really great workshop, you have to take part in.', 192, 76.79, '16:22:00', '17:07:00'), (1400, 294, 'Converse Workshop', 'Really great workshop, you have to take part in.', 152, 85.15, '03:56:00', '05:56:00'), (1401, 294, 'High Workshop', 'Really great workshop, you have to take part in.', 239, 80.16, '11:06:00', '12:36:00'), (1402, 294, 'Milk Workshop', 'Really great workshop, you have to take part in.', 69, 99.03, '23:39:00', '00:39:00'), (1403, 294, 'Hit Workshop', 'Really great workshop, you have to take part in.', 339, 40.98, '14:07:00', '15:37:00'), (1404, 294, 'Pay Workshop', 'Really great workshop, you have to take part in.', 287, 53.01, '15:45:00', '16:45:00'), (1405, 294, 'Complete Workshop', 'Really great workshop, you have to take part in.', 38, 95.05, '13:02:00', '14:32:00'), (1406, 294, 'Along Workshop', 'Really great workshop, you have to take part in.', 347, 90.5, '11:33:00', '12:18:00'), (1407, 295, 'Start Workshop', 'Really great workshop, you have to take part in.', 99, 95.71, '09:00:00', '10:30:00'), (1408, 296, 'Judge Workshop', 'Really great workshop, you have to take part in.', 29, 23.54, '13:16:00', '14:16:00'), (1409, 297, 'Keep Workshop', 'Really great workshop, you have to take part in.', 149, 91.14, '19:18:00', '20:03:00'), (1410, 297, 'Otherwise Workshop', 'Really great workshop, you have to take part in.', 16, 36.18, '05:44:00', '06:29:00'), (1411, 297, 'End Workshop', 'Really great workshop, you have to take part in.', 139, 68.65, '20:03:00', '20:48:00'), (1412, 298, 'Work Workshop', 'Really great workshop, you have to take part in.', 88, 97.51, '01:21:00', '02:21:00'), (1413, 298, 'Region Workshop', 'Really great workshop, you have to take part in.', 10, 72.67, '08:37:00', '09:37:00'), (1414, 298, 'Arrange Workshop', 'Really great workshop, you have to take part in.', 149, 73.27, '00:02:00', '01:32:00'), (1415, 298, 'Nation Workshop', 'Really great workshop, you have to take part in.', 100, 86.14, '07:06:00', '08:06:00'), (1416, 298, 'Figure Workshop', 'Really great workshop, you have to take part in.', 346, 21.8, '16:48:00', '18:48:00'), (1417, 299, 'Inside Workshop', 'Really great workshop, you have to take part in.', 381, 22.56, '14:45:00', '16:45:00'), (1418, 299, 'Secretary Workshop', 'Really great workshop, you have to take part in.', 214, 47.65, '20:15:00', '21:45:00'), (1419, 299, 'Serve Workshop', 'Really great workshop, you have to take part in.', 157, 51.53, '01:00:00', '02:30:00'), (1420, 300, 'Improve Workshop', 'Really great workshop, you have to take part in.', 217, 94.51, '14:10:00', '16:10:00'), (1421, 300, 'Fit Workshop', 'Really great workshop, you have to take part in.', 224, 95.4, '16:33:00', '17:33:00'), (1422, 300, 'Presume Workshop', 'Really great workshop, you have to take part in.', 228, 81.92, '14:21:00', '16:21:00'), (1423, 300, 'Deal Workshop', 'Really great workshop, you have to take part in.', 236, 29.94, '22:07:00', '00:07:00'), (1424, 300, 'Inform Workshop', 'Really great workshop, you have to take part in.', 171, 89.36, '22:48:00', '00:48:00'), (1425, 300, 'Right Workshop', 'Really great workshop, you have to take part in.', 273, 62.68, '23:24:00', '00:09:00'), (1426, 300, 'Allow Workshop', 'Really great workshop, you have to take part in.', 12, 46.47, '08:03:00', '08:48:00'), (1427, 300, 'Increase Workshop', 'Really great workshop, you have to take part in.', 151, 54.74, '16:00:00', '17:30:00'), (1428, 300, 'Market Workshop', 'Really great workshop, you have to take part in.', 248, 14.24, '07:44:00', '09:14:00'), (1429, 300, 'Yesterday Workshop', 'Really great workshop, you have to take part in.', 307, 65.44, '04:45:00', '06:15:00'), (1430, 301, 'Expect Workshop', 'Really great workshop, you have to take part in.', 120, 47.35, '21:03:00', '23:03:00'), (1431, 301, 'Provide Workshop', 'Really great workshop, you have to take part in.', 201, 67.21, '08:52:00', '10:52:00'), (1432, 301, 'Load Workshop', 'Really great workshop, you have to take part in.', 173, 49.8, '06:26:00', '07:26:00'), (1433, 302, 'Age Workshop', 'Really great workshop, you have to take part in.', 67, 47.93, '09:25:00', '10:55:00'), (1434, 302, 'Comment Workshop', 'Really great workshop, you have to take part in.', 40, 17.75, '03:52:00', '04:37:00'), (1435, 302, 'Touch Workshop', 'Really great workshop, you have to take part in.', 63, 79.05, '13:24:00', '15:24:00'), (1436, 302, 'Recognize Workshop', 'Really great workshop, you have to take part in.', 32, 13.93, '22:34:00', '00:04:00'), (1437, 302, 'Judge Workshop', 'Really great workshop, you have to take part in.', 65, 36.3, '15:53:00', '16:38:00'), (1438, 302, 'Compare Workshop', 'Really great workshop, you have to take part in.', 20, 46.15, '21:35:00', '23:05:00'), (1439, 302, 'Labour Workshop', 'Really great workshop, you have to take part in.', 50, 78.18, '08:22:00', '09:52:00'), (1440, 302, 'Ask Workshop', 'Really great workshop, you have to take part in.', 14, 14.4, '13:16:00', '15:16:00'), (1441, 303, 'Table Workshop', 'Really great workshop, you have to take part in.', 89, 28.94, '17:54:00', '18:39:00'), (1442, 303, 'Weigh Workshop', 'Really great workshop, you have to take part in.', 14, 37.14, '15:46:00', '16:31:00'), (1443, 303, 'Active Workshop', 'Really great workshop, you have to take part in.', 91, 82.64, '05:02:00', '07:02:00'), (1444, 303, 'Come Workshop', 'Really great workshop, you have to take part in.', 97, 77.4, '00:40:00', '01:40:00'), (1445, 303, 'Have Workshop', 'Really great workshop, you have to take part in.', 167, 92.81, '06:17:00', '07:47:00'), (1446, 303, 'Maybe Workshop', 'Really great workshop, you have to take part in.', 145, 31.25, '19:58:00', '21:28:00'), (1447, 303, 'Would Workshop', 'Really great workshop, you have to take part in.', 144, 33.05, '14:57:00', '15:57:00'), (1448, 303, 'Learn Workshop', 'Really great workshop, you have to take part in.', 97, 65.38, '14:23:00', '15:08:00'), (1449, 303, 'Sleep Workshop', 'Really great workshop, you have to take part in.', 13, 66.49, '02:29:00', '03:29:00'), (1450, 303, 'Stop Workshop', 'Really great workshop, you have to take part in.', 75, 68.9, '13:39:00', '15:09:00'), (1451, 304, 'Future Workshop', 'Really great workshop, you have to take part in.', 84, 15.98, '18:21:00', '19:06:00'), (1452, 304, 'Heat Workshop', 'Really great workshop, you have to take part in.', 116, 51.24, '15:04:00', '16:34:00'), (1453, 304, 'Purpose Workshop', 'Really great workshop, you have to take part in.', 68, 96.53, '10:45:00', '12:45:00'), (1454, 304, 'Start Workshop', 'Really great workshop, you have to take part in.', 96, 21.68, '17:13:00', '18:13:00'), (1455, 304, 'Prepare Workshop', 'Really great workshop, you have to take part in.', 90, 77.28, '22:22:00', '23:22:00'), (1456, 304, 'Tree Workshop', 'Really great workshop, you have to take part in.', 28, 81.02, '20:39:00', '21:39:00'), (1457, 304, 'Boy Workshop', 'Really great workshop, you have to take part in.', 64, 88.32, '08:04:00', '09:34:00'), (1458, 304, 'Stupid Workshop', 'Really great workshop, you have to take part in.', 39, 52.97, '04:16:00', '05:46:00'), (1459, 304, 'News Workshop', 'Really great workshop, you have to take part in.', 110, 50.4, '23:28:00', '00:58:00'), (1460, 305, 'Free Workshop', 'Really great workshop, you have to take part in.', 241, 41.45, '11:00:00', '12:30:00'), (1461, 305, 'Speak Workshop', 'Really great workshop, you have to take part in.', 271, 72.55, '01:04:00', '02:04:00'), (1462, 305, 'Goodbye Workshop', 'Really great workshop, you have to take part in.', 255, 94.86, '12:31:00', '13:16:00'), (1463, 305, 'Prepare Workshop', 'Really great workshop, you have to take part in.', 215, 71.59, '05:14:00', '07:14:00'), (1464, 305, 'Win Workshop', 'Really great workshop, you have to take part in.', 297, 84.0, '23:49:00', '01:49:00'), (1465, 305, 'Person Workshop', 'Really great workshop, you have to take part in.', 164, 30.9, '13:54:00', '15:24:00'), (1466, 305, 'University Workshop', 'Really great workshop, you have to take part in.', 212, 85.99, '02:54:00', '03:54:00'), (1467, 305, 'Concern Workshop', 'Really great workshop, you have to take part in.', 242, 61.13, '15:07:00', '16:07:00'), (1468, 305, 'Board Workshop', 'Really great workshop, you have to take part in.', 286, 37.51, '13:31:00', '14:31:00'), (1469, 305, 'Save Workshop', 'Really great workshop, you have to take part in.', 315, 39.26, '01:16:00', '03:16:00'), (1470, 306, 'Face Workshop', 'Really great workshop, you have to take part in.', 438, 22.22, '07:47:00', '08:32:00'), (1471, 306, 'Big Workshop', 'Really great workshop, you have to take part in.', 162, 65.75, '06:12:00', '07:12:00'), (1472, 306, 'Prepare Workshop', 'Really great workshop, you have to take part in.', 416, 64.1, '07:26:00', '08:11:00'), (1473, 306, 'None Workshop', 'Really great workshop, you have to take part in.', 439, 51.28, '12:54:00', '14:24:00'), (1474, 306, 'Fish Workshop', 'Really great workshop, you have to take part in.', 333, 54.9, '00:01:00', '00:46:00'), (1475, 306, 'Roll Workshop', 'Really great workshop, you have to take part in.', 96, 71.15, '13:01:00', '13:46:00'), (1476, 306, 'Seem Workshop', 'Really great workshop, you have to take part in.', 13, 75.18, '05:25:00', '07:25:00'), (1477, 306, 'Individual Workshop', 'Really great workshop, you have to take part in.', 325, 17.81, '00:14:00', '02:14:00'), (1478, 306, 'Figure Workshop', 'Really great workshop, you have to take part in.', 355, 79.47, '18:47:00', '20:17:00'), (1479, 306, 'Line Workshop', 'Really great workshop, you have to take part in.', 357, 32.07, '15:47:00', '17:17:00'), (1480, 307, 'Wear Workshop', 'Really great workshop, you have to take part in.', 233, 54.45, '17:21:00', '18:51:00'), (1481, 307, 'Same Workshop', 'Really great workshop, you have to take part in.', 215, 71.06, '15:54:00', '17:54:00'), (1482, 307, 'Around Workshop', 'Really great workshop, you have to take part in.', 92, 55.12, '09:45:00', '11:15:00'), (1483, 307, 'Little Workshop', 'Really great workshop, you have to take part in.', 218, 53.2, '21:01:00', '22:01:00'), (1484, 308, 'Tuesday Workshop', 'Really great workshop, you have to take part in.', 148, 48.64, '06:13:00', '08:13:00'), (1485, 308, 'Role Workshop', 'Really great workshop, you have to take part in.', 224, 68.0, '14:52:00', '15:37:00'), (1486, 308, 'Cost Workshop', 'Really great workshop, you have to take part in.', 92, 94.55, '23:07:00', '01:07:00'), (1487, 308, 'Britain Workshop', 'Really great workshop, you have to take part in.', 32, 89.6, '18:23:00', '19:53:00'), (1488, 308, 'Rule Workshop', 'Really great workshop, you have to take part in.', 52, 72.62, '08:48:00', '10:48:00'), (1489, 308, 'Settle Workshop', 'Really great workshop, you have to take part in.', 73, 59.99, '15:14:00', '15:59:00'), (1490, 309, 'Strategy Workshop', 'Really great workshop, you have to take part in.', 144, 54.75, '23:47:00', '01:17:00'), (1491, 309, 'Bus Workshop', 'Really great workshop, you have to take part in.', 242, 44.43, '10:40:00', '11:25:00'), (1492, 309, 'Because Workshop', 'Really great workshop, you have to take part in.', 86, 69.84, '03:54:00', '05:54:00'), (1493, 309, 'Weigh Workshop', 'Really great workshop, you have to take part in.', 37, 63.34, '22:36:00', '00:06:00'), (1494, 311, 'Other Workshop', 'Really great workshop, you have to take part in.', 154, 16.47, '06:48:00', '08:48:00'), (1495, 311, 'Control Workshop', 'Really great workshop, you have to take part in.', 222, 56.97, '19:00:00', '20:00:00'), (1496, 311, 'Machine Workshop', 'Really great workshop, you have to take part in.', 119, 18.78, '03:32:00', '05:02:00'), (1497, 311, 'South Workshop', 'Really great workshop, you have to take part in.', 140, 52.72, '07:09:00', '09:09:00'), (1498, 311, 'County Workshop', 'Really great workshop, you have to take part in.', 121, 54.96, '14:24:00', '16:24:00'), (1499, 311, 'Good Workshop', 'Really great workshop, you have to take part in.', 219, 73.5, '00:51:00', '01:36:00'), (1500, 312, 'Speed Workshop', 'Really great workshop, you have to take part in.', 67, 80.13, '15:51:00', '16:51:00'), (1501, 312, 'Think Workshop', 'Really great workshop, you have to take part in.', 70, 17.87, '02:49:00', '03:34:00'), (1502, 312, 'Scotland Workshop', 'Really great workshop, you have to take part in.', 15, 23.41, '16:42:00', '18:12:00'), (1503, 312, 'Best Workshop', 'Really great workshop, you have to take part in.', 43, 78.94, '20:10:00', '22:10:00'), (1504, 312, 'Top Workshop', 'Really great workshop, you have to take part in.', 111, 38.08, '22:17:00', '23:17:00'), (1505, 313, 'Count Workshop', 'Really great workshop, you have to take part in.', 88, 45.82, '10:02:00', '11:32:00'), (1506, 313, 'Role Workshop', 'Really great workshop, you have to take part in.', 73, 36.1, '04:31:00', '06:31:00'), (1507, 313, 'Staff Workshop', 'Really great workshop, you have to take part in.', 35, 18.25, '08:26:00', '09:26:00'), (1508, 313, 'Paragraph Workshop', 'Really great workshop, you have to take part in.', 20, 83.26, '12:50:00', '14:20:00'), (1509, 313, 'Monday Workshop', 'Really great workshop, you have to take part in.', 96, 74.29, '23:45:00', '01:45:00'), (1510, 313, 'Farm Workshop', 'Really great workshop, you have to take part in.', 120, 34.03, '05:04:00', '06:34:00'), (1511, 313, 'Card Workshop', 'Really great workshop, you have to take part in.', 113, 97.69, '00:18:00', '01:18:00'), (1512, 313, 'Client Workshop', 'Really great workshop, you have to take part in.', 104, 65.26, '05:16:00', '07:16:00'), (1513, 313, 'English Workshop', 'Really great workshop, you have to take part in.', 90, 36.95, '19:02:00', '19:47:00'), (1514, 314, 'Street Workshop', 'Really great workshop, you have to take part in.', 295, 31.15, '05:00:00', '06:00:00'), (1515, 314, 'Measure Workshop', 'Really great workshop, you have to take part in.', 55, 97.31, '11:43:00', '12:28:00'), (1516, 314, 'Department Workshop', 'Really great workshop, you have to take part in.', 195, 40.27, '22:00:00', '23:30:00'), (1517, 314, 'Word Workshop', 'Really great workshop, you have to take part in.', 308, 13.07, '10:51:00', '12:51:00'), (1518, 314, 'Beat Workshop', 'Really great workshop, you have to take part in.', 169, 47.87, '06:39:00', '08:09:00'), (1519, 314, 'Wash Workshop', 'Really great workshop, you have to take part in.', 374, 90.18, '19:36:00', '20:21:00'), (1520, 314, 'Future Workshop', 'Really great workshop, you have to take part in.', 40, 14.2, '19:38:00', '21:38:00'), (1521, 314, 'Secure Workshop', 'Really great workshop, you have to take part in.', 171, 12.53, '08:43:00', '10:13:00'), (1522, 314, 'Try Workshop', 'Really great workshop, you have to take part in.', 200, 58.03, '21:18:00', '22:03:00'), (1523, 315, 'Front Workshop', 'Really great workshop, you have to take part in.', 269, 48.82, '23:11:00', '00:41:00'), (1524, 315, 'Business Workshop', 'Really great workshop, you have to take part in.', 305, 88.74, '22:10:00', '23:40:00'), (1525, 315, 'Ever Workshop', 'Really great workshop, you have to take part in.', 266, 47.72, '20:37:00', '22:07:00'), (1526, 315, 'Record Workshop', 'Really great workshop, you have to take part in.', 69, 76.08, '11:19:00', '12:04:00'), (1527, 315, 'Middle Workshop', 'Really great workshop, you have to take part in.', 353, 12.03, '16:26:00', '18:26:00'), (1528, 315, 'Resource Workshop', 'Really great workshop, you have to take part in.', 64, 67.05, '12:48:00', '14:48:00'), (1529, 315, 'Similar Workshop', 'Really great workshop, you have to take part in.', 228, 87.07, '13:01:00', '14:01:00'), (1530, 315, 'Kid Workshop', 'Really great workshop, you have to take part in.', 259, 77.21, '02:17:00', '03:17:00'), (1531, 315, 'With Workshop', 'Really great workshop, you have to take part in.', 399, 13.43, '10:04:00', '10:49:00'), (1532, 316, 'Telephone Workshop', 'Really great workshop, you have to take part in.', 63, 88.97, '12:20:00', '13:50:00'), (1533, 316, 'Wrong Workshop', 'Really great workshop, you have to take part in.', 105, 70.75, '18:09:00', '18:54:00'), (1534, 316, 'Word Workshop', 'Really great workshop, you have to take part in.', 92, 77.72, '20:00:00', '22:00:00')
set identity_insert dbo.workshops off


set identity_insert dbo.reservations on
insert into dbo.reservations (reservation_id, customer_id, reservation_date) values (1, 27, '2017-11-15')
set identity_insert dbo.reservations off

set identity_insert dbo.conference_day_reservations on
insert into dbo.conference_day_reservations (reservation_day_id, conference_day_id, reservation_id, student_attendees, full_price_attendees) values (1, 86, 1, 6, 7)
set identity_insert dbo.conference_day_reservations off

set identity_insert dbo.conference_day_attendees on
insert into dbo.conference_day_attendees (attendee_id, registered_id, reservation_day_id, is_student) values (1, 10, 1, 1)
set identity_insert dbo.conference_day_attendees off

set identity_insert dbo.conference_day_attendees on
insert into dbo.conference_day_attendees (attendee_id, registered_id, reservation_day_id, is_student) values (2, 35, 1, 1)
set identity_insert dbo.conference_day_attendees off

set identity_insert dbo.conference_day_attendees on
insert into dbo.conference_day_attendees (attendee_id, registered_id, reservation_day_id, is_student) values (3, 35, 1, 1)
set identity_insert dbo.conference_day_attendees off

set identity_insert dbo.conference_day_attendees on
insert into dbo.conference_day_attendees (attendee_id, registered_id, reservation_day_id, is_student) values (4, 43, 1, 1)
set identity_insert dbo.conference_day_attendees off

set identity_insert dbo.conference_day_attendees on
insert into dbo.conference_day_attendees (attendee_id, registered_id, reservation_day_id, is_student) values (5, 42, 1, 1)
set identity_insert dbo.conference_day_attendees off

set identity_insert dbo.conference_day_attendees on
insert into dbo.conference_day_attendees (attendee_id, registered_id, reservation_day_id, is_student) values (6, 28, 1, 1)
set identity_insert dbo.conference_day_attendees off

set identity_insert dbo.conference_day_attendees on
insert into dbo.conference_day_attendees (attendee_id, registered_id, reservation_day_id, is_student) values (7, 28, 1, 1)
set identity_insert dbo.conference_day_attendees off

set identity_insert dbo.conference_day_attendees on
insert into dbo.conference_day_attendees (attendee_id, registered_id, reservation_day_id, is_student) values (8, 43, 1, 0)
set identity_insert dbo.conference_day_attendees off

set identity_insert dbo.conference_day_attendees on
insert into dbo.conference_day_attendees (attendee_id, registered_id, reservation_day_id, is_student) values (9, 12, 1, 0)
set identity_insert dbo.conference_day_attendees off

set identity_insert dbo.conference_day_attendees on
insert into dbo.conference_day_attendees (attendee_id, registered_id, reservation_day_id, is_student) values (10, 28, 1, 0)
set identity_insert dbo.conference_day_attendees off

set identity_insert dbo.conference_day_attendees on
insert into dbo.conference_day_attendees (attendee_id, registered_id, reservation_day_id, is_student) values (11, 28, 1, 0)
set identity_insert dbo.conference_day_attendees off

set identity_insert dbo.conference_day_attendees on
insert into dbo.conference_day_attendees (attendee_id, registered_id, reservation_day_id, is_student) values (12, 16, 1, 0)
set identity_insert dbo.conference_day_attendees off

set identity_insert dbo.conference_day_attendees on
insert into dbo.conference_day_attendees (attendee_id, registered_id, reservation_day_id, is_student) values (13, 48, 1, 0)
set identity_insert dbo.conference_day_attendees off

set identity_insert dbo.conference_day_reservations on
insert into dbo.conference_day_reservations (reservation_day_id, conference_day_id, reservation_id, student_attendees, full_price_attendees) values (2, 86, 1, 0, 3)
set identity_insert dbo.conference_day_reservations off

set identity_insert dbo.conference_day_attendees on
insert into dbo.conference_day_attendees (attendee_id, registered_id, reservation_day_id, is_student) values (14, 23, 2, 1)
set identity_insert dbo.conference_day_attendees off

set identity_insert dbo.reservations on
insert into dbo.reservations (reservation_id, customer_id, reservation_date) values (2, 9, '2018-02-10')
set identity_insert dbo.reservations off

set identity_insert dbo.conference_day_reservations on
insert into dbo.conference_day_reservations (reservation_day_id, conference_day_id, reservation_id, student_attendees, full_price_attendees) values (3, 68, 2, 3, 8)
set identity_insert dbo.conference_day_reservations off

set identity_insert dbo.conference_day_attendees on
insert into dbo.conference_day_attendees (attendee_id, registered_id, reservation_day_id, is_student) values (15, 36, 3, 1)
set identity_insert dbo.conference_day_attendees off

set identity_insert dbo.conference_day_attendees on
insert into dbo.conference_day_attendees (attendee_id, registered_id, reservation_day_id, is_student) values (16, 35, 3, 1)
set identity_insert dbo.conference_day_attendees off

set identity_insert dbo.conference_day_attendees on
insert into dbo.conference_day_attendees (attendee_id, registered_id, reservation_day_id, is_student) values (17, 2, 3, 1)
set identity_insert dbo.conference_day_attendees off

set identity_insert dbo.conference_day_attendees on
insert into dbo.conference_day_attendees (attendee_id, registered_id, reservation_day_id, is_student) values (18, 20, 3, 1)
set identity_insert dbo.conference_day_attendees off

set identity_insert dbo.conference_day_attendees on
insert into dbo.conference_day_attendees (attendee_id, registered_id, reservation_day_id, is_student) values (19, 29, 3, 0)
set identity_insert dbo.conference_day_attendees off

set identity_insert dbo.conference_day_attendees on
insert into dbo.conference_day_attendees (attendee_id, registered_id, reservation_day_id, is_student) values (20, 40, 3, 0)
set identity_insert dbo.conference_day_attendees off

set identity_insert dbo.conference_day_attendees on
insert into dbo.conference_day_attendees (attendee_id, registered_id, reservation_day_id, is_student) values (21, 44, 3, 0)
set identity_insert dbo.conference_day_attendees off

set identity_insert dbo.conference_day_attendees on
insert into dbo.conference_day_attendees (attendee_id, registered_id, reservation_day_id, is_student) values (22, 44, 3, 0)
set identity_insert dbo.conference_day_attendees off

set identity_insert dbo.conference_day_attendees on
insert into dbo.conference_day_attendees (attendee_id, registered_id, reservation_day_id, is_student) values (23, 21, 3, 0)
set identity_insert dbo.conference_day_attendees off

set identity_insert dbo.conference_day_attendees on
insert into dbo.conference_day_attendees (attendee_id, registered_id, reservation_day_id, is_student) values (24, 37, 3, 0)
set identity_insert dbo.conference_day_attendees off

set identity_insert dbo.conference_day_attendees on
insert into dbo.conference_day_attendees (attendee_id, registered_id, reservation_day_id, is_student) values (25, 23, 3, 0)
set identity_insert dbo.conference_day_attendees off

set identity_insert dbo.payments on
insert into dbo.payments (payment_id, payment_date, reservation_id, amount) values (1, '2018-01-26', 2, 6066.11)
set identity_insert dbo.payments off

set identity_insert dbo.payments on
insert into dbo.payments (payment_id, payment_date, reservation_id, amount) values (2, '2018-01-26', 2, 1923.61)
set identity_insert dbo.payments off

set identity_insert dbo.payments on
insert into dbo.payments (payment_id, payment_date, reservation_id, amount) values (3, '2018-01-27', 2, 6409.85)
set identity_insert dbo.payments off

set identity_insert dbo.payments on
insert into dbo.payments (payment_id, payment_date, reservation_id, amount) values (4, '2018-02-01', 2, 7328.58)
set identity_insert dbo.payments off

set identity_insert dbo.payments on
insert into dbo.payments (payment_id, payment_date, reservation_id, amount) values (5, '2018-01-24', 2, 8696.85)
set identity_insert dbo.payments off

set identity_insert dbo.payments on
insert into dbo.payments (payment_id, payment_date, reservation_id, amount) values (6, '2018-02-10', 2, 1947.96)
set identity_insert dbo.payments off

set identity_insert dbo.payments on
insert into dbo.payments (payment_id, payment_date, reservation_id, amount) values (7, '2018-01-27', 2, 861.36)
set identity_insert dbo.payments off

set identity_insert dbo.payments on
insert into dbo.payments (payment_id, payment_date, reservation_id, amount) values (8, '2018-01-28', 2, 9920.27)
set identity_insert dbo.payments off

set identity_insert dbo.payments on
insert into dbo.payments (payment_id, payment_date, reservation_id, amount) values (9, '2018-01-23', 2, 289.2)
set identity_insert dbo.payments off

set identity_insert dbo.payments on
insert into dbo.payments (payment_id, payment_date, reservation_id, amount) values (10, '2018-01-24', 2, 168.4)
set identity_insert dbo.payments off

set identity_insert dbo.reservations on
insert into dbo.reservations (reservation_id, customer_id, reservation_date) values (3, 18, '2017-07-01')
set identity_insert dbo.reservations off

set identity_insert dbo.conference_day_reservations on
insert into dbo.conference_day_reservations (reservation_day_id, conference_day_id, reservation_id, student_attendees, full_price_attendees) values (4, 38, 3, 1, 8)
set identity_insert dbo.conference_day_reservations off

set identity_insert dbo.conference_day_attendees on
insert into dbo.conference_day_attendees (attendee_id, registered_id, reservation_day_id, is_student) values (26, 29, 4, 1)
set identity_insert dbo.conference_day_attendees off

set identity_insert dbo.conference_day_attendees on
insert into dbo.conference_day_attendees (attendee_id, registered_id, reservation_day_id, is_student) values (27, 37, 4, 0)
set identity_insert dbo.conference_day_attendees off

set identity_insert dbo.conference_day_attendees on
insert into dbo.conference_day_attendees (attendee_id, registered_id, reservation_day_id, is_student) values (28, 11, 4, 0)
set identity_insert dbo.conference_day_attendees off

set identity_insert dbo.conference_day_attendees on
insert into dbo.conference_day_attendees (attendee_id, registered_id, reservation_day_id, is_student) values (29, 8, 4, 0)
set identity_insert dbo.conference_day_attendees off

set identity_insert dbo.conference_day_attendees on
insert into dbo.conference_day_attendees (attendee_id, registered_id, reservation_day_id, is_student) values (30, 9, 4, 0)
set identity_insert dbo.conference_day_attendees off

set identity_insert dbo.conference_day_reservations on
insert into dbo.conference_day_reservations (reservation_day_id, conference_day_id, reservation_id, student_attendees, full_price_attendees) values (5, 38, 3, 9, 2)
set identity_insert dbo.conference_day_reservations off

set identity_insert dbo.conference_day_attendees on
insert into dbo.conference_day_attendees (attendee_id, registered_id, reservation_day_id, is_student) values (31, 17, 5, 1)
set identity_insert dbo.conference_day_attendees off

set identity_insert dbo.conference_day_attendees on
insert into dbo.conference_day_attendees (attendee_id, registered_id, reservation_day_id, is_student) values (32, 40, 5, 1)
set identity_insert dbo.conference_day_attendees off

set identity_insert dbo.conference_day_attendees on
insert into dbo.conference_day_attendees (attendee_id, registered_id, reservation_day_id, is_student) values (33, 46, 5, 1)
set identity_insert dbo.conference_day_attendees off

set identity_insert dbo.conference_day_attendees on
insert into dbo.conference_day_attendees (attendee_id, registered_id, reservation_day_id, is_student) values (34, 2, 5, 1)
set identity_insert dbo.conference_day_attendees off

set identity_insert dbo.conference_day_reservations on
insert into dbo.conference_day_reservations (reservation_day_id, conference_day_id, reservation_id, student_attendees, full_price_attendees) values (6, 38, 3, 5, 3)
set identity_insert dbo.conference_day_reservations off

set identity_insert dbo.conference_day_attendees on
insert into dbo.conference_day_attendees (attendee_id, registered_id, reservation_day_id, is_student) values (35, 5, 6, 1)
set identity_insert dbo.conference_day_attendees off

set identity_insert dbo.conference_day_attendees on
insert into dbo.conference_day_attendees (attendee_id, registered_id, reservation_day_id, is_student) values (36, 13, 6, 1)
set identity_insert dbo.conference_day_attendees off

set identity_insert dbo.conference_day_attendees on
insert into dbo.conference_day_attendees (attendee_id, registered_id, reservation_day_id, is_student) values (37, 46, 6, 1)
set identity_insert dbo.conference_day_attendees off

set identity_insert dbo.conference_day_attendees on
insert into dbo.conference_day_attendees (attendee_id, registered_id, reservation_day_id, is_student) values (38, 29, 6, 1)
set identity_insert dbo.conference_day_attendees off

set identity_insert dbo.conference_day_attendees on
insert into dbo.conference_day_attendees (attendee_id, registered_id, reservation_day_id, is_student) values (39, 21, 6, 1)
set identity_insert dbo.conference_day_attendees off

set identity_insert dbo.conference_day_attendees on
insert into dbo.conference_day_attendees (attendee_id, registered_id, reservation_day_id, is_student) values (40, 38, 6, 1)
set identity_insert dbo.conference_day_attendees off

set identity_insert dbo.conference_day_attendees on
insert into dbo.conference_day_attendees (attendee_id, registered_id, reservation_day_id, is_student) values (41, 12, 6, 0)
set identity_insert dbo.conference_day_attendees off

set identity_insert dbo.conference_day_attendees on
insert into dbo.conference_day_attendees (attendee_id, registered_id, reservation_day_id, is_student) values (42, 21, 6, 0)
set identity_insert dbo.conference_day_attendees off

set identity_insert dbo.payments on
insert into dbo.payments (payment_id, payment_date, reservation_id, amount) values (11, '2017-06-21', 3, 9382.47)
set identity_insert dbo.payments off

set identity_insert dbo.payments on
insert into dbo.payments (payment_id, payment_date, reservation_id, amount) values (12, '2017-06-18', 3, 995.01)
set identity_insert dbo.payments off

set identity_insert dbo.payments on
insert into dbo.payments (payment_id, payment_date, reservation_id, amount) values (13, '2017-06-19', 3, 1357.43)
set identity_insert dbo.payments off

set identity_insert dbo.payments on
insert into dbo.payments (payment_id, payment_date, reservation_id, amount) values (14, '2017-06-26', 3, 4189.29)
set identity_insert dbo.payments off

set identity_insert dbo.payments on
insert into dbo.payments (payment_id, payment_date, reservation_id, amount) values (15, '2017-06-21', 3, 9430.43)
set identity_insert dbo.payments off

set identity_insert dbo.payments on
insert into dbo.payments (payment_id, payment_date, reservation_id, amount) values (16, '2017-06-29', 3, 1664.73)
set identity_insert dbo.payments off

set identity_insert dbo.reservations on
insert into dbo.reservations (reservation_id, customer_id, reservation_date) values (4, 8, '2018-10-11')
set identity_insert dbo.reservations off

set identity_insert dbo.conference_day_reservations on
insert into dbo.conference_day_reservations (reservation_day_id, conference_day_id, reservation_id, student_attendees, full_price_attendees) values (7, 85, 4, 0, 9)
set identity_insert dbo.conference_day_reservations off

set identity_insert dbo.conference_day_attendees on
insert into dbo.conference_day_attendees (attendee_id, registered_id, reservation_day_id, is_student) values (43, 6, 7, 1)
set identity_insert dbo.conference_day_attendees off

set identity_insert dbo.conference_day_reservations on
insert into dbo.conference_day_reservations (reservation_day_id, conference_day_id, reservation_id, student_attendees, full_price_attendees) values (8, 85, 4, 10, 4)
set identity_insert dbo.conference_day_reservations off

set identity_insert dbo.conference_day_attendees on
insert into dbo.conference_day_attendees (attendee_id, registered_id, reservation_day_id, is_student) values (44, 9, 8, 1)
set identity_insert dbo.conference_day_attendees off

set identity_insert dbo.conference_day_attendees on
insert into dbo.conference_day_attendees (attendee_id, registered_id, reservation_day_id, is_student) values (45, 43, 8, 1)
set identity_insert dbo.conference_day_attendees off

set identity_insert dbo.conference_day_attendees on
insert into dbo.conference_day_attendees (attendee_id, registered_id, reservation_day_id, is_student) values (46, 11, 8, 1)
set identity_insert dbo.conference_day_attendees off

set identity_insert dbo.conference_day_attendees on
insert into dbo.conference_day_attendees (attendee_id, registered_id, reservation_day_id, is_student) values (47, 4, 8, 0)
set identity_insert dbo.conference_day_attendees off

set identity_insert dbo.conference_day_attendees on
insert into dbo.conference_day_attendees (attendee_id, registered_id, reservation_day_id, is_student) values (48, 33, 8, 0)
set identity_insert dbo.conference_day_attendees off

set identity_insert dbo.payments on
insert into dbo.payments (payment_id, payment_date, reservation_id, amount) values (17, '2018-09-04', 4, 4907.66)
set identity_insert dbo.payments off

set identity_insert dbo.payments on
insert into dbo.payments (payment_id, payment_date, reservation_id, amount) values (18, '2018-10-05', 4, 2642.84)
set identity_insert dbo.payments off

set identity_insert dbo.reservations on
insert into dbo.reservations (reservation_id, customer_id, reservation_date) values (5, 8, '2017-12-19')
set identity_insert dbo.reservations off

set identity_insert dbo.conference_day_reservations on
insert into dbo.conference_day_reservations (reservation_day_id, conference_day_id, reservation_id, student_attendees, full_price_attendees) values (9, 16, 5, 4, 2)
set identity_insert dbo.conference_day_reservations off

set identity_insert dbo.conference_day_attendees on
insert into dbo.conference_day_attendees (attendee_id, registered_id, reservation_day_id, is_student) values (49, 13, 9, 1)
set identity_insert dbo.conference_day_attendees off

set identity_insert dbo.conference_day_attendees on
insert into dbo.conference_day_attendees (attendee_id, registered_id, reservation_day_id, is_student) values (50, 25, 9, 1)
set identity_insert dbo.conference_day_attendees off

set identity_insert dbo.conference_day_reservations on
insert into dbo.conference_day_reservations (reservation_day_id, conference_day_id, reservation_id, student_attendees, full_price_attendees) values (10, 16, 5, 1, 5)
set identity_insert dbo.conference_day_reservations off

set identity_insert dbo.conference_day_attendees on
insert into dbo.conference_day_attendees (attendee_id, registered_id, reservation_day_id, is_student) values (51, 14, 10, 1)
set identity_insert dbo.conference_day_attendees off

set identity_insert dbo.conference_day_attendees on
insert into dbo.conference_day_attendees (attendee_id, registered_id, reservation_day_id, is_student) values (52, 7, 10, 1)
set identity_insert dbo.conference_day_attendees off

set identity_insert dbo.conference_day_attendees on
insert into dbo.conference_day_attendees (attendee_id, registered_id, reservation_day_id, is_student) values (53, 20, 10, 0)
set identity_insert dbo.conference_day_attendees off

set identity_insert dbo.conference_day_attendees on
insert into dbo.conference_day_attendees (attendee_id, registered_id, reservation_day_id, is_student) values (54, 47, 10, 0)
set identity_insert dbo.conference_day_attendees off

set identity_insert dbo.conference_day_attendees on
insert into dbo.conference_day_attendees (attendee_id, registered_id, reservation_day_id, is_student) values (55, 10, 10, 0)
set identity_insert dbo.conference_day_attendees off

set identity_insert dbo.conference_day_attendees on
insert into dbo.conference_day_attendees (attendee_id, registered_id, reservation_day_id, is_student) values (56, 37, 10, 0)
set identity_insert dbo.conference_day_attendees off

set identity_insert dbo.conference_day_reservations on
insert into dbo.conference_day_reservations (reservation_day_id, conference_day_id, reservation_id, student_attendees, full_price_attendees) values (11, 16, 5, 3, 3)
set identity_insert dbo.conference_day_reservations off

set identity_insert dbo.conference_day_attendees on
insert into dbo.conference_day_attendees (attendee_id, registered_id, reservation_day_id, is_student) values (57, 47, 11, 1)
set identity_insert dbo.conference_day_attendees off

set identity_insert dbo.conference_day_attendees on
insert into dbo.conference_day_attendees (attendee_id, registered_id, reservation_day_id, is_student) values (58, 39, 11, 1)
set identity_insert dbo.conference_day_attendees off

set identity_insert dbo.conference_day_attendees on
insert into dbo.conference_day_attendees (attendee_id, registered_id, reservation_day_id, is_student) values (59, 41, 11, 1)
set identity_insert dbo.conference_day_attendees off

set identity_insert dbo.conference_day_attendees on
insert into dbo.conference_day_attendees (attendee_id, registered_id, reservation_day_id, is_student) values (60, 10, 11, 1)
set identity_insert dbo.conference_day_attendees off

set identity_insert dbo.conference_day_attendees on
insert into dbo.conference_day_attendees (attendee_id, registered_id, reservation_day_id, is_student) values (61, 31, 11, 0)
set identity_insert dbo.conference_day_attendees off

set identity_insert dbo.conference_day_attendees on
insert into dbo.conference_day_attendees (attendee_id, registered_id, reservation_day_id, is_student) values (62, 24, 11, 0)
set identity_insert dbo.conference_day_attendees off

set identity_insert dbo.payments on
insert into dbo.payments (payment_id, payment_date, reservation_id, amount) values (19, '2017-11-19', 5, 915.79)
set identity_insert dbo.payments off

set identity_insert dbo.payments on
insert into dbo.payments (payment_id, payment_date, reservation_id, amount) values (20, '2017-11-26', 5, 8861.79)
set identity_insert dbo.payments off

set identity_insert dbo.payments on
insert into dbo.payments (payment_id, payment_date, reservation_id, amount) values (21, '2017-12-14', 5, 7831.95)
set identity_insert dbo.payments off

set identity_insert dbo.payments on
insert into dbo.payments (payment_id, payment_date, reservation_id, amount) values (22, '2017-11-29', 5, 281.74)
set identity_insert dbo.payments off

set identity_insert dbo.payments on
insert into dbo.payments (payment_id, payment_date, reservation_id, amount) values (23, '2017-11-26', 5, 4368.65)
set identity_insert dbo.payments off

set identity_insert dbo.payments on
insert into dbo.payments (payment_id, payment_date, reservation_id, amount) values (24, '2017-12-16', 5, 4277.7)
set identity_insert dbo.payments off

set identity_insert dbo.payments on
insert into dbo.payments (payment_id, payment_date, reservation_id, amount) values (25, '2017-11-22', 5, 937.53)
set identity_insert dbo.payments off

set identity_insert dbo.payments on
insert into dbo.payments (payment_id, payment_date, reservation_id, amount) values (26, '2017-12-11', 5, 8775.83)
set identity_insert dbo.payments off

set identity_insert dbo.payments on
insert into dbo.payments (payment_id, payment_date, reservation_id, amount) values (27, '2017-12-03', 5, 4345.78)
set identity_insert dbo.payments off

set identity_insert dbo.payments on
insert into dbo.payments (payment_id, payment_date, reservation_id, amount) values (28, '2017-11-30', 5, 8606.07)
set identity_insert dbo.payments off

set identity_insert dbo.reservations on
insert into dbo.reservations (reservation_id, customer_id, reservation_date) values (6, 5, '2017-02-03')
set identity_insert dbo.reservations off

set identity_insert dbo.conference_day_reservations on
insert into dbo.conference_day_reservations (reservation_day_id, conference_day_id, reservation_id, student_attendees, full_price_attendees) values (12, 99, 6, 1, 7)
set identity_insert dbo.conference_day_reservations off

set identity_insert dbo.conference_day_attendees on
insert into dbo.conference_day_attendees (attendee_id, registered_id, reservation_day_id, is_student) values (63, 22, 12, 1)
set identity_insert dbo.conference_day_attendees off

set identity_insert dbo.conference_day_attendees on
insert into dbo.conference_day_attendees (attendee_id, registered_id, reservation_day_id, is_student) values (64, 22, 12, 1)
set identity_insert dbo.conference_day_attendees off

set identity_insert dbo.conference_day_attendees on
insert into dbo.conference_day_attendees (attendee_id, registered_id, reservation_day_id, is_student) values (65, 8, 12, 0)
set identity_insert dbo.conference_day_attendees off

set identity_insert dbo.conference_day_attendees on
insert into dbo.conference_day_attendees (attendee_id, registered_id, reservation_day_id, is_student) values (66, 44, 12, 0)
set identity_insert dbo.conference_day_attendees off

set identity_insert dbo.conference_day_attendees on
insert into dbo.conference_day_attendees (attendee_id, registered_id, reservation_day_id, is_student) values (67, 17, 12, 0)
set identity_insert dbo.conference_day_attendees off

set identity_insert dbo.conference_day_attendees on
insert into dbo.conference_day_attendees (attendee_id, registered_id, reservation_day_id, is_student) values (68, 47, 12, 0)
set identity_insert dbo.conference_day_attendees off

set identity_insert dbo.conference_day_attendees on
insert into dbo.conference_day_attendees (attendee_id, registered_id, reservation_day_id, is_student) values (69, 19, 12, 0)
set identity_insert dbo.conference_day_attendees off

set identity_insert dbo.conference_day_attendees on
insert into dbo.conference_day_attendees (attendee_id, registered_id, reservation_day_id, is_student) values (70, 29, 12, 0)
set identity_insert dbo.conference_day_attendees off

set identity_insert dbo.conference_day_reservations on
insert into dbo.conference_day_reservations (reservation_day_id, conference_day_id, reservation_id, student_attendees, full_price_attendees) values (13, 99, 6, 3, 5)
set identity_insert dbo.conference_day_reservations off

set identity_insert dbo.conference_day_attendees on
insert into dbo.conference_day_attendees (attendee_id, registered_id, reservation_day_id, is_student) values (71, 33, 13, 1)
set identity_insert dbo.conference_day_attendees off

set identity_insert dbo.conference_day_attendees on
insert into dbo.conference_day_attendees (attendee_id, registered_id, reservation_day_id, is_student) values (72, 27, 13, 1)
set identity_insert dbo.conference_day_attendees off

set identity_insert dbo.conference_day_attendees on
insert into dbo.conference_day_attendees (attendee_id, registered_id, reservation_day_id, is_student) values (73, 42, 13, 1)
set identity_insert dbo.conference_day_attendees off

set identity_insert dbo.conference_day_attendees on
insert into dbo.conference_day_attendees (attendee_id, registered_id, reservation_day_id, is_student) values (74, 47, 13, 1)
set identity_insert dbo.conference_day_attendees off

set identity_insert dbo.conference_day_attendees on
insert into dbo.conference_day_attendees (attendee_id, registered_id, reservation_day_id, is_student) values (75, 43, 13, 0)
set identity_insert dbo.conference_day_attendees off

set identity_insert dbo.conference_day_attendees on
insert into dbo.conference_day_attendees (attendee_id, registered_id, reservation_day_id, is_student) values (76, 23, 13, 0)
set identity_insert dbo.conference_day_attendees off

set identity_insert dbo.conference_day_attendees on
insert into dbo.conference_day_attendees (attendee_id, registered_id, reservation_day_id, is_student) values (77, 25, 13, 0)
set identity_insert dbo.conference_day_attendees off

set identity_insert dbo.conference_day_attendees on
insert into dbo.conference_day_attendees (attendee_id, registered_id, reservation_day_id, is_student) values (78, 36, 13, 0)
set identity_insert dbo.conference_day_attendees off

set identity_insert dbo.conference_day_reservations on
insert into dbo.conference_day_reservations (reservation_day_id, conference_day_id, reservation_id, student_attendees, full_price_attendees) values (14, 99, 6, 4, 6)
set identity_insert dbo.conference_day_reservations off

set identity_insert dbo.conference_day_attendees on
insert into dbo.conference_day_attendees (attendee_id, registered_id, reservation_day_id, is_student) values (79, 40, 14, 1)
set identity_insert dbo.conference_day_attendees off

set identity_insert dbo.conference_day_attendees on
insert into dbo.conference_day_attendees (attendee_id, registered_id, reservation_day_id, is_student) values (80, 46, 14, 1)
set identity_insert dbo.conference_day_attendees off

set identity_insert dbo.conference_day_attendees on
insert into dbo.conference_day_attendees (attendee_id, registered_id, reservation_day_id, is_student) values (81, 41, 14, 1)
set identity_insert dbo.conference_day_attendees off

set identity_insert dbo.conference_day_attendees on
insert into dbo.conference_day_attendees (attendee_id, registered_id, reservation_day_id, is_student) values (82, 33, 14, 1)
set identity_insert dbo.conference_day_attendees off

set identity_insert dbo.conference_day_attendees on
insert into dbo.conference_day_attendees (attendee_id, registered_id, reservation_day_id, is_student) values (83, 17, 14, 1)
set identity_insert dbo.conference_day_attendees off

set identity_insert dbo.conference_day_attendees on
insert into dbo.conference_day_attendees (attendee_id, registered_id, reservation_day_id, is_student) values (84, 35, 14, 0)
set identity_insert dbo.conference_day_attendees off

set identity_insert dbo.conference_day_attendees on
insert into dbo.conference_day_attendees (attendee_id, registered_id, reservation_day_id, is_student) values (85, 17, 14, 0)
set identity_insert dbo.conference_day_attendees off

set identity_insert dbo.conference_day_attendees on
insert into dbo.conference_day_attendees (attendee_id, registered_id, reservation_day_id, is_student) values (86, 23, 14, 0)
set identity_insert dbo.conference_day_attendees off

set identity_insert dbo.conference_day_reservations on
insert into dbo.conference_day_reservations (reservation_day_id, conference_day_id, reservation_id, student_attendees, full_price_attendees) values (15, 99, 6, 8, 6)
set identity_insert dbo.conference_day_reservations off

set identity_insert dbo.conference_day_attendees on
insert into dbo.conference_day_attendees (attendee_id, registered_id, reservation_day_id, is_student) values (87, 36, 15, 1)
set identity_insert dbo.conference_day_attendees off

set identity_insert dbo.conference_day_attendees on
insert into dbo.conference_day_attendees (attendee_id, registered_id, reservation_day_id, is_student) values (88, 29, 15, 1)
set identity_insert dbo.conference_day_attendees off

set identity_insert dbo.conference_day_attendees on
insert into dbo.conference_day_attendees (attendee_id, registered_id, reservation_day_id, is_student) values (89, 24, 15, 1)
set identity_insert dbo.conference_day_attendees off

set identity_insert dbo.conference_day_attendees on
insert into dbo.conference_day_attendees (attendee_id, registered_id, reservation_day_id, is_student) values (90, 38, 15, 1)
set identity_insert dbo.conference_day_attendees off

set identity_insert dbo.conference_day_attendees on
insert into dbo.conference_day_attendees (attendee_id, registered_id, reservation_day_id, is_student) values (91, 12, 15, 1)
set identity_insert dbo.conference_day_attendees off

set identity_insert dbo.conference_day_attendees on
insert into dbo.conference_day_attendees (attendee_id, registered_id, reservation_day_id, is_student) values (92, 50, 15, 1)
set identity_insert dbo.conference_day_attendees off

set identity_insert dbo.conference_day_attendees on
insert into dbo.conference_day_attendees (attendee_id, registered_id, reservation_day_id, is_student) values (93, 31, 15, 1)
set identity_insert dbo.conference_day_attendees off

set identity_insert dbo.conference_day_attendees on
insert into dbo.conference_day_attendees (attendee_id, registered_id, reservation_day_id, is_student) values (94, 29, 15, 1)
set identity_insert dbo.conference_day_attendees off

set identity_insert dbo.conference_day_attendees on
insert into dbo.conference_day_attendees (attendee_id, registered_id, reservation_day_id, is_student) values (95, 38, 15, 1)
set identity_insert dbo.conference_day_attendees off

set identity_insert dbo.conference_day_attendees on
insert into dbo.conference_day_attendees (attendee_id, registered_id, reservation_day_id, is_student) values (96, 44, 15, 0)
set identity_insert dbo.conference_day_attendees off

set identity_insert dbo.conference_day_attendees on
insert into dbo.conference_day_attendees (attendee_id, registered_id, reservation_day_id, is_student) values (97, 34, 15, 0)
set identity_insert dbo.conference_day_attendees off

set identity_insert dbo.conference_day_attendees on
insert into dbo.conference_day_attendees (attendee_id, registered_id, reservation_day_id, is_student) values (98, 46, 15, 0)
set identity_insert dbo.conference_day_attendees off

set identity_insert dbo.conference_day_attendees on
insert into dbo.conference_day_attendees (attendee_id, registered_id, reservation_day_id, is_student) values (99, 40, 15, 0)
set identity_insert dbo.conference_day_attendees off

set identity_insert dbo.conference_day_attendees on
insert into dbo.conference_day_attendees (attendee_id, registered_id, reservation_day_id, is_student) values (100, 15, 15, 0)
set identity_insert dbo.conference_day_attendees off

set identity_insert dbo.payments on
insert into dbo.payments (payment_id, payment_date, reservation_id, amount) values (29, '2017-02-01', 6, 3243.66)
set identity_insert dbo.payments off

set identity_insert dbo.payments on
insert into dbo.payments (payment_id, payment_date, reservation_id, amount) values (30, '2017-01-23', 6, 7645.1)
set identity_insert dbo.payments off

set identity_insert dbo.payments on
insert into dbo.payments (payment_id, payment_date, reservation_id, amount) values (31, '2017-01-13', 6, 1892.55)
set identity_insert dbo.payments off

set identity_insert dbo.payments on
insert into dbo.payments (payment_id, payment_date, reservation_id, amount) values (32, '2017-01-31', 6, 5943.43)
set identity_insert dbo.payments off

set identity_insert dbo.payments on
insert into dbo.payments (payment_id, payment_date, reservation_id, amount) values (33, '2017-01-14', 6, 1597.27)
set identity_insert dbo.payments off

set identity_insert dbo.reservations on
insert into dbo.reservations (reservation_id, customer_id, reservation_date) values (7, 21, '2019-09-26')
set identity_insert dbo.reservations off

set identity_insert dbo.conference_day_reservations on
insert into dbo.conference_day_reservations (reservation_day_id, conference_day_id, reservation_id, student_attendees, full_price_attendees) values (16, 79, 7, 7, 6)
set identity_insert dbo.conference_day_reservations off

set identity_insert dbo.conference_day_attendees on
insert into dbo.conference_day_attendees (attendee_id, registered_id, reservation_day_id, is_student) values (101, 7, 16, 1)
set identity_insert dbo.conference_day_attendees off

set identity_insert dbo.conference_day_attendees on
insert into dbo.conference_day_attendees (attendee_id, registered_id, reservation_day_id, is_student) values (102, 44, 16, 1)
set identity_insert dbo.conference_day_attendees off

set identity_insert dbo.conference_day_attendees on
insert into dbo.conference_day_attendees (attendee_id, registered_id, reservation_day_id, is_student) values (103, 24, 16, 1)
set identity_insert dbo.conference_day_attendees off

set identity_insert dbo.conference_day_attendees on
insert into dbo.conference_day_attendees (attendee_id, registered_id, reservation_day_id, is_student) values (104, 25, 16, 1)
set identity_insert dbo.conference_day_attendees off

set identity_insert dbo.conference_day_attendees on
insert into dbo.conference_day_attendees (attendee_id, registered_id, reservation_day_id, is_student) values (105, 49, 16, 1)
set identity_insert dbo.conference_day_attendees off

set identity_insert dbo.conference_day_attendees on
insert into dbo.conference_day_attendees (attendee_id, registered_id, reservation_day_id, is_student) values (106, 50, 16, 1)
set identity_insert dbo.conference_day_attendees off

set identity_insert dbo.conference_day_attendees on
insert into dbo.conference_day_attendees (attendee_id, registered_id, reservation_day_id, is_student) values (107, 23, 16, 1)
set identity_insert dbo.conference_day_attendees off

set identity_insert dbo.conference_day_attendees on
insert into dbo.conference_day_attendees (attendee_id, registered_id, reservation_day_id, is_student) values (108, 18, 16, 1)
set identity_insert dbo.conference_day_attendees off

set identity_insert dbo.conference_day_attendees on
insert into dbo.conference_day_attendees (attendee_id, registered_id, reservation_day_id, is_student) values (109, 2, 16, 0)
set identity_insert dbo.conference_day_attendees off

set identity_insert dbo.conference_day_attendees on
insert into dbo.conference_day_attendees (attendee_id, registered_id, reservation_day_id, is_student) values (110, 39, 16, 0)
set identity_insert dbo.conference_day_attendees off

set identity_insert dbo.conference_day_attendees on
insert into dbo.conference_day_attendees (attendee_id, registered_id, reservation_day_id, is_student) values (111, 48, 16, 0)
set identity_insert dbo.conference_day_attendees off

set identity_insert dbo.conference_day_attendees on
insert into dbo.conference_day_attendees (attendee_id, registered_id, reservation_day_id, is_student) values (112, 14, 16, 0)
set identity_insert dbo.conference_day_attendees off

set identity_insert dbo.conference_day_attendees on
insert into dbo.conference_day_attendees (attendee_id, registered_id, reservation_day_id, is_student) values (113, 12, 16, 0)
set identity_insert dbo.conference_day_attendees off

set identity_insert dbo.payments on
insert into dbo.payments (payment_id, payment_date, reservation_id, amount) values (34, '2019-09-01', 7, 1853.46)
set identity_insert dbo.payments off

set identity_insert dbo.payments on
insert into dbo.payments (payment_id, payment_date, reservation_id, amount) values (35, '2019-08-28', 7, 3563.39)
set identity_insert dbo.payments off

set identity_insert dbo.reservations on
insert into dbo.reservations (reservation_id, customer_id, reservation_date) values (8, 17, '2019-11-22')
set identity_insert dbo.reservations off

set identity_insert dbo.conference_day_reservations on
insert into dbo.conference_day_reservations (reservation_day_id, conference_day_id, reservation_id, student_attendees, full_price_attendees) values (17, 77, 8, 6, 4)
set identity_insert dbo.conference_day_reservations off

set identity_insert dbo.conference_day_attendees on
insert into dbo.conference_day_attendees (attendee_id, registered_id, reservation_day_id, is_student) values (114, 5, 17, 1)
set identity_insert dbo.conference_day_attendees off

set identity_insert dbo.conference_day_attendees on
insert into dbo.conference_day_attendees (attendee_id, registered_id, reservation_day_id, is_student) values (115, 19, 17, 1)
set identity_insert dbo.conference_day_attendees off

set identity_insert dbo.conference_day_attendees on
insert into dbo.conference_day_attendees (attendee_id, registered_id, reservation_day_id, is_student) values (116, 3, 17, 1)
set identity_insert dbo.conference_day_attendees off

set identity_insert dbo.conference_day_attendees on
insert into dbo.conference_day_attendees (attendee_id, registered_id, reservation_day_id, is_student) values (117, 7, 17, 1)
set identity_insert dbo.conference_day_attendees off

set identity_insert dbo.conference_day_attendees on
insert into dbo.conference_day_attendees (attendee_id, registered_id, reservation_day_id, is_student) values (118, 8, 17, 1)
set identity_insert dbo.conference_day_attendees off

set identity_insert dbo.conference_day_attendees on
insert into dbo.conference_day_attendees (attendee_id, registered_id, reservation_day_id, is_student) values (119, 30, 17, 1)
set identity_insert dbo.conference_day_attendees off

set identity_insert dbo.conference_day_attendees on
insert into dbo.conference_day_attendees (attendee_id, registered_id, reservation_day_id, is_student) values (120, 40, 17, 1)
set identity_insert dbo.conference_day_attendees off

set identity_insert dbo.conference_day_attendees on
insert into dbo.conference_day_attendees (attendee_id, registered_id, reservation_day_id, is_student) values (121, 40, 17, 0)
set identity_insert dbo.conference_day_attendees off

set identity_insert dbo.conference_day_attendees on
insert into dbo.conference_day_attendees (attendee_id, registered_id, reservation_day_id, is_student) values (122, 34, 17, 0)
set identity_insert dbo.conference_day_attendees off

set identity_insert dbo.conference_day_attendees on
insert into dbo.conference_day_attendees (attendee_id, registered_id, reservation_day_id, is_student) values (123, 30, 17, 0)
set identity_insert dbo.conference_day_attendees off

set identity_insert dbo.conference_day_reservations on
insert into dbo.conference_day_reservations (reservation_day_id, conference_day_id, reservation_id, student_attendees, full_price_attendees) values (18, 77, 8, 2, 2)
set identity_insert dbo.conference_day_reservations off

set identity_insert dbo.conference_day_attendees on
insert into dbo.conference_day_attendees (attendee_id, registered_id, reservation_day_id, is_student) values (124, 34, 18, 1)
set identity_insert dbo.conference_day_attendees off

set identity_insert dbo.conference_day_attendees on
insert into dbo.conference_day_attendees (attendee_id, registered_id, reservation_day_id, is_student) values (125, 29, 18, 1)
set identity_insert dbo.conference_day_attendees off

set identity_insert dbo.conference_day_attendees on
insert into dbo.conference_day_attendees (attendee_id, registered_id, reservation_day_id, is_student) values (126, 26, 18, 1)
set identity_insert dbo.conference_day_attendees off

set identity_insert dbo.conference_day_attendees on
insert into dbo.conference_day_attendees (attendee_id, registered_id, reservation_day_id, is_student) values (127, 21, 18, 0)
set identity_insert dbo.conference_day_attendees off

set identity_insert dbo.payments on
insert into dbo.payments (payment_id, payment_date, reservation_id, amount) values (36, '2019-11-22', 8, 1435.61)
set identity_insert dbo.payments off

set identity_insert dbo.reservations on
insert into dbo.reservations (reservation_id, customer_id, reservation_date) values (9, 17, '2018-08-02')
set identity_insert dbo.reservations off

set identity_insert dbo.conference_day_reservations on
insert into dbo.conference_day_reservations (reservation_day_id, conference_day_id, reservation_id, student_attendees, full_price_attendees) values (19, 90, 9, 9, 6)
set identity_insert dbo.conference_day_reservations off

set identity_insert dbo.conference_day_attendees on
insert into dbo.conference_day_attendees (attendee_id, registered_id, reservation_day_id, is_student) values (128, 25, 19, 1)
set identity_insert dbo.conference_day_attendees off

set identity_insert dbo.conference_day_attendees on
insert into dbo.conference_day_attendees (attendee_id, registered_id, reservation_day_id, is_student) values (129, 29, 19, 1)
set identity_insert dbo.conference_day_attendees off

set identity_insert dbo.conference_day_attendees on
insert into dbo.conference_day_attendees (attendee_id, registered_id, reservation_day_id, is_student) values (130, 24, 19, 1)
set identity_insert dbo.conference_day_attendees off

set identity_insert dbo.conference_day_attendees on
insert into dbo.conference_day_attendees (attendee_id, registered_id, reservation_day_id, is_student) values (131, 34, 19, 1)
set identity_insert dbo.conference_day_attendees off

set identity_insert dbo.conference_day_attendees on
insert into dbo.conference_day_attendees (attendee_id, registered_id, reservation_day_id, is_student) values (132, 28, 19, 1)
set identity_insert dbo.conference_day_attendees off

set identity_insert dbo.conference_day_attendees on
insert into dbo.conference_day_attendees (attendee_id, registered_id, reservation_day_id, is_student) values (133, 22, 19, 1)
set identity_insert dbo.conference_day_attendees off

set identity_insert dbo.conference_day_attendees on
insert into dbo.conference_day_attendees (attendee_id, registered_id, reservation_day_id, is_student) values (134, 47, 19, 1)
set identity_insert dbo.conference_day_attendees off

set identity_insert dbo.conference_day_attendees on
insert into dbo.conference_day_attendees (attendee_id, registered_id, reservation_day_id, is_student) values (135, 7, 19, 1)
set identity_insert dbo.conference_day_attendees off

set identity_insert dbo.conference_day_attendees on
insert into dbo.conference_day_attendees (attendee_id, registered_id, reservation_day_id, is_student) values (136, 20, 19, 1)
set identity_insert dbo.conference_day_attendees off

set identity_insert dbo.payments on
insert into dbo.payments (payment_id, payment_date, reservation_id, amount) values (37, '2018-07-20', 9, 3224.28)
set identity_insert dbo.payments off

set identity_insert dbo.reservations on
insert into dbo.reservations (reservation_id, customer_id, reservation_date) values (10, 7, '2018-02-18')
set identity_insert dbo.reservations off

set identity_insert dbo.conference_day_reservations on
insert into dbo.conference_day_reservations (reservation_day_id, conference_day_id, reservation_id, student_attendees, full_price_attendees) values (20, 22, 10, 7, 1)
set identity_insert dbo.conference_day_reservations off

set identity_insert dbo.conference_day_reservations on
insert into dbo.conference_day_reservations (reservation_day_id, conference_day_id, reservation_id, student_attendees, full_price_attendees) values (21, 22, 10, 6, 5)
set identity_insert dbo.conference_day_reservations off

set identity_insert dbo.conference_day_attendees on
insert into dbo.conference_day_attendees (attendee_id, registered_id, reservation_day_id, is_student) values (137, 41, 21, 1)
set identity_insert dbo.conference_day_attendees off

set identity_insert dbo.conference_day_attendees on
insert into dbo.conference_day_attendees (attendee_id, registered_id, reservation_day_id, is_student) values (138, 9, 21, 1)
set identity_insert dbo.conference_day_attendees off

set identity_insert dbo.conference_day_attendees on
insert into dbo.conference_day_attendees (attendee_id, registered_id, reservation_day_id, is_student) values (139, 24, 21, 1)
set identity_insert dbo.conference_day_attendees off

set identity_insert dbo.conference_day_attendees on
insert into dbo.conference_day_attendees (attendee_id, registered_id, reservation_day_id, is_student) values (140, 21, 21, 1)
set identity_insert dbo.conference_day_attendees off

set identity_insert dbo.conference_day_attendees on
insert into dbo.conference_day_attendees (attendee_id, registered_id, reservation_day_id, is_student) values (141, 33, 21, 1)
set identity_insert dbo.conference_day_attendees off

set identity_insert dbo.conference_day_attendees on
insert into dbo.conference_day_attendees (attendee_id, registered_id, reservation_day_id, is_student) values (142, 11, 21, 1)
set identity_insert dbo.conference_day_attendees off

set identity_insert dbo.conference_day_attendees on
insert into dbo.conference_day_attendees (attendee_id, registered_id, reservation_day_id, is_student) values (143, 47, 21, 1)
set identity_insert dbo.conference_day_attendees off

set identity_insert dbo.conference_day_attendees on
insert into dbo.conference_day_attendees (attendee_id, registered_id, reservation_day_id, is_student) values (144, 20, 21, 0)
set identity_insert dbo.conference_day_attendees off

set identity_insert dbo.conference_day_attendees on
insert into dbo.conference_day_attendees (attendee_id, registered_id, reservation_day_id, is_student) values (145, 32, 21, 0)
set identity_insert dbo.conference_day_attendees off

set identity_insert dbo.conference_day_attendees on
insert into dbo.conference_day_attendees (attendee_id, registered_id, reservation_day_id, is_student) values (146, 11, 21, 0)
set identity_insert dbo.conference_day_attendees off

set identity_insert dbo.conference_day_attendees on
insert into dbo.conference_day_attendees (attendee_id, registered_id, reservation_day_id, is_student) values (147, 20, 21, 0)
set identity_insert dbo.conference_day_attendees off

set identity_insert dbo.conference_day_reservations on
insert into dbo.conference_day_reservations (reservation_day_id, conference_day_id, reservation_id, student_attendees, full_price_attendees) values (22, 22, 10, 1, 6)
set identity_insert dbo.conference_day_reservations off

set identity_insert dbo.conference_day_attendees on
insert into dbo.conference_day_attendees (attendee_id, registered_id, reservation_day_id, is_student) values (148, 20, 22, 1)
set identity_insert dbo.conference_day_attendees off

set identity_insert dbo.conference_day_attendees on
insert into dbo.conference_day_attendees (attendee_id, registered_id, reservation_day_id, is_student) values (149, 7, 22, 1)
set identity_insert dbo.conference_day_attendees off

set identity_insert dbo.conference_day_attendees on
insert into dbo.conference_day_attendees (attendee_id, registered_id, reservation_day_id, is_student) values (150, 40, 22, 0)
set identity_insert dbo.conference_day_attendees off

set identity_insert dbo.conference_day_attendees on
insert into dbo.conference_day_attendees (attendee_id, registered_id, reservation_day_id, is_student) values (151, 11, 22, 0)
set identity_insert dbo.conference_day_attendees off

set identity_insert dbo.conference_day_attendees on
insert into dbo.conference_day_attendees (attendee_id, registered_id, reservation_day_id, is_student) values (152, 23, 22, 0)
set identity_insert dbo.conference_day_attendees off

set identity_insert dbo.conference_day_attendees on
insert into dbo.conference_day_attendees (attendee_id, registered_id, reservation_day_id, is_student) values (153, 37, 22, 0)
set identity_insert dbo.conference_day_attendees off

set identity_insert dbo.conference_day_attendees on
insert into dbo.conference_day_attendees (attendee_id, registered_id, reservation_day_id, is_student) values (154, 6, 22, 0)
set identity_insert dbo.conference_day_attendees off

set identity_insert dbo.reservations on
insert into dbo.reservations (reservation_id, customer_id, reservation_date) values (11, 12, '2017-07-03')
set identity_insert dbo.reservations off

set identity_insert dbo.conference_day_reservations on
insert into dbo.conference_day_reservations (reservation_day_id, conference_day_id, reservation_id, student_attendees, full_price_attendees) values (23, 94, 11, 5, 1)
set identity_insert dbo.conference_day_reservations off

set identity_insert dbo.conference_day_attendees on
insert into dbo.conference_day_attendees (attendee_id, registered_id, reservation_day_id, is_student) values (155, 30, 23, 1)
set identity_insert dbo.conference_day_attendees off

set identity_insert dbo.payments on
insert into dbo.payments (payment_id, payment_date, reservation_id, amount) values (38, '2017-06-27', 11, 191.23)
set identity_insert dbo.payments off

set identity_insert dbo.payments on
insert into dbo.payments (payment_id, payment_date, reservation_id, amount) values (39, '2017-07-01', 11, 5410.93)
set identity_insert dbo.payments off

set identity_insert dbo.payments on
insert into dbo.payments (payment_id, payment_date, reservation_id, amount) values (40, '2017-06-22', 11, 3026.62)
set identity_insert dbo.payments off

set identity_insert dbo.payments on
insert into dbo.payments (payment_id, payment_date, reservation_id, amount) values (41, '2017-06-21', 11, 4509.52)
set identity_insert dbo.payments off

set identity_insert dbo.payments on
insert into dbo.payments (payment_id, payment_date, reservation_id, amount) values (42, '2017-06-27', 11, 1435.9)
set identity_insert dbo.payments off

set identity_insert dbo.payments on
insert into dbo.payments (payment_id, payment_date, reservation_id, amount) values (43, '2017-06-23', 11, 8067.73)
set identity_insert dbo.payments off

set identity_insert dbo.payments on
insert into dbo.payments (payment_id, payment_date, reservation_id, amount) values (44, '2017-06-28', 11, 9445.93)
set identity_insert dbo.payments off

set identity_insert dbo.payments on
insert into dbo.payments (payment_id, payment_date, reservation_id, amount) values (45, '2017-07-03', 11, 2014.84)
set identity_insert dbo.payments off

set identity_insert dbo.reservations on
insert into dbo.reservations (reservation_id, customer_id, reservation_date) values (12, 27, '2017-12-29')
set identity_insert dbo.reservations off

set identity_insert dbo.conference_day_reservations on
insert into dbo.conference_day_reservations (reservation_day_id, conference_day_id, reservation_id, student_attendees, full_price_attendees) values (24, 92, 12, 1, 2)
set identity_insert dbo.conference_day_reservations off

set identity_insert dbo.conference_day_attendees on
insert into dbo.conference_day_attendees (attendee_id, registered_id, reservation_day_id, is_student) values (156, 11, 24, 1)
set identity_insert dbo.conference_day_attendees off

set identity_insert dbo.conference_day_attendees on
insert into dbo.conference_day_attendees (attendee_id, registered_id, reservation_day_id, is_student) values (157, 43, 24, 0)
set identity_insert dbo.conference_day_attendees off

set identity_insert dbo.payments on
insert into dbo.payments (payment_id, payment_date, reservation_id, amount) values (46, '2017-12-23', 12, 9167.39)
set identity_insert dbo.payments off

set identity_insert dbo.payments on
insert into dbo.payments (payment_id, payment_date, reservation_id, amount) values (47, '2017-12-25', 12, 7830.13)
set identity_insert dbo.payments off

set identity_insert dbo.payments on
insert into dbo.payments (payment_id, payment_date, reservation_id, amount) values (48, '2017-12-29', 12, 4465.34)
set identity_insert dbo.payments off

set identity_insert dbo.payments on
insert into dbo.payments (payment_id, payment_date, reservation_id, amount) values (49, '2017-12-19', 12, 1078.22)
set identity_insert dbo.payments off

set identity_insert dbo.payments on
insert into dbo.payments (payment_id, payment_date, reservation_id, amount) values (50, '2017-12-28', 12, 3223.63)
set identity_insert dbo.payments off

set identity_insert dbo.reservations on
insert into dbo.reservations (reservation_id, customer_id, reservation_date) values (13, 4, '2017-09-30')
set identity_insert dbo.reservations off

set identity_insert dbo.conference_day_reservations on
insert into dbo.conference_day_reservations (reservation_day_id, conference_day_id, reservation_id, student_attendees, full_price_attendees) values (25, 8, 13, 9, 2)
set identity_insert dbo.conference_day_reservations off

set identity_insert dbo.conference_day_attendees on
insert into dbo.conference_day_attendees (attendee_id, registered_id, reservation_day_id, is_student) values (158, 25, 25, 1)
set identity_insert dbo.conference_day_attendees off

set identity_insert dbo.conference_day_attendees on
insert into dbo.conference_day_attendees (attendee_id, registered_id, reservation_day_id, is_student) values (159, 12, 25, 1)
set identity_insert dbo.conference_day_attendees off

set identity_insert dbo.conference_day_attendees on
insert into dbo.conference_day_attendees (attendee_id, registered_id, reservation_day_id, is_student) values (160, 35, 25, 1)
set identity_insert dbo.conference_day_attendees off

set identity_insert dbo.conference_day_attendees on
insert into dbo.conference_day_attendees (attendee_id, registered_id, reservation_day_id, is_student) values (161, 37, 25, 1)
set identity_insert dbo.conference_day_attendees off

set identity_insert dbo.conference_day_attendees on
insert into dbo.conference_day_attendees (attendee_id, registered_id, reservation_day_id, is_student) values (162, 9, 25, 1)
set identity_insert dbo.conference_day_attendees off

set identity_insert dbo.conference_day_attendees on
insert into dbo.conference_day_attendees (attendee_id, registered_id, reservation_day_id, is_student) values (163, 24, 25, 1)
set identity_insert dbo.conference_day_attendees off

set identity_insert dbo.conference_day_attendees on
insert into dbo.conference_day_attendees (attendee_id, registered_id, reservation_day_id, is_student) values (164, 5, 25, 1)
set identity_insert dbo.conference_day_attendees off

set identity_insert dbo.conference_day_attendees on
insert into dbo.conference_day_attendees (attendee_id, registered_id, reservation_day_id, is_student) values (165, 34, 25, 1)
set identity_insert dbo.conference_day_attendees off

set identity_insert dbo.conference_day_attendees on
insert into dbo.conference_day_attendees (attendee_id, registered_id, reservation_day_id, is_student) values (166, 35, 25, 1)
set identity_insert dbo.conference_day_attendees off

set identity_insert dbo.conference_day_attendees on
insert into dbo.conference_day_attendees (attendee_id, registered_id, reservation_day_id, is_student) values (167, 20, 25, 1)
set identity_insert dbo.conference_day_attendees off

set identity_insert dbo.conference_day_attendees on
insert into dbo.conference_day_attendees (attendee_id, registered_id, reservation_day_id, is_student) values (168, 9, 25, 0)
set identity_insert dbo.conference_day_attendees off

set identity_insert dbo.payments on
insert into dbo.payments (payment_id, payment_date, reservation_id, amount) values (51, '2017-09-17', 13, 6987.69)
set identity_insert dbo.payments off

set identity_insert dbo.payments on
insert into dbo.payments (payment_id, payment_date, reservation_id, amount) values (52, '2017-09-30', 13, 3327.84)
set identity_insert dbo.payments off

set identity_insert dbo.reservations on
insert into dbo.reservations (reservation_id, customer_id, reservation_date) values (14, 21, '2019-08-02')
set identity_insert dbo.reservations off

set identity_insert dbo.conference_day_reservations on
insert into dbo.conference_day_reservations (reservation_day_id, conference_day_id, reservation_id, student_attendees, full_price_attendees) values (26, 29, 14, 2, 10)
set identity_insert dbo.conference_day_reservations off

set identity_insert dbo.conference_day_attendees on
insert into dbo.conference_day_attendees (attendee_id, registered_id, reservation_day_id, is_student) values (169, 18, 26, 1)
set identity_insert dbo.conference_day_attendees off

set identity_insert dbo.conference_day_attendees on
insert into dbo.conference_day_attendees (attendee_id, registered_id, reservation_day_id, is_student) values (170, 31, 26, 1)
set identity_insert dbo.conference_day_attendees off

set identity_insert dbo.conference_day_attendees on
insert into dbo.conference_day_attendees (attendee_id, registered_id, reservation_day_id, is_student) values (171, 42, 26, 0)
set identity_insert dbo.conference_day_attendees off

set identity_insert dbo.conference_day_attendees on
insert into dbo.conference_day_attendees (attendee_id, registered_id, reservation_day_id, is_student) values (172, 24, 26, 0)
set identity_insert dbo.conference_day_attendees off

set identity_insert dbo.conference_day_attendees on
insert into dbo.conference_day_attendees (attendee_id, registered_id, reservation_day_id, is_student) values (173, 50, 26, 0)
set identity_insert dbo.conference_day_attendees off

set identity_insert dbo.conference_day_attendees on
insert into dbo.conference_day_attendees (attendee_id, registered_id, reservation_day_id, is_student) values (174, 12, 26, 0)
set identity_insert dbo.conference_day_attendees off

set identity_insert dbo.conference_day_attendees on
insert into dbo.conference_day_attendees (attendee_id, registered_id, reservation_day_id, is_student) values (175, 44, 26, 0)
set identity_insert dbo.conference_day_attendees off

set identity_insert dbo.conference_day_attendees on
insert into dbo.conference_day_attendees (attendee_id, registered_id, reservation_day_id, is_student) values (176, 39, 26, 0)
set identity_insert dbo.conference_day_attendees off

set identity_insert dbo.conference_day_attendees on
insert into dbo.conference_day_attendees (attendee_id, registered_id, reservation_day_id, is_student) values (177, 11, 26, 0)
set identity_insert dbo.conference_day_attendees off

set identity_insert dbo.conference_day_attendees on
insert into dbo.conference_day_attendees (attendee_id, registered_id, reservation_day_id, is_student) values (178, 34, 26, 0)
set identity_insert dbo.conference_day_attendees off

set identity_insert dbo.conference_day_reservations on
insert into dbo.conference_day_reservations (reservation_day_id, conference_day_id, reservation_id, student_attendees, full_price_attendees) values (27, 29, 14, 6, 3)
set identity_insert dbo.conference_day_reservations off

set identity_insert dbo.conference_day_attendees on
insert into dbo.conference_day_attendees (attendee_id, registered_id, reservation_day_id, is_student) values (179, 45, 27, 1)
set identity_insert dbo.conference_day_attendees off

set identity_insert dbo.conference_day_attendees on
insert into dbo.conference_day_attendees (attendee_id, registered_id, reservation_day_id, is_student) values (180, 42, 27, 1)
set identity_insert dbo.conference_day_attendees off

set identity_insert dbo.conference_day_attendees on
insert into dbo.conference_day_attendees (attendee_id, registered_id, reservation_day_id, is_student) values (181, 27, 27, 1)
set identity_insert dbo.conference_day_attendees off

set identity_insert dbo.conference_day_attendees on
insert into dbo.conference_day_attendees (attendee_id, registered_id, reservation_day_id, is_student) values (182, 17, 27, 1)
set identity_insert dbo.conference_day_attendees off

set identity_insert dbo.conference_day_attendees on
insert into dbo.conference_day_attendees (attendee_id, registered_id, reservation_day_id, is_student) values (183, 40, 27, 1)
set identity_insert dbo.conference_day_attendees off

set identity_insert dbo.conference_day_attendees on
insert into dbo.conference_day_attendees (attendee_id, registered_id, reservation_day_id, is_student) values (184, 18, 27, 1)
set identity_insert dbo.conference_day_attendees off

set identity_insert dbo.conference_day_attendees on
insert into dbo.conference_day_attendees (attendee_id, registered_id, reservation_day_id, is_student) values (185, 39, 27, 1)
set identity_insert dbo.conference_day_attendees off

set identity_insert dbo.conference_day_attendees on
insert into dbo.conference_day_attendees (attendee_id, registered_id, reservation_day_id, is_student) values (186, 16, 27, 0)
set identity_insert dbo.conference_day_attendees off

set identity_insert dbo.conference_day_attendees on
insert into dbo.conference_day_attendees (attendee_id, registered_id, reservation_day_id, is_student) values (187, 11, 27, 0)
set identity_insert dbo.conference_day_attendees off

set identity_insert dbo.conference_day_reservations on
insert into dbo.conference_day_reservations (reservation_day_id, conference_day_id, reservation_id, student_attendees, full_price_attendees) values (28, 29, 14, 4, 10)
set identity_insert dbo.conference_day_reservations off

set identity_insert dbo.conference_day_attendees on
insert into dbo.conference_day_attendees (attendee_id, registered_id, reservation_day_id, is_student) values (188, 28, 28, 1)
set identity_insert dbo.conference_day_attendees off

set identity_insert dbo.conference_day_attendees on
insert into dbo.conference_day_attendees (attendee_id, registered_id, reservation_day_id, is_student) values (189, 25, 28, 1)
set identity_insert dbo.conference_day_attendees off

set identity_insert dbo.conference_day_attendees on
insert into dbo.conference_day_attendees (attendee_id, registered_id, reservation_day_id, is_student) values (190, 34, 28, 1)
set identity_insert dbo.conference_day_attendees off

set identity_insert dbo.conference_day_attendees on
insert into dbo.conference_day_attendees (attendee_id, registered_id, reservation_day_id, is_student) values (191, 50, 28, 1)
set identity_insert dbo.conference_day_attendees off

set identity_insert dbo.conference_day_attendees on
insert into dbo.conference_day_attendees (attendee_id, registered_id, reservation_day_id, is_student) values (192, 43, 28, 1)
set identity_insert dbo.conference_day_attendees off

set identity_insert dbo.conference_day_attendees on
insert into dbo.conference_day_attendees (attendee_id, registered_id, reservation_day_id, is_student) values (193, 1, 28, 0)
set identity_insert dbo.conference_day_attendees off

set identity_insert dbo.conference_day_attendees on
insert into dbo.conference_day_attendees (attendee_id, registered_id, reservation_day_id, is_student) values (194, 16, 28, 0)
set identity_insert dbo.conference_day_attendees off

set identity_insert dbo.conference_day_attendees on
insert into dbo.conference_day_attendees (attendee_id, registered_id, reservation_day_id, is_student) values (195, 47, 28, 0)
set identity_insert dbo.conference_day_attendees off

set identity_insert dbo.conference_day_attendees on
insert into dbo.conference_day_attendees (attendee_id, registered_id, reservation_day_id, is_student) values (196, 34, 28, 0)
set identity_insert dbo.conference_day_attendees off

set identity_insert dbo.conference_day_attendees on
insert into dbo.conference_day_attendees (attendee_id, registered_id, reservation_day_id, is_student) values (197, 14, 28, 0)
set identity_insert dbo.conference_day_attendees off

set identity_insert dbo.conference_day_attendees on
insert into dbo.conference_day_attendees (attendee_id, registered_id, reservation_day_id, is_student) values (198, 36, 28, 0)
set identity_insert dbo.conference_day_attendees off

set identity_insert dbo.conference_day_attendees on
insert into dbo.conference_day_attendees (attendee_id, registered_id, reservation_day_id, is_student) values (199, 17, 28, 0)
set identity_insert dbo.conference_day_attendees off

set identity_insert dbo.conference_day_attendees on
insert into dbo.conference_day_attendees (attendee_id, registered_id, reservation_day_id, is_student) values (200, 28, 28, 0)
set identity_insert dbo.conference_day_attendees off

set identity_insert dbo.conference_day_attendees on
insert into dbo.conference_day_attendees (attendee_id, registered_id, reservation_day_id, is_student) values (201, 3, 28, 0)
set identity_insert dbo.conference_day_attendees off

set identity_insert dbo.conference_day_reservations on
insert into dbo.conference_day_reservations (reservation_day_id, conference_day_id, reservation_id, student_attendees, full_price_attendees) values (29, 29, 14, 0, 2)
set identity_insert dbo.conference_day_reservations off

set identity_insert dbo.conference_day_attendees on
insert into dbo.conference_day_attendees (attendee_id, registered_id, reservation_day_id, is_student) values (202, 43, 29, 1)
set identity_insert dbo.conference_day_attendees off

set identity_insert dbo.conference_day_attendees on
insert into dbo.conference_day_attendees (attendee_id, registered_id, reservation_day_id, is_student) values (203, 42, 29, 0)
set identity_insert dbo.conference_day_attendees off

set identity_insert dbo.payments on
insert into dbo.payments (payment_id, payment_date, reservation_id, amount) values (53, '2019-08-01', 14, 6811.51)
set identity_insert dbo.payments off

set identity_insert dbo.payments on
insert into dbo.payments (payment_id, payment_date, reservation_id, amount) values (54, '2019-07-07', 14, 9697.1)
set identity_insert dbo.payments off

set identity_insert dbo.payments on
insert into dbo.payments (payment_id, payment_date, reservation_id, amount) values (55, '2019-06-30', 14, 5189.81)
set identity_insert dbo.payments off

set identity_insert dbo.reservations on
insert into dbo.reservations (reservation_id, customer_id, reservation_date) values (15, 27, '2018-01-09')
set identity_insert dbo.reservations off

set identity_insert dbo.conference_day_reservations on
insert into dbo.conference_day_reservations (reservation_day_id, conference_day_id, reservation_id, student_attendees, full_price_attendees) values (30, 97, 15, 5, 4)
set identity_insert dbo.conference_day_reservations off

set identity_insert dbo.conference_day_attendees on
insert into dbo.conference_day_attendees (attendee_id, registered_id, reservation_day_id, is_student) values (204, 19, 30, 1)
set identity_insert dbo.conference_day_attendees off

set identity_insert dbo.conference_day_attendees on
insert into dbo.conference_day_attendees (attendee_id, registered_id, reservation_day_id, is_student) values (205, 36, 30, 1)
set identity_insert dbo.conference_day_attendees off

set identity_insert dbo.conference_day_attendees on
insert into dbo.conference_day_attendees (attendee_id, registered_id, reservation_day_id, is_student) values (206, 39, 30, 1)
set identity_insert dbo.conference_day_attendees off

set identity_insert dbo.conference_day_attendees on
insert into dbo.conference_day_attendees (attendee_id, registered_id, reservation_day_id, is_student) values (207, 33, 30, 1)
set identity_insert dbo.conference_day_attendees off

set identity_insert dbo.conference_day_attendees on
insert into dbo.conference_day_attendees (attendee_id, registered_id, reservation_day_id, is_student) values (208, 47, 30, 1)
set identity_insert dbo.conference_day_attendees off

set identity_insert dbo.conference_day_attendees on
insert into dbo.conference_day_attendees (attendee_id, registered_id, reservation_day_id, is_student) values (209, 48, 30, 0)
set identity_insert dbo.conference_day_attendees off

set identity_insert dbo.conference_day_attendees on
insert into dbo.conference_day_attendees (attendee_id, registered_id, reservation_day_id, is_student) values (210, 6, 30, 0)
set identity_insert dbo.conference_day_attendees off

set identity_insert dbo.conference_day_reservations on
insert into dbo.conference_day_reservations (reservation_day_id, conference_day_id, reservation_id, student_attendees, full_price_attendees) values (31, 97, 15, 9, 5)
set identity_insert dbo.conference_day_reservations off

set identity_insert dbo.conference_day_attendees on
insert into dbo.conference_day_attendees (attendee_id, registered_id, reservation_day_id, is_student) values (211, 25, 31, 1)
set identity_insert dbo.conference_day_attendees off

set identity_insert dbo.conference_day_attendees on
insert into dbo.conference_day_attendees (attendee_id, registered_id, reservation_day_id, is_student) values (212, 32, 31, 1)
set identity_insert dbo.conference_day_attendees off

set identity_insert dbo.conference_day_attendees on
insert into dbo.conference_day_attendees (attendee_id, registered_id, reservation_day_id, is_student) values (213, 7, 31, 1)
set identity_insert dbo.conference_day_attendees off

set identity_insert dbo.conference_day_attendees on
insert into dbo.conference_day_attendees (attendee_id, registered_id, reservation_day_id, is_student) values (214, 26, 31, 1)
set identity_insert dbo.conference_day_attendees off

set identity_insert dbo.conference_day_attendees on
insert into dbo.conference_day_attendees (attendee_id, registered_id, reservation_day_id, is_student) values (215, 6, 31, 1)
set identity_insert dbo.conference_day_attendees off

set identity_insert dbo.conference_day_attendees on
insert into dbo.conference_day_attendees (attendee_id, registered_id, reservation_day_id, is_student) values (216, 16, 31, 1)
set identity_insert dbo.conference_day_attendees off

set identity_insert dbo.conference_day_attendees on
insert into dbo.conference_day_attendees (attendee_id, registered_id, reservation_day_id, is_student) values (217, 12, 31, 1)
set identity_insert dbo.conference_day_attendees off

set identity_insert dbo.conference_day_attendees on
insert into dbo.conference_day_attendees (attendee_id, registered_id, reservation_day_id, is_student) values (218, 17, 31, 1)
set identity_insert dbo.conference_day_attendees off

set identity_insert dbo.conference_day_attendees on
insert into dbo.conference_day_attendees (attendee_id, registered_id, reservation_day_id, is_student) values (219, 6, 31, 1)
set identity_insert dbo.conference_day_attendees off

set identity_insert dbo.conference_day_attendees on
insert into dbo.conference_day_attendees (attendee_id, registered_id, reservation_day_id, is_student) values (220, 29, 31, 1)
set identity_insert dbo.conference_day_attendees off

set identity_insert dbo.conference_day_attendees on
insert into dbo.conference_day_attendees (attendee_id, registered_id, reservation_day_id, is_student) values (221, 28, 31, 0)
set identity_insert dbo.conference_day_attendees off

set identity_insert dbo.conference_day_attendees on
insert into dbo.conference_day_attendees (attendee_id, registered_id, reservation_day_id, is_student) values (222, 21, 31, 0)
set identity_insert dbo.conference_day_attendees off

set identity_insert dbo.conference_day_attendees on
insert into dbo.conference_day_attendees (attendee_id, registered_id, reservation_day_id, is_student) values (223, 47, 31, 0)
set identity_insert dbo.conference_day_attendees off

set identity_insert dbo.conference_day_attendees on
insert into dbo.conference_day_attendees (attendee_id, registered_id, reservation_day_id, is_student) values (224, 26, 31, 0)
set identity_insert dbo.conference_day_attendees off

set identity_insert dbo.payments on
insert into dbo.payments (payment_id, payment_date, reservation_id, amount) values (56, '2017-12-09', 15, 8079.82)
set identity_insert dbo.payments off

set identity_insert dbo.payments on
insert into dbo.payments (payment_id, payment_date, reservation_id, amount) values (57, '2017-12-11', 15, 7350.5)
set identity_insert dbo.payments off

set identity_insert dbo.payments on
insert into dbo.payments (payment_id, payment_date, reservation_id, amount) values (58, '2017-12-02', 15, 5652.86)
set identity_insert dbo.payments off

set identity_insert dbo.payments on
insert into dbo.payments (payment_id, payment_date, reservation_id, amount) values (59, '2017-12-27', 15, 6595.7)
set identity_insert dbo.payments off

set identity_insert dbo.payments on
insert into dbo.payments (payment_id, payment_date, reservation_id, amount) values (60, '2017-12-17', 15, 8928.6)
set identity_insert dbo.payments off

set identity_insert dbo.payments on
insert into dbo.payments (payment_id, payment_date, reservation_id, amount) values (61, '2017-12-07', 15, 6422.76)
set identity_insert dbo.payments off

set identity_insert dbo.payments on
insert into dbo.payments (payment_id, payment_date, reservation_id, amount) values (62, '2017-12-25', 15, 8676.68)
set identity_insert dbo.payments off

set identity_insert dbo.payments on
insert into dbo.payments (payment_id, payment_date, reservation_id, amount) values (63, '2017-12-11', 15, 6443.33)
set identity_insert dbo.payments off

set identity_insert dbo.reservations on
insert into dbo.reservations (reservation_id, customer_id, reservation_date) values (16, 25, '2017-07-05')
set identity_insert dbo.reservations off

set identity_insert dbo.conference_day_reservations on
insert into dbo.conference_day_reservations (reservation_day_id, conference_day_id, reservation_id, student_attendees, full_price_attendees) values (32, 61, 16, 10, 7)
set identity_insert dbo.conference_day_reservations off

set identity_insert dbo.conference_day_attendees on
insert into dbo.conference_day_attendees (attendee_id, registered_id, reservation_day_id, is_student) values (225, 48, 32, 1)
set identity_insert dbo.conference_day_attendees off

set identity_insert dbo.conference_day_attendees on
insert into dbo.conference_day_attendees (attendee_id, registered_id, reservation_day_id, is_student) values (226, 16, 32, 1)
set identity_insert dbo.conference_day_attendees off

set identity_insert dbo.conference_day_attendees on
insert into dbo.conference_day_attendees (attendee_id, registered_id, reservation_day_id, is_student) values (227, 41, 32, 1)
set identity_insert dbo.conference_day_attendees off

set identity_insert dbo.conference_day_attendees on
insert into dbo.conference_day_attendees (attendee_id, registered_id, reservation_day_id, is_student) values (228, 22, 32, 1)
set identity_insert dbo.conference_day_attendees off

set identity_insert dbo.conference_day_attendees on
insert into dbo.conference_day_attendees (attendee_id, registered_id, reservation_day_id, is_student) values (229, 33, 32, 1)
set identity_insert dbo.conference_day_attendees off

set identity_insert dbo.conference_day_attendees on
insert into dbo.conference_day_attendees (attendee_id, registered_id, reservation_day_id, is_student) values (230, 3, 32, 1)
set identity_insert dbo.conference_day_attendees off

set identity_insert dbo.conference_day_attendees on
insert into dbo.conference_day_attendees (attendee_id, registered_id, reservation_day_id, is_student) values (231, 35, 32, 1)
set identity_insert dbo.conference_day_attendees off

set identity_insert dbo.conference_day_attendees on
insert into dbo.conference_day_attendees (attendee_id, registered_id, reservation_day_id, is_student) values (232, 4, 32, 1)
set identity_insert dbo.conference_day_attendees off

set identity_insert dbo.conference_day_attendees on
insert into dbo.conference_day_attendees (attendee_id, registered_id, reservation_day_id, is_student) values (233, 36, 32, 1)
set identity_insert dbo.conference_day_attendees off

set identity_insert dbo.conference_day_attendees on
insert into dbo.conference_day_attendees (attendee_id, registered_id, reservation_day_id, is_student) values (234, 38, 32, 1)
set identity_insert dbo.conference_day_attendees off

set identity_insert dbo.conference_day_attendees on
insert into dbo.conference_day_attendees (attendee_id, registered_id, reservation_day_id, is_student) values (235, 2, 32, 1)
set identity_insert dbo.conference_day_attendees off

set identity_insert dbo.conference_day_attendees on
insert into dbo.conference_day_attendees (attendee_id, registered_id, reservation_day_id, is_student) values (236, 26, 32, 0)
set identity_insert dbo.conference_day_attendees off

set identity_insert dbo.conference_day_attendees on
insert into dbo.conference_day_attendees (attendee_id, registered_id, reservation_day_id, is_student) values (237, 7, 32, 0)
set identity_insert dbo.conference_day_attendees off

set identity_insert dbo.conference_day_attendees on
insert into dbo.conference_day_attendees (attendee_id, registered_id, reservation_day_id, is_student) values (238, 42, 32, 0)
set identity_insert dbo.conference_day_attendees off

set identity_insert dbo.conference_day_attendees on
insert into dbo.conference_day_attendees (attendee_id, registered_id, reservation_day_id, is_student) values (239, 22, 32, 0)
set identity_insert dbo.conference_day_attendees off

set identity_insert dbo.conference_day_attendees on
insert into dbo.conference_day_attendees (attendee_id, registered_id, reservation_day_id, is_student) values (240, 17, 32, 0)
set identity_insert dbo.conference_day_attendees off

set identity_insert dbo.conference_day_attendees on
insert into dbo.conference_day_attendees (attendee_id, registered_id, reservation_day_id, is_student) values (241, 16, 32, 0)
set identity_insert dbo.conference_day_attendees off

set identity_insert dbo.conference_day_reservations on
insert into dbo.conference_day_reservations (reservation_day_id, conference_day_id, reservation_id, student_attendees, full_price_attendees) values (33, 61, 16, 4, 9)
set identity_insert dbo.conference_day_reservations off

set identity_insert dbo.conference_day_attendees on
insert into dbo.conference_day_attendees (attendee_id, registered_id, reservation_day_id, is_student) values (242, 7, 33, 1)
set identity_insert dbo.conference_day_attendees off

set identity_insert dbo.conference_day_attendees on
insert into dbo.conference_day_attendees (attendee_id, registered_id, reservation_day_id, is_student) values (243, 26, 33, 1)
set identity_insert dbo.conference_day_attendees off

set identity_insert dbo.conference_day_attendees on
insert into dbo.conference_day_attendees (attendee_id, registered_id, reservation_day_id, is_student) values (244, 40, 33, 1)
set identity_insert dbo.conference_day_attendees off

set identity_insert dbo.conference_day_attendees on
insert into dbo.conference_day_attendees (attendee_id, registered_id, reservation_day_id, is_student) values (245, 35, 33, 1)
set identity_insert dbo.conference_day_attendees off

set identity_insert dbo.conference_day_attendees on
insert into dbo.conference_day_attendees (attendee_id, registered_id, reservation_day_id, is_student) values (246, 11, 33, 1)
set identity_insert dbo.conference_day_attendees off

set identity_insert dbo.conference_day_attendees on
insert into dbo.conference_day_attendees (attendee_id, registered_id, reservation_day_id, is_student) values (247, 26, 33, 0)
set identity_insert dbo.conference_day_attendees off

set identity_insert dbo.conference_day_attendees on
insert into dbo.conference_day_attendees (attendee_id, registered_id, reservation_day_id, is_student) values (248, 29, 33, 0)
set identity_insert dbo.conference_day_attendees off

set identity_insert dbo.conference_day_attendees on
insert into dbo.conference_day_attendees (attendee_id, registered_id, reservation_day_id, is_student) values (249, 18, 33, 0)
set identity_insert dbo.conference_day_attendees off

set identity_insert dbo.conference_day_attendees on
insert into dbo.conference_day_attendees (attendee_id, registered_id, reservation_day_id, is_student) values (250, 35, 33, 0)
set identity_insert dbo.conference_day_attendees off

set identity_insert dbo.conference_day_attendees on
insert into dbo.conference_day_attendees (attendee_id, registered_id, reservation_day_id, is_student) values (251, 49, 33, 0)
set identity_insert dbo.conference_day_attendees off

set identity_insert dbo.conference_day_attendees on
insert into dbo.conference_day_attendees (attendee_id, registered_id, reservation_day_id, is_student) values (252, 11, 33, 0)
set identity_insert dbo.conference_day_attendees off

set identity_insert dbo.conference_day_attendees on
insert into dbo.conference_day_attendees (attendee_id, registered_id, reservation_day_id, is_student) values (253, 45, 33, 0)
set identity_insert dbo.conference_day_attendees off

set identity_insert dbo.conference_day_attendees on
insert into dbo.conference_day_attendees (attendee_id, registered_id, reservation_day_id, is_student) values (254, 33, 33, 0)
set identity_insert dbo.conference_day_attendees off

set identity_insert dbo.conference_day_reservations on
insert into dbo.conference_day_reservations (reservation_day_id, conference_day_id, reservation_id, student_attendees, full_price_attendees) values (34, 61, 16, 0, 9)
set identity_insert dbo.conference_day_reservations off

set identity_insert dbo.conference_day_attendees on
insert into dbo.conference_day_attendees (attendee_id, registered_id, reservation_day_id, is_student) values (255, 46, 34, 1)
set identity_insert dbo.conference_day_attendees off

set identity_insert dbo.conference_day_attendees on
insert into dbo.conference_day_attendees (attendee_id, registered_id, reservation_day_id, is_student) values (256, 49, 34, 0)
set identity_insert dbo.conference_day_attendees off

set identity_insert dbo.conference_day_attendees on
insert into dbo.conference_day_attendees (attendee_id, registered_id, reservation_day_id, is_student) values (257, 22, 34, 0)
set identity_insert dbo.conference_day_attendees off

set identity_insert dbo.conference_day_attendees on
insert into dbo.conference_day_attendees (attendee_id, registered_id, reservation_day_id, is_student) values (258, 13, 34, 0)
set identity_insert dbo.conference_day_attendees off

set identity_insert dbo.payments on
insert into dbo.payments (payment_id, payment_date, reservation_id, amount) values (64, '2017-07-03', 16, 6815.09)
set identity_insert dbo.payments off

set identity_insert dbo.payments on
insert into dbo.payments (payment_id, payment_date, reservation_id, amount) values (65, '2017-07-03', 16, 6756.22)
set identity_insert dbo.payments off

set identity_insert dbo.payments on
insert into dbo.payments (payment_id, payment_date, reservation_id, amount) values (66, '2017-06-12', 16, 7209.21)
set identity_insert dbo.payments off

set identity_insert dbo.payments on
insert into dbo.payments (payment_id, payment_date, reservation_id, amount) values (67, '2017-06-14', 16, 3142.21)
set identity_insert dbo.payments off

set identity_insert dbo.payments on
insert into dbo.payments (payment_id, payment_date, reservation_id, amount) values (68, '2017-06-18', 16, 5361.67)
set identity_insert dbo.payments off

set identity_insert dbo.payments on
insert into dbo.payments (payment_id, payment_date, reservation_id, amount) values (69, '2017-06-27', 16, 9666.74)
set identity_insert dbo.payments off

set identity_insert dbo.payments on
insert into dbo.payments (payment_id, payment_date, reservation_id, amount) values (70, '2017-07-01', 16, 8802.85)
set identity_insert dbo.payments off

set identity_insert dbo.payments on
insert into dbo.payments (payment_id, payment_date, reservation_id, amount) values (71, '2017-06-20', 16, 8910.13)
set identity_insert dbo.payments off

set identity_insert dbo.payments on
insert into dbo.payments (payment_id, payment_date, reservation_id, amount) values (72, '2017-07-03', 16, 813.86)
set identity_insert dbo.payments off

set identity_insert dbo.reservations on
insert into dbo.reservations (reservation_id, customer_id, reservation_date) values (17, 27, '2018-05-02')
set identity_insert dbo.reservations off

set identity_insert dbo.conference_day_reservations on
insert into dbo.conference_day_reservations (reservation_day_id, conference_day_id, reservation_id, student_attendees, full_price_attendees) values (35, 88, 17, 3, 8)
set identity_insert dbo.conference_day_reservations off

set identity_insert dbo.conference_day_attendees on
insert into dbo.conference_day_attendees (attendee_id, registered_id, reservation_day_id, is_student) values (259, 46, 35, 1)
set identity_insert dbo.conference_day_attendees off

set identity_insert dbo.conference_day_attendees on
insert into dbo.conference_day_attendees (attendee_id, registered_id, reservation_day_id, is_student) values (260, 34, 35, 1)
set identity_insert dbo.conference_day_attendees off

set identity_insert dbo.conference_day_attendees on
insert into dbo.conference_day_attendees (attendee_id, registered_id, reservation_day_id, is_student) values (261, 20, 35, 1)
set identity_insert dbo.conference_day_attendees off

set identity_insert dbo.conference_day_attendees on
insert into dbo.conference_day_attendees (attendee_id, registered_id, reservation_day_id, is_student) values (262, 11, 35, 1)
set identity_insert dbo.conference_day_attendees off

set identity_insert dbo.conference_day_attendees on
insert into dbo.conference_day_attendees (attendee_id, registered_id, reservation_day_id, is_student) values (263, 31, 35, 0)
set identity_insert dbo.conference_day_attendees off

set identity_insert dbo.conference_day_attendees on
insert into dbo.conference_day_attendees (attendee_id, registered_id, reservation_day_id, is_student) values (264, 26, 35, 0)
set identity_insert dbo.conference_day_attendees off

set identity_insert dbo.conference_day_attendees on
insert into dbo.conference_day_attendees (attendee_id, registered_id, reservation_day_id, is_student) values (265, 27, 35, 0)
set identity_insert dbo.conference_day_attendees off

set identity_insert dbo.conference_day_attendees on
insert into dbo.conference_day_attendees (attendee_id, registered_id, reservation_day_id, is_student) values (266, 29, 35, 0)
set identity_insert dbo.conference_day_attendees off

set identity_insert dbo.conference_day_attendees on
insert into dbo.conference_day_attendees (attendee_id, registered_id, reservation_day_id, is_student) values (267, 10, 35, 0)
set identity_insert dbo.conference_day_attendees off

set identity_insert dbo.payments on
insert into dbo.payments (payment_id, payment_date, reservation_id, amount) values (73, '2018-04-27', 17, 1275.78)
set identity_insert dbo.payments off

set identity_insert dbo.payments on
insert into dbo.payments (payment_id, payment_date, reservation_id, amount) values (74, '2018-04-07', 17, 5227.02)
set identity_insert dbo.payments off

set identity_insert dbo.payments on
insert into dbo.payments (payment_id, payment_date, reservation_id, amount) values (75, '2018-04-11', 17, 2921.0)
set identity_insert dbo.payments off

set identity_insert dbo.payments on
insert into dbo.payments (payment_id, payment_date, reservation_id, amount) values (76, '2018-04-08', 17, 7117.41)
set identity_insert dbo.payments off

set identity_insert dbo.payments on
insert into dbo.payments (payment_id, payment_date, reservation_id, amount) values (77, '2018-04-19', 17, 811.57)
set identity_insert dbo.payments off

set identity_insert dbo.reservations on
insert into dbo.reservations (reservation_id, customer_id, reservation_date) values (18, 13, '2017-02-20')
set identity_insert dbo.reservations off

set identity_insert dbo.conference_day_reservations on
insert into dbo.conference_day_reservations (reservation_day_id, conference_day_id, reservation_id, student_attendees, full_price_attendees) values (36, 25, 18, 2, 1)
set identity_insert dbo.conference_day_reservations off

set identity_insert dbo.conference_day_attendees on
insert into dbo.conference_day_attendees (attendee_id, registered_id, reservation_day_id, is_student) values (268, 46, 36, 1)
set identity_insert dbo.conference_day_attendees off

set identity_insert dbo.payments on
insert into dbo.payments (payment_id, payment_date, reservation_id, amount) values (78, '2017-02-08', 18, 9207.99)
set identity_insert dbo.payments off

set identity_insert dbo.payments on
insert into dbo.payments (payment_id, payment_date, reservation_id, amount) values (79, '2017-02-05', 18, 4731.19)
set identity_insert dbo.payments off

set identity_insert dbo.payments on
insert into dbo.payments (payment_id, payment_date, reservation_id, amount) values (80, '2017-02-06', 18, 3297.61)
set identity_insert dbo.payments off

set identity_insert dbo.payments on
insert into dbo.payments (payment_id, payment_date, reservation_id, amount) values (81, '2017-01-27', 18, 5874.19)
set identity_insert dbo.payments off

set identity_insert dbo.payments on
insert into dbo.payments (payment_id, payment_date, reservation_id, amount) values (82, '2017-02-05', 18, 1174.09)
set identity_insert dbo.payments off

set identity_insert dbo.payments on
insert into dbo.payments (payment_id, payment_date, reservation_id, amount) values (83, '2017-02-09', 18, 8492.4)
set identity_insert dbo.payments off

set identity_insert dbo.payments on
insert into dbo.payments (payment_id, payment_date, reservation_id, amount) values (84, '2017-02-05', 18, 147.55)
set identity_insert dbo.payments off

set identity_insert dbo.payments on
insert into dbo.payments (payment_id, payment_date, reservation_id, amount) values (85, '2017-02-02', 18, 9463.78)
set identity_insert dbo.payments off

set identity_insert dbo.reservations on
insert into dbo.reservations (reservation_id, customer_id, reservation_date) values (19, 3, '2017-06-25')
set identity_insert dbo.reservations off

set identity_insert dbo.conference_day_reservations on
insert into dbo.conference_day_reservations (reservation_day_id, conference_day_id, reservation_id, student_attendees, full_price_attendees) values (37, 74, 19, 3, 2)
set identity_insert dbo.conference_day_reservations off

set identity_insert dbo.conference_day_attendees on
insert into dbo.conference_day_attendees (attendee_id, registered_id, reservation_day_id, is_student) values (269, 33, 37, 1)
set identity_insert dbo.conference_day_attendees off

set identity_insert dbo.conference_day_attendees on
insert into dbo.conference_day_attendees (attendee_id, registered_id, reservation_day_id, is_student) values (270, 25, 37, 1)
set identity_insert dbo.conference_day_attendees off

set identity_insert dbo.conference_day_attendees on
insert into dbo.conference_day_attendees (attendee_id, registered_id, reservation_day_id, is_student) values (271, 23, 37, 1)
set identity_insert dbo.conference_day_attendees off

set identity_insert dbo.conference_day_attendees on
insert into dbo.conference_day_attendees (attendee_id, registered_id, reservation_day_id, is_student) values (272, 16, 37, 1)
set identity_insert dbo.conference_day_attendees off

set identity_insert dbo.conference_day_attendees on
insert into dbo.conference_day_attendees (attendee_id, registered_id, reservation_day_id, is_student) values (273, 14, 37, 0)
set identity_insert dbo.conference_day_attendees off

set identity_insert dbo.conference_day_reservations on
insert into dbo.conference_day_reservations (reservation_day_id, conference_day_id, reservation_id, student_attendees, full_price_attendees) values (38, 74, 19, 2, 2)
set identity_insert dbo.conference_day_reservations off

set identity_insert dbo.conference_day_attendees on
insert into dbo.conference_day_attendees (attendee_id, registered_id, reservation_day_id, is_student) values (274, 2, 38, 1)
set identity_insert dbo.conference_day_attendees off

set identity_insert dbo.conference_day_attendees on
insert into dbo.conference_day_attendees (attendee_id, registered_id, reservation_day_id, is_student) values (275, 33, 38, 1)
set identity_insert dbo.conference_day_attendees off

set identity_insert dbo.conference_day_attendees on
insert into dbo.conference_day_attendees (attendee_id, registered_id, reservation_day_id, is_student) values (276, 29, 38, 0)
set identity_insert dbo.conference_day_attendees off

set identity_insert dbo.conference_day_reservations on
insert into dbo.conference_day_reservations (reservation_day_id, conference_day_id, reservation_id, student_attendees, full_price_attendees) values (39, 74, 19, 4, 3)
set identity_insert dbo.conference_day_reservations off

set identity_insert dbo.conference_day_attendees on
insert into dbo.conference_day_attendees (attendee_id, registered_id, reservation_day_id, is_student) values (277, 37, 39, 1)
set identity_insert dbo.conference_day_attendees off

set identity_insert dbo.conference_day_attendees on
insert into dbo.conference_day_attendees (attendee_id, registered_id, reservation_day_id, is_student) values (278, 22, 39, 1)
set identity_insert dbo.conference_day_attendees off

set identity_insert dbo.conference_day_attendees on
insert into dbo.conference_day_attendees (attendee_id, registered_id, reservation_day_id, is_student) values (279, 27, 39, 1)
set identity_insert dbo.conference_day_attendees off

set identity_insert dbo.conference_day_attendees on
insert into dbo.conference_day_attendees (attendee_id, registered_id, reservation_day_id, is_student) values (280, 6, 39, 1)
set identity_insert dbo.conference_day_attendees off

set identity_insert dbo.conference_day_attendees on
insert into dbo.conference_day_attendees (attendee_id, registered_id, reservation_day_id, is_student) values (281, 22, 39, 1)
set identity_insert dbo.conference_day_attendees off

set identity_insert dbo.conference_day_attendees on
insert into dbo.conference_day_attendees (attendee_id, registered_id, reservation_day_id, is_student) values (282, 28, 39, 0)
set identity_insert dbo.conference_day_attendees off

set identity_insert dbo.conference_day_attendees on
insert into dbo.conference_day_attendees (attendee_id, registered_id, reservation_day_id, is_student) values (283, 11, 39, 0)
set identity_insert dbo.conference_day_attendees off

set identity_insert dbo.conference_day_reservations on
insert into dbo.conference_day_reservations (reservation_day_id, conference_day_id, reservation_id, student_attendees, full_price_attendees) values (40, 74, 19, 9, 2)
set identity_insert dbo.conference_day_reservations off

set identity_insert dbo.conference_day_attendees on
insert into dbo.conference_day_attendees (attendee_id, registered_id, reservation_day_id, is_student) values (284, 1, 40, 1)
set identity_insert dbo.conference_day_attendees off

set identity_insert dbo.conference_day_attendees on
insert into dbo.conference_day_attendees (attendee_id, registered_id, reservation_day_id, is_student) values (285, 8, 40, 0)
set identity_insert dbo.conference_day_attendees off

set identity_insert dbo.payments on
insert into dbo.payments (payment_id, payment_date, reservation_id, amount) values (86, '2017-06-15', 19, 7356.39)
set identity_insert dbo.payments off

set identity_insert dbo.reservations on
insert into dbo.reservations (reservation_id, customer_id, reservation_date) values (20, 7, '2019-11-03')
set identity_insert dbo.reservations off

set identity_insert dbo.conference_day_reservations on
insert into dbo.conference_day_reservations (reservation_day_id, conference_day_id, reservation_id, student_attendees, full_price_attendees) values (41, 79, 20, 3, 9)
set identity_insert dbo.conference_day_reservations off

set identity_insert dbo.conference_day_attendees on
insert into dbo.conference_day_attendees (attendee_id, registered_id, reservation_day_id, is_student) values (286, 25, 41, 1)
set identity_insert dbo.conference_day_attendees off

set identity_insert dbo.conference_day_attendees on
insert into dbo.conference_day_attendees (attendee_id, registered_id, reservation_day_id, is_student) values (287, 24, 41, 1)
set identity_insert dbo.conference_day_attendees off

set identity_insert dbo.conference_day_attendees on
insert into dbo.conference_day_attendees (attendee_id, registered_id, reservation_day_id, is_student) values (288, 13, 41, 1)
set identity_insert dbo.conference_day_attendees off

set identity_insert dbo.conference_day_attendees on
insert into dbo.conference_day_attendees (attendee_id, registered_id, reservation_day_id, is_student) values (289, 14, 41, 0)
set identity_insert dbo.conference_day_attendees off

set identity_insert dbo.conference_day_reservations on
insert into dbo.conference_day_reservations (reservation_day_id, conference_day_id, reservation_id, student_attendees, full_price_attendees) values (42, 79, 20, 7, 10)
set identity_insert dbo.conference_day_reservations off

set identity_insert dbo.conference_day_attendees on
insert into dbo.conference_day_attendees (attendee_id, registered_id, reservation_day_id, is_student) values (290, 38, 42, 1)
set identity_insert dbo.conference_day_attendees off

set identity_insert dbo.conference_day_attendees on
insert into dbo.conference_day_attendees (attendee_id, registered_id, reservation_day_id, is_student) values (291, 7, 42, 1)
set identity_insert dbo.conference_day_attendees off

set identity_insert dbo.conference_day_attendees on
insert into dbo.conference_day_attendees (attendee_id, registered_id, reservation_day_id, is_student) values (292, 28, 42, 1)
set identity_insert dbo.conference_day_attendees off

set identity_insert dbo.conference_day_attendees on
insert into dbo.conference_day_attendees (attendee_id, registered_id, reservation_day_id, is_student) values (293, 31, 42, 1)
set identity_insert dbo.conference_day_attendees off

set identity_insert dbo.conference_day_attendees on
insert into dbo.conference_day_attendees (attendee_id, registered_id, reservation_day_id, is_student) values (294, 16, 42, 1)
set identity_insert dbo.conference_day_attendees off

set identity_insert dbo.conference_day_attendees on
insert into dbo.conference_day_attendees (attendee_id, registered_id, reservation_day_id, is_student) values (295, 7, 42, 1)
set identity_insert dbo.conference_day_attendees off

set identity_insert dbo.conference_day_attendees on
insert into dbo.conference_day_attendees (attendee_id, registered_id, reservation_day_id, is_student) values (296, 15, 42, 1)
set identity_insert dbo.conference_day_attendees off

set identity_insert dbo.conference_day_attendees on
insert into dbo.conference_day_attendees (attendee_id, registered_id, reservation_day_id, is_student) values (297, 23, 42, 1)
set identity_insert dbo.conference_day_attendees off

set identity_insert dbo.conference_day_attendees on
insert into dbo.conference_day_attendees (attendee_id, registered_id, reservation_day_id, is_student) values (298, 47, 42, 0)
set identity_insert dbo.conference_day_attendees off

set identity_insert dbo.conference_day_attendees on
insert into dbo.conference_day_attendees (attendee_id, registered_id, reservation_day_id, is_student) values (299, 8, 42, 0)
set identity_insert dbo.conference_day_attendees off

set identity_insert dbo.conference_day_attendees on
insert into dbo.conference_day_attendees (attendee_id, registered_id, reservation_day_id, is_student) values (300, 45, 42, 0)
set identity_insert dbo.conference_day_attendees off

set identity_insert dbo.conference_day_attendees on
insert into dbo.conference_day_attendees (attendee_id, registered_id, reservation_day_id, is_student) values (301, 7, 42, 0)
set identity_insert dbo.conference_day_attendees off

set identity_insert dbo.conference_day_attendees on
insert into dbo.conference_day_attendees (attendee_id, registered_id, reservation_day_id, is_student) values (302, 40, 42, 0)
set identity_insert dbo.conference_day_attendees off

set identity_insert dbo.conference_day_attendees on
insert into dbo.conference_day_attendees (attendee_id, registered_id, reservation_day_id, is_student) values (303, 1, 42, 0)
set identity_insert dbo.conference_day_attendees off

set identity_insert dbo.conference_day_attendees on
insert into dbo.conference_day_attendees (attendee_id, registered_id, reservation_day_id, is_student) values (304, 14, 42, 0)
set identity_insert dbo.conference_day_attendees off

set identity_insert dbo.conference_day_attendees on
insert into dbo.conference_day_attendees (attendee_id, registered_id, reservation_day_id, is_student) values (305, 20, 42, 0)
set identity_insert dbo.conference_day_attendees off

set identity_insert dbo.conference_day_attendees on
insert into dbo.conference_day_attendees (attendee_id, registered_id, reservation_day_id, is_student) values (306, 35, 42, 0)
set identity_insert dbo.conference_day_attendees off

set identity_insert dbo.conference_day_reservations on
insert into dbo.conference_day_reservations (reservation_day_id, conference_day_id, reservation_id, student_attendees, full_price_attendees) values (43, 79, 20, 8, 2)
set identity_insert dbo.conference_day_reservations off

set identity_insert dbo.conference_day_attendees on
insert into dbo.conference_day_attendees (attendee_id, registered_id, reservation_day_id, is_student) values (307, 38, 43, 1)
set identity_insert dbo.conference_day_attendees off

set identity_insert dbo.conference_day_attendees on
insert into dbo.conference_day_attendees (attendee_id, registered_id, reservation_day_id, is_student) values (308, 12, 43, 1)
set identity_insert dbo.conference_day_attendees off

set identity_insert dbo.conference_day_attendees on
insert into dbo.conference_day_attendees (attendee_id, registered_id, reservation_day_id, is_student) values (309, 39, 43, 1)
set identity_insert dbo.conference_day_attendees off

set identity_insert dbo.conference_day_attendees on
insert into dbo.conference_day_attendees (attendee_id, registered_id, reservation_day_id, is_student) values (310, 11, 43, 1)
set identity_insert dbo.conference_day_attendees off

set identity_insert dbo.conference_day_attendees on
insert into dbo.conference_day_attendees (attendee_id, registered_id, reservation_day_id, is_student) values (311, 31, 43, 1)
set identity_insert dbo.conference_day_attendees off

set identity_insert dbo.conference_day_reservations on
insert into dbo.conference_day_reservations (reservation_day_id, conference_day_id, reservation_id, student_attendees, full_price_attendees) values (44, 79, 20, 9, 6)
set identity_insert dbo.conference_day_reservations off

set identity_insert dbo.conference_day_attendees on
insert into dbo.conference_day_attendees (attendee_id, registered_id, reservation_day_id, is_student) values (312, 4, 44, 1)
set identity_insert dbo.conference_day_attendees off

set identity_insert dbo.conference_day_attendees on
insert into dbo.conference_day_attendees (attendee_id, registered_id, reservation_day_id, is_student) values (313, 26, 44, 1)
set identity_insert dbo.conference_day_attendees off

set identity_insert dbo.payments on
insert into dbo.payments (payment_id, payment_date, reservation_id, amount) values (87, '2019-10-25', 20, 1003.17)
set identity_insert dbo.payments off

set identity_insert dbo.payments on
insert into dbo.payments (payment_id, payment_date, reservation_id, amount) values (88, '2019-11-03', 20, 3863.64)
set identity_insert dbo.payments off

set identity_insert dbo.reservations on
insert into dbo.reservations (reservation_id, customer_id, reservation_date) values (21, 28, '2019-03-13')
set identity_insert dbo.reservations off

set identity_insert dbo.conference_day_reservations on
insert into dbo.conference_day_reservations (reservation_day_id, conference_day_id, reservation_id, student_attendees, full_price_attendees) values (45, 55, 21, 0, 3)
set identity_insert dbo.conference_day_reservations off

set identity_insert dbo.conference_day_attendees on
insert into dbo.conference_day_attendees (attendee_id, registered_id, reservation_day_id, is_student) values (314, 41, 45, 1)
set identity_insert dbo.conference_day_attendees off

set identity_insert dbo.conference_day_attendees on
insert into dbo.conference_day_attendees (attendee_id, registered_id, reservation_day_id, is_student) values (315, 7, 45, 0)
set identity_insert dbo.conference_day_attendees off

set identity_insert dbo.conference_day_attendees on
insert into dbo.conference_day_attendees (attendee_id, registered_id, reservation_day_id, is_student) values (316, 25, 45, 0)
set identity_insert dbo.conference_day_attendees off

set identity_insert dbo.reservations on
insert into dbo.reservations (reservation_id, customer_id, reservation_date) values (22, 6, '2018-09-20')
set identity_insert dbo.reservations off

set identity_insert dbo.conference_day_reservations on
insert into dbo.conference_day_reservations (reservation_day_id, conference_day_id, reservation_id, student_attendees, full_price_attendees) values (46, 50, 22, 6, 2)
set identity_insert dbo.conference_day_reservations off

set identity_insert dbo.conference_day_attendees on
insert into dbo.conference_day_attendees (attendee_id, registered_id, reservation_day_id, is_student) values (317, 48, 46, 1)
set identity_insert dbo.conference_day_attendees off

set identity_insert dbo.conference_day_attendees on
insert into dbo.conference_day_attendees (attendee_id, registered_id, reservation_day_id, is_student) values (318, 34, 46, 1)
set identity_insert dbo.conference_day_attendees off

set identity_insert dbo.conference_day_attendees on
insert into dbo.conference_day_attendees (attendee_id, registered_id, reservation_day_id, is_student) values (319, 17, 46, 1)
set identity_insert dbo.conference_day_attendees off

set identity_insert dbo.conference_day_attendees on
insert into dbo.conference_day_attendees (attendee_id, registered_id, reservation_day_id, is_student) values (320, 23, 46, 1)
set identity_insert dbo.conference_day_attendees off

set identity_insert dbo.conference_day_attendees on
insert into dbo.conference_day_attendees (attendee_id, registered_id, reservation_day_id, is_student) values (321, 11, 46, 1)
set identity_insert dbo.conference_day_attendees off

set identity_insert dbo.conference_day_attendees on
insert into dbo.conference_day_attendees (attendee_id, registered_id, reservation_day_id, is_student) values (322, 28, 46, 1)
set identity_insert dbo.conference_day_attendees off

set identity_insert dbo.conference_day_attendees on
insert into dbo.conference_day_attendees (attendee_id, registered_id, reservation_day_id, is_student) values (323, 37, 46, 1)
set identity_insert dbo.conference_day_attendees off

set identity_insert dbo.conference_day_attendees on
insert into dbo.conference_day_attendees (attendee_id, registered_id, reservation_day_id, is_student) values (324, 48, 46, 0)
set identity_insert dbo.conference_day_attendees off

set identity_insert dbo.conference_day_reservations on
insert into dbo.conference_day_reservations (reservation_day_id, conference_day_id, reservation_id, student_attendees, full_price_attendees) values (47, 50, 22, 5, 5)
set identity_insert dbo.conference_day_reservations off

set identity_insert dbo.conference_day_attendees on
insert into dbo.conference_day_attendees (attendee_id, registered_id, reservation_day_id, is_student) values (325, 34, 47, 1)
set identity_insert dbo.conference_day_attendees off

set identity_insert dbo.conference_day_attendees on
insert into dbo.conference_day_attendees (attendee_id, registered_id, reservation_day_id, is_student) values (326, 37, 47, 1)
set identity_insert dbo.conference_day_attendees off

set identity_insert dbo.conference_day_attendees on
insert into dbo.conference_day_attendees (attendee_id, registered_id, reservation_day_id, is_student) values (327, 45, 47, 1)
set identity_insert dbo.conference_day_attendees off

set identity_insert dbo.conference_day_attendees on
insert into dbo.conference_day_attendees (attendee_id, registered_id, reservation_day_id, is_student) values (328, 9, 47, 1)
set identity_insert dbo.conference_day_attendees off

set identity_insert dbo.conference_day_attendees on
insert into dbo.conference_day_attendees (attendee_id, registered_id, reservation_day_id, is_student) values (329, 7, 47, 1)
set identity_insert dbo.conference_day_attendees off

set identity_insert dbo.conference_day_attendees on
insert into dbo.conference_day_attendees (attendee_id, registered_id, reservation_day_id, is_student) values (330, 21, 47, 1)
set identity_insert dbo.conference_day_attendees off

set identity_insert dbo.conference_day_attendees on
insert into dbo.conference_day_attendees (attendee_id, registered_id, reservation_day_id, is_student) values (331, 33, 47, 0)
set identity_insert dbo.conference_day_attendees off

set identity_insert dbo.conference_day_attendees on
insert into dbo.conference_day_attendees (attendee_id, registered_id, reservation_day_id, is_student) values (332, 15, 47, 0)
set identity_insert dbo.conference_day_attendees off

set identity_insert dbo.conference_day_attendees on
insert into dbo.conference_day_attendees (attendee_id, registered_id, reservation_day_id, is_student) values (333, 17, 47, 0)
set identity_insert dbo.conference_day_attendees off

set identity_insert dbo.conference_day_attendees on
insert into dbo.conference_day_attendees (attendee_id, registered_id, reservation_day_id, is_student) values (334, 11, 47, 0)
set identity_insert dbo.conference_day_attendees off

set identity_insert dbo.conference_day_reservations on
insert into dbo.conference_day_reservations (reservation_day_id, conference_day_id, reservation_id, student_attendees, full_price_attendees) values (48, 50, 22, 10, 6)
set identity_insert dbo.conference_day_reservations off

set identity_insert dbo.conference_day_attendees on
insert into dbo.conference_day_attendees (attendee_id, registered_id, reservation_day_id, is_student) values (335, 42, 48, 1)
set identity_insert dbo.conference_day_attendees off

set identity_insert dbo.conference_day_attendees on
insert into dbo.conference_day_attendees (attendee_id, registered_id, reservation_day_id, is_student) values (336, 33, 48, 1)
set identity_insert dbo.conference_day_attendees off

set identity_insert dbo.conference_day_attendees on
insert into dbo.conference_day_attendees (attendee_id, registered_id, reservation_day_id, is_student) values (337, 40, 48, 1)
set identity_insert dbo.conference_day_attendees off

set identity_insert dbo.conference_day_attendees on
insert into dbo.conference_day_attendees (attendee_id, registered_id, reservation_day_id, is_student) values (338, 28, 48, 1)
set identity_insert dbo.conference_day_attendees off

set identity_insert dbo.conference_day_attendees on
insert into dbo.conference_day_attendees (attendee_id, registered_id, reservation_day_id, is_student) values (339, 35, 48, 1)
set identity_insert dbo.conference_day_attendees off

set identity_insert dbo.conference_day_attendees on
insert into dbo.conference_day_attendees (attendee_id, registered_id, reservation_day_id, is_student) values (340, 38, 48, 1)
set identity_insert dbo.conference_day_attendees off

set identity_insert dbo.conference_day_attendees on
insert into dbo.conference_day_attendees (attendee_id, registered_id, reservation_day_id, is_student) values (341, 32, 48, 1)
set identity_insert dbo.conference_day_attendees off

set identity_insert dbo.conference_day_attendees on
insert into dbo.conference_day_attendees (attendee_id, registered_id, reservation_day_id, is_student) values (342, 45, 48, 1)
set identity_insert dbo.conference_day_attendees off

set identity_insert dbo.conference_day_attendees on
insert into dbo.conference_day_attendees (attendee_id, registered_id, reservation_day_id, is_student) values (343, 25, 48, 1)
set identity_insert dbo.conference_day_attendees off

set identity_insert dbo.conference_day_attendees on
insert into dbo.conference_day_attendees (attendee_id, registered_id, reservation_day_id, is_student) values (344, 43, 48, 1)
set identity_insert dbo.conference_day_attendees off

set identity_insert dbo.conference_day_attendees on
insert into dbo.conference_day_attendees (attendee_id, registered_id, reservation_day_id, is_student) values (345, 30, 48, 1)
set identity_insert dbo.conference_day_attendees off

set identity_insert dbo.conference_day_attendees on
insert into dbo.conference_day_attendees (attendee_id, registered_id, reservation_day_id, is_student) values (346, 48, 48, 0)
set identity_insert dbo.conference_day_attendees off

set identity_insert dbo.conference_day_attendees on
insert into dbo.conference_day_attendees (attendee_id, registered_id, reservation_day_id, is_student) values (347, 32, 48, 0)
set identity_insert dbo.conference_day_attendees off

set identity_insert dbo.conference_day_attendees on
insert into dbo.conference_day_attendees (attendee_id, registered_id, reservation_day_id, is_student) values (348, 9, 48, 0)
set identity_insert dbo.conference_day_attendees off

set identity_insert dbo.conference_day_attendees on
insert into dbo.conference_day_attendees (attendee_id, registered_id, reservation_day_id, is_student) values (349, 13, 48, 0)
set identity_insert dbo.conference_day_attendees off

set identity_insert dbo.conference_day_attendees on
insert into dbo.conference_day_attendees (attendee_id, registered_id, reservation_day_id, is_student) values (350, 6, 48, 0)
set identity_insert dbo.conference_day_attendees off

set identity_insert dbo.payments on
insert into dbo.payments (payment_id, payment_date, reservation_id, amount) values (89, '2018-09-09', 22, 353.77)
set identity_insert dbo.payments off

set identity_insert dbo.payments on
insert into dbo.payments (payment_id, payment_date, reservation_id, amount) values (90, '2018-09-11', 22, 3159.38)
set identity_insert dbo.payments off

set identity_insert dbo.reservations on
insert into dbo.reservations (reservation_id, customer_id, reservation_date) values (23, 18, '2018-02-23')
set identity_insert dbo.reservations off

set identity_insert dbo.conference_day_reservations on
insert into dbo.conference_day_reservations (reservation_day_id, conference_day_id, reservation_id, student_attendees, full_price_attendees) values (49, 60, 23, 0, 3)
set identity_insert dbo.conference_day_reservations off

set identity_insert dbo.conference_day_attendees on
insert into dbo.conference_day_attendees (attendee_id, registered_id, reservation_day_id, is_student) values (351, 24, 49, 1)
set identity_insert dbo.conference_day_attendees off

set identity_insert dbo.payments on
insert into dbo.payments (payment_id, payment_date, reservation_id, amount) values (91, '2018-02-08', 23, 8076.93)
set identity_insert dbo.payments off

set identity_insert dbo.payments on
insert into dbo.payments (payment_id, payment_date, reservation_id, amount) values (92, '2018-02-01', 23, 8534.92)
set identity_insert dbo.payments off

set identity_insert dbo.reservations on
insert into dbo.reservations (reservation_id, customer_id, reservation_date) values (24, 26, '2019-03-05')
set identity_insert dbo.reservations off

set identity_insert dbo.conference_day_reservations on
insert into dbo.conference_day_reservations (reservation_day_id, conference_day_id, reservation_id, student_attendees, full_price_attendees) values (50, 55, 24, 0, 9)
set identity_insert dbo.conference_day_reservations off

set identity_insert dbo.conference_day_attendees on
insert into dbo.conference_day_attendees (attendee_id, registered_id, reservation_day_id, is_student) values (352, 21, 50, 1)
set identity_insert dbo.conference_day_attendees off

set identity_insert dbo.conference_day_reservations on
insert into dbo.conference_day_reservations (reservation_day_id, conference_day_id, reservation_id, student_attendees, full_price_attendees) values (51, 55, 24, 9, 9)
set identity_insert dbo.conference_day_reservations off

set identity_insert dbo.conference_day_attendees on
insert into dbo.conference_day_attendees (attendee_id, registered_id, reservation_day_id, is_student) values (353, 33, 51, 1)
set identity_insert dbo.conference_day_attendees off

set identity_insert dbo.conference_day_reservations on
insert into dbo.conference_day_reservations (reservation_day_id, conference_day_id, reservation_id, student_attendees, full_price_attendees) values (52, 55, 24, 7, 6)
set identity_insert dbo.conference_day_reservations off

set identity_insert dbo.conference_day_attendees on
insert into dbo.conference_day_attendees (attendee_id, registered_id, reservation_day_id, is_student) values (354, 3, 52, 1)
set identity_insert dbo.conference_day_attendees off

set identity_insert dbo.conference_day_attendees on
insert into dbo.conference_day_attendees (attendee_id, registered_id, reservation_day_id, is_student) values (355, 20, 52, 1)
set identity_insert dbo.conference_day_attendees off

set identity_insert dbo.conference_day_attendees on
insert into dbo.conference_day_attendees (attendee_id, registered_id, reservation_day_id, is_student) values (356, 23, 52, 1)
set identity_insert dbo.conference_day_attendees off

set identity_insert dbo.conference_day_attendees on
insert into dbo.conference_day_attendees (attendee_id, registered_id, reservation_day_id, is_student) values (357, 17, 52, 1)
set identity_insert dbo.conference_day_attendees off

set identity_insert dbo.conference_day_attendees on
insert into dbo.conference_day_attendees (attendee_id, registered_id, reservation_day_id, is_student) values (358, 16, 52, 1)
set identity_insert dbo.conference_day_attendees off

set identity_insert dbo.conference_day_attendees on
insert into dbo.conference_day_attendees (attendee_id, registered_id, reservation_day_id, is_student) values (359, 42, 52, 1)
set identity_insert dbo.conference_day_attendees off

set identity_insert dbo.conference_day_attendees on
insert into dbo.conference_day_attendees (attendee_id, registered_id, reservation_day_id, is_student) values (360, 12, 52, 1)
set identity_insert dbo.conference_day_attendees off

set identity_insert dbo.conference_day_attendees on
insert into dbo.conference_day_attendees (attendee_id, registered_id, reservation_day_id, is_student) values (361, 21, 52, 1)
set identity_insert dbo.conference_day_attendees off

set identity_insert dbo.conference_day_attendees on
insert into dbo.conference_day_attendees (attendee_id, registered_id, reservation_day_id, is_student) values (362, 18, 52, 0)
set identity_insert dbo.conference_day_attendees off

set identity_insert dbo.conference_day_attendees on
insert into dbo.conference_day_attendees (attendee_id, registered_id, reservation_day_id, is_student) values (363, 40, 52, 0)
set identity_insert dbo.conference_day_attendees off

set identity_insert dbo.conference_day_attendees on
insert into dbo.conference_day_attendees (attendee_id, registered_id, reservation_day_id, is_student) values (364, 42, 52, 0)
set identity_insert dbo.conference_day_attendees off

set identity_insert dbo.conference_day_attendees on
insert into dbo.conference_day_attendees (attendee_id, registered_id, reservation_day_id, is_student) values (365, 6, 52, 0)
set identity_insert dbo.conference_day_attendees off

set identity_insert dbo.conference_day_attendees on
insert into dbo.conference_day_attendees (attendee_id, registered_id, reservation_day_id, is_student) values (366, 17, 52, 0)
set identity_insert dbo.conference_day_attendees off

set identity_insert dbo.reservations on
insert into dbo.reservations (reservation_id, customer_id, reservation_date) values (25, 18, '2017-05-29')
set identity_insert dbo.reservations off

set identity_insert dbo.conference_day_reservations on
insert into dbo.conference_day_reservations (reservation_day_id, conference_day_id, reservation_id, student_attendees, full_price_attendees) values (53, 94, 25, 10, 9)
set identity_insert dbo.conference_day_reservations off

set identity_insert dbo.conference_day_attendees on
insert into dbo.conference_day_attendees (attendee_id, registered_id, reservation_day_id, is_student) values (367, 26, 53, 1)
set identity_insert dbo.conference_day_attendees off

set identity_insert dbo.conference_day_attendees on
insert into dbo.conference_day_attendees (attendee_id, registered_id, reservation_day_id, is_student) values (368, 43, 53, 1)
set identity_insert dbo.conference_day_attendees off

set identity_insert dbo.conference_day_attendees on
insert into dbo.conference_day_attendees (attendee_id, registered_id, reservation_day_id, is_student) values (369, 42, 53, 1)
set identity_insert dbo.conference_day_attendees off

set identity_insert dbo.conference_day_attendees on
insert into dbo.conference_day_attendees (attendee_id, registered_id, reservation_day_id, is_student) values (370, 10, 53, 1)
set identity_insert dbo.conference_day_attendees off

set identity_insert dbo.conference_day_attendees on
insert into dbo.conference_day_attendees (attendee_id, registered_id, reservation_day_id, is_student) values (371, 26, 53, 1)
set identity_insert dbo.conference_day_attendees off

set identity_insert dbo.conference_day_attendees on
insert into dbo.conference_day_attendees (attendee_id, registered_id, reservation_day_id, is_student) values (372, 40, 53, 1)
set identity_insert dbo.conference_day_attendees off

set identity_insert dbo.conference_day_attendees on
insert into dbo.conference_day_attendees (attendee_id, registered_id, reservation_day_id, is_student) values (373, 39, 53, 1)
set identity_insert dbo.conference_day_attendees off

set identity_insert dbo.conference_day_attendees on
insert into dbo.conference_day_attendees (attendee_id, registered_id, reservation_day_id, is_student) values (374, 38, 53, 1)
set identity_insert dbo.conference_day_attendees off

set identity_insert dbo.conference_day_attendees on
insert into dbo.conference_day_attendees (attendee_id, registered_id, reservation_day_id, is_student) values (375, 37, 53, 1)
set identity_insert dbo.conference_day_attendees off

set identity_insert dbo.conference_day_attendees on
insert into dbo.conference_day_attendees (attendee_id, registered_id, reservation_day_id, is_student) values (376, 44, 53, 1)
set identity_insert dbo.conference_day_attendees off

set identity_insert dbo.conference_day_attendees on
insert into dbo.conference_day_attendees (attendee_id, registered_id, reservation_day_id, is_student) values (377, 20, 53, 1)
set identity_insert dbo.conference_day_attendees off

set identity_insert dbo.conference_day_attendees on
insert into dbo.conference_day_attendees (attendee_id, registered_id, reservation_day_id, is_student) values (378, 18, 53, 0)
set identity_insert dbo.conference_day_attendees off

set identity_insert dbo.conference_day_attendees on
insert into dbo.conference_day_attendees (attendee_id, registered_id, reservation_day_id, is_student) values (379, 14, 53, 0)
set identity_insert dbo.conference_day_attendees off

set identity_insert dbo.conference_day_attendees on
insert into dbo.conference_day_attendees (attendee_id, registered_id, reservation_day_id, is_student) values (380, 40, 53, 0)
set identity_insert dbo.conference_day_attendees off

set identity_insert dbo.conference_day_attendees on
insert into dbo.conference_day_attendees (attendee_id, registered_id, reservation_day_id, is_student) values (381, 16, 53, 0)
set identity_insert dbo.conference_day_attendees off

set identity_insert dbo.conference_day_attendees on
insert into dbo.conference_day_attendees (attendee_id, registered_id, reservation_day_id, is_student) values (382, 19, 53, 0)
set identity_insert dbo.conference_day_attendees off

set identity_insert dbo.conference_day_attendees on
insert into dbo.conference_day_attendees (attendee_id, registered_id, reservation_day_id, is_student) values (383, 9, 53, 0)
set identity_insert dbo.conference_day_attendees off

set identity_insert dbo.conference_day_attendees on
insert into dbo.conference_day_attendees (attendee_id, registered_id, reservation_day_id, is_student) values (384, 35, 53, 0)
set identity_insert dbo.conference_day_attendees off

set identity_insert dbo.conference_day_attendees on
insert into dbo.conference_day_attendees (attendee_id, registered_id, reservation_day_id, is_student) values (385, 12, 53, 0)
set identity_insert dbo.conference_day_attendees off

set identity_insert dbo.conference_day_reservations on
insert into dbo.conference_day_reservations (reservation_day_id, conference_day_id, reservation_id, student_attendees, full_price_attendees) values (54, 94, 25, 0, 3)
set identity_insert dbo.conference_day_reservations off

set identity_insert dbo.conference_day_attendees on
insert into dbo.conference_day_attendees (attendee_id, registered_id, reservation_day_id, is_student) values (386, 12, 54, 1)
set identity_insert dbo.conference_day_attendees off

set identity_insert dbo.conference_day_attendees on
insert into dbo.conference_day_attendees (attendee_id, registered_id, reservation_day_id, is_student) values (387, 7, 54, 0)
set identity_insert dbo.conference_day_attendees off

set identity_insert dbo.conference_day_attendees on
insert into dbo.conference_day_attendees (attendee_id, registered_id, reservation_day_id, is_student) values (388, 27, 54, 0)
set identity_insert dbo.conference_day_attendees off

set identity_insert dbo.payments on
insert into dbo.payments (payment_id, payment_date, reservation_id, amount) values (93, '2017-05-03', 25, 926.2)
set identity_insert dbo.payments off

set identity_insert dbo.payments on
insert into dbo.payments (payment_id, payment_date, reservation_id, amount) values (94, '2017-05-27', 25, 4008.33)
set identity_insert dbo.payments off

set identity_insert dbo.payments on
insert into dbo.payments (payment_id, payment_date, reservation_id, amount) values (95, '2017-05-15', 25, 5767.84)
set identity_insert dbo.payments off

set identity_insert dbo.payments on
insert into dbo.payments (payment_id, payment_date, reservation_id, amount) values (96, '2017-04-30', 25, 4277.43)
set identity_insert dbo.payments off

set identity_insert dbo.payments on
insert into dbo.payments (payment_id, payment_date, reservation_id, amount) values (97, '2017-04-19', 25, 6984.9)
set identity_insert dbo.payments off

set identity_insert dbo.payments on
insert into dbo.payments (payment_id, payment_date, reservation_id, amount) values (98, '2017-04-15', 25, 9048.95)
set identity_insert dbo.payments off

set identity_insert dbo.payments on
insert into dbo.payments (payment_id, payment_date, reservation_id, amount) values (99, '2017-04-30', 25, 7956.55)
set identity_insert dbo.payments off

set identity_insert dbo.reservations on
insert into dbo.reservations (reservation_id, customer_id, reservation_date) values (26, 3, '2019-07-13')
set identity_insert dbo.reservations off

set identity_insert dbo.conference_day_reservations on
insert into dbo.conference_day_reservations (reservation_day_id, conference_day_id, reservation_id, student_attendees, full_price_attendees) values (55, 48, 26, 10, 2)
set identity_insert dbo.conference_day_reservations off

set identity_insert dbo.conference_day_attendees on
insert into dbo.conference_day_attendees (attendee_id, registered_id, reservation_day_id, is_student) values (389, 5, 55, 1)
set identity_insert dbo.conference_day_attendees off

set identity_insert dbo.conference_day_attendees on
insert into dbo.conference_day_attendees (attendee_id, registered_id, reservation_day_id, is_student) values (390, 44, 55, 1)
set identity_insert dbo.conference_day_attendees off

set identity_insert dbo.conference_day_attendees on
insert into dbo.conference_day_attendees (attendee_id, registered_id, reservation_day_id, is_student) values (391, 36, 55, 1)
set identity_insert dbo.conference_day_attendees off

set identity_insert dbo.conference_day_attendees on
insert into dbo.conference_day_attendees (attendee_id, registered_id, reservation_day_id, is_student) values (392, 49, 55, 1)
set identity_insert dbo.conference_day_attendees off

set identity_insert dbo.conference_day_attendees on
insert into dbo.conference_day_attendees (attendee_id, registered_id, reservation_day_id, is_student) values (393, 10, 55, 1)
set identity_insert dbo.conference_day_attendees off

set identity_insert dbo.conference_day_reservations on
insert into dbo.conference_day_reservations (reservation_day_id, conference_day_id, reservation_id, student_attendees, full_price_attendees) values (56, 48, 26, 7, 3)
set identity_insert dbo.conference_day_reservations off

set identity_insert dbo.conference_day_attendees on
insert into dbo.conference_day_attendees (attendee_id, registered_id, reservation_day_id, is_student) values (394, 37, 56, 1)
set identity_insert dbo.conference_day_attendees off

set identity_insert dbo.conference_day_attendees on
insert into dbo.conference_day_attendees (attendee_id, registered_id, reservation_day_id, is_student) values (395, 11, 56, 1)
set identity_insert dbo.conference_day_attendees off

set identity_insert dbo.conference_day_attendees on
insert into dbo.conference_day_attendees (attendee_id, registered_id, reservation_day_id, is_student) values (396, 47, 56, 1)
set identity_insert dbo.conference_day_attendees off

set identity_insert dbo.conference_day_attendees on
insert into dbo.conference_day_attendees (attendee_id, registered_id, reservation_day_id, is_student) values (397, 49, 56, 1)
set identity_insert dbo.conference_day_attendees off

set identity_insert dbo.conference_day_attendees on
insert into dbo.conference_day_attendees (attendee_id, registered_id, reservation_day_id, is_student) values (398, 14, 56, 1)
set identity_insert dbo.conference_day_attendees off

set identity_insert dbo.conference_day_attendees on
insert into dbo.conference_day_attendees (attendee_id, registered_id, reservation_day_id, is_student) values (399, 44, 56, 1)
set identity_insert dbo.conference_day_attendees off

set identity_insert dbo.conference_day_attendees on
insert into dbo.conference_day_attendees (attendee_id, registered_id, reservation_day_id, is_student) values (400, 49, 56, 1)
set identity_insert dbo.conference_day_attendees off

set identity_insert dbo.conference_day_attendees on
insert into dbo.conference_day_attendees (attendee_id, registered_id, reservation_day_id, is_student) values (401, 19, 56, 1)
set identity_insert dbo.conference_day_attendees off

set identity_insert dbo.conference_day_attendees on
insert into dbo.conference_day_attendees (attendee_id, registered_id, reservation_day_id, is_student) values (402, 42, 56, 0)
set identity_insert dbo.conference_day_attendees off

set identity_insert dbo.conference_day_attendees on
insert into dbo.conference_day_attendees (attendee_id, registered_id, reservation_day_id, is_student) values (403, 49, 56, 0)
set identity_insert dbo.conference_day_attendees off

set identity_insert dbo.payments on
insert into dbo.payments (payment_id, payment_date, reservation_id, amount) values (100, '2019-07-04', 26, 4162.3)
set identity_insert dbo.payments off

set identity_insert dbo.payments on
insert into dbo.payments (payment_id, payment_date, reservation_id, amount) values (101, '2019-07-09', 26, 7479.65)
set identity_insert dbo.payments off

set identity_insert dbo.payments on
insert into dbo.payments (payment_id, payment_date, reservation_id, amount) values (102, '2019-07-08', 26, 1173.41)
set identity_insert dbo.payments off

set identity_insert dbo.payments on
insert into dbo.payments (payment_id, payment_date, reservation_id, amount) values (103, '2019-06-18', 26, 7020.12)
set identity_insert dbo.payments off

set identity_insert dbo.payments on
insert into dbo.payments (payment_id, payment_date, reservation_id, amount) values (104, '2019-06-21', 26, 7088.3)
set identity_insert dbo.payments off

set identity_insert dbo.reservations on
insert into dbo.reservations (reservation_id, customer_id, reservation_date) values (27, 5, '2017-07-23')
set identity_insert dbo.reservations off

set identity_insert dbo.conference_day_reservations on
insert into dbo.conference_day_reservations (reservation_day_id, conference_day_id, reservation_id, student_attendees, full_price_attendees) values (57, 13, 27, 5, 7)
set identity_insert dbo.conference_day_reservations off

set identity_insert dbo.conference_day_attendees on
insert into dbo.conference_day_attendees (attendee_id, registered_id, reservation_day_id, is_student) values (404, 17, 57, 1)
set identity_insert dbo.conference_day_attendees off

set identity_insert dbo.conference_day_attendees on
insert into dbo.conference_day_attendees (attendee_id, registered_id, reservation_day_id, is_student) values (405, 31, 57, 1)
set identity_insert dbo.conference_day_attendees off

set identity_insert dbo.conference_day_attendees on
insert into dbo.conference_day_attendees (attendee_id, registered_id, reservation_day_id, is_student) values (406, 38, 57, 1)
set identity_insert dbo.conference_day_attendees off

set identity_insert dbo.conference_day_attendees on
insert into dbo.conference_day_attendees (attendee_id, registered_id, reservation_day_id, is_student) values (407, 31, 57, 1)
set identity_insert dbo.conference_day_attendees off

set identity_insert dbo.payments on
insert into dbo.payments (payment_id, payment_date, reservation_id, amount) values (105, '2017-07-05', 27, 4677.06)
set identity_insert dbo.payments off

set identity_insert dbo.payments on
insert into dbo.payments (payment_id, payment_date, reservation_id, amount) values (106, '2017-07-17', 27, 2940.19)
set identity_insert dbo.payments off

set identity_insert dbo.payments on
insert into dbo.payments (payment_id, payment_date, reservation_id, amount) values (107, '2017-07-13', 27, 8031.45)
set identity_insert dbo.payments off

set identity_insert dbo.payments on
insert into dbo.payments (payment_id, payment_date, reservation_id, amount) values (108, '2017-07-05', 27, 7071.19)
set identity_insert dbo.payments off

set identity_insert dbo.payments on
insert into dbo.payments (payment_id, payment_date, reservation_id, amount) values (109, '2017-07-14', 27, 4932.44)
set identity_insert dbo.payments off

set identity_insert dbo.payments on
insert into dbo.payments (payment_id, payment_date, reservation_id, amount) values (110, '2017-07-01', 27, 1250.42)
set identity_insert dbo.payments off

set identity_insert dbo.payments on
insert into dbo.payments (payment_id, payment_date, reservation_id, amount) values (111, '2017-07-12', 27, 4565.06)
set identity_insert dbo.payments off

set identity_insert dbo.payments on
insert into dbo.payments (payment_id, payment_date, reservation_id, amount) values (112, '2017-07-20', 27, 3237.76)
set identity_insert dbo.payments off

set identity_insert dbo.payments on
insert into dbo.payments (payment_id, payment_date, reservation_id, amount) values (113, '2017-07-02', 27, 5866.42)
set identity_insert dbo.payments off

set identity_insert dbo.payments on
insert into dbo.payments (payment_id, payment_date, reservation_id, amount) values (114, '2017-07-03', 27, 9746.95)
set identity_insert dbo.payments off

set identity_insert dbo.reservations on
insert into dbo.reservations (reservation_id, customer_id, reservation_date) values (28, 4, '2017-07-04')
set identity_insert dbo.reservations off

set identity_insert dbo.conference_day_reservations on
insert into dbo.conference_day_reservations (reservation_day_id, conference_day_id, reservation_id, student_attendees, full_price_attendees) values (58, 38, 28, 5, 10)
set identity_insert dbo.conference_day_reservations off

set identity_insert dbo.conference_day_attendees on
insert into dbo.conference_day_attendees (attendee_id, registered_id, reservation_day_id, is_student) values (408, 40, 58, 1)
set identity_insert dbo.conference_day_attendees off

set identity_insert dbo.conference_day_attendees on
insert into dbo.conference_day_attendees (attendee_id, registered_id, reservation_day_id, is_student) values (409, 35, 58, 1)
set identity_insert dbo.conference_day_attendees off

set identity_insert dbo.conference_day_attendees on
insert into dbo.conference_day_attendees (attendee_id, registered_id, reservation_day_id, is_student) values (410, 46, 58, 1)
set identity_insert dbo.conference_day_attendees off

set identity_insert dbo.conference_day_attendees on
insert into dbo.conference_day_attendees (attendee_id, registered_id, reservation_day_id, is_student) values (411, 24, 58, 1)
set identity_insert dbo.conference_day_attendees off

set identity_insert dbo.conference_day_attendees on
insert into dbo.conference_day_attendees (attendee_id, registered_id, reservation_day_id, is_student) values (412, 28, 58, 1)
set identity_insert dbo.conference_day_attendees off

set identity_insert dbo.conference_day_attendees on
insert into dbo.conference_day_attendees (attendee_id, registered_id, reservation_day_id, is_student) values (413, 45, 58, 1)
set identity_insert dbo.conference_day_attendees off

set identity_insert dbo.conference_day_attendees on
insert into dbo.conference_day_attendees (attendee_id, registered_id, reservation_day_id, is_student) values (414, 7, 58, 0)
set identity_insert dbo.conference_day_attendees off

set identity_insert dbo.conference_day_attendees on
insert into dbo.conference_day_attendees (attendee_id, registered_id, reservation_day_id, is_student) values (415, 44, 58, 0)
set identity_insert dbo.conference_day_attendees off

set identity_insert dbo.conference_day_attendees on
insert into dbo.conference_day_attendees (attendee_id, registered_id, reservation_day_id, is_student) values (416, 13, 58, 0)
set identity_insert dbo.conference_day_attendees off

set identity_insert dbo.conference_day_attendees on
insert into dbo.conference_day_attendees (attendee_id, registered_id, reservation_day_id, is_student) values (417, 20, 58, 0)
set identity_insert dbo.conference_day_attendees off

set identity_insert dbo.conference_day_attendees on
insert into dbo.conference_day_attendees (attendee_id, registered_id, reservation_day_id, is_student) values (418, 19, 58, 0)
set identity_insert dbo.conference_day_attendees off

set identity_insert dbo.conference_day_attendees on
insert into dbo.conference_day_attendees (attendee_id, registered_id, reservation_day_id, is_student) values (419, 5, 58, 0)
set identity_insert dbo.conference_day_attendees off

set identity_insert dbo.conference_day_attendees on
insert into dbo.conference_day_attendees (attendee_id, registered_id, reservation_day_id, is_student) values (420, 23, 58, 0)
set identity_insert dbo.conference_day_attendees off

set identity_insert dbo.conference_day_attendees on
insert into dbo.conference_day_attendees (attendee_id, registered_id, reservation_day_id, is_student) values (421, 5, 58, 0)
set identity_insert dbo.conference_day_attendees off

set identity_insert dbo.conference_day_attendees on
insert into dbo.conference_day_attendees (attendee_id, registered_id, reservation_day_id, is_student) values (422, 5, 58, 0)
set identity_insert dbo.conference_day_attendees off

set identity_insert dbo.payments on
insert into dbo.payments (payment_id, payment_date, reservation_id, amount) values (115, '2017-06-23', 28, 3898.98)
set identity_insert dbo.payments off

set identity_insert dbo.payments on
insert into dbo.payments (payment_id, payment_date, reservation_id, amount) values (116, '2017-07-01', 28, 6121.19)
set identity_insert dbo.payments off

set identity_insert dbo.payments on
insert into dbo.payments (payment_id, payment_date, reservation_id, amount) values (117, '2017-07-04', 28, 2518.04)
set identity_insert dbo.payments off

set identity_insert dbo.payments on
insert into dbo.payments (payment_id, payment_date, reservation_id, amount) values (118, '2017-06-25', 28, 9115.27)
set identity_insert dbo.payments off

set identity_insert dbo.payments on
insert into dbo.payments (payment_id, payment_date, reservation_id, amount) values (119, '2017-07-01', 28, 7802.95)
set identity_insert dbo.payments off

set identity_insert dbo.payments on
insert into dbo.payments (payment_id, payment_date, reservation_id, amount) values (120, '2017-07-02', 28, 9501.58)
set identity_insert dbo.payments off

set identity_insert dbo.reservations on
insert into dbo.reservations (reservation_id, customer_id, reservation_date) values (29, 15, '2018-03-07')
set identity_insert dbo.reservations off

set identity_insert dbo.conference_day_reservations on
insert into dbo.conference_day_reservations (reservation_day_id, conference_day_id, reservation_id, student_attendees, full_price_attendees) values (59, 69, 29, 6, 4)
set identity_insert dbo.conference_day_reservations off

set identity_insert dbo.conference_day_attendees on
insert into dbo.conference_day_attendees (attendee_id, registered_id, reservation_day_id, is_student) values (423, 45, 59, 1)
set identity_insert dbo.conference_day_attendees off

set identity_insert dbo.conference_day_attendees on
insert into dbo.conference_day_attendees (attendee_id, registered_id, reservation_day_id, is_student) values (424, 25, 59, 1)
set identity_insert dbo.conference_day_attendees off

set identity_insert dbo.conference_day_attendees on
insert into dbo.conference_day_attendees (attendee_id, registered_id, reservation_day_id, is_student) values (425, 17, 59, 1)
set identity_insert dbo.conference_day_attendees off

set identity_insert dbo.conference_day_attendees on
insert into dbo.conference_day_attendees (attendee_id, registered_id, reservation_day_id, is_student) values (426, 5, 59, 1)
set identity_insert dbo.conference_day_attendees off

set identity_insert dbo.conference_day_attendees on
insert into dbo.conference_day_attendees (attendee_id, registered_id, reservation_day_id, is_student) values (427, 17, 59, 1)
set identity_insert dbo.conference_day_attendees off

set identity_insert dbo.conference_day_attendees on
insert into dbo.conference_day_attendees (attendee_id, registered_id, reservation_day_id, is_student) values (428, 17, 59, 1)
set identity_insert dbo.conference_day_attendees off

set identity_insert dbo.conference_day_attendees on
insert into dbo.conference_day_attendees (attendee_id, registered_id, reservation_day_id, is_student) values (429, 4, 59, 1)
set identity_insert dbo.conference_day_attendees off

set identity_insert dbo.conference_day_attendees on
insert into dbo.conference_day_attendees (attendee_id, registered_id, reservation_day_id, is_student) values (430, 2, 59, 0)
set identity_insert dbo.conference_day_attendees off

set identity_insert dbo.conference_day_attendees on
insert into dbo.conference_day_attendees (attendee_id, registered_id, reservation_day_id, is_student) values (431, 32, 59, 0)
set identity_insert dbo.conference_day_attendees off

set identity_insert dbo.conference_day_attendees on
insert into dbo.conference_day_attendees (attendee_id, registered_id, reservation_day_id, is_student) values (432, 35, 59, 0)
set identity_insert dbo.conference_day_attendees off

set identity_insert dbo.payments on
insert into dbo.payments (payment_id, payment_date, reservation_id, amount) values (121, '2018-03-03', 29, 4302.4)
set identity_insert dbo.payments off

set identity_insert dbo.reservations on
insert into dbo.reservations (reservation_id, customer_id, reservation_date) values (30, 4, '2019-03-30')
set identity_insert dbo.reservations off

set identity_insert dbo.conference_day_reservations on
insert into dbo.conference_day_reservations (reservation_day_id, conference_day_id, reservation_id, student_attendees, full_price_attendees) values (60, 55, 30, 7, 4)
set identity_insert dbo.conference_day_reservations off

set identity_insert dbo.conference_day_attendees on
insert into dbo.conference_day_attendees (attendee_id, registered_id, reservation_day_id, is_student) values (433, 8, 60, 1)
set identity_insert dbo.conference_day_attendees off

set identity_insert dbo.conference_day_attendees on
insert into dbo.conference_day_attendees (attendee_id, registered_id, reservation_day_id, is_student) values (434, 8, 60, 1)
set identity_insert dbo.conference_day_attendees off

set identity_insert dbo.conference_day_attendees on
insert into dbo.conference_day_attendees (attendee_id, registered_id, reservation_day_id, is_student) values (435, 17, 60, 1)
set identity_insert dbo.conference_day_attendees off

set identity_insert dbo.conference_day_attendees on
insert into dbo.conference_day_attendees (attendee_id, registered_id, reservation_day_id, is_student) values (436, 32, 60, 1)
set identity_insert dbo.conference_day_attendees off

set identity_insert dbo.conference_day_attendees on
insert into dbo.conference_day_attendees (attendee_id, registered_id, reservation_day_id, is_student) values (437, 45, 60, 1)
set identity_insert dbo.conference_day_attendees off

set identity_insert dbo.conference_day_attendees on
insert into dbo.conference_day_attendees (attendee_id, registered_id, reservation_day_id, is_student) values (438, 25, 60, 1)
set identity_insert dbo.conference_day_attendees off

set identity_insert dbo.conference_day_attendees on
insert into dbo.conference_day_attendees (attendee_id, registered_id, reservation_day_id, is_student) values (439, 43, 60, 1)
set identity_insert dbo.conference_day_attendees off

set identity_insert dbo.conference_day_attendees on
insert into dbo.conference_day_attendees (attendee_id, registered_id, reservation_day_id, is_student) values (440, 2, 60, 0)
set identity_insert dbo.conference_day_attendees off

set identity_insert dbo.conference_day_attendees on
insert into dbo.conference_day_attendees (attendee_id, registered_id, reservation_day_id, is_student) values (441, 2, 60, 0)
set identity_insert dbo.conference_day_attendees off

set identity_insert dbo.conference_day_attendees on
insert into dbo.conference_day_attendees (attendee_id, registered_id, reservation_day_id, is_student) values (442, 47, 60, 0)
set identity_insert dbo.conference_day_attendees off

set identity_insert dbo.conference_day_reservations on
insert into dbo.conference_day_reservations (reservation_day_id, conference_day_id, reservation_id, student_attendees, full_price_attendees) values (61, 55, 30, 9, 5)
set identity_insert dbo.conference_day_reservations off

set identity_insert dbo.conference_day_attendees on
insert into dbo.conference_day_attendees (attendee_id, registered_id, reservation_day_id, is_student) values (443, 42, 61, 1)
set identity_insert dbo.conference_day_attendees off

set identity_insert dbo.conference_day_attendees on
insert into dbo.conference_day_attendees (attendee_id, registered_id, reservation_day_id, is_student) values (444, 41, 61, 1)
set identity_insert dbo.conference_day_attendees off

set identity_insert dbo.conference_day_attendees on
insert into dbo.conference_day_attendees (attendee_id, registered_id, reservation_day_id, is_student) values (445, 6, 61, 1)
set identity_insert dbo.conference_day_attendees off

set identity_insert dbo.conference_day_attendees on
insert into dbo.conference_day_attendees (attendee_id, registered_id, reservation_day_id, is_student) values (446, 38, 61, 1)
set identity_insert dbo.conference_day_attendees off

set identity_insert dbo.conference_day_reservations on
insert into dbo.conference_day_reservations (reservation_day_id, conference_day_id, reservation_id, student_attendees, full_price_attendees) values (62, 55, 30, 2, 8)
set identity_insert dbo.conference_day_reservations off

set identity_insert dbo.conference_day_attendees on
insert into dbo.conference_day_attendees (attendee_id, registered_id, reservation_day_id, is_student) values (447, 33, 62, 1)
set identity_insert dbo.conference_day_attendees off

set identity_insert dbo.conference_day_attendees on
insert into dbo.conference_day_attendees (attendee_id, registered_id, reservation_day_id, is_student) values (448, 27, 62, 0)
set identity_insert dbo.conference_day_attendees off

set identity_insert dbo.conference_day_attendees on
insert into dbo.conference_day_attendees (attendee_id, registered_id, reservation_day_id, is_student) values (449, 26, 62, 0)
set identity_insert dbo.conference_day_attendees off

set identity_insert dbo.conference_day_attendees on
insert into dbo.conference_day_attendees (attendee_id, registered_id, reservation_day_id, is_student) values (450, 46, 62, 0)
set identity_insert dbo.conference_day_attendees off

set identity_insert dbo.conference_day_attendees on
insert into dbo.conference_day_attendees (attendee_id, registered_id, reservation_day_id, is_student) values (451, 36, 62, 0)
set identity_insert dbo.conference_day_attendees off

set identity_insert dbo.conference_day_attendees on
insert into dbo.conference_day_attendees (attendee_id, registered_id, reservation_day_id, is_student) values (452, 22, 62, 0)
set identity_insert dbo.conference_day_attendees off

set identity_insert dbo.conference_day_attendees on
insert into dbo.conference_day_attendees (attendee_id, registered_id, reservation_day_id, is_student) values (453, 50, 62, 0)
set identity_insert dbo.conference_day_attendees off

set identity_insert dbo.payments on
insert into dbo.payments (payment_id, payment_date, reservation_id, amount) values (122, '2019-03-27', 30, 7297.62)
set identity_insert dbo.payments off

set identity_insert dbo.payments on
insert into dbo.payments (payment_id, payment_date, reservation_id, amount) values (123, '2019-03-19', 30, 5837.62)
set identity_insert dbo.payments off

set identity_insert dbo.payments on
insert into dbo.payments (payment_id, payment_date, reservation_id, amount) values (124, '2019-03-27', 30, 6690.89)
set identity_insert dbo.payments off

set identity_insert dbo.payments on
insert into dbo.payments (payment_id, payment_date, reservation_id, amount) values (125, '2019-03-22', 30, 5461.75)
set identity_insert dbo.payments off

set identity_insert dbo.payments on
insert into dbo.payments (payment_id, payment_date, reservation_id, amount) values (126, '2019-03-27', 30, 9281.97)
set identity_insert dbo.payments off

set identity_insert dbo.payments on
insert into dbo.payments (payment_id, payment_date, reservation_id, amount) values (127, '2019-03-15', 30, 5730.56)
set identity_insert dbo.payments off

set identity_insert dbo.payments on
insert into dbo.payments (payment_id, payment_date, reservation_id, amount) values (128, '2019-03-29', 30, 3692.02)
set identity_insert dbo.payments off

set identity_insert dbo.reservations on
insert into dbo.reservations (reservation_id, customer_id, reservation_date) values (31, 10, '2017-10-15')
set identity_insert dbo.reservations off

set identity_insert dbo.conference_day_reservations on
insert into dbo.conference_day_reservations (reservation_day_id, conference_day_id, reservation_id, student_attendees, full_price_attendees) values (63, 41, 31, 9, 5)
set identity_insert dbo.conference_day_reservations off

set identity_insert dbo.conference_day_attendees on
insert into dbo.conference_day_attendees (attendee_id, registered_id, reservation_day_id, is_student) values (454, 32, 63, 1)
set identity_insert dbo.conference_day_attendees off

set identity_insert dbo.conference_day_attendees on
insert into dbo.conference_day_attendees (attendee_id, registered_id, reservation_day_id, is_student) values (455, 45, 63, 1)
set identity_insert dbo.conference_day_attendees off

set identity_insert dbo.conference_day_attendees on
insert into dbo.conference_day_attendees (attendee_id, registered_id, reservation_day_id, is_student) values (456, 18, 63, 1)
set identity_insert dbo.conference_day_attendees off

set identity_insert dbo.conference_day_attendees on
insert into dbo.conference_day_attendees (attendee_id, registered_id, reservation_day_id, is_student) values (457, 40, 63, 1)
set identity_insert dbo.conference_day_attendees off

set identity_insert dbo.conference_day_attendees on
insert into dbo.conference_day_attendees (attendee_id, registered_id, reservation_day_id, is_student) values (458, 43, 63, 1)
set identity_insert dbo.conference_day_attendees off

set identity_insert dbo.conference_day_attendees on
insert into dbo.conference_day_attendees (attendee_id, registered_id, reservation_day_id, is_student) values (459, 44, 63, 1)
set identity_insert dbo.conference_day_attendees off

set identity_insert dbo.conference_day_attendees on
insert into dbo.conference_day_attendees (attendee_id, registered_id, reservation_day_id, is_student) values (460, 47, 63, 1)
set identity_insert dbo.conference_day_attendees off

set identity_insert dbo.conference_day_attendees on
insert into dbo.conference_day_attendees (attendee_id, registered_id, reservation_day_id, is_student) values (461, 39, 63, 1)
set identity_insert dbo.conference_day_attendees off

set identity_insert dbo.conference_day_attendees on
insert into dbo.conference_day_attendees (attendee_id, registered_id, reservation_day_id, is_student) values (462, 28, 63, 1)
set identity_insert dbo.conference_day_attendees off

set identity_insert dbo.conference_day_attendees on
insert into dbo.conference_day_attendees (attendee_id, registered_id, reservation_day_id, is_student) values (463, 33, 63, 1)
set identity_insert dbo.conference_day_attendees off

set identity_insert dbo.conference_day_attendees on
insert into dbo.conference_day_attendees (attendee_id, registered_id, reservation_day_id, is_student) values (464, 1, 63, 0)
set identity_insert dbo.conference_day_attendees off

set identity_insert dbo.conference_day_attendees on
insert into dbo.conference_day_attendees (attendee_id, registered_id, reservation_day_id, is_student) values (465, 23, 63, 0)
set identity_insert dbo.conference_day_attendees off

set identity_insert dbo.conference_day_attendees on
insert into dbo.conference_day_attendees (attendee_id, registered_id, reservation_day_id, is_student) values (466, 7, 63, 0)
set identity_insert dbo.conference_day_attendees off

set identity_insert dbo.conference_day_attendees on
insert into dbo.conference_day_attendees (attendee_id, registered_id, reservation_day_id, is_student) values (467, 15, 63, 0)
set identity_insert dbo.conference_day_attendees off

set identity_insert dbo.conference_day_reservations on
insert into dbo.conference_day_reservations (reservation_day_id, conference_day_id, reservation_id, student_attendees, full_price_attendees) values (64, 41, 31, 0, 8)
set identity_insert dbo.conference_day_reservations off

set identity_insert dbo.conference_day_attendees on
insert into dbo.conference_day_attendees (attendee_id, registered_id, reservation_day_id, is_student) values (468, 26, 64, 1)
set identity_insert dbo.conference_day_attendees off

set identity_insert dbo.conference_day_attendees on
insert into dbo.conference_day_attendees (attendee_id, registered_id, reservation_day_id, is_student) values (469, 39, 64, 0)
set identity_insert dbo.conference_day_attendees off

set identity_insert dbo.conference_day_attendees on
insert into dbo.conference_day_attendees (attendee_id, registered_id, reservation_day_id, is_student) values (470, 40, 64, 0)
set identity_insert dbo.conference_day_attendees off

set identity_insert dbo.conference_day_attendees on
insert into dbo.conference_day_attendees (attendee_id, registered_id, reservation_day_id, is_student) values (471, 40, 64, 0)
set identity_insert dbo.conference_day_attendees off

set identity_insert dbo.conference_day_attendees on
insert into dbo.conference_day_attendees (attendee_id, registered_id, reservation_day_id, is_student) values (472, 25, 64, 0)
set identity_insert dbo.conference_day_attendees off

set identity_insert dbo.conference_day_attendees on
insert into dbo.conference_day_attendees (attendee_id, registered_id, reservation_day_id, is_student) values (473, 19, 64, 0)
set identity_insert dbo.conference_day_attendees off

set identity_insert dbo.conference_day_attendees on
insert into dbo.conference_day_attendees (attendee_id, registered_id, reservation_day_id, is_student) values (474, 49, 64, 0)
set identity_insert dbo.conference_day_attendees off

set identity_insert dbo.conference_day_attendees on
insert into dbo.conference_day_attendees (attendee_id, registered_id, reservation_day_id, is_student) values (475, 6, 64, 0)
set identity_insert dbo.conference_day_attendees off

set identity_insert dbo.payments on
insert into dbo.payments (payment_id, payment_date, reservation_id, amount) values (129, '2017-10-09', 31, 2673.15)
set identity_insert dbo.payments off

set identity_insert dbo.payments on
insert into dbo.payments (payment_id, payment_date, reservation_id, amount) values (130, '2017-10-07', 31, 9600.25)
set identity_insert dbo.payments off

set identity_insert dbo.payments on
insert into dbo.payments (payment_id, payment_date, reservation_id, amount) values (131, '2017-10-12', 31, 321.12)
set identity_insert dbo.payments off

set identity_insert dbo.payments on
insert into dbo.payments (payment_id, payment_date, reservation_id, amount) values (132, '2017-10-05', 31, 4074.23)
set identity_insert dbo.payments off

set identity_insert dbo.payments on
insert into dbo.payments (payment_id, payment_date, reservation_id, amount) values (133, '2017-10-13', 31, 1259.54)
set identity_insert dbo.payments off

set identity_insert dbo.reservations on
insert into dbo.reservations (reservation_id, customer_id, reservation_date) values (32, 9, '2018-09-15')
set identity_insert dbo.reservations off

set identity_insert dbo.conference_day_reservations on
insert into dbo.conference_day_reservations (reservation_day_id, conference_day_id, reservation_id, student_attendees, full_price_attendees) values (65, 51, 32, 2, 9)
set identity_insert dbo.conference_day_reservations off

set identity_insert dbo.conference_day_attendees on
insert into dbo.conference_day_attendees (attendee_id, registered_id, reservation_day_id, is_student) values (476, 28, 65, 1)
set identity_insert dbo.conference_day_attendees off

set identity_insert dbo.conference_day_reservations on
insert into dbo.conference_day_reservations (reservation_day_id, conference_day_id, reservation_id, student_attendees, full_price_attendees) values (66, 51, 32, 5, 1)
set identity_insert dbo.conference_day_reservations off

set identity_insert dbo.conference_day_attendees on
insert into dbo.conference_day_attendees (attendee_id, registered_id, reservation_day_id, is_student) values (477, 19, 66, 1)
set identity_insert dbo.conference_day_attendees off

set identity_insert dbo.conference_day_attendees on
insert into dbo.conference_day_attendees (attendee_id, registered_id, reservation_day_id, is_student) values (478, 18, 66, 1)
set identity_insert dbo.conference_day_attendees off

set identity_insert dbo.conference_day_attendees on
insert into dbo.conference_day_attendees (attendee_id, registered_id, reservation_day_id, is_student) values (479, 32, 66, 1)
set identity_insert dbo.conference_day_attendees off

set identity_insert dbo.conference_day_attendees on
insert into dbo.conference_day_attendees (attendee_id, registered_id, reservation_day_id, is_student) values (480, 50, 66, 1)
set identity_insert dbo.conference_day_attendees off

set identity_insert dbo.conference_day_attendees on
insert into dbo.conference_day_attendees (attendee_id, registered_id, reservation_day_id, is_student) values (481, 31, 66, 1)
set identity_insert dbo.conference_day_attendees off

set identity_insert dbo.conference_day_reservations on
insert into dbo.conference_day_reservations (reservation_day_id, conference_day_id, reservation_id, student_attendees, full_price_attendees) values (67, 51, 32, 0, 8)
set identity_insert dbo.conference_day_reservations off

set identity_insert dbo.conference_day_attendees on
insert into dbo.conference_day_attendees (attendee_id, registered_id, reservation_day_id, is_student) values (482, 9, 67, 1)
set identity_insert dbo.conference_day_attendees off

set identity_insert dbo.conference_day_attendees on
insert into dbo.conference_day_attendees (attendee_id, registered_id, reservation_day_id, is_student) values (483, 46, 67, 0)
set identity_insert dbo.conference_day_attendees off

set identity_insert dbo.conference_day_attendees on
insert into dbo.conference_day_attendees (attendee_id, registered_id, reservation_day_id, is_student) values (484, 11, 67, 0)
set identity_insert dbo.conference_day_attendees off

set identity_insert dbo.conference_day_attendees on
insert into dbo.conference_day_attendees (attendee_id, registered_id, reservation_day_id, is_student) values (485, 42, 67, 0)
set identity_insert dbo.conference_day_attendees off

set identity_insert dbo.conference_day_attendees on
insert into dbo.conference_day_attendees (attendee_id, registered_id, reservation_day_id, is_student) values (486, 49, 67, 0)
set identity_insert dbo.conference_day_attendees off

set identity_insert dbo.conference_day_attendees on
insert into dbo.conference_day_attendees (attendee_id, registered_id, reservation_day_id, is_student) values (487, 39, 67, 0)
set identity_insert dbo.conference_day_attendees off

set identity_insert dbo.payments on
insert into dbo.payments (payment_id, payment_date, reservation_id, amount) values (134, '2018-08-28', 32, 3667.41)
set identity_insert dbo.payments off

set identity_insert dbo.payments on
insert into dbo.payments (payment_id, payment_date, reservation_id, amount) values (135, '2018-09-10', 32, 3633.05)
set identity_insert dbo.payments off

set identity_insert dbo.payments on
insert into dbo.payments (payment_id, payment_date, reservation_id, amount) values (136, '2018-09-02', 32, 4533.64)
set identity_insert dbo.payments off

set identity_insert dbo.payments on
insert into dbo.payments (payment_id, payment_date, reservation_id, amount) values (137, '2018-09-05', 32, 9702.28)
set identity_insert dbo.payments off

set identity_insert dbo.reservations on
insert into dbo.reservations (reservation_id, customer_id, reservation_date) values (33, 8, '2019-10-02')
set identity_insert dbo.reservations off

set identity_insert dbo.conference_day_reservations on
insert into dbo.conference_day_reservations (reservation_day_id, conference_day_id, reservation_id, student_attendees, full_price_attendees) values (68, 91, 33, 0, 5)
set identity_insert dbo.conference_day_reservations off

set identity_insert dbo.conference_day_attendees on
insert into dbo.conference_day_attendees (attendee_id, registered_id, reservation_day_id, is_student) values (488, 13, 68, 1)
set identity_insert dbo.conference_day_attendees off

set identity_insert dbo.conference_day_attendees on
insert into dbo.conference_day_attendees (attendee_id, registered_id, reservation_day_id, is_student) values (489, 39, 68, 0)
set identity_insert dbo.conference_day_attendees off

set identity_insert dbo.conference_day_attendees on
insert into dbo.conference_day_attendees (attendee_id, registered_id, reservation_day_id, is_student) values (490, 35, 68, 0)
set identity_insert dbo.conference_day_attendees off

set identity_insert dbo.conference_day_attendees on
insert into dbo.conference_day_attendees (attendee_id, registered_id, reservation_day_id, is_student) values (491, 33, 68, 0)
set identity_insert dbo.conference_day_attendees off

set identity_insert dbo.conference_day_attendees on
insert into dbo.conference_day_attendees (attendee_id, registered_id, reservation_day_id, is_student) values (492, 3, 68, 0)
set identity_insert dbo.conference_day_attendees off

set identity_insert dbo.payments on
insert into dbo.payments (payment_id, payment_date, reservation_id, amount) values (138, '2019-10-01', 33, 5427.61)
set identity_insert dbo.payments off

set identity_insert dbo.payments on
insert into dbo.payments (payment_id, payment_date, reservation_id, amount) values (139, '2019-09-22', 33, 6123.1)
set identity_insert dbo.payments off

set identity_insert dbo.payments on
insert into dbo.payments (payment_id, payment_date, reservation_id, amount) values (140, '2019-09-14', 33, 9362.02)
set identity_insert dbo.payments off

set identity_insert dbo.payments on
insert into dbo.payments (payment_id, payment_date, reservation_id, amount) values (141, '2019-09-18', 33, 5620.6)
set identity_insert dbo.payments off

set identity_insert dbo.payments on
insert into dbo.payments (payment_id, payment_date, reservation_id, amount) values (142, '2019-09-18', 33, 9005.65)
set identity_insert dbo.payments off

set identity_insert dbo.payments on
insert into dbo.payments (payment_id, payment_date, reservation_id, amount) values (143, '2019-09-22', 33, 2885.17)
set identity_insert dbo.payments off

set identity_insert dbo.payments on
insert into dbo.payments (payment_id, payment_date, reservation_id, amount) values (144, '2019-09-23', 33, 8656.35)
set identity_insert dbo.payments off

set identity_insert dbo.payments on
insert into dbo.payments (payment_id, payment_date, reservation_id, amount) values (145, '2019-09-27', 33, 3990.37)
set identity_insert dbo.payments off

set identity_insert dbo.payments on
insert into dbo.payments (payment_id, payment_date, reservation_id, amount) values (146, '2019-09-20', 33, 328.3)
set identity_insert dbo.payments off

set identity_insert dbo.payments on
insert into dbo.payments (payment_id, payment_date, reservation_id, amount) values (147, '2019-09-15', 33, 4658.04)
set identity_insert dbo.payments off

set identity_insert dbo.reservations on
insert into dbo.reservations (reservation_id, customer_id, reservation_date) values (34, 22, '2018-02-04')
set identity_insert dbo.reservations off

set identity_insert dbo.conference_day_reservations on
insert into dbo.conference_day_reservations (reservation_day_id, conference_day_id, reservation_id, student_attendees, full_price_attendees) values (69, 68, 34, 9, 5)
set identity_insert dbo.conference_day_reservations off

set identity_insert dbo.conference_day_attendees on
insert into dbo.conference_day_attendees (attendee_id, registered_id, reservation_day_id, is_student) values (493, 48, 69, 1)
set identity_insert dbo.conference_day_attendees off

set identity_insert dbo.conference_day_attendees on
insert into dbo.conference_day_attendees (attendee_id, registered_id, reservation_day_id, is_student) values (494, 42, 69, 1)
set identity_insert dbo.conference_day_attendees off

set identity_insert dbo.conference_day_attendees on
insert into dbo.conference_day_attendees (attendee_id, registered_id, reservation_day_id, is_student) values (495, 37, 69, 1)
set identity_insert dbo.conference_day_attendees off

set identity_insert dbo.conference_day_attendees on
insert into dbo.conference_day_attendees (attendee_id, registered_id, reservation_day_id, is_student) values (496, 4, 69, 1)
set identity_insert dbo.conference_day_attendees off

set identity_insert dbo.conference_day_attendees on
insert into dbo.conference_day_attendees (attendee_id, registered_id, reservation_day_id, is_student) values (497, 19, 69, 1)
set identity_insert dbo.conference_day_attendees off

set identity_insert dbo.conference_day_attendees on
insert into dbo.conference_day_attendees (attendee_id, registered_id, reservation_day_id, is_student) values (498, 23, 69, 1)
set identity_insert dbo.conference_day_attendees off

set identity_insert dbo.conference_day_attendees on
insert into dbo.conference_day_attendees (attendee_id, registered_id, reservation_day_id, is_student) values (499, 14, 69, 0)
set identity_insert dbo.conference_day_attendees off

set identity_insert dbo.conference_day_attendees on
insert into dbo.conference_day_attendees (attendee_id, registered_id, reservation_day_id, is_student) values (500, 27, 69, 0)
set identity_insert dbo.conference_day_attendees off

set identity_insert dbo.payments on
insert into dbo.payments (payment_id, payment_date, reservation_id, amount) values (148, '2018-01-29', 34, 930.34)
set identity_insert dbo.payments off

set identity_insert dbo.payments on
insert into dbo.payments (payment_id, payment_date, reservation_id, amount) values (149, '2018-01-15', 34, 5385.27)
set identity_insert dbo.payments off

set identity_insert dbo.payments on
insert into dbo.payments (payment_id, payment_date, reservation_id, amount) values (150, '2018-01-22', 34, 4059.54)
set identity_insert dbo.payments off

set identity_insert dbo.payments on
insert into dbo.payments (payment_id, payment_date, reservation_id, amount) values (151, '2018-01-10', 34, 6762.03)
set identity_insert dbo.payments off

set identity_insert dbo.payments on
insert into dbo.payments (payment_id, payment_date, reservation_id, amount) values (152, '2018-01-27', 34, 7206.37)
set identity_insert dbo.payments off

set identity_insert dbo.payments on
insert into dbo.payments (payment_id, payment_date, reservation_id, amount) values (153, '2018-01-30', 34, 3338.58)
set identity_insert dbo.payments off

set identity_insert dbo.payments on
insert into dbo.payments (payment_id, payment_date, reservation_id, amount) values (154, '2018-01-31', 34, 5331.46)
set identity_insert dbo.payments off

set identity_insert dbo.payments on
insert into dbo.payments (payment_id, payment_date, reservation_id, amount) values (155, '2018-01-21', 34, 9601.01)
set identity_insert dbo.payments off

set identity_insert dbo.reservations on
insert into dbo.reservations (reservation_id, customer_id, reservation_date) values (35, 3, '2018-05-06')
set identity_insert dbo.reservations off

set identity_insert dbo.conference_day_reservations on
insert into dbo.conference_day_reservations (reservation_day_id, conference_day_id, reservation_id, student_attendees, full_price_attendees) values (70, 93, 35, 2, 2)
set identity_insert dbo.conference_day_reservations off

set identity_insert dbo.conference_day_attendees on
insert into dbo.conference_day_attendees (attendee_id, registered_id, reservation_day_id, is_student) values (501, 50, 70, 1)
set identity_insert dbo.conference_day_attendees off

set identity_insert dbo.conference_day_attendees on
insert into dbo.conference_day_attendees (attendee_id, registered_id, reservation_day_id, is_student) values (502, 32, 70, 1)
set identity_insert dbo.conference_day_attendees off

set identity_insert dbo.conference_day_attendees on
insert into dbo.conference_day_attendees (attendee_id, registered_id, reservation_day_id, is_student) values (503, 50, 70, 0)
set identity_insert dbo.conference_day_attendees off

set identity_insert dbo.payments on
insert into dbo.payments (payment_id, payment_date, reservation_id, amount) values (156, '2018-04-13', 35, 3680.55)
set identity_insert dbo.payments off

set identity_insert dbo.payments on
insert into dbo.payments (payment_id, payment_date, reservation_id, amount) values (157, '2018-04-27', 35, 7365.01)
set identity_insert dbo.payments off

set identity_insert dbo.payments on
insert into dbo.payments (payment_id, payment_date, reservation_id, amount) values (158, '2018-05-06', 35, 5970.0)
set identity_insert dbo.payments off

set identity_insert dbo.payments on
insert into dbo.payments (payment_id, payment_date, reservation_id, amount) values (159, '2018-04-08', 35, 8435.01)
set identity_insert dbo.payments off

set identity_insert dbo.payments on
insert into dbo.payments (payment_id, payment_date, reservation_id, amount) values (160, '2018-04-19', 35, 5580.27)
set identity_insert dbo.payments off

set identity_insert dbo.payments on
insert into dbo.payments (payment_id, payment_date, reservation_id, amount) values (161, '2018-03-30', 35, 9471.38)
set identity_insert dbo.payments off

set identity_insert dbo.payments on
insert into dbo.payments (payment_id, payment_date, reservation_id, amount) values (162, '2018-04-28', 35, 5858.62)
set identity_insert dbo.payments off

set identity_insert dbo.reservations on
insert into dbo.reservations (reservation_id, customer_id, reservation_date) values (36, 5, '2018-07-25')
set identity_insert dbo.reservations off

set identity_insert dbo.conference_day_reservations on
insert into dbo.conference_day_reservations (reservation_day_id, conference_day_id, reservation_id, student_attendees, full_price_attendees) values (71, 33, 36, 4, 7)
set identity_insert dbo.conference_day_reservations off

set identity_insert dbo.conference_day_attendees on
insert into dbo.conference_day_attendees (attendee_id, registered_id, reservation_day_id, is_student) values (504, 30, 71, 1)
set identity_insert dbo.conference_day_attendees off

set identity_insert dbo.conference_day_attendees on
insert into dbo.conference_day_attendees (attendee_id, registered_id, reservation_day_id, is_student) values (505, 50, 71, 1)
set identity_insert dbo.conference_day_attendees off

set identity_insert dbo.conference_day_attendees on
insert into dbo.conference_day_attendees (attendee_id, registered_id, reservation_day_id, is_student) values (506, 18, 71, 1)
set identity_insert dbo.conference_day_attendees off

set identity_insert dbo.conference_day_attendees on
insert into dbo.conference_day_attendees (attendee_id, registered_id, reservation_day_id, is_student) values (507, 34, 71, 1)
set identity_insert dbo.conference_day_attendees off

set identity_insert dbo.conference_day_attendees on
insert into dbo.conference_day_attendees (attendee_id, registered_id, reservation_day_id, is_student) values (508, 17, 71, 1)
set identity_insert dbo.conference_day_attendees off

set identity_insert dbo.conference_day_attendees on
insert into dbo.conference_day_attendees (attendee_id, registered_id, reservation_day_id, is_student) values (509, 17, 71, 0)
set identity_insert dbo.conference_day_attendees off

set identity_insert dbo.conference_day_attendees on
insert into dbo.conference_day_attendees (attendee_id, registered_id, reservation_day_id, is_student) values (510, 4, 71, 0)
set identity_insert dbo.conference_day_attendees off

set identity_insert dbo.conference_day_attendees on
insert into dbo.conference_day_attendees (attendee_id, registered_id, reservation_day_id, is_student) values (511, 32, 71, 0)
set identity_insert dbo.conference_day_attendees off

set identity_insert dbo.conference_day_attendees on
insert into dbo.conference_day_attendees (attendee_id, registered_id, reservation_day_id, is_student) values (512, 47, 71, 0)
set identity_insert dbo.conference_day_attendees off

set identity_insert dbo.conference_day_attendees on
insert into dbo.conference_day_attendees (attendee_id, registered_id, reservation_day_id, is_student) values (513, 38, 71, 0)
set identity_insert dbo.conference_day_attendees off

set identity_insert dbo.conference_day_attendees on
insert into dbo.conference_day_attendees (attendee_id, registered_id, reservation_day_id, is_student) values (514, 4, 71, 0)
set identity_insert dbo.conference_day_attendees off

set identity_insert dbo.reservations on
insert into dbo.reservations (reservation_id, customer_id, reservation_date) values (37, 25, '2019-04-14')
set identity_insert dbo.reservations off

set identity_insert dbo.conference_day_reservations on
insert into dbo.conference_day_reservations (reservation_day_id, conference_day_id, reservation_id, student_attendees, full_price_attendees) values (72, 64, 37, 9, 8)
set identity_insert dbo.conference_day_reservations off

set identity_insert dbo.conference_day_attendees on
insert into dbo.conference_day_attendees (attendee_id, registered_id, reservation_day_id, is_student) values (515, 17, 72, 1)
set identity_insert dbo.conference_day_attendees off

set identity_insert dbo.conference_day_attendees on
insert into dbo.conference_day_attendees (attendee_id, registered_id, reservation_day_id, is_student) values (516, 28, 72, 1)
set identity_insert dbo.conference_day_attendees off

set identity_insert dbo.conference_day_attendees on
insert into dbo.conference_day_attendees (attendee_id, registered_id, reservation_day_id, is_student) values (517, 44, 72, 1)
set identity_insert dbo.conference_day_attendees off

set identity_insert dbo.conference_day_attendees on
insert into dbo.conference_day_attendees (attendee_id, registered_id, reservation_day_id, is_student) values (518, 9, 72, 1)
set identity_insert dbo.conference_day_attendees off

set identity_insert dbo.conference_day_attendees on
insert into dbo.conference_day_attendees (attendee_id, registered_id, reservation_day_id, is_student) values (519, 6, 72, 1)
set identity_insert dbo.conference_day_attendees off

set identity_insert dbo.conference_day_attendees on
insert into dbo.conference_day_attendees (attendee_id, registered_id, reservation_day_id, is_student) values (520, 47, 72, 1)
set identity_insert dbo.conference_day_attendees off

set identity_insert dbo.conference_day_attendees on
insert into dbo.conference_day_attendees (attendee_id, registered_id, reservation_day_id, is_student) values (521, 20, 72, 1)
set identity_insert dbo.conference_day_attendees off

set identity_insert dbo.conference_day_attendees on
insert into dbo.conference_day_attendees (attendee_id, registered_id, reservation_day_id, is_student) values (522, 49, 72, 1)
set identity_insert dbo.conference_day_attendees off

set identity_insert dbo.conference_day_attendees on
insert into dbo.conference_day_attendees (attendee_id, registered_id, reservation_day_id, is_student) values (523, 19, 72, 1)
set identity_insert dbo.conference_day_attendees off

set identity_insert dbo.conference_day_attendees on
insert into dbo.conference_day_attendees (attendee_id, registered_id, reservation_day_id, is_student) values (524, 37, 72, 1)
set identity_insert dbo.conference_day_attendees off

set identity_insert dbo.conference_day_attendees on
insert into dbo.conference_day_attendees (attendee_id, registered_id, reservation_day_id, is_student) values (525, 19, 72, 0)
set identity_insert dbo.conference_day_attendees off

set identity_insert dbo.conference_day_attendees on
insert into dbo.conference_day_attendees (attendee_id, registered_id, reservation_day_id, is_student) values (526, 27, 72, 0)
set identity_insert dbo.conference_day_attendees off

set identity_insert dbo.conference_day_attendees on
insert into dbo.conference_day_attendees (attendee_id, registered_id, reservation_day_id, is_student) values (527, 33, 72, 0)
set identity_insert dbo.conference_day_attendees off

set identity_insert dbo.conference_day_attendees on
insert into dbo.conference_day_attendees (attendee_id, registered_id, reservation_day_id, is_student) values (528, 41, 72, 0)
set identity_insert dbo.conference_day_attendees off

set identity_insert dbo.conference_day_attendees on
insert into dbo.conference_day_attendees (attendee_id, registered_id, reservation_day_id, is_student) values (529, 7, 72, 0)
set identity_insert dbo.conference_day_attendees off

set identity_insert dbo.conference_day_attendees on
insert into dbo.conference_day_attendees (attendee_id, registered_id, reservation_day_id, is_student) values (530, 45, 72, 0)
set identity_insert dbo.conference_day_attendees off

set identity_insert dbo.conference_day_attendees on
insert into dbo.conference_day_attendees (attendee_id, registered_id, reservation_day_id, is_student) values (531, 1, 72, 0)
set identity_insert dbo.conference_day_attendees off

set identity_insert dbo.payments on
insert into dbo.payments (payment_id, payment_date, reservation_id, amount) values (163, '2019-03-21', 37, 9196.21)
set identity_insert dbo.payments off

set identity_insert dbo.payments on
insert into dbo.payments (payment_id, payment_date, reservation_id, amount) values (164, '2019-03-29', 37, 8678.08)
set identity_insert dbo.payments off

set identity_insert dbo.payments on
insert into dbo.payments (payment_id, payment_date, reservation_id, amount) values (165, '2019-03-23', 37, 1547.24)
set identity_insert dbo.payments off

set identity_insert dbo.payments on
insert into dbo.payments (payment_id, payment_date, reservation_id, amount) values (166, '2019-03-17', 37, 4854.21)
set identity_insert dbo.payments off

set identity_insert dbo.payments on
insert into dbo.payments (payment_id, payment_date, reservation_id, amount) values (167, '2019-04-04', 37, 5609.85)
set identity_insert dbo.payments off

set identity_insert dbo.payments on
insert into dbo.payments (payment_id, payment_date, reservation_id, amount) values (168, '2019-03-21', 37, 7795.4)
set identity_insert dbo.payments off

set identity_insert dbo.payments on
insert into dbo.payments (payment_id, payment_date, reservation_id, amount) values (169, '2019-03-27', 37, 7518.28)
set identity_insert dbo.payments off

set identity_insert dbo.payments on
insert into dbo.payments (payment_id, payment_date, reservation_id, amount) values (170, '2019-04-01', 37, 1889.2)
set identity_insert dbo.payments off

set identity_insert dbo.payments on
insert into dbo.payments (payment_id, payment_date, reservation_id, amount) values (171, '2019-03-26', 37, 6228.41)
set identity_insert dbo.payments off

set identity_insert dbo.reservations on
insert into dbo.reservations (reservation_id, customer_id, reservation_date) values (38, 7, '2019-06-26')
set identity_insert dbo.reservations off

set identity_insert dbo.conference_day_reservations on
insert into dbo.conference_day_reservations (reservation_day_id, conference_day_id, reservation_id, student_attendees, full_price_attendees) values (73, 89, 38, 1, 7)
set identity_insert dbo.conference_day_reservations off

set identity_insert dbo.conference_day_attendees on
insert into dbo.conference_day_attendees (attendee_id, registered_id, reservation_day_id, is_student) values (532, 19, 73, 1)
set identity_insert dbo.conference_day_attendees off

set identity_insert dbo.conference_day_attendees on
insert into dbo.conference_day_attendees (attendee_id, registered_id, reservation_day_id, is_student) values (533, 16, 73, 1)
set identity_insert dbo.conference_day_attendees off

set identity_insert dbo.conference_day_reservations on
insert into dbo.conference_day_reservations (reservation_day_id, conference_day_id, reservation_id, student_attendees, full_price_attendees) values (74, 89, 38, 8, 2)
set identity_insert dbo.conference_day_reservations off

set identity_insert dbo.conference_day_attendees on
insert into dbo.conference_day_attendees (attendee_id, registered_id, reservation_day_id, is_student) values (534, 16, 74, 1)
set identity_insert dbo.conference_day_attendees off

set identity_insert dbo.conference_day_attendees on
insert into dbo.conference_day_attendees (attendee_id, registered_id, reservation_day_id, is_student) values (535, 40, 74, 1)
set identity_insert dbo.conference_day_attendees off

set identity_insert dbo.conference_day_attendees on
insert into dbo.conference_day_attendees (attendee_id, registered_id, reservation_day_id, is_student) values (536, 5, 74, 1)
set identity_insert dbo.conference_day_attendees off

set identity_insert dbo.conference_day_attendees on
insert into dbo.conference_day_attendees (attendee_id, registered_id, reservation_day_id, is_student) values (537, 22, 74, 1)
set identity_insert dbo.conference_day_attendees off

set identity_insert dbo.conference_day_attendees on
insert into dbo.conference_day_attendees (attendee_id, registered_id, reservation_day_id, is_student) values (538, 37, 74, 1)
set identity_insert dbo.conference_day_attendees off

set identity_insert dbo.conference_day_attendees on
insert into dbo.conference_day_attendees (attendee_id, registered_id, reservation_day_id, is_student) values (539, 31, 74, 1)
set identity_insert dbo.conference_day_attendees off

set identity_insert dbo.conference_day_attendees on
insert into dbo.conference_day_attendees (attendee_id, registered_id, reservation_day_id, is_student) values (540, 31, 74, 1)
set identity_insert dbo.conference_day_attendees off

set identity_insert dbo.conference_day_attendees on
insert into dbo.conference_day_attendees (attendee_id, registered_id, reservation_day_id, is_student) values (541, 2, 74, 1)
set identity_insert dbo.conference_day_attendees off

set identity_insert dbo.conference_day_attendees on
insert into dbo.conference_day_attendees (attendee_id, registered_id, reservation_day_id, is_student) values (542, 45, 74, 1)
set identity_insert dbo.conference_day_attendees off

set identity_insert dbo.conference_day_attendees on
insert into dbo.conference_day_attendees (attendee_id, registered_id, reservation_day_id, is_student) values (543, 17, 74, 0)
set identity_insert dbo.conference_day_attendees off

set identity_insert dbo.reservations on
insert into dbo.reservations (reservation_id, customer_id, reservation_date) values (39, 26, '2019-04-06')
set identity_insert dbo.reservations off

set identity_insert dbo.conference_day_reservations on
insert into dbo.conference_day_reservations (reservation_day_id, conference_day_id, reservation_id, student_attendees, full_price_attendees) values (75, 31, 39, 1, 7)
set identity_insert dbo.conference_day_reservations off

set identity_insert dbo.conference_day_attendees on
insert into dbo.conference_day_attendees (attendee_id, registered_id, reservation_day_id, is_student) values (544, 23, 75, 1)
set identity_insert dbo.conference_day_attendees off

set identity_insert dbo.conference_day_attendees on
insert into dbo.conference_day_attendees (attendee_id, registered_id, reservation_day_id, is_student) values (545, 50, 75, 1)
set identity_insert dbo.conference_day_attendees off

set identity_insert dbo.conference_day_attendees on
insert into dbo.conference_day_attendees (attendee_id, registered_id, reservation_day_id, is_student) values (546, 44, 75, 0)
set identity_insert dbo.conference_day_attendees off

set identity_insert dbo.conference_day_attendees on
insert into dbo.conference_day_attendees (attendee_id, registered_id, reservation_day_id, is_student) values (547, 47, 75, 0)
set identity_insert dbo.conference_day_attendees off

set identity_insert dbo.conference_day_attendees on
insert into dbo.conference_day_attendees (attendee_id, registered_id, reservation_day_id, is_student) values (548, 49, 75, 0)
set identity_insert dbo.conference_day_attendees off

set identity_insert dbo.conference_day_attendees on
insert into dbo.conference_day_attendees (attendee_id, registered_id, reservation_day_id, is_student) values (549, 18, 75, 0)
set identity_insert dbo.conference_day_attendees off

set identity_insert dbo.conference_day_attendees on
insert into dbo.conference_day_attendees (attendee_id, registered_id, reservation_day_id, is_student) values (550, 12, 75, 0)
set identity_insert dbo.conference_day_attendees off

set identity_insert dbo.conference_day_attendees on
insert into dbo.conference_day_attendees (attendee_id, registered_id, reservation_day_id, is_student) values (551, 49, 75, 0)
set identity_insert dbo.conference_day_attendees off

set identity_insert dbo.conference_day_reservations on
insert into dbo.conference_day_reservations (reservation_day_id, conference_day_id, reservation_id, student_attendees, full_price_attendees) values (76, 31, 39, 4, 8)
set identity_insert dbo.conference_day_reservations off

set identity_insert dbo.conference_day_attendees on
insert into dbo.conference_day_attendees (attendee_id, registered_id, reservation_day_id, is_student) values (552, 10, 76, 1)
set identity_insert dbo.conference_day_attendees off

set identity_insert dbo.conference_day_attendees on
insert into dbo.conference_day_attendees (attendee_id, registered_id, reservation_day_id, is_student) values (553, 37, 76, 1)
set identity_insert dbo.conference_day_attendees off

set identity_insert dbo.conference_day_attendees on
insert into dbo.conference_day_attendees (attendee_id, registered_id, reservation_day_id, is_student) values (554, 22, 76, 1)
set identity_insert dbo.conference_day_attendees off

set identity_insert dbo.payments on
insert into dbo.payments (payment_id, payment_date, reservation_id, amount) values (172, '2019-04-02', 39, 9134.17)
set identity_insert dbo.payments off

set identity_insert dbo.payments on
insert into dbo.payments (payment_id, payment_date, reservation_id, amount) values (173, '2019-03-28', 39, 6401.58)
set identity_insert dbo.payments off

set identity_insert dbo.reservations on
insert into dbo.reservations (reservation_id, customer_id, reservation_date) values (40, 21, '2018-09-11')
set identity_insert dbo.reservations off

set identity_insert dbo.conference_day_reservations on
insert into dbo.conference_day_reservations (reservation_day_id, conference_day_id, reservation_id, student_attendees, full_price_attendees) values (77, 26, 40, 9, 10)
set identity_insert dbo.conference_day_reservations off

set identity_insert dbo.conference_day_attendees on
insert into dbo.conference_day_attendees (attendee_id, registered_id, reservation_day_id, is_student) values (555, 28, 77, 1)
set identity_insert dbo.conference_day_attendees off

set identity_insert dbo.conference_day_attendees on
insert into dbo.conference_day_attendees (attendee_id, registered_id, reservation_day_id, is_student) values (556, 30, 77, 1)
set identity_insert dbo.conference_day_attendees off

set identity_insert dbo.conference_day_attendees on
insert into dbo.conference_day_attendees (attendee_id, registered_id, reservation_day_id, is_student) values (557, 48, 77, 1)
set identity_insert dbo.conference_day_attendees off

set identity_insert dbo.conference_day_attendees on
insert into dbo.conference_day_attendees (attendee_id, registered_id, reservation_day_id, is_student) values (558, 4, 77, 1)
set identity_insert dbo.conference_day_attendees off

set identity_insert dbo.conference_day_attendees on
insert into dbo.conference_day_attendees (attendee_id, registered_id, reservation_day_id, is_student) values (559, 2, 77, 1)
set identity_insert dbo.conference_day_attendees off

set identity_insert dbo.conference_day_attendees on
insert into dbo.conference_day_attendees (attendee_id, registered_id, reservation_day_id, is_student) values (560, 37, 77, 0)
set identity_insert dbo.conference_day_attendees off

set identity_insert dbo.conference_day_attendees on
insert into dbo.conference_day_attendees (attendee_id, registered_id, reservation_day_id, is_student) values (561, 42, 77, 0)
set identity_insert dbo.conference_day_attendees off

set identity_insert dbo.conference_day_attendees on
insert into dbo.conference_day_attendees (attendee_id, registered_id, reservation_day_id, is_student) values (562, 16, 77, 0)
set identity_insert dbo.conference_day_attendees off

set identity_insert dbo.conference_day_attendees on
insert into dbo.conference_day_attendees (attendee_id, registered_id, reservation_day_id, is_student) values (563, 22, 77, 0)
set identity_insert dbo.conference_day_attendees off

set identity_insert dbo.conference_day_attendees on
insert into dbo.conference_day_attendees (attendee_id, registered_id, reservation_day_id, is_student) values (564, 38, 77, 0)
set identity_insert dbo.conference_day_attendees off

set identity_insert dbo.conference_day_attendees on
insert into dbo.conference_day_attendees (attendee_id, registered_id, reservation_day_id, is_student) values (565, 43, 77, 0)
set identity_insert dbo.conference_day_attendees off

set identity_insert dbo.conference_day_attendees on
insert into dbo.conference_day_attendees (attendee_id, registered_id, reservation_day_id, is_student) values (566, 47, 77, 0)
set identity_insert dbo.conference_day_attendees off

set identity_insert dbo.conference_day_attendees on
insert into dbo.conference_day_attendees (attendee_id, registered_id, reservation_day_id, is_student) values (567, 24, 77, 0)
set identity_insert dbo.conference_day_attendees off

set identity_insert dbo.conference_day_reservations on
insert into dbo.conference_day_reservations (reservation_day_id, conference_day_id, reservation_id, student_attendees, full_price_attendees) values (78, 26, 40, 5, 4)
set identity_insert dbo.conference_day_reservations off

set identity_insert dbo.conference_day_attendees on
insert into dbo.conference_day_attendees (attendee_id, registered_id, reservation_day_id, is_student) values (568, 33, 78, 1)
set identity_insert dbo.conference_day_attendees off

set identity_insert dbo.conference_day_attendees on
insert into dbo.conference_day_attendees (attendee_id, registered_id, reservation_day_id, is_student) values (569, 12, 78, 1)
set identity_insert dbo.conference_day_attendees off

set identity_insert dbo.conference_day_attendees on
insert into dbo.conference_day_attendees (attendee_id, registered_id, reservation_day_id, is_student) values (570, 30, 78, 1)
set identity_insert dbo.conference_day_attendees off

set identity_insert dbo.conference_day_reservations on
insert into dbo.conference_day_reservations (reservation_day_id, conference_day_id, reservation_id, student_attendees, full_price_attendees) values (79, 26, 40, 6, 3)
set identity_insert dbo.conference_day_reservations off

set identity_insert dbo.conference_day_attendees on
insert into dbo.conference_day_attendees (attendee_id, registered_id, reservation_day_id, is_student) values (571, 14, 79, 1)
set identity_insert dbo.conference_day_attendees off

set identity_insert dbo.conference_day_attendees on
insert into dbo.conference_day_attendees (attendee_id, registered_id, reservation_day_id, is_student) values (572, 40, 79, 1)
set identity_insert dbo.conference_day_attendees off

set identity_insert dbo.conference_day_attendees on
insert into dbo.conference_day_attendees (attendee_id, registered_id, reservation_day_id, is_student) values (573, 41, 79, 1)
set identity_insert dbo.conference_day_attendees off

set identity_insert dbo.conference_day_attendees on
insert into dbo.conference_day_attendees (attendee_id, registered_id, reservation_day_id, is_student) values (574, 27, 79, 1)
set identity_insert dbo.conference_day_attendees off

set identity_insert dbo.conference_day_attendees on
insert into dbo.conference_day_attendees (attendee_id, registered_id, reservation_day_id, is_student) values (575, 10, 79, 1)
set identity_insert dbo.conference_day_attendees off

set identity_insert dbo.conference_day_attendees on
insert into dbo.conference_day_attendees (attendee_id, registered_id, reservation_day_id, is_student) values (576, 32, 79, 1)
set identity_insert dbo.conference_day_attendees off

set identity_insert dbo.conference_day_attendees on
insert into dbo.conference_day_attendees (attendee_id, registered_id, reservation_day_id, is_student) values (577, 33, 79, 1)
set identity_insert dbo.conference_day_attendees off

set identity_insert dbo.conference_day_attendees on
insert into dbo.conference_day_attendees (attendee_id, registered_id, reservation_day_id, is_student) values (578, 9, 79, 0)
set identity_insert dbo.conference_day_attendees off

set identity_insert dbo.conference_day_attendees on
insert into dbo.conference_day_attendees (attendee_id, registered_id, reservation_day_id, is_student) values (579, 39, 79, 0)
set identity_insert dbo.conference_day_attendees off

set identity_insert dbo.payments on
insert into dbo.payments (payment_id, payment_date, reservation_id, amount) values (174, '2018-09-08', 40, 3632.87)
set identity_insert dbo.payments off

set identity_insert dbo.payments on
insert into dbo.payments (payment_id, payment_date, reservation_id, amount) values (175, '2018-09-05', 40, 929.41)
set identity_insert dbo.payments off

set identity_insert dbo.payments on
insert into dbo.payments (payment_id, payment_date, reservation_id, amount) values (176, '2018-09-04', 40, 770.78)
set identity_insert dbo.payments off

set identity_insert dbo.payments on
insert into dbo.payments (payment_id, payment_date, reservation_id, amount) values (177, '2018-09-10', 40, 6688.36)
set identity_insert dbo.payments off

set identity_insert dbo.payments on
insert into dbo.payments (payment_id, payment_date, reservation_id, amount) values (178, '2018-09-03', 40, 9729.69)
set identity_insert dbo.payments off

set identity_insert dbo.payments on
insert into dbo.payments (payment_id, payment_date, reservation_id, amount) values (179, '2018-09-03', 40, 3128.37)
set identity_insert dbo.payments off

set identity_insert dbo.payments on
insert into dbo.payments (payment_id, payment_date, reservation_id, amount) values (180, '2018-09-06', 40, 9583.73)
set identity_insert dbo.payments off

set identity_insert dbo.reservations on
insert into dbo.reservations (reservation_id, customer_id, reservation_date) values (41, 7, '2018-02-04')
set identity_insert dbo.reservations off

set identity_insert dbo.conference_day_reservations on
insert into dbo.conference_day_reservations (reservation_day_id, conference_day_id, reservation_id, student_attendees, full_price_attendees) values (80, 68, 41, 10, 10)
set identity_insert dbo.conference_day_reservations off

set identity_insert dbo.conference_day_attendees on
insert into dbo.conference_day_attendees (attendee_id, registered_id, reservation_day_id, is_student) values (580, 45, 80, 1)
set identity_insert dbo.conference_day_attendees off

set identity_insert dbo.conference_day_attendees on
insert into dbo.conference_day_attendees (attendee_id, registered_id, reservation_day_id, is_student) values (581, 6, 80, 1)
set identity_insert dbo.conference_day_attendees off

set identity_insert dbo.conference_day_attendees on
insert into dbo.conference_day_attendees (attendee_id, registered_id, reservation_day_id, is_student) values (582, 14, 80, 1)
set identity_insert dbo.conference_day_attendees off

set identity_insert dbo.conference_day_attendees on
insert into dbo.conference_day_attendees (attendee_id, registered_id, reservation_day_id, is_student) values (583, 6, 80, 1)
set identity_insert dbo.conference_day_attendees off

set identity_insert dbo.conference_day_attendees on
insert into dbo.conference_day_attendees (attendee_id, registered_id, reservation_day_id, is_student) values (584, 46, 80, 0)
set identity_insert dbo.conference_day_attendees off

set identity_insert dbo.conference_day_attendees on
insert into dbo.conference_day_attendees (attendee_id, registered_id, reservation_day_id, is_student) values (585, 33, 80, 0)
set identity_insert dbo.conference_day_attendees off

set identity_insert dbo.conference_day_attendees on
insert into dbo.conference_day_attendees (attendee_id, registered_id, reservation_day_id, is_student) values (586, 24, 80, 0)
set identity_insert dbo.conference_day_attendees off

set identity_insert dbo.conference_day_attendees on
insert into dbo.conference_day_attendees (attendee_id, registered_id, reservation_day_id, is_student) values (587, 37, 80, 0)
set identity_insert dbo.conference_day_attendees off

set identity_insert dbo.payments on
insert into dbo.payments (payment_id, payment_date, reservation_id, amount) values (181, '2018-01-20', 41, 5647.83)
set identity_insert dbo.payments off

set identity_insert dbo.payments on
insert into dbo.payments (payment_id, payment_date, reservation_id, amount) values (182, '2018-01-15', 41, 4967.91)
set identity_insert dbo.payments off

set identity_insert dbo.payments on
insert into dbo.payments (payment_id, payment_date, reservation_id, amount) values (183, '2018-02-03', 41, 2693.97)
set identity_insert dbo.payments off

set identity_insert dbo.payments on
insert into dbo.payments (payment_id, payment_date, reservation_id, amount) values (184, '2018-01-27', 41, 7665.58)
set identity_insert dbo.payments off

set identity_insert dbo.payments on
insert into dbo.payments (payment_id, payment_date, reservation_id, amount) values (185, '2018-01-17', 41, 9387.21)
set identity_insert dbo.payments off

set identity_insert dbo.reservations on
insert into dbo.reservations (reservation_id, customer_id, reservation_date) values (42, 23, '2018-12-29')
set identity_insert dbo.reservations off

set identity_insert dbo.conference_day_reservations on
insert into dbo.conference_day_reservations (reservation_day_id, conference_day_id, reservation_id, student_attendees, full_price_attendees) values (81, 70, 42, 0, 2)
set identity_insert dbo.conference_day_reservations off

set identity_insert dbo.conference_day_attendees on
insert into dbo.conference_day_attendees (attendee_id, registered_id, reservation_day_id, is_student) values (588, 23, 81, 1)
set identity_insert dbo.conference_day_attendees off

set identity_insert dbo.conference_day_attendees on
insert into dbo.conference_day_attendees (attendee_id, registered_id, reservation_day_id, is_student) values (589, 50, 81, 0)
set identity_insert dbo.conference_day_attendees off

set identity_insert dbo.payments on
insert into dbo.payments (payment_id, payment_date, reservation_id, amount) values (186, '2018-12-14', 42, 8442.16)
set identity_insert dbo.payments off

set identity_insert dbo.payments on
insert into dbo.payments (payment_id, payment_date, reservation_id, amount) values (187, '2018-12-24', 42, 5231.14)
set identity_insert dbo.payments off

set identity_insert dbo.reservations on
insert into dbo.reservations (reservation_id, customer_id, reservation_date) values (43, 26, '2017-06-15')
set identity_insert dbo.reservations off

set identity_insert dbo.conference_day_reservations on
insert into dbo.conference_day_reservations (reservation_day_id, conference_day_id, reservation_id, student_attendees, full_price_attendees) values (82, 14, 43, 5, 9)
set identity_insert dbo.conference_day_reservations off

set identity_insert dbo.conference_day_attendees on
insert into dbo.conference_day_attendees (attendee_id, registered_id, reservation_day_id, is_student) values (590, 48, 82, 1)
set identity_insert dbo.conference_day_attendees off

set identity_insert dbo.conference_day_attendees on
insert into dbo.conference_day_attendees (attendee_id, registered_id, reservation_day_id, is_student) values (591, 1, 82, 1)
set identity_insert dbo.conference_day_attendees off

set identity_insert dbo.conference_day_attendees on
insert into dbo.conference_day_attendees (attendee_id, registered_id, reservation_day_id, is_student) values (592, 35, 82, 1)
set identity_insert dbo.conference_day_attendees off

set identity_insert dbo.conference_day_attendees on
insert into dbo.conference_day_attendees (attendee_id, registered_id, reservation_day_id, is_student) values (593, 11, 82, 1)
set identity_insert dbo.conference_day_attendees off

set identity_insert dbo.conference_day_attendees on
insert into dbo.conference_day_attendees (attendee_id, registered_id, reservation_day_id, is_student) values (594, 8, 82, 1)
set identity_insert dbo.conference_day_attendees off

set identity_insert dbo.conference_day_attendees on
insert into dbo.conference_day_attendees (attendee_id, registered_id, reservation_day_id, is_student) values (595, 14, 82, 0)
set identity_insert dbo.conference_day_attendees off

set identity_insert dbo.conference_day_attendees on
insert into dbo.conference_day_attendees (attendee_id, registered_id, reservation_day_id, is_student) values (596, 12, 82, 0)
set identity_insert dbo.conference_day_attendees off

set identity_insert dbo.conference_day_attendees on
insert into dbo.conference_day_attendees (attendee_id, registered_id, reservation_day_id, is_student) values (597, 34, 82, 0)
set identity_insert dbo.conference_day_attendees off

set identity_insert dbo.conference_day_attendees on
insert into dbo.conference_day_attendees (attendee_id, registered_id, reservation_day_id, is_student) values (598, 38, 82, 0)
set identity_insert dbo.conference_day_attendees off

set identity_insert dbo.payments on
insert into dbo.payments (payment_id, payment_date, reservation_id, amount) values (188, '2017-05-27', 43, 5827.08)
set identity_insert dbo.payments off

set identity_insert dbo.payments on
insert into dbo.payments (payment_id, payment_date, reservation_id, amount) values (189, '2017-06-07', 43, 6428.74)
set identity_insert dbo.payments off

set identity_insert dbo.reservations on
insert into dbo.reservations (reservation_id, customer_id, reservation_date) values (44, 17, '2017-09-30')
set identity_insert dbo.reservations off

set identity_insert dbo.conference_day_reservations on
insert into dbo.conference_day_reservations (reservation_day_id, conference_day_id, reservation_id, student_attendees, full_price_attendees) values (83, 82, 44, 4, 3)
set identity_insert dbo.conference_day_reservations off

set identity_insert dbo.conference_day_attendees on
insert into dbo.conference_day_attendees (attendee_id, registered_id, reservation_day_id, is_student) values (599, 11, 83, 1)
set identity_insert dbo.conference_day_attendees off

set identity_insert dbo.conference_day_attendees on
insert into dbo.conference_day_attendees (attendee_id, registered_id, reservation_day_id, is_student) values (600, 20, 83, 1)
set identity_insert dbo.conference_day_attendees off

set identity_insert dbo.conference_day_attendees on
insert into dbo.conference_day_attendees (attendee_id, registered_id, reservation_day_id, is_student) values (601, 42, 83, 1)
set identity_insert dbo.conference_day_attendees off

set identity_insert dbo.conference_day_attendees on
insert into dbo.conference_day_attendees (attendee_id, registered_id, reservation_day_id, is_student) values (602, 48, 83, 1)
set identity_insert dbo.conference_day_attendees off

set identity_insert dbo.conference_day_attendees on
insert into dbo.conference_day_attendees (attendee_id, registered_id, reservation_day_id, is_student) values (603, 26, 83, 1)
set identity_insert dbo.conference_day_attendees off

set identity_insert dbo.conference_day_attendees on
insert into dbo.conference_day_attendees (attendee_id, registered_id, reservation_day_id, is_student) values (604, 43, 83, 0)
set identity_insert dbo.conference_day_attendees off

set identity_insert dbo.conference_day_attendees on
insert into dbo.conference_day_attendees (attendee_id, registered_id, reservation_day_id, is_student) values (605, 33, 83, 0)
set identity_insert dbo.conference_day_attendees off

set identity_insert dbo.payments on
insert into dbo.payments (payment_id, payment_date, reservation_id, amount) values (190, '2017-09-27', 44, 1756.78)
set identity_insert dbo.payments off

set identity_insert dbo.payments on
insert into dbo.payments (payment_id, payment_date, reservation_id, amount) values (191, '2017-09-25', 44, 6709.59)
set identity_insert dbo.payments off

set identity_insert dbo.payments on
insert into dbo.payments (payment_id, payment_date, reservation_id, amount) values (192, '2017-09-23', 44, 1006.39)
set identity_insert dbo.payments off

set identity_insert dbo.payments on
insert into dbo.payments (payment_id, payment_date, reservation_id, amount) values (193, '2017-09-24', 44, 9510.57)
set identity_insert dbo.payments off

set identity_insert dbo.payments on
insert into dbo.payments (payment_id, payment_date, reservation_id, amount) values (194, '2017-09-28', 44, 576.79)
set identity_insert dbo.payments off

set identity_insert dbo.payments on
insert into dbo.payments (payment_id, payment_date, reservation_id, amount) values (195, '2017-09-29', 44, 858.23)
set identity_insert dbo.payments off

set identity_insert dbo.reservations on
insert into dbo.reservations (reservation_id, customer_id, reservation_date) values (45, 20, '2017-07-05')
set identity_insert dbo.reservations off

set identity_insert dbo.conference_day_reservations on
insert into dbo.conference_day_reservations (reservation_day_id, conference_day_id, reservation_id, student_attendees, full_price_attendees) values (84, 38, 45, 1, 3)
set identity_insert dbo.conference_day_reservations off

set identity_insert dbo.conference_day_attendees on
insert into dbo.conference_day_attendees (attendee_id, registered_id, reservation_day_id, is_student) values (606, 50, 84, 1)
set identity_insert dbo.conference_day_attendees off

set identity_insert dbo.reservations on
insert into dbo.reservations (reservation_id, customer_id, reservation_date) values (46, 9, '2018-01-07')
set identity_insert dbo.reservations off

set identity_insert dbo.conference_day_reservations on
insert into dbo.conference_day_reservations (reservation_day_id, conference_day_id, reservation_id, student_attendees, full_price_attendees) values (85, 95, 46, 1, 9)
set identity_insert dbo.conference_day_reservations off

set identity_insert dbo.conference_day_attendees on
insert into dbo.conference_day_attendees (attendee_id, registered_id, reservation_day_id, is_student) values (607, 2, 85, 1)
set identity_insert dbo.conference_day_attendees off

set identity_insert dbo.conference_day_attendees on
insert into dbo.conference_day_attendees (attendee_id, registered_id, reservation_day_id, is_student) values (608, 27, 85, 1)
set identity_insert dbo.conference_day_attendees off

set identity_insert dbo.conference_day_attendees on
insert into dbo.conference_day_attendees (attendee_id, registered_id, reservation_day_id, is_student) values (609, 16, 85, 0)
set identity_insert dbo.conference_day_attendees off

set identity_insert dbo.conference_day_attendees on
insert into dbo.conference_day_attendees (attendee_id, registered_id, reservation_day_id, is_student) values (610, 10, 85, 0)
set identity_insert dbo.conference_day_attendees off

set identity_insert dbo.conference_day_attendees on
insert into dbo.conference_day_attendees (attendee_id, registered_id, reservation_day_id, is_student) values (611, 2, 85, 0)
set identity_insert dbo.conference_day_attendees off

set identity_insert dbo.conference_day_attendees on
insert into dbo.conference_day_attendees (attendee_id, registered_id, reservation_day_id, is_student) values (612, 6, 85, 0)
set identity_insert dbo.conference_day_attendees off

set identity_insert dbo.conference_day_attendees on
insert into dbo.conference_day_attendees (attendee_id, registered_id, reservation_day_id, is_student) values (613, 15, 85, 0)
set identity_insert dbo.conference_day_attendees off

set identity_insert dbo.conference_day_attendees on
insert into dbo.conference_day_attendees (attendee_id, registered_id, reservation_day_id, is_student) values (614, 30, 85, 0)
set identity_insert dbo.conference_day_attendees off

set identity_insert dbo.conference_day_attendees on
insert into dbo.conference_day_attendees (attendee_id, registered_id, reservation_day_id, is_student) values (615, 29, 85, 0)
set identity_insert dbo.conference_day_attendees off

set identity_insert dbo.conference_day_attendees on
insert into dbo.conference_day_attendees (attendee_id, registered_id, reservation_day_id, is_student) values (616, 3, 85, 0)
set identity_insert dbo.conference_day_attendees off

set identity_insert dbo.conference_day_reservations on
insert into dbo.conference_day_reservations (reservation_day_id, conference_day_id, reservation_id, student_attendees, full_price_attendees) values (86, 95, 46, 7, 6)
set identity_insert dbo.conference_day_reservations off

set identity_insert dbo.conference_day_attendees on
insert into dbo.conference_day_attendees (attendee_id, registered_id, reservation_day_id, is_student) values (617, 8, 86, 1)
set identity_insert dbo.conference_day_attendees off

set identity_insert dbo.conference_day_attendees on
insert into dbo.conference_day_attendees (attendee_id, registered_id, reservation_day_id, is_student) values (618, 24, 86, 0)
set identity_insert dbo.conference_day_attendees off

set identity_insert dbo.conference_day_attendees on
insert into dbo.conference_day_attendees (attendee_id, registered_id, reservation_day_id, is_student) values (619, 48, 86, 0)
set identity_insert dbo.conference_day_attendees off

set identity_insert dbo.conference_day_attendees on
insert into dbo.conference_day_attendees (attendee_id, registered_id, reservation_day_id, is_student) values (620, 24, 86, 0)
set identity_insert dbo.conference_day_attendees off

set identity_insert dbo.conference_day_reservations on
insert into dbo.conference_day_reservations (reservation_day_id, conference_day_id, reservation_id, student_attendees, full_price_attendees) values (87, 95, 46, 5, 1)
set identity_insert dbo.conference_day_reservations off

set identity_insert dbo.conference_day_attendees on
insert into dbo.conference_day_attendees (attendee_id, registered_id, reservation_day_id, is_student) values (621, 9, 87, 1)
set identity_insert dbo.conference_day_attendees off

set identity_insert dbo.conference_day_attendees on
insert into dbo.conference_day_attendees (attendee_id, registered_id, reservation_day_id, is_student) values (622, 40, 87, 1)
set identity_insert dbo.conference_day_attendees off

set identity_insert dbo.conference_day_attendees on
insert into dbo.conference_day_attendees (attendee_id, registered_id, reservation_day_id, is_student) values (623, 26, 87, 1)
set identity_insert dbo.conference_day_attendees off

set identity_insert dbo.conference_day_attendees on
insert into dbo.conference_day_attendees (attendee_id, registered_id, reservation_day_id, is_student) values (624, 47, 87, 1)
set identity_insert dbo.conference_day_attendees off

set identity_insert dbo.conference_day_attendees on
insert into dbo.conference_day_attendees (attendee_id, registered_id, reservation_day_id, is_student) values (625, 30, 87, 1)
set identity_insert dbo.conference_day_attendees off

set identity_insert dbo.conference_day_attendees on
insert into dbo.conference_day_attendees (attendee_id, registered_id, reservation_day_id, is_student) values (626, 41, 87, 1)
set identity_insert dbo.conference_day_attendees off

set identity_insert dbo.payments on
insert into dbo.payments (payment_id, payment_date, reservation_id, amount) values (196, '2017-12-16', 46, 7544.43)
set identity_insert dbo.payments off

set identity_insert dbo.payments on
insert into dbo.payments (payment_id, payment_date, reservation_id, amount) values (197, '2017-12-28', 46, 8955.63)
set identity_insert dbo.payments off

set identity_insert dbo.payments on
insert into dbo.payments (payment_id, payment_date, reservation_id, amount) values (198, '2017-12-30', 46, 3643.73)
set identity_insert dbo.payments off

set identity_insert dbo.payments on
insert into dbo.payments (payment_id, payment_date, reservation_id, amount) values (199, '2017-12-23', 46, 7635.18)
set identity_insert dbo.payments off

set identity_insert dbo.payments on
insert into dbo.payments (payment_id, payment_date, reservation_id, amount) values (200, '2017-12-06', 46, 9720.0)
set identity_insert dbo.payments off

set identity_insert dbo.payments on
insert into dbo.payments (payment_id, payment_date, reservation_id, amount) values (201, '2017-12-04', 46, 5745.92)
set identity_insert dbo.payments off

set identity_insert dbo.payments on
insert into dbo.payments (payment_id, payment_date, reservation_id, amount) values (202, '2017-12-23', 46, 1594.53)
set identity_insert dbo.payments off

set identity_insert dbo.payments on
insert into dbo.payments (payment_id, payment_date, reservation_id, amount) values (203, '2018-01-03', 46, 8819.94)
set identity_insert dbo.payments off

set identity_insert dbo.reservations on
insert into dbo.reservations (reservation_id, customer_id, reservation_date) values (47, 10, '2017-06-18')
set identity_insert dbo.reservations off

set identity_insert dbo.conference_day_reservations on
insert into dbo.conference_day_reservations (reservation_day_id, conference_day_id, reservation_id, student_attendees, full_price_attendees) values (88, 74, 47, 7, 8)
set identity_insert dbo.conference_day_reservations off

set identity_insert dbo.conference_day_attendees on
insert into dbo.conference_day_attendees (attendee_id, registered_id, reservation_day_id, is_student) values (627, 30, 88, 1)
set identity_insert dbo.conference_day_attendees off

set identity_insert dbo.conference_day_attendees on
insert into dbo.conference_day_attendees (attendee_id, registered_id, reservation_day_id, is_student) values (628, 28, 88, 1)
set identity_insert dbo.conference_day_attendees off

set identity_insert dbo.conference_day_attendees on
insert into dbo.conference_day_attendees (attendee_id, registered_id, reservation_day_id, is_student) values (629, 4, 88, 1)
set identity_insert dbo.conference_day_attendees off

set identity_insert dbo.conference_day_attendees on
insert into dbo.conference_day_attendees (attendee_id, registered_id, reservation_day_id, is_student) values (630, 14, 88, 1)
set identity_insert dbo.conference_day_attendees off

set identity_insert dbo.conference_day_attendees on
insert into dbo.conference_day_attendees (attendee_id, registered_id, reservation_day_id, is_student) values (631, 30, 88, 1)
set identity_insert dbo.conference_day_attendees off

set identity_insert dbo.conference_day_attendees on
insert into dbo.conference_day_attendees (attendee_id, registered_id, reservation_day_id, is_student) values (632, 23, 88, 1)
set identity_insert dbo.conference_day_attendees off

set identity_insert dbo.conference_day_attendees on
insert into dbo.conference_day_attendees (attendee_id, registered_id, reservation_day_id, is_student) values (633, 34, 88, 1)
set identity_insert dbo.conference_day_attendees off

set identity_insert dbo.conference_day_attendees on
insert into dbo.conference_day_attendees (attendee_id, registered_id, reservation_day_id, is_student) values (634, 1, 88, 1)
set identity_insert dbo.conference_day_attendees off

set identity_insert dbo.conference_day_attendees on
insert into dbo.conference_day_attendees (attendee_id, registered_id, reservation_day_id, is_student) values (635, 5, 88, 0)
set identity_insert dbo.conference_day_attendees off

set identity_insert dbo.conference_day_attendees on
insert into dbo.conference_day_attendees (attendee_id, registered_id, reservation_day_id, is_student) values (636, 18, 88, 0)
set identity_insert dbo.conference_day_attendees off

set identity_insert dbo.conference_day_attendees on
insert into dbo.conference_day_attendees (attendee_id, registered_id, reservation_day_id, is_student) values (637, 27, 88, 0)
set identity_insert dbo.conference_day_attendees off

set identity_insert dbo.conference_day_attendees on
insert into dbo.conference_day_attendees (attendee_id, registered_id, reservation_day_id, is_student) values (638, 40, 88, 0)
set identity_insert dbo.conference_day_attendees off

set identity_insert dbo.conference_day_attendees on
insert into dbo.conference_day_attendees (attendee_id, registered_id, reservation_day_id, is_student) values (639, 28, 88, 0)
set identity_insert dbo.conference_day_attendees off

set identity_insert dbo.conference_day_attendees on
insert into dbo.conference_day_attendees (attendee_id, registered_id, reservation_day_id, is_student) values (640, 11, 88, 0)
set identity_insert dbo.conference_day_attendees off

set identity_insert dbo.conference_day_attendees on
insert into dbo.conference_day_attendees (attendee_id, registered_id, reservation_day_id, is_student) values (641, 26, 88, 0)
set identity_insert dbo.conference_day_attendees off

set identity_insert dbo.conference_day_reservations on
insert into dbo.conference_day_reservations (reservation_day_id, conference_day_id, reservation_id, student_attendees, full_price_attendees) values (89, 74, 47, 2, 6)
set identity_insert dbo.conference_day_reservations off

set identity_insert dbo.conference_day_attendees on
insert into dbo.conference_day_attendees (attendee_id, registered_id, reservation_day_id, is_student) values (642, 16, 89, 1)
set identity_insert dbo.conference_day_attendees off

set identity_insert dbo.conference_day_attendees on
insert into dbo.conference_day_attendees (attendee_id, registered_id, reservation_day_id, is_student) values (643, 21, 89, 1)
set identity_insert dbo.conference_day_attendees off

set identity_insert dbo.conference_day_attendees on
insert into dbo.conference_day_attendees (attendee_id, registered_id, reservation_day_id, is_student) values (644, 46, 89, 0)
set identity_insert dbo.conference_day_attendees off

set identity_insert dbo.conference_day_reservations on
insert into dbo.conference_day_reservations (reservation_day_id, conference_day_id, reservation_id, student_attendees, full_price_attendees) values (90, 74, 47, 2, 8)
set identity_insert dbo.conference_day_reservations off

set identity_insert dbo.conference_day_attendees on
insert into dbo.conference_day_attendees (attendee_id, registered_id, reservation_day_id, is_student) values (645, 2, 90, 1)
set identity_insert dbo.conference_day_attendees off

set identity_insert dbo.conference_day_reservations on
insert into dbo.conference_day_reservations (reservation_day_id, conference_day_id, reservation_id, student_attendees, full_price_attendees) values (91, 74, 47, 6, 4)
set identity_insert dbo.conference_day_reservations off

set identity_insert dbo.conference_day_attendees on
insert into dbo.conference_day_attendees (attendee_id, registered_id, reservation_day_id, is_student) values (646, 26, 91, 1)
set identity_insert dbo.conference_day_attendees off

set identity_insert dbo.conference_day_attendees on
insert into dbo.conference_day_attendees (attendee_id, registered_id, reservation_day_id, is_student) values (647, 31, 91, 1)
set identity_insert dbo.conference_day_attendees off

set identity_insert dbo.conference_day_attendees on
insert into dbo.conference_day_attendees (attendee_id, registered_id, reservation_day_id, is_student) values (648, 34, 91, 1)
set identity_insert dbo.conference_day_attendees off

set identity_insert dbo.conference_day_attendees on
insert into dbo.conference_day_attendees (attendee_id, registered_id, reservation_day_id, is_student) values (649, 27, 91, 1)
set identity_insert dbo.conference_day_attendees off

set identity_insert dbo.conference_day_attendees on
insert into dbo.conference_day_attendees (attendee_id, registered_id, reservation_day_id, is_student) values (650, 6, 91, 1)
set identity_insert dbo.conference_day_attendees off

set identity_insert dbo.conference_day_attendees on
insert into dbo.conference_day_attendees (attendee_id, registered_id, reservation_day_id, is_student) values (651, 27, 91, 1)
set identity_insert dbo.conference_day_attendees off

set identity_insert dbo.conference_day_attendees on
insert into dbo.conference_day_attendees (attendee_id, registered_id, reservation_day_id, is_student) values (652, 34, 91, 1)
set identity_insert dbo.conference_day_attendees off

set identity_insert dbo.conference_day_attendees on
insert into dbo.conference_day_attendees (attendee_id, registered_id, reservation_day_id, is_student) values (653, 28, 91, 0)
set identity_insert dbo.conference_day_attendees off

set identity_insert dbo.conference_day_attendees on
insert into dbo.conference_day_attendees (attendee_id, registered_id, reservation_day_id, is_student) values (654, 38, 91, 0)
set identity_insert dbo.conference_day_attendees off

set identity_insert dbo.conference_day_attendees on
insert into dbo.conference_day_attendees (attendee_id, registered_id, reservation_day_id, is_student) values (655, 11, 91, 0)
set identity_insert dbo.conference_day_attendees off

set identity_insert dbo.payments on
insert into dbo.payments (payment_id, payment_date, reservation_id, amount) values (204, '2017-06-13', 47, 1682.75)
set identity_insert dbo.payments off

set identity_insert dbo.payments on
insert into dbo.payments (payment_id, payment_date, reservation_id, amount) values (205, '2017-06-04', 47, 9296.66)
set identity_insert dbo.payments off

set identity_insert dbo.payments on
insert into dbo.payments (payment_id, payment_date, reservation_id, amount) values (206, '2017-05-30', 47, 8375.53)
set identity_insert dbo.payments off

set identity_insert dbo.payments on
insert into dbo.payments (payment_id, payment_date, reservation_id, amount) values (207, '2017-05-30', 47, 6103.71)
set identity_insert dbo.payments off

set identity_insert dbo.payments on
insert into dbo.payments (payment_id, payment_date, reservation_id, amount) values (208, '2017-05-19', 47, 1905.31)
set identity_insert dbo.payments off

set identity_insert dbo.payments on
insert into dbo.payments (payment_id, payment_date, reservation_id, amount) values (209, '2017-05-28', 47, 5342.47)
set identity_insert dbo.payments off

set identity_insert dbo.payments on
insert into dbo.payments (payment_id, payment_date, reservation_id, amount) values (210, '2017-06-14', 47, 2552.71)
set identity_insert dbo.payments off

set identity_insert dbo.payments on
insert into dbo.payments (payment_id, payment_date, reservation_id, amount) values (211, '2017-06-06', 47, 633.71)
set identity_insert dbo.payments off

set identity_insert dbo.reservations on
insert into dbo.reservations (reservation_id, customer_id, reservation_date) values (48, 8, '2018-01-18')
set identity_insert dbo.reservations off

set identity_insert dbo.conference_day_reservations on
insert into dbo.conference_day_reservations (reservation_day_id, conference_day_id, reservation_id, student_attendees, full_price_attendees) values (92, 52, 48, 8, 10)
set identity_insert dbo.conference_day_reservations off

set identity_insert dbo.conference_day_attendees on
insert into dbo.conference_day_attendees (attendee_id, registered_id, reservation_day_id, is_student) values (656, 12, 92, 1)
set identity_insert dbo.conference_day_attendees off

set identity_insert dbo.conference_day_attendees on
insert into dbo.conference_day_attendees (attendee_id, registered_id, reservation_day_id, is_student) values (657, 22, 92, 1)
set identity_insert dbo.conference_day_attendees off

set identity_insert dbo.conference_day_attendees on
insert into dbo.conference_day_attendees (attendee_id, registered_id, reservation_day_id, is_student) values (658, 32, 92, 1)
set identity_insert dbo.conference_day_attendees off

set identity_insert dbo.conference_day_attendees on
insert into dbo.conference_day_attendees (attendee_id, registered_id, reservation_day_id, is_student) values (659, 4, 92, 1)
set identity_insert dbo.conference_day_attendees off

set identity_insert dbo.conference_day_attendees on
insert into dbo.conference_day_attendees (attendee_id, registered_id, reservation_day_id, is_student) values (660, 26, 92, 1)
set identity_insert dbo.conference_day_attendees off

set identity_insert dbo.conference_day_attendees on
insert into dbo.conference_day_attendees (attendee_id, registered_id, reservation_day_id, is_student) values (661, 22, 92, 1)
set identity_insert dbo.conference_day_attendees off

set identity_insert dbo.conference_day_attendees on
insert into dbo.conference_day_attendees (attendee_id, registered_id, reservation_day_id, is_student) values (662, 35, 92, 1)
set identity_insert dbo.conference_day_attendees off

set identity_insert dbo.conference_day_attendees on
insert into dbo.conference_day_attendees (attendee_id, registered_id, reservation_day_id, is_student) values (663, 27, 92, 1)
set identity_insert dbo.conference_day_attendees off

set identity_insert dbo.conference_day_attendees on
insert into dbo.conference_day_attendees (attendee_id, registered_id, reservation_day_id, is_student) values (664, 40, 92, 1)
set identity_insert dbo.conference_day_attendees off

set identity_insert dbo.conference_day_attendees on
insert into dbo.conference_day_attendees (attendee_id, registered_id, reservation_day_id, is_student) values (665, 49, 92, 0)
set identity_insert dbo.conference_day_attendees off

set identity_insert dbo.conference_day_attendees on
insert into dbo.conference_day_attendees (attendee_id, registered_id, reservation_day_id, is_student) values (666, 3, 92, 0)
set identity_insert dbo.conference_day_attendees off

set identity_insert dbo.conference_day_attendees on
insert into dbo.conference_day_attendees (attendee_id, registered_id, reservation_day_id, is_student) values (667, 23, 92, 0)
set identity_insert dbo.conference_day_attendees off

set identity_insert dbo.conference_day_attendees on
insert into dbo.conference_day_attendees (attendee_id, registered_id, reservation_day_id, is_student) values (668, 13, 92, 0)
set identity_insert dbo.conference_day_attendees off

set identity_insert dbo.conference_day_attendees on
insert into dbo.conference_day_attendees (attendee_id, registered_id, reservation_day_id, is_student) values (669, 30, 92, 0)
set identity_insert dbo.conference_day_attendees off

set identity_insert dbo.conference_day_attendees on
insert into dbo.conference_day_attendees (attendee_id, registered_id, reservation_day_id, is_student) values (670, 10, 92, 0)
set identity_insert dbo.conference_day_attendees off

set identity_insert dbo.conference_day_attendees on
insert into dbo.conference_day_attendees (attendee_id, registered_id, reservation_day_id, is_student) values (671, 34, 92, 0)
set identity_insert dbo.conference_day_attendees off

set identity_insert dbo.conference_day_attendees on
insert into dbo.conference_day_attendees (attendee_id, registered_id, reservation_day_id, is_student) values (672, 37, 92, 0)
set identity_insert dbo.conference_day_attendees off

set identity_insert dbo.conference_day_attendees on
insert into dbo.conference_day_attendees (attendee_id, registered_id, reservation_day_id, is_student) values (673, 47, 92, 0)
set identity_insert dbo.conference_day_attendees off

set identity_insert dbo.conference_day_reservations on
insert into dbo.conference_day_reservations (reservation_day_id, conference_day_id, reservation_id, student_attendees, full_price_attendees) values (93, 52, 48, 7, 1)
set identity_insert dbo.conference_day_reservations off

set identity_insert dbo.conference_day_attendees on
insert into dbo.conference_day_attendees (attendee_id, registered_id, reservation_day_id, is_student) values (674, 48, 93, 1)
set identity_insert dbo.conference_day_attendees off

set identity_insert dbo.reservations on
insert into dbo.reservations (reservation_id, customer_id, reservation_date) values (49, 27, '2017-02-18')
set identity_insert dbo.reservations off

set identity_insert dbo.conference_day_reservations on
insert into dbo.conference_day_reservations (reservation_day_id, conference_day_id, reservation_id, student_attendees, full_price_attendees) values (94, 99, 49, 7, 2)
set identity_insert dbo.conference_day_reservations off

set identity_insert dbo.conference_day_attendees on
insert into dbo.conference_day_attendees (attendee_id, registered_id, reservation_day_id, is_student) values (675, 28, 94, 1)
set identity_insert dbo.conference_day_attendees off

set identity_insert dbo.conference_day_attendees on
insert into dbo.conference_day_attendees (attendee_id, registered_id, reservation_day_id, is_student) values (676, 47, 94, 1)
set identity_insert dbo.conference_day_attendees off

set identity_insert dbo.conference_day_attendees on
insert into dbo.conference_day_attendees (attendee_id, registered_id, reservation_day_id, is_student) values (677, 45, 94, 1)
set identity_insert dbo.conference_day_attendees off

set identity_insert dbo.conference_day_attendees on
insert into dbo.conference_day_attendees (attendee_id, registered_id, reservation_day_id, is_student) values (678, 28, 94, 1)
set identity_insert dbo.conference_day_attendees off

set identity_insert dbo.conference_day_attendees on
insert into dbo.conference_day_attendees (attendee_id, registered_id, reservation_day_id, is_student) values (679, 45, 94, 1)
set identity_insert dbo.conference_day_attendees off

set identity_insert dbo.conference_day_attendees on
insert into dbo.conference_day_attendees (attendee_id, registered_id, reservation_day_id, is_student) values (680, 26, 94, 1)
set identity_insert dbo.conference_day_attendees off

set identity_insert dbo.conference_day_attendees on
insert into dbo.conference_day_attendees (attendee_id, registered_id, reservation_day_id, is_student) values (681, 21, 94, 1)
set identity_insert dbo.conference_day_attendees off

set identity_insert dbo.conference_day_attendees on
insert into dbo.conference_day_attendees (attendee_id, registered_id, reservation_day_id, is_student) values (682, 1, 94, 1)
set identity_insert dbo.conference_day_attendees off

set identity_insert dbo.conference_day_attendees on
insert into dbo.conference_day_attendees (attendee_id, registered_id, reservation_day_id, is_student) values (683, 27, 94, 0)
set identity_insert dbo.conference_day_attendees off

set identity_insert dbo.conference_day_reservations on
insert into dbo.conference_day_reservations (reservation_day_id, conference_day_id, reservation_id, student_attendees, full_price_attendees) values (95, 99, 49, 7, 5)
set identity_insert dbo.conference_day_reservations off

set identity_insert dbo.conference_day_attendees on
insert into dbo.conference_day_attendees (attendee_id, registered_id, reservation_day_id, is_student) values (684, 16, 95, 1)
set identity_insert dbo.conference_day_attendees off

set identity_insert dbo.conference_day_attendees on
insert into dbo.conference_day_attendees (attendee_id, registered_id, reservation_day_id, is_student) values (685, 14, 95, 1)
set identity_insert dbo.conference_day_attendees off

set identity_insert dbo.conference_day_attendees on
insert into dbo.conference_day_attendees (attendee_id, registered_id, reservation_day_id, is_student) values (686, 18, 95, 0)
set identity_insert dbo.conference_day_attendees off

set identity_insert dbo.conference_day_attendees on
insert into dbo.conference_day_attendees (attendee_id, registered_id, reservation_day_id, is_student) values (687, 39, 95, 0)
set identity_insert dbo.conference_day_attendees off

set identity_insert dbo.conference_day_attendees on
insert into dbo.conference_day_attendees (attendee_id, registered_id, reservation_day_id, is_student) values (688, 42, 95, 0)
set identity_insert dbo.conference_day_attendees off

set identity_insert dbo.conference_day_reservations on
insert into dbo.conference_day_reservations (reservation_day_id, conference_day_id, reservation_id, student_attendees, full_price_attendees) values (96, 99, 49, 1, 8)
set identity_insert dbo.conference_day_reservations off

set identity_insert dbo.conference_day_attendees on
insert into dbo.conference_day_attendees (attendee_id, registered_id, reservation_day_id, is_student) values (689, 29, 96, 1)
set identity_insert dbo.conference_day_attendees off

set identity_insert dbo.conference_day_attendees on
insert into dbo.conference_day_attendees (attendee_id, registered_id, reservation_day_id, is_student) values (690, 11, 96, 1)
set identity_insert dbo.conference_day_attendees off

set identity_insert dbo.conference_day_attendees on
insert into dbo.conference_day_attendees (attendee_id, registered_id, reservation_day_id, is_student) values (691, 6, 96, 0)
set identity_insert dbo.conference_day_attendees off

set identity_insert dbo.conference_day_attendees on
insert into dbo.conference_day_attendees (attendee_id, registered_id, reservation_day_id, is_student) values (692, 32, 96, 0)
set identity_insert dbo.conference_day_attendees off

set identity_insert dbo.conference_day_attendees on
insert into dbo.conference_day_attendees (attendee_id, registered_id, reservation_day_id, is_student) values (693, 15, 96, 0)
set identity_insert dbo.conference_day_attendees off

set identity_insert dbo.conference_day_attendees on
insert into dbo.conference_day_attendees (attendee_id, registered_id, reservation_day_id, is_student) values (694, 6, 96, 0)
set identity_insert dbo.conference_day_attendees off

set identity_insert dbo.conference_day_attendees on
insert into dbo.conference_day_attendees (attendee_id, registered_id, reservation_day_id, is_student) values (695, 50, 96, 0)
set identity_insert dbo.conference_day_attendees off

set identity_insert dbo.conference_day_attendees on
insert into dbo.conference_day_attendees (attendee_id, registered_id, reservation_day_id, is_student) values (696, 20, 96, 0)
set identity_insert dbo.conference_day_attendees off

set identity_insert dbo.conference_day_attendees on
insert into dbo.conference_day_attendees (attendee_id, registered_id, reservation_day_id, is_student) values (697, 22, 96, 0)
set identity_insert dbo.conference_day_attendees off

set identity_insert dbo.conference_day_reservations on
insert into dbo.conference_day_reservations (reservation_day_id, conference_day_id, reservation_id, student_attendees, full_price_attendees) values (97, 99, 49, 9, 10)
set identity_insert dbo.conference_day_reservations off

set identity_insert dbo.conference_day_attendees on
insert into dbo.conference_day_attendees (attendee_id, registered_id, reservation_day_id, is_student) values (698, 27, 97, 1)
set identity_insert dbo.conference_day_attendees off

set identity_insert dbo.conference_day_attendees on
insert into dbo.conference_day_attendees (attendee_id, registered_id, reservation_day_id, is_student) values (699, 41, 97, 1)
set identity_insert dbo.conference_day_attendees off

set identity_insert dbo.conference_day_attendees on
insert into dbo.conference_day_attendees (attendee_id, registered_id, reservation_day_id, is_student) values (700, 10, 97, 1)
set identity_insert dbo.conference_day_attendees off

set identity_insert dbo.conference_day_attendees on
insert into dbo.conference_day_attendees (attendee_id, registered_id, reservation_day_id, is_student) values (701, 31, 97, 1)
set identity_insert dbo.conference_day_attendees off

set identity_insert dbo.conference_day_attendees on
insert into dbo.conference_day_attendees (attendee_id, registered_id, reservation_day_id, is_student) values (702, 46, 97, 1)
set identity_insert dbo.conference_day_attendees off

set identity_insert dbo.conference_day_attendees on
insert into dbo.conference_day_attendees (attendee_id, registered_id, reservation_day_id, is_student) values (703, 36, 97, 1)
set identity_insert dbo.conference_day_attendees off

set identity_insert dbo.conference_day_attendees on
insert into dbo.conference_day_attendees (attendee_id, registered_id, reservation_day_id, is_student) values (704, 36, 97, 1)
set identity_insert dbo.conference_day_attendees off

set identity_insert dbo.conference_day_attendees on
insert into dbo.conference_day_attendees (attendee_id, registered_id, reservation_day_id, is_student) values (705, 2, 97, 1)
set identity_insert dbo.conference_day_attendees off

set identity_insert dbo.conference_day_attendees on
insert into dbo.conference_day_attendees (attendee_id, registered_id, reservation_day_id, is_student) values (706, 30, 97, 1)
set identity_insert dbo.conference_day_attendees off

set identity_insert dbo.conference_day_attendees on
insert into dbo.conference_day_attendees (attendee_id, registered_id, reservation_day_id, is_student) values (707, 18, 97, 1)
set identity_insert dbo.conference_day_attendees off

set identity_insert dbo.conference_day_attendees on
insert into dbo.conference_day_attendees (attendee_id, registered_id, reservation_day_id, is_student) values (708, 11, 97, 0)
set identity_insert dbo.conference_day_attendees off

set identity_insert dbo.conference_day_attendees on
insert into dbo.conference_day_attendees (attendee_id, registered_id, reservation_day_id, is_student) values (709, 50, 97, 0)
set identity_insert dbo.conference_day_attendees off

set identity_insert dbo.conference_day_attendees on
insert into dbo.conference_day_attendees (attendee_id, registered_id, reservation_day_id, is_student) values (710, 8, 97, 0)
set identity_insert dbo.conference_day_attendees off

set identity_insert dbo.conference_day_attendees on
insert into dbo.conference_day_attendees (attendee_id, registered_id, reservation_day_id, is_student) values (711, 36, 97, 0)
set identity_insert dbo.conference_day_attendees off

set identity_insert dbo.conference_day_attendees on
insert into dbo.conference_day_attendees (attendee_id, registered_id, reservation_day_id, is_student) values (712, 2, 97, 0)
set identity_insert dbo.conference_day_attendees off

set identity_insert dbo.conference_day_attendees on
insert into dbo.conference_day_attendees (attendee_id, registered_id, reservation_day_id, is_student) values (713, 48, 97, 0)
set identity_insert dbo.conference_day_attendees off

set identity_insert dbo.conference_day_attendees on
insert into dbo.conference_day_attendees (attendee_id, registered_id, reservation_day_id, is_student) values (714, 32, 97, 0)
set identity_insert dbo.conference_day_attendees off

set identity_insert dbo.conference_day_attendees on
insert into dbo.conference_day_attendees (attendee_id, registered_id, reservation_day_id, is_student) values (715, 26, 97, 0)
set identity_insert dbo.conference_day_attendees off

set identity_insert dbo.conference_day_attendees on
insert into dbo.conference_day_attendees (attendee_id, registered_id, reservation_day_id, is_student) values (716, 48, 97, 0)
set identity_insert dbo.conference_day_attendees off

set identity_insert dbo.payments on
insert into dbo.payments (payment_id, payment_date, reservation_id, amount) values (212, '2017-02-11', 49, 6610.8)
set identity_insert dbo.payments off

set identity_insert dbo.payments on
insert into dbo.payments (payment_id, payment_date, reservation_id, amount) values (213, '2017-02-16', 49, 2539.86)
set identity_insert dbo.payments off

set identity_insert dbo.reservations on
insert into dbo.reservations (reservation_id, customer_id, reservation_date) values (50, 13, '2017-06-19')
set identity_insert dbo.reservations off

set identity_insert dbo.conference_day_reservations on
insert into dbo.conference_day_reservations (reservation_day_id, conference_day_id, reservation_id, student_attendees, full_price_attendees) values (98, 74, 50, 4, 3)
set identity_insert dbo.conference_day_reservations off

set identity_insert dbo.conference_day_reservations on
insert into dbo.conference_day_reservations (reservation_day_id, conference_day_id, reservation_id, student_attendees, full_price_attendees) values (99, 74, 50, 1, 6)
set identity_insert dbo.conference_day_reservations off

set identity_insert dbo.conference_day_attendees on
insert into dbo.conference_day_attendees (attendee_id, registered_id, reservation_day_id, is_student) values (717, 40, 99, 1)
set identity_insert dbo.conference_day_attendees off

set identity_insert dbo.conference_day_attendees on
insert into dbo.conference_day_attendees (attendee_id, registered_id, reservation_day_id, is_student) values (718, 13, 99, 1)
set identity_insert dbo.conference_day_attendees off

set identity_insert dbo.conference_day_attendees on
insert into dbo.conference_day_attendees (attendee_id, registered_id, reservation_day_id, is_student) values (719, 44, 99, 0)
set identity_insert dbo.conference_day_attendees off

set identity_insert dbo.conference_day_attendees on
insert into dbo.conference_day_attendees (attendee_id, registered_id, reservation_day_id, is_student) values (720, 46, 99, 0)
set identity_insert dbo.conference_day_attendees off

set identity_insert dbo.conference_day_attendees on
insert into dbo.conference_day_attendees (attendee_id, registered_id, reservation_day_id, is_student) values (721, 19, 99, 0)
set identity_insert dbo.conference_day_attendees off

set identity_insert dbo.conference_day_attendees on
insert into dbo.conference_day_attendees (attendee_id, registered_id, reservation_day_id, is_student) values (722, 14, 99, 0)
set identity_insert dbo.conference_day_attendees off

set identity_insert dbo.conference_day_attendees on
insert into dbo.conference_day_attendees (attendee_id, registered_id, reservation_day_id, is_student) values (723, 44, 99, 0)
set identity_insert dbo.conference_day_attendees off

set identity_insert dbo.payments on
insert into dbo.payments (payment_id, payment_date, reservation_id, amount) values (214, '2017-06-06', 50, 7177.76)
set identity_insert dbo.payments off

set identity_insert dbo.payments on
insert into dbo.payments (payment_id, payment_date, reservation_id, amount) values (215, '2017-05-29', 50, 6234.75)
set identity_insert dbo.payments off

set identity_insert dbo.payments on
insert into dbo.payments (payment_id, payment_date, reservation_id, amount) values (216, '2017-05-30', 50, 5363.71)
set identity_insert dbo.payments off

set identity_insert dbo.payments on
insert into dbo.payments (payment_id, payment_date, reservation_id, amount) values (217, '2017-06-02', 50, 7707.84)
set identity_insert dbo.payments off

set identity_insert dbo.payments on
insert into dbo.payments (payment_id, payment_date, reservation_id, amount) values (218, '2017-06-16', 50, 1805.22)
set identity_insert dbo.payments off

set identity_insert dbo.payments on
insert into dbo.payments (payment_id, payment_date, reservation_id, amount) values (219, '2017-05-27', 50, 2648.1)
set identity_insert dbo.payments off

set identity_insert dbo.payments on
insert into dbo.payments (payment_id, payment_date, reservation_id, amount) values (220, '2017-06-11', 50, 1503.29)
set identity_insert dbo.payments off

set identity_insert dbo.payments on
insert into dbo.payments (payment_id, payment_date, reservation_id, amount) values (221, '2017-06-14', 50, 3273.67)
set identity_insert dbo.payments off

set identity_insert dbo.payments on
insert into dbo.payments (payment_id, payment_date, reservation_id, amount) values (222, '2017-05-24', 50, 3540.58)
set identity_insert dbo.payments off

set identity_insert dbo.reservations on
insert into dbo.reservations (reservation_id, customer_id, reservation_date) values (51, 22, '2019-10-31')
set identity_insert dbo.reservations off

set identity_insert dbo.conference_day_reservations on
insert into dbo.conference_day_reservations (reservation_day_id, conference_day_id, reservation_id, student_attendees, full_price_attendees) values (100, 4, 51, 2, 2)
set identity_insert dbo.conference_day_reservations off

set identity_insert dbo.conference_day_attendees on
insert into dbo.conference_day_attendees (attendee_id, registered_id, reservation_day_id, is_student) values (724, 35, 100, 1)
set identity_insert dbo.conference_day_attendees off

set identity_insert dbo.conference_day_attendees on
insert into dbo.conference_day_attendees (attendee_id, registered_id, reservation_day_id, is_student) values (725, 5, 100, 1)
set identity_insert dbo.conference_day_attendees off

set identity_insert dbo.conference_day_attendees on
insert into dbo.conference_day_attendees (attendee_id, registered_id, reservation_day_id, is_student) values (726, 11, 100, 1)
set identity_insert dbo.conference_day_attendees off

set identity_insert dbo.conference_day_attendees on
insert into dbo.conference_day_attendees (attendee_id, registered_id, reservation_day_id, is_student) values (727, 6, 100, 0)
set identity_insert dbo.conference_day_attendees off

set identity_insert dbo.conference_day_reservations on
insert into dbo.conference_day_reservations (reservation_day_id, conference_day_id, reservation_id, student_attendees, full_price_attendees) values (101, 4, 51, 7, 5)
set identity_insert dbo.conference_day_reservations off

set identity_insert dbo.conference_day_attendees on
insert into dbo.conference_day_attendees (attendee_id, registered_id, reservation_day_id, is_student) values (728, 25, 101, 1)
set identity_insert dbo.conference_day_attendees off

set identity_insert dbo.conference_day_attendees on
insert into dbo.conference_day_attendees (attendee_id, registered_id, reservation_day_id, is_student) values (729, 44, 101, 1)
set identity_insert dbo.conference_day_attendees off

set identity_insert dbo.conference_day_attendees on
insert into dbo.conference_day_attendees (attendee_id, registered_id, reservation_day_id, is_student) values (730, 25, 101, 1)
set identity_insert dbo.conference_day_attendees off

set identity_insert dbo.conference_day_attendees on
insert into dbo.conference_day_attendees (attendee_id, registered_id, reservation_day_id, is_student) values (731, 17, 101, 1)
set identity_insert dbo.conference_day_attendees off

set identity_insert dbo.conference_day_attendees on
insert into dbo.conference_day_attendees (attendee_id, registered_id, reservation_day_id, is_student) values (732, 32, 101, 1)
set identity_insert dbo.conference_day_attendees off

set identity_insert dbo.conference_day_reservations on
insert into dbo.conference_day_reservations (reservation_day_id, conference_day_id, reservation_id, student_attendees, full_price_attendees) values (102, 4, 51, 7, 5)
set identity_insert dbo.conference_day_reservations off

set identity_insert dbo.conference_day_attendees on
insert into dbo.conference_day_attendees (attendee_id, registered_id, reservation_day_id, is_student) values (733, 23, 102, 1)
set identity_insert dbo.conference_day_attendees off

set identity_insert dbo.conference_day_attendees on
insert into dbo.conference_day_attendees (attendee_id, registered_id, reservation_day_id, is_student) values (734, 17, 102, 1)
set identity_insert dbo.conference_day_attendees off

set identity_insert dbo.conference_day_attendees on
insert into dbo.conference_day_attendees (attendee_id, registered_id, reservation_day_id, is_student) values (735, 18, 102, 1)
set identity_insert dbo.conference_day_attendees off

set identity_insert dbo.conference_day_attendees on
insert into dbo.conference_day_attendees (attendee_id, registered_id, reservation_day_id, is_student) values (736, 46, 102, 1)
set identity_insert dbo.conference_day_attendees off

set identity_insert dbo.conference_day_attendees on
insert into dbo.conference_day_attendees (attendee_id, registered_id, reservation_day_id, is_student) values (737, 15, 102, 1)
set identity_insert dbo.conference_day_attendees off

set identity_insert dbo.conference_day_attendees on
insert into dbo.conference_day_attendees (attendee_id, registered_id, reservation_day_id, is_student) values (738, 49, 102, 1)
set identity_insert dbo.conference_day_attendees off

set identity_insert dbo.conference_day_reservations on
insert into dbo.conference_day_reservations (reservation_day_id, conference_day_id, reservation_id, student_attendees, full_price_attendees) values (103, 4, 51, 8, 1)
set identity_insert dbo.conference_day_reservations off

set identity_insert dbo.conference_day_attendees on
insert into dbo.conference_day_attendees (attendee_id, registered_id, reservation_day_id, is_student) values (739, 45, 103, 1)
set identity_insert dbo.conference_day_attendees off

set identity_insert dbo.conference_day_attendees on
insert into dbo.conference_day_attendees (attendee_id, registered_id, reservation_day_id, is_student) values (740, 20, 103, 1)
set identity_insert dbo.conference_day_attendees off

set identity_insert dbo.conference_day_attendees on
insert into dbo.conference_day_attendees (attendee_id, registered_id, reservation_day_id, is_student) values (741, 39, 103, 1)
set identity_insert dbo.conference_day_attendees off

set identity_insert dbo.conference_day_attendees on
insert into dbo.conference_day_attendees (attendee_id, registered_id, reservation_day_id, is_student) values (742, 3, 103, 1)
set identity_insert dbo.conference_day_attendees off

set identity_insert dbo.reservations on
insert into dbo.reservations (reservation_id, customer_id, reservation_date) values (52, 2, '2017-10-03')
set identity_insert dbo.reservations off

set identity_insert dbo.conference_day_reservations on
insert into dbo.conference_day_reservations (reservation_day_id, conference_day_id, reservation_id, student_attendees, full_price_attendees) values (104, 24, 52, 10, 9)
set identity_insert dbo.conference_day_reservations off

set identity_insert dbo.conference_day_attendees on
insert into dbo.conference_day_attendees (attendee_id, registered_id, reservation_day_id, is_student) values (743, 41, 104, 1)
set identity_insert dbo.conference_day_attendees off

set identity_insert dbo.conference_day_attendees on
insert into dbo.conference_day_attendees (attendee_id, registered_id, reservation_day_id, is_student) values (744, 2, 104, 1)
set identity_insert dbo.conference_day_attendees off

set identity_insert dbo.conference_day_attendees on
insert into dbo.conference_day_attendees (attendee_id, registered_id, reservation_day_id, is_student) values (745, 19, 104, 1)
set identity_insert dbo.conference_day_attendees off

set identity_insert dbo.conference_day_attendees on
insert into dbo.conference_day_attendees (attendee_id, registered_id, reservation_day_id, is_student) values (746, 49, 104, 1)
set identity_insert dbo.conference_day_attendees off

set identity_insert dbo.conference_day_attendees on
insert into dbo.conference_day_attendees (attendee_id, registered_id, reservation_day_id, is_student) values (747, 40, 104, 1)
set identity_insert dbo.conference_day_attendees off

set identity_insert dbo.conference_day_attendees on
insert into dbo.conference_day_attendees (attendee_id, registered_id, reservation_day_id, is_student) values (748, 7, 104, 1)
set identity_insert dbo.conference_day_attendees off

set identity_insert dbo.conference_day_attendees on
insert into dbo.conference_day_attendees (attendee_id, registered_id, reservation_day_id, is_student) values (749, 4, 104, 1)
set identity_insert dbo.conference_day_attendees off

set identity_insert dbo.conference_day_attendees on
insert into dbo.conference_day_attendees (attendee_id, registered_id, reservation_day_id, is_student) values (750, 7, 104, 1)
set identity_insert dbo.conference_day_attendees off

set identity_insert dbo.conference_day_attendees on
insert into dbo.conference_day_attendees (attendee_id, registered_id, reservation_day_id, is_student) values (751, 40, 104, 0)
set identity_insert dbo.conference_day_attendees off

set identity_insert dbo.conference_day_attendees on
insert into dbo.conference_day_attendees (attendee_id, registered_id, reservation_day_id, is_student) values (752, 39, 104, 0)
set identity_insert dbo.conference_day_attendees off

set identity_insert dbo.conference_day_attendees on
insert into dbo.conference_day_attendees (attendee_id, registered_id, reservation_day_id, is_student) values (753, 14, 104, 0)
set identity_insert dbo.conference_day_attendees off

set identity_insert dbo.conference_day_attendees on
insert into dbo.conference_day_attendees (attendee_id, registered_id, reservation_day_id, is_student) values (754, 9, 104, 0)
set identity_insert dbo.conference_day_attendees off

set identity_insert dbo.conference_day_attendees on
insert into dbo.conference_day_attendees (attendee_id, registered_id, reservation_day_id, is_student) values (755, 38, 104, 0)
set identity_insert dbo.conference_day_attendees off

set identity_insert dbo.conference_day_attendees on
insert into dbo.conference_day_attendees (attendee_id, registered_id, reservation_day_id, is_student) values (756, 17, 104, 0)
set identity_insert dbo.conference_day_attendees off

set identity_insert dbo.conference_day_reservations on
insert into dbo.conference_day_reservations (reservation_day_id, conference_day_id, reservation_id, student_attendees, full_price_attendees) values (105, 24, 52, 5, 1)
set identity_insert dbo.conference_day_reservations off

set identity_insert dbo.conference_day_attendees on
insert into dbo.conference_day_attendees (attendee_id, registered_id, reservation_day_id, is_student) values (757, 8, 105, 1)
set identity_insert dbo.conference_day_attendees off

set identity_insert dbo.conference_day_attendees on
insert into dbo.conference_day_attendees (attendee_id, registered_id, reservation_day_id, is_student) values (758, 43, 105, 1)
set identity_insert dbo.conference_day_attendees off

set identity_insert dbo.conference_day_attendees on
insert into dbo.conference_day_attendees (attendee_id, registered_id, reservation_day_id, is_student) values (759, 2, 105, 1)
set identity_insert dbo.conference_day_attendees off

set identity_insert dbo.conference_day_attendees on
insert into dbo.conference_day_attendees (attendee_id, registered_id, reservation_day_id, is_student) values (760, 26, 105, 1)
set identity_insert dbo.conference_day_attendees off

set identity_insert dbo.conference_day_attendees on
insert into dbo.conference_day_attendees (attendee_id, registered_id, reservation_day_id, is_student) values (761, 36, 105, 1)
set identity_insert dbo.conference_day_attendees off

set identity_insert dbo.conference_day_attendees on
insert into dbo.conference_day_attendees (attendee_id, registered_id, reservation_day_id, is_student) values (762, 12, 105, 1)
set identity_insert dbo.conference_day_attendees off

set identity_insert dbo.reservations on
insert into dbo.reservations (reservation_id, customer_id, reservation_date) values (53, 25, '2017-06-20')
set identity_insert dbo.reservations off

set identity_insert dbo.conference_day_reservations on
insert into dbo.conference_day_reservations (reservation_day_id, conference_day_id, reservation_id, student_attendees, full_price_attendees) values (106, 61, 53, 0, 8)
set identity_insert dbo.conference_day_reservations off

set identity_insert dbo.conference_day_attendees on
insert into dbo.conference_day_attendees (attendee_id, registered_id, reservation_day_id, is_student) values (763, 27, 106, 1)
set identity_insert dbo.conference_day_attendees off

set identity_insert dbo.conference_day_attendees on
insert into dbo.conference_day_attendees (attendee_id, registered_id, reservation_day_id, is_student) values (764, 39, 106, 0)
set identity_insert dbo.conference_day_attendees off

set identity_insert dbo.conference_day_attendees on
insert into dbo.conference_day_attendees (attendee_id, registered_id, reservation_day_id, is_student) values (765, 2, 106, 0)
set identity_insert dbo.conference_day_attendees off

set identity_insert dbo.conference_day_attendees on
insert into dbo.conference_day_attendees (attendee_id, registered_id, reservation_day_id, is_student) values (766, 18, 106, 0)
set identity_insert dbo.conference_day_attendees off

set identity_insert dbo.payments on
insert into dbo.payments (payment_id, payment_date, reservation_id, amount) values (223, '2017-05-31', 53, 4432.3)
set identity_insert dbo.payments off

set identity_insert dbo.payments on
insert into dbo.payments (payment_id, payment_date, reservation_id, amount) values (224, '2017-06-07', 53, 1301.59)
set identity_insert dbo.payments off

set identity_insert dbo.payments on
insert into dbo.payments (payment_id, payment_date, reservation_id, amount) values (225, '2017-05-16', 53, 7932.55)
set identity_insert dbo.payments off

set identity_insert dbo.reservations on
insert into dbo.reservations (reservation_id, customer_id, reservation_date) values (54, 20, '2017-11-19')
set identity_insert dbo.reservations off

set identity_insert dbo.conference_day_reservations on
insert into dbo.conference_day_reservations (reservation_day_id, conference_day_id, reservation_id, student_attendees, full_price_attendees) values (107, 81, 54, 3, 10)
set identity_insert dbo.conference_day_reservations off

set identity_insert dbo.conference_day_attendees on
insert into dbo.conference_day_attendees (attendee_id, registered_id, reservation_day_id, is_student) values (767, 10, 107, 1)
set identity_insert dbo.conference_day_attendees off

set identity_insert dbo.conference_day_attendees on
insert into dbo.conference_day_attendees (attendee_id, registered_id, reservation_day_id, is_student) values (768, 14, 107, 1)
set identity_insert dbo.conference_day_attendees off

set identity_insert dbo.conference_day_attendees on
insert into dbo.conference_day_attendees (attendee_id, registered_id, reservation_day_id, is_student) values (769, 28, 107, 1)
set identity_insert dbo.conference_day_attendees off

set identity_insert dbo.conference_day_attendees on
insert into dbo.conference_day_attendees (attendee_id, registered_id, reservation_day_id, is_student) values (770, 48, 107, 1)
set identity_insert dbo.conference_day_attendees off

set identity_insert dbo.conference_day_attendees on
insert into dbo.conference_day_attendees (attendee_id, registered_id, reservation_day_id, is_student) values (771, 41, 107, 0)
set identity_insert dbo.conference_day_attendees off

set identity_insert dbo.conference_day_attendees on
insert into dbo.conference_day_attendees (attendee_id, registered_id, reservation_day_id, is_student) values (772, 4, 107, 0)
set identity_insert dbo.conference_day_attendees off

set identity_insert dbo.conference_day_attendees on
insert into dbo.conference_day_attendees (attendee_id, registered_id, reservation_day_id, is_student) values (773, 8, 107, 0)
set identity_insert dbo.conference_day_attendees off

set identity_insert dbo.conference_day_attendees on
insert into dbo.conference_day_attendees (attendee_id, registered_id, reservation_day_id, is_student) values (774, 30, 107, 0)
set identity_insert dbo.conference_day_attendees off

set identity_insert dbo.conference_day_attendees on
insert into dbo.conference_day_attendees (attendee_id, registered_id, reservation_day_id, is_student) values (775, 10, 107, 0)
set identity_insert dbo.conference_day_attendees off

set identity_insert dbo.conference_day_attendees on
insert into dbo.conference_day_attendees (attendee_id, registered_id, reservation_day_id, is_student) values (776, 47, 107, 0)
set identity_insert dbo.conference_day_attendees off

set identity_insert dbo.conference_day_attendees on
insert into dbo.conference_day_attendees (attendee_id, registered_id, reservation_day_id, is_student) values (777, 12, 107, 0)
set identity_insert dbo.conference_day_attendees off

set identity_insert dbo.conference_day_attendees on
insert into dbo.conference_day_attendees (attendee_id, registered_id, reservation_day_id, is_student) values (778, 31, 107, 0)
set identity_insert dbo.conference_day_attendees off

set identity_insert dbo.conference_day_attendees on
insert into dbo.conference_day_attendees (attendee_id, registered_id, reservation_day_id, is_student) values (779, 9, 107, 0)
set identity_insert dbo.conference_day_attendees off

set identity_insert dbo.conference_day_reservations on
insert into dbo.conference_day_reservations (reservation_day_id, conference_day_id, reservation_id, student_attendees, full_price_attendees) values (108, 81, 54, 6, 5)
set identity_insert dbo.conference_day_reservations off

set identity_insert dbo.conference_day_attendees on
insert into dbo.conference_day_attendees (attendee_id, registered_id, reservation_day_id, is_student) values (780, 37, 108, 1)
set identity_insert dbo.conference_day_attendees off

set identity_insert dbo.conference_day_attendees on
insert into dbo.conference_day_attendees (attendee_id, registered_id, reservation_day_id, is_student) values (781, 43, 108, 1)
set identity_insert dbo.conference_day_attendees off

set identity_insert dbo.conference_day_attendees on
insert into dbo.conference_day_attendees (attendee_id, registered_id, reservation_day_id, is_student) values (782, 2, 108, 1)
set identity_insert dbo.conference_day_attendees off

set identity_insert dbo.conference_day_attendees on
insert into dbo.conference_day_attendees (attendee_id, registered_id, reservation_day_id, is_student) values (783, 24, 108, 0)
set identity_insert dbo.conference_day_attendees off

set identity_insert dbo.conference_day_attendees on
insert into dbo.conference_day_attendees (attendee_id, registered_id, reservation_day_id, is_student) values (784, 1, 108, 0)
set identity_insert dbo.conference_day_attendees off

set identity_insert dbo.conference_day_attendees on
insert into dbo.conference_day_attendees (attendee_id, registered_id, reservation_day_id, is_student) values (785, 50, 108, 0)
set identity_insert dbo.conference_day_attendees off

set identity_insert dbo.conference_day_attendees on
insert into dbo.conference_day_attendees (attendee_id, registered_id, reservation_day_id, is_student) values (786, 35, 108, 0)
set identity_insert dbo.conference_day_attendees off

set identity_insert dbo.conference_day_reservations on
insert into dbo.conference_day_reservations (reservation_day_id, conference_day_id, reservation_id, student_attendees, full_price_attendees) values (109, 81, 54, 10, 3)
set identity_insert dbo.conference_day_reservations off

set identity_insert dbo.conference_day_attendees on
insert into dbo.conference_day_attendees (attendee_id, registered_id, reservation_day_id, is_student) values (787, 21, 109, 1)
set identity_insert dbo.conference_day_attendees off

set identity_insert dbo.conference_day_attendees on
insert into dbo.conference_day_attendees (attendee_id, registered_id, reservation_day_id, is_student) values (788, 47, 109, 1)
set identity_insert dbo.conference_day_attendees off

set identity_insert dbo.conference_day_attendees on
insert into dbo.conference_day_attendees (attendee_id, registered_id, reservation_day_id, is_student) values (789, 37, 109, 1)
set identity_insert dbo.conference_day_attendees off

set identity_insert dbo.conference_day_attendees on
insert into dbo.conference_day_attendees (attendee_id, registered_id, reservation_day_id, is_student) values (790, 45, 109, 1)
set identity_insert dbo.conference_day_attendees off

set identity_insert dbo.conference_day_attendees on
insert into dbo.conference_day_attendees (attendee_id, registered_id, reservation_day_id, is_student) values (791, 4, 109, 1)
set identity_insert dbo.conference_day_attendees off

set identity_insert dbo.conference_day_attendees on
insert into dbo.conference_day_attendees (attendee_id, registered_id, reservation_day_id, is_student) values (792, 20, 109, 1)
set identity_insert dbo.conference_day_attendees off

set identity_insert dbo.conference_day_attendees on
insert into dbo.conference_day_attendees (attendee_id, registered_id, reservation_day_id, is_student) values (793, 23, 109, 1)
set identity_insert dbo.conference_day_attendees off

set identity_insert dbo.conference_day_attendees on
insert into dbo.conference_day_attendees (attendee_id, registered_id, reservation_day_id, is_student) values (794, 23, 109, 1)
set identity_insert dbo.conference_day_attendees off

set identity_insert dbo.conference_day_attendees on
insert into dbo.conference_day_attendees (attendee_id, registered_id, reservation_day_id, is_student) values (795, 6, 109, 1)
set identity_insert dbo.conference_day_attendees off

set identity_insert dbo.conference_day_attendees on
insert into dbo.conference_day_attendees (attendee_id, registered_id, reservation_day_id, is_student) values (796, 22, 109, 0)
set identity_insert dbo.conference_day_attendees off

set identity_insert dbo.payments on
insert into dbo.payments (payment_id, payment_date, reservation_id, amount) values (226, '2017-11-02', 54, 264.79)
set identity_insert dbo.payments off

set identity_insert dbo.payments on
insert into dbo.payments (payment_id, payment_date, reservation_id, amount) values (227, '2017-10-23', 54, 8346.45)
set identity_insert dbo.payments off

set identity_insert dbo.payments on
insert into dbo.payments (payment_id, payment_date, reservation_id, amount) values (228, '2017-10-09', 54, 170.8)
set identity_insert dbo.payments off

set identity_insert dbo.payments on
insert into dbo.payments (payment_id, payment_date, reservation_id, amount) values (229, '2017-11-02', 54, 9789.83)
set identity_insert dbo.payments off

set identity_insert dbo.reservations on
insert into dbo.reservations (reservation_id, customer_id, reservation_date) values (55, 12, '2017-09-26')
set identity_insert dbo.reservations off

set identity_insert dbo.conference_day_reservations on
insert into dbo.conference_day_reservations (reservation_day_id, conference_day_id, reservation_id, student_attendees, full_price_attendees) values (110, 59, 55, 0, 6)
set identity_insert dbo.conference_day_reservations off

set identity_insert dbo.conference_day_attendees on
insert into dbo.conference_day_attendees (attendee_id, registered_id, reservation_day_id, is_student) values (797, 3, 110, 1)
set identity_insert dbo.conference_day_attendees off

set identity_insert dbo.conference_day_attendees on
insert into dbo.conference_day_attendees (attendee_id, registered_id, reservation_day_id, is_student) values (798, 29, 110, 0)
set identity_insert dbo.conference_day_attendees off

set identity_insert dbo.conference_day_attendees on
insert into dbo.conference_day_attendees (attendee_id, registered_id, reservation_day_id, is_student) values (799, 49, 110, 0)
set identity_insert dbo.conference_day_attendees off

set identity_insert dbo.conference_day_attendees on
insert into dbo.conference_day_attendees (attendee_id, registered_id, reservation_day_id, is_student) values (800, 34, 110, 0)
set identity_insert dbo.conference_day_attendees off

set identity_insert dbo.conference_day_attendees on
insert into dbo.conference_day_attendees (attendee_id, registered_id, reservation_day_id, is_student) values (801, 39, 110, 0)
set identity_insert dbo.conference_day_attendees off

set identity_insert dbo.conference_day_reservations on
insert into dbo.conference_day_reservations (reservation_day_id, conference_day_id, reservation_id, student_attendees, full_price_attendees) values (111, 59, 55, 3, 9)
set identity_insert dbo.conference_day_reservations off

set identity_insert dbo.conference_day_attendees on
insert into dbo.conference_day_attendees (attendee_id, registered_id, reservation_day_id, is_student) values (802, 44, 111, 1)
set identity_insert dbo.conference_day_attendees off

set identity_insert dbo.conference_day_attendees on
insert into dbo.conference_day_attendees (attendee_id, registered_id, reservation_day_id, is_student) values (803, 50, 111, 1)
set identity_insert dbo.conference_day_attendees off

set identity_insert dbo.conference_day_attendees on
insert into dbo.conference_day_attendees (attendee_id, registered_id, reservation_day_id, is_student) values (804, 43, 111, 1)
set identity_insert dbo.conference_day_attendees off

set identity_insert dbo.payments on
insert into dbo.payments (payment_id, payment_date, reservation_id, amount) values (230, '2017-09-05', 55, 1642.88)
set identity_insert dbo.payments off

set identity_insert dbo.payments on
insert into dbo.payments (payment_id, payment_date, reservation_id, amount) values (231, '2017-09-03', 55, 2964.09)
set identity_insert dbo.payments off

set identity_insert dbo.payments on
insert into dbo.payments (payment_id, payment_date, reservation_id, amount) values (232, '2017-09-09', 55, 6555.99)
set identity_insert dbo.payments off

set identity_insert dbo.payments on
insert into dbo.payments (payment_id, payment_date, reservation_id, amount) values (233, '2017-09-04', 55, 6075.46)
set identity_insert dbo.payments off

set identity_insert dbo.payments on
insert into dbo.payments (payment_id, payment_date, reservation_id, amount) values (234, '2017-09-23', 55, 7926.66)
set identity_insert dbo.payments off

set identity_insert dbo.reservations on
insert into dbo.reservations (reservation_id, customer_id, reservation_date) values (56, 20, '2017-08-06')
set identity_insert dbo.reservations off

set identity_insert dbo.conference_day_reservations on
insert into dbo.conference_day_reservations (reservation_day_id, conference_day_id, reservation_id, student_attendees, full_price_attendees) values (112, 21, 56, 5, 8)
set identity_insert dbo.conference_day_reservations off

set identity_insert dbo.conference_day_attendees on
insert into dbo.conference_day_attendees (attendee_id, registered_id, reservation_day_id, is_student) values (805, 24, 112, 1)
set identity_insert dbo.conference_day_attendees off

set identity_insert dbo.conference_day_attendees on
insert into dbo.conference_day_attendees (attendee_id, registered_id, reservation_day_id, is_student) values (806, 33, 112, 1)
set identity_insert dbo.conference_day_attendees off

set identity_insert dbo.conference_day_attendees on
insert into dbo.conference_day_attendees (attendee_id, registered_id, reservation_day_id, is_student) values (807, 5, 112, 1)
set identity_insert dbo.conference_day_attendees off

set identity_insert dbo.conference_day_attendees on
insert into dbo.conference_day_attendees (attendee_id, registered_id, reservation_day_id, is_student) values (808, 22, 112, 1)
set identity_insert dbo.conference_day_attendees off

set identity_insert dbo.conference_day_attendees on
insert into dbo.conference_day_attendees (attendee_id, registered_id, reservation_day_id, is_student) values (809, 27, 112, 1)
set identity_insert dbo.conference_day_attendees off

set identity_insert dbo.conference_day_reservations on
insert into dbo.conference_day_reservations (reservation_day_id, conference_day_id, reservation_id, student_attendees, full_price_attendees) values (113, 21, 56, 4, 1)
set identity_insert dbo.conference_day_reservations off

set identity_insert dbo.conference_day_attendees on
insert into dbo.conference_day_attendees (attendee_id, registered_id, reservation_day_id, is_student) values (810, 9, 113, 1)
set identity_insert dbo.conference_day_attendees off

set identity_insert dbo.conference_day_attendees on
insert into dbo.conference_day_attendees (attendee_id, registered_id, reservation_day_id, is_student) values (811, 36, 113, 1)
set identity_insert dbo.conference_day_attendees off

set identity_insert dbo.conference_day_attendees on
insert into dbo.conference_day_attendees (attendee_id, registered_id, reservation_day_id, is_student) values (812, 33, 113, 1)
set identity_insert dbo.conference_day_attendees off

set identity_insert dbo.conference_day_attendees on
insert into dbo.conference_day_attendees (attendee_id, registered_id, reservation_day_id, is_student) values (813, 34, 113, 1)
set identity_insert dbo.conference_day_attendees off

set identity_insert dbo.conference_day_attendees on
insert into dbo.conference_day_attendees (attendee_id, registered_id, reservation_day_id, is_student) values (814, 50, 113, 1)
set identity_insert dbo.conference_day_attendees off

set identity_insert dbo.payments on
insert into dbo.payments (payment_id, payment_date, reservation_id, amount) values (235, '2017-07-12', 56, 246.51)
set identity_insert dbo.payments off

set identity_insert dbo.payments on
insert into dbo.payments (payment_id, payment_date, reservation_id, amount) values (236, '2017-07-14', 56, 1104.85)
set identity_insert dbo.payments off

set identity_insert dbo.reservations on
insert into dbo.reservations (reservation_id, customer_id, reservation_date) values (57, 13, '2019-01-05')
set identity_insert dbo.reservations off

set identity_insert dbo.conference_day_reservations on
insert into dbo.conference_day_reservations (reservation_day_id, conference_day_id, reservation_id, student_attendees, full_price_attendees) values (114, 34, 57, 0, 5)
set identity_insert dbo.conference_day_reservations off

set identity_insert dbo.conference_day_attendees on
insert into dbo.conference_day_attendees (attendee_id, registered_id, reservation_day_id, is_student) values (815, 23, 114, 1)
set identity_insert dbo.conference_day_attendees off

set identity_insert dbo.conference_day_attendees on
insert into dbo.conference_day_attendees (attendee_id, registered_id, reservation_day_id, is_student) values (816, 19, 114, 0)
set identity_insert dbo.conference_day_attendees off

set identity_insert dbo.conference_day_reservations on
insert into dbo.conference_day_reservations (reservation_day_id, conference_day_id, reservation_id, student_attendees, full_price_attendees) values (115, 34, 57, 5, 2)
set identity_insert dbo.conference_day_reservations off

set identity_insert dbo.conference_day_reservations on
insert into dbo.conference_day_reservations (reservation_day_id, conference_day_id, reservation_id, student_attendees, full_price_attendees) values (116, 34, 57, 6, 8)
set identity_insert dbo.conference_day_reservations off

set identity_insert dbo.conference_day_attendees on
insert into dbo.conference_day_attendees (attendee_id, registered_id, reservation_day_id, is_student) values (817, 11, 116, 1)
set identity_insert dbo.conference_day_attendees off

set identity_insert dbo.conference_day_attendees on
insert into dbo.conference_day_attendees (attendee_id, registered_id, reservation_day_id, is_student) values (818, 21, 116, 1)
set identity_insert dbo.conference_day_attendees off

set identity_insert dbo.conference_day_attendees on
insert into dbo.conference_day_attendees (attendee_id, registered_id, reservation_day_id, is_student) values (819, 18, 116, 1)
set identity_insert dbo.conference_day_attendees off

set identity_insert dbo.conference_day_attendees on
insert into dbo.conference_day_attendees (attendee_id, registered_id, reservation_day_id, is_student) values (820, 12, 116, 1)
set identity_insert dbo.conference_day_attendees off

set identity_insert dbo.conference_day_attendees on
insert into dbo.conference_day_attendees (attendee_id, registered_id, reservation_day_id, is_student) values (821, 20, 116, 1)
set identity_insert dbo.conference_day_attendees off

set identity_insert dbo.conference_day_attendees on
insert into dbo.conference_day_attendees (attendee_id, registered_id, reservation_day_id, is_student) values (822, 13, 116, 1)
set identity_insert dbo.conference_day_attendees off

set identity_insert dbo.conference_day_attendees on
insert into dbo.conference_day_attendees (attendee_id, registered_id, reservation_day_id, is_student) values (823, 30, 116, 1)
set identity_insert dbo.conference_day_attendees off

set identity_insert dbo.conference_day_attendees on
insert into dbo.conference_day_attendees (attendee_id, registered_id, reservation_day_id, is_student) values (824, 22, 116, 0)
set identity_insert dbo.conference_day_attendees off

set identity_insert dbo.payments on
insert into dbo.payments (payment_id, payment_date, reservation_id, amount) values (237, '2018-12-26', 57, 4681.26)
set identity_insert dbo.payments off

set identity_insert dbo.payments on
insert into dbo.payments (payment_id, payment_date, reservation_id, amount) values (238, '2018-12-28', 57, 8577.1)
set identity_insert dbo.payments off

set identity_insert dbo.payments on
insert into dbo.payments (payment_id, payment_date, reservation_id, amount) values (239, '2019-01-05', 57, 4383.44)
set identity_insert dbo.payments off

set identity_insert dbo.payments on
insert into dbo.payments (payment_id, payment_date, reservation_id, amount) values (240, '2018-12-31', 57, 4363.02)
set identity_insert dbo.payments off

set identity_insert dbo.payments on
insert into dbo.payments (payment_id, payment_date, reservation_id, amount) values (241, '2019-01-04', 57, 9206.26)
set identity_insert dbo.payments off

set identity_insert dbo.reservations on
insert into dbo.reservations (reservation_id, customer_id, reservation_date) values (58, 10, '2018-06-03')
set identity_insert dbo.reservations off

set identity_insert dbo.conference_day_reservations on
insert into dbo.conference_day_reservations (reservation_day_id, conference_day_id, reservation_id, student_attendees, full_price_attendees) values (117, 66, 58, 9, 1)
set identity_insert dbo.conference_day_reservations off

set identity_insert dbo.conference_day_attendees on
insert into dbo.conference_day_attendees (attendee_id, registered_id, reservation_day_id, is_student) values (825, 49, 117, 1)
set identity_insert dbo.conference_day_attendees off

set identity_insert dbo.conference_day_attendees on
insert into dbo.conference_day_attendees (attendee_id, registered_id, reservation_day_id, is_student) values (826, 6, 117, 1)
set identity_insert dbo.conference_day_attendees off

set identity_insert dbo.conference_day_attendees on
insert into dbo.conference_day_attendees (attendee_id, registered_id, reservation_day_id, is_student) values (827, 21, 117, 1)
set identity_insert dbo.conference_day_attendees off

set identity_insert dbo.conference_day_attendees on
insert into dbo.conference_day_attendees (attendee_id, registered_id, reservation_day_id, is_student) values (828, 36, 117, 1)
set identity_insert dbo.conference_day_attendees off

set identity_insert dbo.conference_day_attendees on
insert into dbo.conference_day_attendees (attendee_id, registered_id, reservation_day_id, is_student) values (829, 41, 117, 1)
set identity_insert dbo.conference_day_attendees off

set identity_insert dbo.conference_day_attendees on
insert into dbo.conference_day_attendees (attendee_id, registered_id, reservation_day_id, is_student) values (830, 33, 117, 1)
set identity_insert dbo.conference_day_attendees off

set identity_insert dbo.conference_day_attendees on
insert into dbo.conference_day_attendees (attendee_id, registered_id, reservation_day_id, is_student) values (831, 40, 117, 1)
set identity_insert dbo.conference_day_attendees off

set identity_insert dbo.conference_day_attendees on
insert into dbo.conference_day_attendees (attendee_id, registered_id, reservation_day_id, is_student) values (832, 40, 117, 1)
set identity_insert dbo.conference_day_attendees off

set identity_insert dbo.conference_day_attendees on
insert into dbo.conference_day_attendees (attendee_id, registered_id, reservation_day_id, is_student) values (833, 45, 117, 1)
set identity_insert dbo.conference_day_attendees off

set identity_insert dbo.conference_day_attendees on
insert into dbo.conference_day_attendees (attendee_id, registered_id, reservation_day_id, is_student) values (834, 16, 117, 1)
set identity_insert dbo.conference_day_attendees off

set identity_insert dbo.conference_day_reservations on
insert into dbo.conference_day_reservations (reservation_day_id, conference_day_id, reservation_id, student_attendees, full_price_attendees) values (118, 66, 58, 9, 4)
set identity_insert dbo.conference_day_reservations off

set identity_insert dbo.conference_day_attendees on
insert into dbo.conference_day_attendees (attendee_id, registered_id, reservation_day_id, is_student) values (835, 43, 118, 1)
set identity_insert dbo.conference_day_attendees off

set identity_insert dbo.conference_day_attendees on
insert into dbo.conference_day_attendees (attendee_id, registered_id, reservation_day_id, is_student) values (836, 23, 118, 1)
set identity_insert dbo.conference_day_attendees off

set identity_insert dbo.conference_day_attendees on
insert into dbo.conference_day_attendees (attendee_id, registered_id, reservation_day_id, is_student) values (837, 8, 118, 1)
set identity_insert dbo.conference_day_attendees off

set identity_insert dbo.conference_day_attendees on
insert into dbo.conference_day_attendees (attendee_id, registered_id, reservation_day_id, is_student) values (838, 2, 118, 1)
set identity_insert dbo.conference_day_attendees off

set identity_insert dbo.conference_day_attendees on
insert into dbo.conference_day_attendees (attendee_id, registered_id, reservation_day_id, is_student) values (839, 41, 118, 1)
set identity_insert dbo.conference_day_attendees off

set identity_insert dbo.conference_day_attendees on
insert into dbo.conference_day_attendees (attendee_id, registered_id, reservation_day_id, is_student) values (840, 9, 118, 0)
set identity_insert dbo.conference_day_attendees off

set identity_insert dbo.conference_day_attendees on
insert into dbo.conference_day_attendees (attendee_id, registered_id, reservation_day_id, is_student) values (841, 36, 118, 0)
set identity_insert dbo.conference_day_attendees off

set identity_insert dbo.conference_day_attendees on
insert into dbo.conference_day_attendees (attendee_id, registered_id, reservation_day_id, is_student) values (842, 33, 118, 0)
set identity_insert dbo.conference_day_attendees off

set identity_insert dbo.payments on
insert into dbo.payments (payment_id, payment_date, reservation_id, amount) values (242, '2018-06-01', 58, 8754.55)
set identity_insert dbo.payments off

set identity_insert dbo.payments on
insert into dbo.payments (payment_id, payment_date, reservation_id, amount) values (243, '2018-05-19', 58, 2201.34)
set identity_insert dbo.payments off

set identity_insert dbo.payments on
insert into dbo.payments (payment_id, payment_date, reservation_id, amount) values (244, '2018-05-17', 58, 1250.03)
set identity_insert dbo.payments off

set identity_insert dbo.payments on
insert into dbo.payments (payment_id, payment_date, reservation_id, amount) values (245, '2018-05-27', 58, 1430.95)
set identity_insert dbo.payments off

set identity_insert dbo.payments on
insert into dbo.payments (payment_id, payment_date, reservation_id, amount) values (246, '2018-05-21', 58, 6500.81)
set identity_insert dbo.payments off

set identity_insert dbo.payments on
insert into dbo.payments (payment_id, payment_date, reservation_id, amount) values (247, '2018-05-28', 58, 3104.14)
set identity_insert dbo.payments off

set identity_insert dbo.payments on
insert into dbo.payments (payment_id, payment_date, reservation_id, amount) values (248, '2018-05-21', 58, 8310.62)
set identity_insert dbo.payments off

set identity_insert dbo.reservations on
insert into dbo.reservations (reservation_id, customer_id, reservation_date) values (59, 27, '2018-01-11')
set identity_insert dbo.reservations off

set identity_insert dbo.conference_day_reservations on
insert into dbo.conference_day_reservations (reservation_day_id, conference_day_id, reservation_id, student_attendees, full_price_attendees) values (119, 68, 59, 0, 3)
set identity_insert dbo.conference_day_reservations off

set identity_insert dbo.conference_day_attendees on
insert into dbo.conference_day_attendees (attendee_id, registered_id, reservation_day_id, is_student) values (843, 48, 119, 1)
set identity_insert dbo.conference_day_attendees off

set identity_insert dbo.conference_day_attendees on
insert into dbo.conference_day_attendees (attendee_id, registered_id, reservation_day_id, is_student) values (844, 39, 119, 0)
set identity_insert dbo.conference_day_attendees off

set identity_insert dbo.conference_day_attendees on
insert into dbo.conference_day_attendees (attendee_id, registered_id, reservation_day_id, is_student) values (845, 26, 119, 0)
set identity_insert dbo.conference_day_attendees off

set identity_insert dbo.conference_day_reservations on
insert into dbo.conference_day_reservations (reservation_day_id, conference_day_id, reservation_id, student_attendees, full_price_attendees) values (120, 68, 59, 1, 8)
set identity_insert dbo.conference_day_reservations off

set identity_insert dbo.conference_day_attendees on
insert into dbo.conference_day_attendees (attendee_id, registered_id, reservation_day_id, is_student) values (846, 31, 120, 1)
set identity_insert dbo.conference_day_attendees off

set identity_insert dbo.conference_day_attendees on
insert into dbo.conference_day_attendees (attendee_id, registered_id, reservation_day_id, is_student) values (847, 23, 120, 1)
set identity_insert dbo.conference_day_attendees off

set identity_insert dbo.conference_day_attendees on
insert into dbo.conference_day_attendees (attendee_id, registered_id, reservation_day_id, is_student) values (848, 6, 120, 0)
set identity_insert dbo.conference_day_attendees off

set identity_insert dbo.conference_day_attendees on
insert into dbo.conference_day_attendees (attendee_id, registered_id, reservation_day_id, is_student) values (849, 44, 120, 0)
set identity_insert dbo.conference_day_attendees off

set identity_insert dbo.conference_day_attendees on
insert into dbo.conference_day_attendees (attendee_id, registered_id, reservation_day_id, is_student) values (850, 44, 120, 0)
set identity_insert dbo.conference_day_attendees off

set identity_insert dbo.conference_day_attendees on
insert into dbo.conference_day_attendees (attendee_id, registered_id, reservation_day_id, is_student) values (851, 2, 120, 0)
set identity_insert dbo.conference_day_attendees off

set identity_insert dbo.conference_day_attendees on
insert into dbo.conference_day_attendees (attendee_id, registered_id, reservation_day_id, is_student) values (852, 18, 120, 0)
set identity_insert dbo.conference_day_attendees off

set identity_insert dbo.conference_day_attendees on
insert into dbo.conference_day_attendees (attendee_id, registered_id, reservation_day_id, is_student) values (853, 6, 120, 0)
set identity_insert dbo.conference_day_attendees off

set identity_insert dbo.conference_day_attendees on
insert into dbo.conference_day_attendees (attendee_id, registered_id, reservation_day_id, is_student) values (854, 2, 120, 0)
set identity_insert dbo.conference_day_attendees off

set identity_insert dbo.payments on
insert into dbo.payments (payment_id, payment_date, reservation_id, amount) values (249, '2017-12-20', 59, 7506.34)
set identity_insert dbo.payments off

set identity_insert dbo.payments on
insert into dbo.payments (payment_id, payment_date, reservation_id, amount) values (250, '2017-12-28', 59, 6941.99)
set identity_insert dbo.payments off

set identity_insert dbo.payments on
insert into dbo.payments (payment_id, payment_date, reservation_id, amount) values (251, '2017-12-28', 59, 424.84)
set identity_insert dbo.payments off

set identity_insert dbo.payments on
insert into dbo.payments (payment_id, payment_date, reservation_id, amount) values (252, '2017-11-22', 59, 446.36)
set identity_insert dbo.payments off

set identity_insert dbo.payments on
insert into dbo.payments (payment_id, payment_date, reservation_id, amount) values (253, '2017-12-16', 59, 7326.38)
set identity_insert dbo.payments off

set identity_insert dbo.payments on
insert into dbo.payments (payment_id, payment_date, reservation_id, amount) values (254, '2017-12-01', 59, 9082.65)
set identity_insert dbo.payments off

set identity_insert dbo.reservations on
insert into dbo.reservations (reservation_id, customer_id, reservation_date) values (60, 3, '2017-03-15')
set identity_insert dbo.reservations off

set identity_insert dbo.conference_day_reservations on
insert into dbo.conference_day_reservations (reservation_day_id, conference_day_id, reservation_id, student_attendees, full_price_attendees) values (121, 25, 60, 3, 10)
set identity_insert dbo.conference_day_reservations off

set identity_insert dbo.conference_day_attendees on
insert into dbo.conference_day_attendees (attendee_id, registered_id, reservation_day_id, is_student) values (855, 44, 121, 1)
set identity_insert dbo.conference_day_attendees off

set identity_insert dbo.conference_day_attendees on
insert into dbo.conference_day_attendees (attendee_id, registered_id, reservation_day_id, is_student) values (856, 45, 121, 1)
set identity_insert dbo.conference_day_attendees off

set identity_insert dbo.conference_day_attendees on
insert into dbo.conference_day_attendees (attendee_id, registered_id, reservation_day_id, is_student) values (857, 31, 121, 1)
set identity_insert dbo.conference_day_attendees off

set identity_insert dbo.conference_day_attendees on
insert into dbo.conference_day_attendees (attendee_id, registered_id, reservation_day_id, is_student) values (858, 45, 121, 1)
set identity_insert dbo.conference_day_attendees off

set identity_insert dbo.conference_day_attendees on
insert into dbo.conference_day_attendees (attendee_id, registered_id, reservation_day_id, is_student) values (859, 22, 121, 0)
set identity_insert dbo.conference_day_attendees off

set identity_insert dbo.conference_day_attendees on
insert into dbo.conference_day_attendees (attendee_id, registered_id, reservation_day_id, is_student) values (860, 42, 121, 0)
set identity_insert dbo.conference_day_attendees off

set identity_insert dbo.conference_day_attendees on
insert into dbo.conference_day_attendees (attendee_id, registered_id, reservation_day_id, is_student) values (861, 39, 121, 0)
set identity_insert dbo.conference_day_attendees off

set identity_insert dbo.conference_day_attendees on
insert into dbo.conference_day_attendees (attendee_id, registered_id, reservation_day_id, is_student) values (862, 30, 121, 0)
set identity_insert dbo.conference_day_attendees off

set identity_insert dbo.conference_day_attendees on
insert into dbo.conference_day_attendees (attendee_id, registered_id, reservation_day_id, is_student) values (863, 33, 121, 0)
set identity_insert dbo.conference_day_attendees off

set identity_insert dbo.conference_day_attendees on
insert into dbo.conference_day_attendees (attendee_id, registered_id, reservation_day_id, is_student) values (864, 20, 121, 0)
set identity_insert dbo.conference_day_attendees off

set identity_insert dbo.conference_day_attendees on
insert into dbo.conference_day_attendees (attendee_id, registered_id, reservation_day_id, is_student) values (865, 14, 121, 0)
set identity_insert dbo.conference_day_attendees off

set identity_insert dbo.conference_day_attendees on
insert into dbo.conference_day_attendees (attendee_id, registered_id, reservation_day_id, is_student) values (866, 48, 121, 0)
set identity_insert dbo.conference_day_attendees off

set identity_insert dbo.conference_day_attendees on
insert into dbo.conference_day_attendees (attendee_id, registered_id, reservation_day_id, is_student) values (867, 31, 121, 0)
set identity_insert dbo.conference_day_attendees off

set identity_insert dbo.conference_day_reservations on
insert into dbo.conference_day_reservations (reservation_day_id, conference_day_id, reservation_id, student_attendees, full_price_attendees) values (122, 25, 60, 1, 9)
set identity_insert dbo.conference_day_reservations off

set identity_insert dbo.conference_day_attendees on
insert into dbo.conference_day_attendees (attendee_id, registered_id, reservation_day_id, is_student) values (868, 29, 122, 1)
set identity_insert dbo.conference_day_attendees off

set identity_insert dbo.conference_day_attendees on
insert into dbo.conference_day_attendees (attendee_id, registered_id, reservation_day_id, is_student) values (869, 16, 122, 1)
set identity_insert dbo.conference_day_attendees off

set identity_insert dbo.conference_day_attendees on
insert into dbo.conference_day_attendees (attendee_id, registered_id, reservation_day_id, is_student) values (870, 19, 122, 0)
set identity_insert dbo.conference_day_attendees off

set identity_insert dbo.conference_day_attendees on
insert into dbo.conference_day_attendees (attendee_id, registered_id, reservation_day_id, is_student) values (871, 18, 122, 0)
set identity_insert dbo.conference_day_attendees off

set identity_insert dbo.conference_day_attendees on
insert into dbo.conference_day_attendees (attendee_id, registered_id, reservation_day_id, is_student) values (872, 10, 122, 0)
set identity_insert dbo.conference_day_attendees off

set identity_insert dbo.conference_day_attendees on
insert into dbo.conference_day_attendees (attendee_id, registered_id, reservation_day_id, is_student) values (873, 30, 122, 0)
set identity_insert dbo.conference_day_attendees off

set identity_insert dbo.conference_day_attendees on
insert into dbo.conference_day_attendees (attendee_id, registered_id, reservation_day_id, is_student) values (874, 35, 122, 0)
set identity_insert dbo.conference_day_attendees off

set identity_insert dbo.conference_day_attendees on
insert into dbo.conference_day_attendees (attendee_id, registered_id, reservation_day_id, is_student) values (875, 31, 122, 0)
set identity_insert dbo.conference_day_attendees off

set identity_insert dbo.conference_day_attendees on
insert into dbo.conference_day_attendees (attendee_id, registered_id, reservation_day_id, is_student) values (876, 46, 122, 0)
set identity_insert dbo.conference_day_attendees off

set identity_insert dbo.conference_day_attendees on
insert into dbo.conference_day_attendees (attendee_id, registered_id, reservation_day_id, is_student) values (877, 1, 122, 0)
set identity_insert dbo.conference_day_attendees off

set identity_insert dbo.payments on
insert into dbo.payments (payment_id, payment_date, reservation_id, amount) values (255, '2017-03-15', 60, 4434.3)
set identity_insert dbo.payments off

set identity_insert dbo.payments on
insert into dbo.payments (payment_id, payment_date, reservation_id, amount) values (256, '2017-03-15', 60, 7978.44)
set identity_insert dbo.payments off

set identity_insert dbo.payments on
insert into dbo.payments (payment_id, payment_date, reservation_id, amount) values (257, '2017-03-11', 60, 5193.19)
set identity_insert dbo.payments off

set identity_insert dbo.payments on
insert into dbo.payments (payment_id, payment_date, reservation_id, amount) values (258, '2017-03-09', 60, 914.78)
set identity_insert dbo.payments off

set identity_insert dbo.reservations on
insert into dbo.reservations (reservation_id, customer_id, reservation_date) values (61, 14, '2019-10-10')
set identity_insert dbo.reservations off

set identity_insert dbo.conference_day_reservations on
insert into dbo.conference_day_reservations (reservation_day_id, conference_day_id, reservation_id, student_attendees, full_price_attendees) values (123, 63, 61, 8, 10)
set identity_insert dbo.conference_day_reservations off

set identity_insert dbo.conference_day_attendees on
insert into dbo.conference_day_attendees (attendee_id, registered_id, reservation_day_id, is_student) values (878, 13, 123, 1)
set identity_insert dbo.conference_day_attendees off

set identity_insert dbo.conference_day_attendees on
insert into dbo.conference_day_attendees (attendee_id, registered_id, reservation_day_id, is_student) values (879, 7, 123, 1)
set identity_insert dbo.conference_day_attendees off

set identity_insert dbo.conference_day_attendees on
insert into dbo.conference_day_attendees (attendee_id, registered_id, reservation_day_id, is_student) values (880, 22, 123, 1)
set identity_insert dbo.conference_day_attendees off

set identity_insert dbo.conference_day_attendees on
insert into dbo.conference_day_attendees (attendee_id, registered_id, reservation_day_id, is_student) values (881, 46, 123, 1)
set identity_insert dbo.conference_day_attendees off

set identity_insert dbo.conference_day_attendees on
insert into dbo.conference_day_attendees (attendee_id, registered_id, reservation_day_id, is_student) values (882, 15, 123, 1)
set identity_insert dbo.conference_day_attendees off

set identity_insert dbo.conference_day_attendees on
insert into dbo.conference_day_attendees (attendee_id, registered_id, reservation_day_id, is_student) values (883, 33, 123, 1)
set identity_insert dbo.conference_day_attendees off

set identity_insert dbo.conference_day_attendees on
insert into dbo.conference_day_attendees (attendee_id, registered_id, reservation_day_id, is_student) values (884, 48, 123, 1)
set identity_insert dbo.conference_day_attendees off

set identity_insert dbo.conference_day_attendees on
insert into dbo.conference_day_attendees (attendee_id, registered_id, reservation_day_id, is_student) values (885, 40, 123, 1)
set identity_insert dbo.conference_day_attendees off

set identity_insert dbo.conference_day_attendees on
insert into dbo.conference_day_attendees (attendee_id, registered_id, reservation_day_id, is_student) values (886, 13, 123, 1)
set identity_insert dbo.conference_day_attendees off

set identity_insert dbo.conference_day_attendees on
insert into dbo.conference_day_attendees (attendee_id, registered_id, reservation_day_id, is_student) values (887, 17, 123, 0)
set identity_insert dbo.conference_day_attendees off

set identity_insert dbo.conference_day_attendees on
insert into dbo.conference_day_attendees (attendee_id, registered_id, reservation_day_id, is_student) values (888, 4, 123, 0)
set identity_insert dbo.conference_day_attendees off

set identity_insert dbo.conference_day_attendees on
insert into dbo.conference_day_attendees (attendee_id, registered_id, reservation_day_id, is_student) values (889, 35, 123, 0)
set identity_insert dbo.conference_day_attendees off

set identity_insert dbo.conference_day_attendees on
insert into dbo.conference_day_attendees (attendee_id, registered_id, reservation_day_id, is_student) values (890, 49, 123, 0)
set identity_insert dbo.conference_day_attendees off

set identity_insert dbo.conference_day_attendees on
insert into dbo.conference_day_attendees (attendee_id, registered_id, reservation_day_id, is_student) values (891, 13, 123, 0)
set identity_insert dbo.conference_day_attendees off

set identity_insert dbo.conference_day_attendees on
insert into dbo.conference_day_attendees (attendee_id, registered_id, reservation_day_id, is_student) values (892, 27, 123, 0)
set identity_insert dbo.conference_day_attendees off

set identity_insert dbo.conference_day_attendees on
insert into dbo.conference_day_attendees (attendee_id, registered_id, reservation_day_id, is_student) values (893, 18, 123, 0)
set identity_insert dbo.conference_day_attendees off

set identity_insert dbo.conference_day_attendees on
insert into dbo.conference_day_attendees (attendee_id, registered_id, reservation_day_id, is_student) values (894, 35, 123, 0)
set identity_insert dbo.conference_day_attendees off

set identity_insert dbo.conference_day_attendees on
insert into dbo.conference_day_attendees (attendee_id, registered_id, reservation_day_id, is_student) values (895, 30, 123, 0)
set identity_insert dbo.conference_day_attendees off

set identity_insert dbo.payments on
insert into dbo.payments (payment_id, payment_date, reservation_id, amount) values (259, '2019-09-18', 61, 7190.42)
set identity_insert dbo.payments off

set identity_insert dbo.payments on
insert into dbo.payments (payment_id, payment_date, reservation_id, amount) values (260, '2019-09-12', 61, 2629.79)
set identity_insert dbo.payments off

set identity_insert dbo.payments on
insert into dbo.payments (payment_id, payment_date, reservation_id, amount) values (261, '2019-09-02', 61, 2177.22)
set identity_insert dbo.payments off

set identity_insert dbo.payments on
insert into dbo.payments (payment_id, payment_date, reservation_id, amount) values (262, '2019-09-11', 61, 3831.0)
set identity_insert dbo.payments off

set identity_insert dbo.payments on
insert into dbo.payments (payment_id, payment_date, reservation_id, amount) values (263, '2019-09-03', 61, 1060.63)
set identity_insert dbo.payments off

set identity_insert dbo.payments on
insert into dbo.payments (payment_id, payment_date, reservation_id, amount) values (264, '2019-09-20', 61, 1919.32)
set identity_insert dbo.payments off

set identity_insert dbo.payments on
insert into dbo.payments (payment_id, payment_date, reservation_id, amount) values (265, '2019-09-28', 61, 4070.37)
set identity_insert dbo.payments off

set identity_insert dbo.payments on
insert into dbo.payments (payment_id, payment_date, reservation_id, amount) values (266, '2019-09-02', 61, 5806.69)
set identity_insert dbo.payments off

set identity_insert dbo.payments on
insert into dbo.payments (payment_id, payment_date, reservation_id, amount) values (267, '2019-09-17', 61, 3687.57)
set identity_insert dbo.payments off

set identity_insert dbo.reservations on
insert into dbo.reservations (reservation_id, customer_id, reservation_date) values (62, 21, '2018-01-13')
set identity_insert dbo.reservations off

set identity_insert dbo.conference_day_reservations on
insert into dbo.conference_day_reservations (reservation_day_id, conference_day_id, reservation_id, student_attendees, full_price_attendees) values (124, 95, 62, 2, 7)
set identity_insert dbo.conference_day_reservations off

set identity_insert dbo.conference_day_attendees on
insert into dbo.conference_day_attendees (attendee_id, registered_id, reservation_day_id, is_student) values (896, 9, 124, 1)
set identity_insert dbo.conference_day_attendees off

set identity_insert dbo.conference_day_attendees on
insert into dbo.conference_day_attendees (attendee_id, registered_id, reservation_day_id, is_student) values (897, 25, 124, 1)
set identity_insert dbo.conference_day_attendees off

set identity_insert dbo.conference_day_attendees on
insert into dbo.conference_day_attendees (attendee_id, registered_id, reservation_day_id, is_student) values (898, 37, 124, 1)
set identity_insert dbo.conference_day_attendees off

set identity_insert dbo.conference_day_attendees on
insert into dbo.conference_day_attendees (attendee_id, registered_id, reservation_day_id, is_student) values (899, 21, 124, 0)
set identity_insert dbo.conference_day_attendees off

set identity_insert dbo.conference_day_attendees on
insert into dbo.conference_day_attendees (attendee_id, registered_id, reservation_day_id, is_student) values (900, 50, 124, 0)
set identity_insert dbo.conference_day_attendees off

set identity_insert dbo.conference_day_attendees on
insert into dbo.conference_day_attendees (attendee_id, registered_id, reservation_day_id, is_student) values (901, 49, 124, 0)
set identity_insert dbo.conference_day_attendees off

set identity_insert dbo.conference_day_attendees on
insert into dbo.conference_day_attendees (attendee_id, registered_id, reservation_day_id, is_student) values (902, 12, 124, 0)
set identity_insert dbo.conference_day_attendees off

set identity_insert dbo.conference_day_attendees on
insert into dbo.conference_day_attendees (attendee_id, registered_id, reservation_day_id, is_student) values (903, 37, 124, 0)
set identity_insert dbo.conference_day_attendees off

set identity_insert dbo.conference_day_attendees on
insert into dbo.conference_day_attendees (attendee_id, registered_id, reservation_day_id, is_student) values (904, 30, 124, 0)
set identity_insert dbo.conference_day_attendees off

set identity_insert dbo.conference_day_reservations on
insert into dbo.conference_day_reservations (reservation_day_id, conference_day_id, reservation_id, student_attendees, full_price_attendees) values (125, 95, 62, 0, 6)
set identity_insert dbo.conference_day_reservations off

set identity_insert dbo.conference_day_attendees on
insert into dbo.conference_day_attendees (attendee_id, registered_id, reservation_day_id, is_student) values (905, 23, 125, 1)
set identity_insert dbo.conference_day_attendees off

set identity_insert dbo.conference_day_attendees on
insert into dbo.conference_day_attendees (attendee_id, registered_id, reservation_day_id, is_student) values (906, 11, 125, 0)
set identity_insert dbo.conference_day_attendees off

set identity_insert dbo.conference_day_attendees on
insert into dbo.conference_day_attendees (attendee_id, registered_id, reservation_day_id, is_student) values (907, 18, 125, 0)
set identity_insert dbo.conference_day_attendees off

set identity_insert dbo.conference_day_attendees on
insert into dbo.conference_day_attendees (attendee_id, registered_id, reservation_day_id, is_student) values (908, 9, 125, 0)
set identity_insert dbo.conference_day_attendees off

set identity_insert dbo.conference_day_attendees on
insert into dbo.conference_day_attendees (attendee_id, registered_id, reservation_day_id, is_student) values (909, 35, 125, 0)
set identity_insert dbo.conference_day_attendees off

set identity_insert dbo.conference_day_attendees on
insert into dbo.conference_day_attendees (attendee_id, registered_id, reservation_day_id, is_student) values (910, 2, 125, 0)
set identity_insert dbo.conference_day_attendees off

set identity_insert dbo.payments on
insert into dbo.payments (payment_id, payment_date, reservation_id, amount) values (268, '2017-12-20', 62, 6744.89)
set identity_insert dbo.payments off

set identity_insert dbo.payments on
insert into dbo.payments (payment_id, payment_date, reservation_id, amount) values (269, '2017-12-15', 62, 1963.71)
set identity_insert dbo.payments off

set identity_insert dbo.payments on
insert into dbo.payments (payment_id, payment_date, reservation_id, amount) values (270, '2018-01-09', 62, 2684.46)
set identity_insert dbo.payments off

set identity_insert dbo.payments on
insert into dbo.payments (payment_id, payment_date, reservation_id, amount) values (271, '2017-12-26', 62, 5321.35)
set identity_insert dbo.payments off

set identity_insert dbo.payments on
insert into dbo.payments (payment_id, payment_date, reservation_id, amount) values (272, '2017-12-14', 62, 7058.48)
set identity_insert dbo.payments off

set identity_insert dbo.payments on
insert into dbo.payments (payment_id, payment_date, reservation_id, amount) values (273, '2017-12-16', 62, 3865.69)
set identity_insert dbo.payments off

set identity_insert dbo.payments on
insert into dbo.payments (payment_id, payment_date, reservation_id, amount) values (274, '2017-12-31', 62, 8369.8)
set identity_insert dbo.payments off

set identity_insert dbo.payments on
insert into dbo.payments (payment_id, payment_date, reservation_id, amount) values (275, '2018-01-09', 62, 1207.19)
set identity_insert dbo.payments off

set identity_insert dbo.reservations on
insert into dbo.reservations (reservation_id, customer_id, reservation_date) values (63, 23, '2019-05-10')
set identity_insert dbo.reservations off

set identity_insert dbo.conference_day_reservations on
insert into dbo.conference_day_reservations (reservation_day_id, conference_day_id, reservation_id, student_attendees, full_price_attendees) values (126, 32, 63, 3, 4)
set identity_insert dbo.conference_day_reservations off

set identity_insert dbo.conference_day_attendees on
insert into dbo.conference_day_attendees (attendee_id, registered_id, reservation_day_id, is_student) values (911, 38, 126, 1)
set identity_insert dbo.conference_day_attendees off

set identity_insert dbo.conference_day_attendees on
insert into dbo.conference_day_attendees (attendee_id, registered_id, reservation_day_id, is_student) values (912, 6, 126, 1)
set identity_insert dbo.conference_day_attendees off

set identity_insert dbo.conference_day_attendees on
insert into dbo.conference_day_attendees (attendee_id, registered_id, reservation_day_id, is_student) values (913, 26, 126, 1)
set identity_insert dbo.conference_day_attendees off

set identity_insert dbo.conference_day_attendees on
insert into dbo.conference_day_attendees (attendee_id, registered_id, reservation_day_id, is_student) values (914, 29, 126, 1)
set identity_insert dbo.conference_day_attendees off

set identity_insert dbo.conference_day_attendees on
insert into dbo.conference_day_attendees (attendee_id, registered_id, reservation_day_id, is_student) values (915, 16, 126, 0)
set identity_insert dbo.conference_day_attendees off

set identity_insert dbo.conference_day_attendees on
insert into dbo.conference_day_attendees (attendee_id, registered_id, reservation_day_id, is_student) values (916, 33, 126, 0)
set identity_insert dbo.conference_day_attendees off

set identity_insert dbo.conference_day_attendees on
insert into dbo.conference_day_attendees (attendee_id, registered_id, reservation_day_id, is_student) values (917, 5, 126, 0)
set identity_insert dbo.conference_day_attendees off

set identity_insert dbo.payments on
insert into dbo.payments (payment_id, payment_date, reservation_id, amount) values (276, '2019-04-23', 63, 5358.13)
set identity_insert dbo.payments off

set identity_insert dbo.payments on
insert into dbo.payments (payment_id, payment_date, reservation_id, amount) values (277, '2019-05-04', 63, 2535.09)
set identity_insert dbo.payments off

set identity_insert dbo.reservations on
insert into dbo.reservations (reservation_id, customer_id, reservation_date) values (64, 4, '2018-08-10')
set identity_insert dbo.reservations off

set identity_insert dbo.conference_day_reservations on
insert into dbo.conference_day_reservations (reservation_day_id, conference_day_id, reservation_id, student_attendees, full_price_attendees) values (127, 65, 64, 10, 7)
set identity_insert dbo.conference_day_reservations off

set identity_insert dbo.conference_day_attendees on
insert into dbo.conference_day_attendees (attendee_id, registered_id, reservation_day_id, is_student) values (918, 3, 127, 1)
set identity_insert dbo.conference_day_attendees off

set identity_insert dbo.conference_day_attendees on
insert into dbo.conference_day_attendees (attendee_id, registered_id, reservation_day_id, is_student) values (919, 42, 127, 1)
set identity_insert dbo.conference_day_attendees off

set identity_insert dbo.conference_day_attendees on
insert into dbo.conference_day_attendees (attendee_id, registered_id, reservation_day_id, is_student) values (920, 6, 127, 1)
set identity_insert dbo.conference_day_attendees off

set identity_insert dbo.conference_day_attendees on
insert into dbo.conference_day_attendees (attendee_id, registered_id, reservation_day_id, is_student) values (921, 21, 127, 1)
set identity_insert dbo.conference_day_attendees off

set identity_insert dbo.conference_day_attendees on
insert into dbo.conference_day_attendees (attendee_id, registered_id, reservation_day_id, is_student) values (922, 17, 127, 1)
set identity_insert dbo.conference_day_attendees off

set identity_insert dbo.conference_day_attendees on
insert into dbo.conference_day_attendees (attendee_id, registered_id, reservation_day_id, is_student) values (923, 27, 127, 1)
set identity_insert dbo.conference_day_attendees off

set identity_insert dbo.conference_day_attendees on
insert into dbo.conference_day_attendees (attendee_id, registered_id, reservation_day_id, is_student) values (924, 15, 127, 1)
set identity_insert dbo.conference_day_attendees off

set identity_insert dbo.conference_day_attendees on
insert into dbo.conference_day_attendees (attendee_id, registered_id, reservation_day_id, is_student) values (925, 29, 127, 1)
set identity_insert dbo.conference_day_attendees off

set identity_insert dbo.conference_day_attendees on
insert into dbo.conference_day_attendees (attendee_id, registered_id, reservation_day_id, is_student) values (926, 13, 127, 1)
set identity_insert dbo.conference_day_attendees off

set identity_insert dbo.conference_day_attendees on
insert into dbo.conference_day_attendees (attendee_id, registered_id, reservation_day_id, is_student) values (927, 19, 127, 1)
set identity_insert dbo.conference_day_attendees off

set identity_insert dbo.conference_day_reservations on
insert into dbo.conference_day_reservations (reservation_day_id, conference_day_id, reservation_id, student_attendees, full_price_attendees) values (128, 65, 64, 10, 7)
set identity_insert dbo.conference_day_reservations off

set identity_insert dbo.conference_day_attendees on
insert into dbo.conference_day_attendees (attendee_id, registered_id, reservation_day_id, is_student) values (928, 11, 128, 1)
set identity_insert dbo.conference_day_attendees off

set identity_insert dbo.conference_day_attendees on
insert into dbo.conference_day_attendees (attendee_id, registered_id, reservation_day_id, is_student) values (929, 12, 128, 1)
set identity_insert dbo.conference_day_attendees off

set identity_insert dbo.conference_day_attendees on
insert into dbo.conference_day_attendees (attendee_id, registered_id, reservation_day_id, is_student) values (930, 34, 128, 1)
set identity_insert dbo.conference_day_attendees off

set identity_insert dbo.conference_day_attendees on
insert into dbo.conference_day_attendees (attendee_id, registered_id, reservation_day_id, is_student) values (931, 19, 128, 1)
set identity_insert dbo.conference_day_attendees off

set identity_insert dbo.conference_day_attendees on
insert into dbo.conference_day_attendees (attendee_id, registered_id, reservation_day_id, is_student) values (932, 35, 128, 1)
set identity_insert dbo.conference_day_attendees off

set identity_insert dbo.conference_day_attendees on
insert into dbo.conference_day_attendees (attendee_id, registered_id, reservation_day_id, is_student) values (933, 20, 128, 1)
set identity_insert dbo.conference_day_attendees off

set identity_insert dbo.conference_day_attendees on
insert into dbo.conference_day_attendees (attendee_id, registered_id, reservation_day_id, is_student) values (934, 7, 128, 0)
set identity_insert dbo.conference_day_attendees off

set identity_insert dbo.conference_day_attendees on
insert into dbo.conference_day_attendees (attendee_id, registered_id, reservation_day_id, is_student) values (935, 24, 128, 0)
set identity_insert dbo.conference_day_attendees off

set identity_insert dbo.conference_day_attendees on
insert into dbo.conference_day_attendees (attendee_id, registered_id, reservation_day_id, is_student) values (936, 15, 128, 0)
set identity_insert dbo.conference_day_attendees off

set identity_insert dbo.conference_day_attendees on
insert into dbo.conference_day_attendees (attendee_id, registered_id, reservation_day_id, is_student) values (937, 44, 128, 0)
set identity_insert dbo.conference_day_attendees off

set identity_insert dbo.conference_day_reservations on
insert into dbo.conference_day_reservations (reservation_day_id, conference_day_id, reservation_id, student_attendees, full_price_attendees) values (129, 65, 64, 1, 1)
set identity_insert dbo.conference_day_reservations off

set identity_insert dbo.conference_day_attendees on
insert into dbo.conference_day_attendees (attendee_id, registered_id, reservation_day_id, is_student) values (938, 12, 129, 1)
set identity_insert dbo.conference_day_attendees off

set identity_insert dbo.conference_day_attendees on
insert into dbo.conference_day_attendees (attendee_id, registered_id, reservation_day_id, is_student) values (939, 18, 129, 1)
set identity_insert dbo.conference_day_attendees off

set identity_insert dbo.conference_day_reservations on
insert into dbo.conference_day_reservations (reservation_day_id, conference_day_id, reservation_id, student_attendees, full_price_attendees) values (130, 65, 64, 5, 9)
set identity_insert dbo.conference_day_reservations off

set identity_insert dbo.conference_day_attendees on
insert into dbo.conference_day_attendees (attendee_id, registered_id, reservation_day_id, is_student) values (940, 6, 130, 1)
set identity_insert dbo.conference_day_attendees off

set identity_insert dbo.conference_day_attendees on
insert into dbo.conference_day_attendees (attendee_id, registered_id, reservation_day_id, is_student) values (941, 41, 130, 1)
set identity_insert dbo.conference_day_attendees off

set identity_insert dbo.conference_day_attendees on
insert into dbo.conference_day_attendees (attendee_id, registered_id, reservation_day_id, is_student) values (942, 35, 130, 1)
set identity_insert dbo.conference_day_attendees off

set identity_insert dbo.conference_day_attendees on
insert into dbo.conference_day_attendees (attendee_id, registered_id, reservation_day_id, is_student) values (943, 13, 130, 1)
set identity_insert dbo.conference_day_attendees off

set identity_insert dbo.conference_day_attendees on
insert into dbo.conference_day_attendees (attendee_id, registered_id, reservation_day_id, is_student) values (944, 43, 130, 1)
set identity_insert dbo.conference_day_attendees off

set identity_insert dbo.conference_day_attendees on
insert into dbo.conference_day_attendees (attendee_id, registered_id, reservation_day_id, is_student) values (945, 47, 130, 1)
set identity_insert dbo.conference_day_attendees off

set identity_insert dbo.conference_day_attendees on
insert into dbo.conference_day_attendees (attendee_id, registered_id, reservation_day_id, is_student) values (946, 37, 130, 0)
set identity_insert dbo.conference_day_attendees off

set identity_insert dbo.conference_day_attendees on
insert into dbo.conference_day_attendees (attendee_id, registered_id, reservation_day_id, is_student) values (947, 25, 130, 0)
set identity_insert dbo.conference_day_attendees off

set identity_insert dbo.conference_day_attendees on
insert into dbo.conference_day_attendees (attendee_id, registered_id, reservation_day_id, is_student) values (948, 13, 130, 0)
set identity_insert dbo.conference_day_attendees off

set identity_insert dbo.conference_day_attendees on
insert into dbo.conference_day_attendees (attendee_id, registered_id, reservation_day_id, is_student) values (949, 4, 130, 0)
set identity_insert dbo.conference_day_attendees off

set identity_insert dbo.conference_day_attendees on
insert into dbo.conference_day_attendees (attendee_id, registered_id, reservation_day_id, is_student) values (950, 21, 130, 0)
set identity_insert dbo.conference_day_attendees off

set identity_insert dbo.conference_day_attendees on
insert into dbo.conference_day_attendees (attendee_id, registered_id, reservation_day_id, is_student) values (951, 37, 130, 0)
set identity_insert dbo.conference_day_attendees off

set identity_insert dbo.conference_day_attendees on
insert into dbo.conference_day_attendees (attendee_id, registered_id, reservation_day_id, is_student) values (952, 13, 130, 0)
set identity_insert dbo.conference_day_attendees off

set identity_insert dbo.conference_day_attendees on
insert into dbo.conference_day_attendees (attendee_id, registered_id, reservation_day_id, is_student) values (953, 18, 130, 0)
set identity_insert dbo.conference_day_attendees off

set identity_insert dbo.payments on
insert into dbo.payments (payment_id, payment_date, reservation_id, amount) values (278, '2018-08-10', 64, 1215.62)
set identity_insert dbo.payments off

set identity_insert dbo.payments on
insert into dbo.payments (payment_id, payment_date, reservation_id, amount) values (279, '2018-08-08', 64, 9141.14)
set identity_insert dbo.payments off

set identity_insert dbo.payments on
insert into dbo.payments (payment_id, payment_date, reservation_id, amount) values (280, '2018-08-08', 64, 2179.33)
set identity_insert dbo.payments off

set identity_insert dbo.payments on
insert into dbo.payments (payment_id, payment_date, reservation_id, amount) values (281, '2018-08-05', 64, 9791.46)
set identity_insert dbo.payments off

set identity_insert dbo.payments on
insert into dbo.payments (payment_id, payment_date, reservation_id, amount) values (282, '2018-08-06', 64, 4481.07)
set identity_insert dbo.payments off

set identity_insert dbo.payments on
insert into dbo.payments (payment_id, payment_date, reservation_id, amount) values (283, '2018-08-08', 64, 1340.95)
set identity_insert dbo.payments off

set identity_insert dbo.reservations on
insert into dbo.reservations (reservation_id, customer_id, reservation_date) values (65, 18, '2017-09-22')
set identity_insert dbo.reservations off

set identity_insert dbo.conference_day_reservations on
insert into dbo.conference_day_reservations (reservation_day_id, conference_day_id, reservation_id, student_attendees, full_price_attendees) values (131, 41, 65, 2, 10)
set identity_insert dbo.conference_day_reservations off

set identity_insert dbo.conference_day_attendees on
insert into dbo.conference_day_attendees (attendee_id, registered_id, reservation_day_id, is_student) values (954, 14, 131, 1)
set identity_insert dbo.conference_day_attendees off

set identity_insert dbo.conference_day_attendees on
insert into dbo.conference_day_attendees (attendee_id, registered_id, reservation_day_id, is_student) values (955, 31, 131, 1)
set identity_insert dbo.conference_day_attendees off

set identity_insert dbo.conference_day_attendees on
insert into dbo.conference_day_attendees (attendee_id, registered_id, reservation_day_id, is_student) values (956, 42, 131, 1)
set identity_insert dbo.conference_day_attendees off

set identity_insert dbo.conference_day_attendees on
insert into dbo.conference_day_attendees (attendee_id, registered_id, reservation_day_id, is_student) values (957, 24, 131, 0)
set identity_insert dbo.conference_day_attendees off

set identity_insert dbo.conference_day_attendees on
insert into dbo.conference_day_attendees (attendee_id, registered_id, reservation_day_id, is_student) values (958, 33, 131, 0)
set identity_insert dbo.conference_day_attendees off

set identity_insert dbo.conference_day_attendees on
insert into dbo.conference_day_attendees (attendee_id, registered_id, reservation_day_id, is_student) values (959, 47, 131, 0)
set identity_insert dbo.conference_day_attendees off

set identity_insert dbo.conference_day_attendees on
insert into dbo.conference_day_attendees (attendee_id, registered_id, reservation_day_id, is_student) values (960, 2, 131, 0)
set identity_insert dbo.conference_day_attendees off

set identity_insert dbo.conference_day_attendees on
insert into dbo.conference_day_attendees (attendee_id, registered_id, reservation_day_id, is_student) values (961, 45, 131, 0)
set identity_insert dbo.conference_day_attendees off

set identity_insert dbo.conference_day_attendees on
insert into dbo.conference_day_attendees (attendee_id, registered_id, reservation_day_id, is_student) values (962, 47, 131, 0)
set identity_insert dbo.conference_day_attendees off

set identity_insert dbo.conference_day_attendees on
insert into dbo.conference_day_attendees (attendee_id, registered_id, reservation_day_id, is_student) values (963, 11, 131, 0)
set identity_insert dbo.conference_day_attendees off

set identity_insert dbo.conference_day_attendees on
insert into dbo.conference_day_attendees (attendee_id, registered_id, reservation_day_id, is_student) values (964, 12, 131, 0)
set identity_insert dbo.conference_day_attendees off

set identity_insert dbo.conference_day_attendees on
insert into dbo.conference_day_attendees (attendee_id, registered_id, reservation_day_id, is_student) values (965, 50, 131, 0)
set identity_insert dbo.conference_day_attendees off

set identity_insert dbo.payments on
insert into dbo.payments (payment_id, payment_date, reservation_id, amount) values (284, '2017-09-12', 65, 3897.25)
set identity_insert dbo.payments off

set identity_insert dbo.payments on
insert into dbo.payments (payment_id, payment_date, reservation_id, amount) values (285, '2017-08-31', 65, 3803.19)
set identity_insert dbo.payments off

set identity_insert dbo.reservations on
insert into dbo.reservations (reservation_id, customer_id, reservation_date) values (66, 13, '2017-06-17')
set identity_insert dbo.reservations off

set identity_insert dbo.conference_day_reservations on
insert into dbo.conference_day_reservations (reservation_day_id, conference_day_id, reservation_id, student_attendees, full_price_attendees) values (132, 14, 66, 5, 2)
set identity_insert dbo.conference_day_reservations off

set identity_insert dbo.conference_day_attendees on
insert into dbo.conference_day_attendees (attendee_id, registered_id, reservation_day_id, is_student) values (966, 19, 132, 1)
set identity_insert dbo.conference_day_attendees off

set identity_insert dbo.conference_day_attendees on
insert into dbo.conference_day_attendees (attendee_id, registered_id, reservation_day_id, is_student) values (967, 1, 132, 1)
set identity_insert dbo.conference_day_attendees off

set identity_insert dbo.conference_day_attendees on
insert into dbo.conference_day_attendees (attendee_id, registered_id, reservation_day_id, is_student) values (968, 6, 132, 1)
set identity_insert dbo.conference_day_attendees off

set identity_insert dbo.conference_day_attendees on
insert into dbo.conference_day_attendees (attendee_id, registered_id, reservation_day_id, is_student) values (969, 20, 132, 1)
set identity_insert dbo.conference_day_attendees off

set identity_insert dbo.conference_day_attendees on
insert into dbo.conference_day_attendees (attendee_id, registered_id, reservation_day_id, is_student) values (970, 21, 132, 1)
set identity_insert dbo.conference_day_attendees off

set identity_insert dbo.conference_day_attendees on
insert into dbo.conference_day_attendees (attendee_id, registered_id, reservation_day_id, is_student) values (971, 48, 132, 1)
set identity_insert dbo.conference_day_attendees off

set identity_insert dbo.conference_day_attendees on
insert into dbo.conference_day_attendees (attendee_id, registered_id, reservation_day_id, is_student) values (972, 1, 132, 0)
set identity_insert dbo.conference_day_attendees off

set identity_insert dbo.payments on
insert into dbo.payments (payment_id, payment_date, reservation_id, amount) values (286, '2017-06-13', 66, 6325.34)
set identity_insert dbo.payments off

set identity_insert dbo.payments on
insert into dbo.payments (payment_id, payment_date, reservation_id, amount) values (287, '2017-06-15', 66, 8925.65)
set identity_insert dbo.payments off

set identity_insert dbo.payments on
insert into dbo.payments (payment_id, payment_date, reservation_id, amount) values (288, '2017-06-09', 66, 2108.28)
set identity_insert dbo.payments off

set identity_insert dbo.payments on
insert into dbo.payments (payment_id, payment_date, reservation_id, amount) values (289, '2017-05-27', 66, 5520.81)
set identity_insert dbo.payments off

set identity_insert dbo.payments on
insert into dbo.payments (payment_id, payment_date, reservation_id, amount) values (290, '2017-05-29', 66, 9937.18)
set identity_insert dbo.payments off

set identity_insert dbo.payments on
insert into dbo.payments (payment_id, payment_date, reservation_id, amount) values (291, '2017-06-08', 66, 7075.26)
set identity_insert dbo.payments off

set identity_insert dbo.reservations on
insert into dbo.reservations (reservation_id, customer_id, reservation_date) values (67, 7, '2019-06-23')
set identity_insert dbo.reservations off

set identity_insert dbo.conference_day_reservations on
insert into dbo.conference_day_reservations (reservation_day_id, conference_day_id, reservation_id, student_attendees, full_price_attendees) values (133, 48, 67, 7, 1)
set identity_insert dbo.conference_day_reservations off

set identity_insert dbo.conference_day_attendees on
insert into dbo.conference_day_attendees (attendee_id, registered_id, reservation_day_id, is_student) values (973, 37, 133, 1)
set identity_insert dbo.conference_day_attendees off

set identity_insert dbo.conference_day_attendees on
insert into dbo.conference_day_attendees (attendee_id, registered_id, reservation_day_id, is_student) values (974, 43, 133, 1)
set identity_insert dbo.conference_day_attendees off

set identity_insert dbo.conference_day_attendees on
insert into dbo.conference_day_attendees (attendee_id, registered_id, reservation_day_id, is_student) values (975, 45, 133, 1)
set identity_insert dbo.conference_day_attendees off

set identity_insert dbo.conference_day_attendees on
insert into dbo.conference_day_attendees (attendee_id, registered_id, reservation_day_id, is_student) values (976, 18, 133, 1)
set identity_insert dbo.conference_day_attendees off

set identity_insert dbo.conference_day_attendees on
insert into dbo.conference_day_attendees (attendee_id, registered_id, reservation_day_id, is_student) values (977, 17, 133, 1)
set identity_insert dbo.conference_day_attendees off

set identity_insert dbo.conference_day_attendees on
insert into dbo.conference_day_attendees (attendee_id, registered_id, reservation_day_id, is_student) values (978, 19, 133, 1)
set identity_insert dbo.conference_day_attendees off

set identity_insert dbo.conference_day_reservations on
insert into dbo.conference_day_reservations (reservation_day_id, conference_day_id, reservation_id, student_attendees, full_price_attendees) values (134, 48, 67, 1, 1)
set identity_insert dbo.conference_day_reservations off

set identity_insert dbo.conference_day_attendees on
insert into dbo.conference_day_attendees (attendee_id, registered_id, reservation_day_id, is_student) values (979, 48, 134, 1)
set identity_insert dbo.conference_day_attendees off

set identity_insert dbo.conference_day_attendees on
insert into dbo.conference_day_attendees (attendee_id, registered_id, reservation_day_id, is_student) values (980, 28, 134, 1)
set identity_insert dbo.conference_day_attendees off

set identity_insert dbo.conference_day_reservations on
insert into dbo.conference_day_reservations (reservation_day_id, conference_day_id, reservation_id, student_attendees, full_price_attendees) values (135, 48, 67, 7, 3)
set identity_insert dbo.conference_day_reservations off

set identity_insert dbo.conference_day_attendees on
insert into dbo.conference_day_attendees (attendee_id, registered_id, reservation_day_id, is_student) values (981, 2, 135, 1)
set identity_insert dbo.conference_day_attendees off

set identity_insert dbo.conference_day_attendees on
insert into dbo.conference_day_attendees (attendee_id, registered_id, reservation_day_id, is_student) values (982, 9, 135, 1)
set identity_insert dbo.conference_day_attendees off

set identity_insert dbo.conference_day_attendees on
insert into dbo.conference_day_attendees (attendee_id, registered_id, reservation_day_id, is_student) values (983, 2, 135, 1)
set identity_insert dbo.conference_day_attendees off

set identity_insert dbo.conference_day_attendees on
insert into dbo.conference_day_attendees (attendee_id, registered_id, reservation_day_id, is_student) values (984, 1, 135, 1)
set identity_insert dbo.conference_day_attendees off

set identity_insert dbo.conference_day_attendees on
insert into dbo.conference_day_attendees (attendee_id, registered_id, reservation_day_id, is_student) values (985, 33, 135, 1)
set identity_insert dbo.conference_day_attendees off

set identity_insert dbo.conference_day_attendees on
insert into dbo.conference_day_attendees (attendee_id, registered_id, reservation_day_id, is_student) values (986, 7, 135, 1)
set identity_insert dbo.conference_day_attendees off

set identity_insert dbo.conference_day_attendees on
insert into dbo.conference_day_attendees (attendee_id, registered_id, reservation_day_id, is_student) values (987, 8, 135, 1)
set identity_insert dbo.conference_day_attendees off

set identity_insert dbo.conference_day_attendees on
insert into dbo.conference_day_attendees (attendee_id, registered_id, reservation_day_id, is_student) values (988, 49, 135, 1)
set identity_insert dbo.conference_day_attendees off

set identity_insert dbo.conference_day_attendees on
insert into dbo.conference_day_attendees (attendee_id, registered_id, reservation_day_id, is_student) values (989, 39, 135, 0)
set identity_insert dbo.conference_day_attendees off

set identity_insert dbo.conference_day_attendees on
insert into dbo.conference_day_attendees (attendee_id, registered_id, reservation_day_id, is_student) values (990, 41, 135, 0)
set identity_insert dbo.conference_day_attendees off

set identity_insert dbo.reservations on
insert into dbo.reservations (reservation_id, customer_id, reservation_date) values (68, 16, '2018-06-20')
set identity_insert dbo.reservations off

set identity_insert dbo.conference_day_reservations on
insert into dbo.conference_day_reservations (reservation_day_id, conference_day_id, reservation_id, student_attendees, full_price_attendees) values (136, 67, 68, 0, 7)
set identity_insert dbo.conference_day_reservations off

set identity_insert dbo.conference_day_attendees on
insert into dbo.conference_day_attendees (attendee_id, registered_id, reservation_day_id, is_student) values (991, 17, 136, 1)
set identity_insert dbo.conference_day_attendees off

set identity_insert dbo.conference_day_attendees on
insert into dbo.conference_day_attendees (attendee_id, registered_id, reservation_day_id, is_student) values (992, 9, 136, 0)
set identity_insert dbo.conference_day_attendees off

set identity_insert dbo.conference_day_attendees on
insert into dbo.conference_day_attendees (attendee_id, registered_id, reservation_day_id, is_student) values (993, 7, 136, 0)
set identity_insert dbo.conference_day_attendees off

set identity_insert dbo.conference_day_attendees on
insert into dbo.conference_day_attendees (attendee_id, registered_id, reservation_day_id, is_student) values (994, 23, 136, 0)
set identity_insert dbo.conference_day_attendees off

set identity_insert dbo.conference_day_reservations on
insert into dbo.conference_day_reservations (reservation_day_id, conference_day_id, reservation_id, student_attendees, full_price_attendees) values (137, 67, 68, 0, 2)
set identity_insert dbo.conference_day_reservations off

set identity_insert dbo.conference_day_attendees on
insert into dbo.conference_day_attendees (attendee_id, registered_id, reservation_day_id, is_student) values (995, 30, 137, 1)
set identity_insert dbo.conference_day_attendees off

set identity_insert dbo.conference_day_attendees on
insert into dbo.conference_day_attendees (attendee_id, registered_id, reservation_day_id, is_student) values (996, 16, 137, 0)
set identity_insert dbo.conference_day_attendees off

set identity_insert dbo.conference_day_reservations on
insert into dbo.conference_day_reservations (reservation_day_id, conference_day_id, reservation_id, student_attendees, full_price_attendees) values (138, 67, 68, 2, 8)
set identity_insert dbo.conference_day_reservations off

set identity_insert dbo.conference_day_attendees on
insert into dbo.conference_day_attendees (attendee_id, registered_id, reservation_day_id, is_student) values (997, 26, 138, 1)
set identity_insert dbo.conference_day_attendees off

set identity_insert dbo.conference_day_attendees on
insert into dbo.conference_day_attendees (attendee_id, registered_id, reservation_day_id, is_student) values (998, 19, 138, 1)
set identity_insert dbo.conference_day_attendees off

set identity_insert dbo.conference_day_attendees on
insert into dbo.conference_day_attendees (attendee_id, registered_id, reservation_day_id, is_student) values (999, 38, 138, 1)
set identity_insert dbo.conference_day_attendees off

set identity_insert dbo.conference_day_attendees on
insert into dbo.conference_day_attendees (attendee_id, registered_id, reservation_day_id, is_student) values (1000, 6, 138, 0)
set identity_insert dbo.conference_day_attendees off

set identity_insert dbo.conference_day_attendees on
insert into dbo.conference_day_attendees (attendee_id, registered_id, reservation_day_id, is_student) values (1001, 39, 138, 0)
set identity_insert dbo.conference_day_attendees off

set identity_insert dbo.conference_day_attendees on
insert into dbo.conference_day_attendees (attendee_id, registered_id, reservation_day_id, is_student) values (1002, 33, 138, 0)
set identity_insert dbo.conference_day_attendees off

set identity_insert dbo.conference_day_attendees on
insert into dbo.conference_day_attendees (attendee_id, registered_id, reservation_day_id, is_student) values (1003, 38, 138, 0)
set identity_insert dbo.conference_day_attendees off

set identity_insert dbo.conference_day_attendees on
insert into dbo.conference_day_attendees (attendee_id, registered_id, reservation_day_id, is_student) values (1004, 15, 138, 0)
set identity_insert dbo.conference_day_attendees off

set identity_insert dbo.conference_day_attendees on
insert into dbo.conference_day_attendees (attendee_id, registered_id, reservation_day_id, is_student) values (1005, 2, 138, 0)
set identity_insert dbo.conference_day_attendees off

set identity_insert dbo.conference_day_attendees on
insert into dbo.conference_day_attendees (attendee_id, registered_id, reservation_day_id, is_student) values (1006, 15, 138, 0)
set identity_insert dbo.conference_day_attendees off

set identity_insert dbo.conference_day_reservations on
insert into dbo.conference_day_reservations (reservation_day_id, conference_day_id, reservation_id, student_attendees, full_price_attendees) values (139, 67, 68, 0, 1)
set identity_insert dbo.conference_day_reservations off

set identity_insert dbo.conference_day_attendees on
insert into dbo.conference_day_attendees (attendee_id, registered_id, reservation_day_id, is_student) values (1007, 27, 139, 1)
set identity_insert dbo.conference_day_attendees off

set identity_insert dbo.conference_day_reservations on
insert into dbo.conference_day_reservations (reservation_day_id, conference_day_id, reservation_id, student_attendees, full_price_attendees) values (140, 67, 68, 1, 7)
set identity_insert dbo.conference_day_reservations off

set identity_insert dbo.conference_day_attendees on
insert into dbo.conference_day_attendees (attendee_id, registered_id, reservation_day_id, is_student) values (1008, 9, 140, 1)
set identity_insert dbo.conference_day_attendees off

set identity_insert dbo.conference_day_attendees on
insert into dbo.conference_day_attendees (attendee_id, registered_id, reservation_day_id, is_student) values (1009, 4, 140, 1)
set identity_insert dbo.conference_day_attendees off

set identity_insert dbo.conference_day_attendees on
insert into dbo.conference_day_attendees (attendee_id, registered_id, reservation_day_id, is_student) values (1010, 45, 140, 0)
set identity_insert dbo.conference_day_attendees off

set identity_insert dbo.conference_day_attendees on
insert into dbo.conference_day_attendees (attendee_id, registered_id, reservation_day_id, is_student) values (1011, 9, 140, 0)
set identity_insert dbo.conference_day_attendees off

set identity_insert dbo.conference_day_attendees on
insert into dbo.conference_day_attendees (attendee_id, registered_id, reservation_day_id, is_student) values (1012, 4, 140, 0)
set identity_insert dbo.conference_day_attendees off

set identity_insert dbo.conference_day_attendees on
insert into dbo.conference_day_attendees (attendee_id, registered_id, reservation_day_id, is_student) values (1013, 12, 140, 0)
set identity_insert dbo.conference_day_attendees off

set identity_insert dbo.conference_day_attendees on
insert into dbo.conference_day_attendees (attendee_id, registered_id, reservation_day_id, is_student) values (1014, 9, 140, 0)
set identity_insert dbo.conference_day_attendees off

set identity_insert dbo.conference_day_attendees on
insert into dbo.conference_day_attendees (attendee_id, registered_id, reservation_day_id, is_student) values (1015, 27, 140, 0)
set identity_insert dbo.conference_day_attendees off

set identity_insert dbo.payments on
insert into dbo.payments (payment_id, payment_date, reservation_id, amount) values (292, '2018-06-18', 68, 3235.07)
set identity_insert dbo.payments off

set identity_insert dbo.payments on
insert into dbo.payments (payment_id, payment_date, reservation_id, amount) values (293, '2018-05-17', 68, 5622.23)
set identity_insert dbo.payments off

set identity_insert dbo.payments on
insert into dbo.payments (payment_id, payment_date, reservation_id, amount) values (294, '2018-05-16', 68, 9989.37)
set identity_insert dbo.payments off

set identity_insert dbo.payments on
insert into dbo.payments (payment_id, payment_date, reservation_id, amount) values (295, '2018-05-30', 68, 7584.85)
set identity_insert dbo.payments off

set identity_insert dbo.payments on
insert into dbo.payments (payment_id, payment_date, reservation_id, amount) values (296, '2018-06-08', 68, 8173.77)
set identity_insert dbo.payments off

set identity_insert dbo.payments on
insert into dbo.payments (payment_id, payment_date, reservation_id, amount) values (297, '2018-06-01', 68, 4454.51)
set identity_insert dbo.payments off

set identity_insert dbo.payments on
insert into dbo.payments (payment_id, payment_date, reservation_id, amount) values (298, '2018-05-28', 68, 6902.44)
set identity_insert dbo.payments off

set identity_insert dbo.payments on
insert into dbo.payments (payment_id, payment_date, reservation_id, amount) values (299, '2018-05-31', 68, 9599.27)
set identity_insert dbo.payments off

set identity_insert dbo.reservations on
insert into dbo.reservations (reservation_id, customer_id, reservation_date) values (69, 14, '2017-09-28')
set identity_insert dbo.reservations off

set identity_insert dbo.conference_day_reservations on
insert into dbo.conference_day_reservations (reservation_day_id, conference_day_id, reservation_id, student_attendees, full_price_attendees) values (141, 24, 69, 8, 5)
set identity_insert dbo.conference_day_reservations off

set identity_insert dbo.conference_day_attendees on
insert into dbo.conference_day_attendees (attendee_id, registered_id, reservation_day_id, is_student) values (1016, 44, 141, 1)
set identity_insert dbo.conference_day_attendees off

set identity_insert dbo.conference_day_attendees on
insert into dbo.conference_day_attendees (attendee_id, registered_id, reservation_day_id, is_student) values (1017, 6, 141, 1)
set identity_insert dbo.conference_day_attendees off

set identity_insert dbo.conference_day_attendees on
insert into dbo.conference_day_attendees (attendee_id, registered_id, reservation_day_id, is_student) values (1018, 26, 141, 1)
set identity_insert dbo.conference_day_attendees off

set identity_insert dbo.conference_day_attendees on
insert into dbo.conference_day_attendees (attendee_id, registered_id, reservation_day_id, is_student) values (1019, 46, 141, 1)
set identity_insert dbo.conference_day_attendees off

set identity_insert dbo.conference_day_attendees on
insert into dbo.conference_day_attendees (attendee_id, registered_id, reservation_day_id, is_student) values (1020, 12, 141, 1)
set identity_insert dbo.conference_day_attendees off

set identity_insert dbo.conference_day_attendees on
insert into dbo.conference_day_attendees (attendee_id, registered_id, reservation_day_id, is_student) values (1021, 50, 141, 1)
set identity_insert dbo.conference_day_attendees off

set identity_insert dbo.conference_day_attendees on
insert into dbo.conference_day_attendees (attendee_id, registered_id, reservation_day_id, is_student) values (1022, 36, 141, 1)
set identity_insert dbo.conference_day_attendees off

set identity_insert dbo.conference_day_attendees on
insert into dbo.conference_day_attendees (attendee_id, registered_id, reservation_day_id, is_student) values (1023, 39, 141, 1)
set identity_insert dbo.conference_day_attendees off

set identity_insert dbo.conference_day_attendees on
insert into dbo.conference_day_attendees (attendee_id, registered_id, reservation_day_id, is_student) values (1024, 21, 141, 1)
set identity_insert dbo.conference_day_attendees off

set identity_insert dbo.conference_day_attendees on
insert into dbo.conference_day_attendees (attendee_id, registered_id, reservation_day_id, is_student) values (1025, 8, 141, 0)
set identity_insert dbo.conference_day_attendees off

set identity_insert dbo.conference_day_attendees on
insert into dbo.conference_day_attendees (attendee_id, registered_id, reservation_day_id, is_student) values (1026, 41, 141, 0)
set identity_insert dbo.conference_day_attendees off

set identity_insert dbo.conference_day_attendees on
insert into dbo.conference_day_attendees (attendee_id, registered_id, reservation_day_id, is_student) values (1027, 43, 141, 0)
set identity_insert dbo.conference_day_attendees off

set identity_insert dbo.conference_day_attendees on
insert into dbo.conference_day_attendees (attendee_id, registered_id, reservation_day_id, is_student) values (1028, 17, 141, 0)
set identity_insert dbo.conference_day_attendees off

set identity_insert dbo.conference_day_reservations on
insert into dbo.conference_day_reservations (reservation_day_id, conference_day_id, reservation_id, student_attendees, full_price_attendees) values (142, 24, 69, 1, 4)
set identity_insert dbo.conference_day_reservations off

set identity_insert dbo.conference_day_attendees on
insert into dbo.conference_day_attendees (attendee_id, registered_id, reservation_day_id, is_student) values (1029, 13, 142, 1)
set identity_insert dbo.conference_day_attendees off

set identity_insert dbo.conference_day_attendees on
insert into dbo.conference_day_attendees (attendee_id, registered_id, reservation_day_id, is_student) values (1030, 36, 142, 1)
set identity_insert dbo.conference_day_attendees off

set identity_insert dbo.conference_day_attendees on
insert into dbo.conference_day_attendees (attendee_id, registered_id, reservation_day_id, is_student) values (1031, 22, 142, 0)
set identity_insert dbo.conference_day_attendees off

set identity_insert dbo.conference_day_attendees on
insert into dbo.conference_day_attendees (attendee_id, registered_id, reservation_day_id, is_student) values (1032, 48, 142, 0)
set identity_insert dbo.conference_day_attendees off

set identity_insert dbo.conference_day_attendees on
insert into dbo.conference_day_attendees (attendee_id, registered_id, reservation_day_id, is_student) values (1033, 13, 142, 0)
set identity_insert dbo.conference_day_attendees off

set identity_insert dbo.payments on
insert into dbo.payments (payment_id, payment_date, reservation_id, amount) values (300, '2017-09-16', 69, 8563.55)
set identity_insert dbo.payments off

set identity_insert dbo.payments on
insert into dbo.payments (payment_id, payment_date, reservation_id, amount) values (301, '2017-09-06', 69, 4849.55)
set identity_insert dbo.payments off

set identity_insert dbo.payments on
insert into dbo.payments (payment_id, payment_date, reservation_id, amount) values (302, '2017-09-28', 69, 9005.29)
set identity_insert dbo.payments off

set identity_insert dbo.payments on
insert into dbo.payments (payment_id, payment_date, reservation_id, amount) values (303, '2017-09-12', 69, 6867.76)
set identity_insert dbo.payments off

set identity_insert dbo.payments on
insert into dbo.payments (payment_id, payment_date, reservation_id, amount) values (304, '2017-09-21', 69, 4072.24)
set identity_insert dbo.payments off

set identity_insert dbo.payments on
insert into dbo.payments (payment_id, payment_date, reservation_id, amount) values (305, '2017-09-21', 69, 1144.3)
set identity_insert dbo.payments off

set identity_insert dbo.reservations on
insert into dbo.reservations (reservation_id, customer_id, reservation_date) values (70, 23, '2018-11-14')
set identity_insert dbo.reservations off

set identity_insert dbo.conference_day_reservations on
insert into dbo.conference_day_reservations (reservation_day_id, conference_day_id, reservation_id, student_attendees, full_price_attendees) values (143, 11, 70, 5, 10)
set identity_insert dbo.conference_day_reservations off

set identity_insert dbo.conference_day_attendees on
insert into dbo.conference_day_attendees (attendee_id, registered_id, reservation_day_id, is_student) values (1034, 8, 143, 1)
set identity_insert dbo.conference_day_attendees off

set identity_insert dbo.conference_day_attendees on
insert into dbo.conference_day_attendees (attendee_id, registered_id, reservation_day_id, is_student) values (1035, 20, 143, 1)
set identity_insert dbo.conference_day_attendees off

set identity_insert dbo.conference_day_attendees on
insert into dbo.conference_day_attendees (attendee_id, registered_id, reservation_day_id, is_student) values (1036, 29, 143, 1)
set identity_insert dbo.conference_day_attendees off

set identity_insert dbo.conference_day_attendees on
insert into dbo.conference_day_attendees (attendee_id, registered_id, reservation_day_id, is_student) values (1037, 28, 143, 1)
set identity_insert dbo.conference_day_attendees off

set identity_insert dbo.conference_day_attendees on
insert into dbo.conference_day_attendees (attendee_id, registered_id, reservation_day_id, is_student) values (1038, 18, 143, 1)
set identity_insert dbo.conference_day_attendees off

set identity_insert dbo.conference_day_attendees on
insert into dbo.conference_day_attendees (attendee_id, registered_id, reservation_day_id, is_student) values (1039, 40, 143, 1)
set identity_insert dbo.conference_day_attendees off

set identity_insert dbo.conference_day_attendees on
insert into dbo.conference_day_attendees (attendee_id, registered_id, reservation_day_id, is_student) values (1040, 50, 143, 0)
set identity_insert dbo.conference_day_attendees off

set identity_insert dbo.conference_day_attendees on
insert into dbo.conference_day_attendees (attendee_id, registered_id, reservation_day_id, is_student) values (1041, 2, 143, 0)
set identity_insert dbo.conference_day_attendees off

set identity_insert dbo.conference_day_attendees on
insert into dbo.conference_day_attendees (attendee_id, registered_id, reservation_day_id, is_student) values (1042, 11, 143, 0)
set identity_insert dbo.conference_day_attendees off

set identity_insert dbo.conference_day_attendees on
insert into dbo.conference_day_attendees (attendee_id, registered_id, reservation_day_id, is_student) values (1043, 6, 143, 0)
set identity_insert dbo.conference_day_attendees off

set identity_insert dbo.conference_day_attendees on
insert into dbo.conference_day_attendees (attendee_id, registered_id, reservation_day_id, is_student) values (1044, 41, 143, 0)
set identity_insert dbo.conference_day_attendees off

set identity_insert dbo.conference_day_attendees on
insert into dbo.conference_day_attendees (attendee_id, registered_id, reservation_day_id, is_student) values (1045, 48, 143, 0)
set identity_insert dbo.conference_day_attendees off

set identity_insert dbo.conference_day_attendees on
insert into dbo.conference_day_attendees (attendee_id, registered_id, reservation_day_id, is_student) values (1046, 15, 143, 0)
set identity_insert dbo.conference_day_attendees off

set identity_insert dbo.conference_day_attendees on
insert into dbo.conference_day_attendees (attendee_id, registered_id, reservation_day_id, is_student) values (1047, 16, 143, 0)
set identity_insert dbo.conference_day_attendees off

set identity_insert dbo.conference_day_attendees on
insert into dbo.conference_day_attendees (attendee_id, registered_id, reservation_day_id, is_student) values (1048, 21, 143, 0)
set identity_insert dbo.conference_day_attendees off

set identity_insert dbo.conference_day_reservations on
insert into dbo.conference_day_reservations (reservation_day_id, conference_day_id, reservation_id, student_attendees, full_price_attendees) values (144, 11, 70, 6, 5)
set identity_insert dbo.conference_day_reservations off

set identity_insert dbo.conference_day_attendees on
insert into dbo.conference_day_attendees (attendee_id, registered_id, reservation_day_id, is_student) values (1049, 24, 144, 1)
set identity_insert dbo.conference_day_attendees off

set identity_insert dbo.conference_day_attendees on
insert into dbo.conference_day_attendees (attendee_id, registered_id, reservation_day_id, is_student) values (1050, 48, 144, 1)
set identity_insert dbo.conference_day_attendees off

set identity_insert dbo.conference_day_attendees on
insert into dbo.conference_day_attendees (attendee_id, registered_id, reservation_day_id, is_student) values (1051, 29, 144, 1)
set identity_insert dbo.conference_day_attendees off

set identity_insert dbo.conference_day_attendees on
insert into dbo.conference_day_attendees (attendee_id, registered_id, reservation_day_id, is_student) values (1052, 36, 144, 1)
set identity_insert dbo.conference_day_attendees off

set identity_insert dbo.conference_day_attendees on
insert into dbo.conference_day_attendees (attendee_id, registered_id, reservation_day_id, is_student) values (1053, 21, 144, 1)
set identity_insert dbo.conference_day_attendees off

set identity_insert dbo.conference_day_attendees on
insert into dbo.conference_day_attendees (attendee_id, registered_id, reservation_day_id, is_student) values (1054, 21, 144, 1)
set identity_insert dbo.conference_day_attendees off

set identity_insert dbo.conference_day_attendees on
insert into dbo.conference_day_attendees (attendee_id, registered_id, reservation_day_id, is_student) values (1055, 18, 144, 1)
set identity_insert dbo.conference_day_attendees off

set identity_insert dbo.conference_day_attendees on
insert into dbo.conference_day_attendees (attendee_id, registered_id, reservation_day_id, is_student) values (1056, 23, 144, 0)
set identity_insert dbo.conference_day_attendees off

set identity_insert dbo.conference_day_attendees on
insert into dbo.conference_day_attendees (attendee_id, registered_id, reservation_day_id, is_student) values (1057, 30, 144, 0)
set identity_insert dbo.conference_day_attendees off

set identity_insert dbo.conference_day_attendees on
insert into dbo.conference_day_attendees (attendee_id, registered_id, reservation_day_id, is_student) values (1058, 45, 144, 0)
set identity_insert dbo.conference_day_attendees off

set identity_insert dbo.conference_day_attendees on
insert into dbo.conference_day_attendees (attendee_id, registered_id, reservation_day_id, is_student) values (1059, 42, 144, 0)
set identity_insert dbo.conference_day_attendees off

set identity_insert dbo.payments on
insert into dbo.payments (payment_id, payment_date, reservation_id, amount) values (306, '2018-11-09', 70, 879.04)
set identity_insert dbo.payments off

set identity_insert dbo.payments on
insert into dbo.payments (payment_id, payment_date, reservation_id, amount) values (307, '2018-11-05', 70, 9789.56)
set identity_insert dbo.payments off

set identity_insert dbo.payments on
insert into dbo.payments (payment_id, payment_date, reservation_id, amount) values (308, '2018-11-09', 70, 1571.17)
set identity_insert dbo.payments off

set identity_insert dbo.payments on
insert into dbo.payments (payment_id, payment_date, reservation_id, amount) values (309, '2018-11-08', 70, 4430.06)
set identity_insert dbo.payments off

set identity_insert dbo.payments on
insert into dbo.payments (payment_id, payment_date, reservation_id, amount) values (310, '2018-11-12', 70, 2433.31)
set identity_insert dbo.payments off

set identity_insert dbo.reservations on
insert into dbo.reservations (reservation_id, customer_id, reservation_date) values (71, 11, '2017-06-21')
set identity_insert dbo.reservations off

set identity_insert dbo.conference_day_reservations on
insert into dbo.conference_day_reservations (reservation_day_id, conference_day_id, reservation_id, student_attendees, full_price_attendees) values (145, 98, 71, 3, 2)
set identity_insert dbo.conference_day_reservations off

set identity_insert dbo.conference_day_attendees on
insert into dbo.conference_day_attendees (attendee_id, registered_id, reservation_day_id, is_student) values (1060, 47, 145, 1)
set identity_insert dbo.conference_day_attendees off

set identity_insert dbo.conference_day_attendees on
insert into dbo.conference_day_attendees (attendee_id, registered_id, reservation_day_id, is_student) values (1061, 11, 145, 1)
set identity_insert dbo.conference_day_attendees off

set identity_insert dbo.conference_day_attendees on
insert into dbo.conference_day_attendees (attendee_id, registered_id, reservation_day_id, is_student) values (1062, 37, 145, 1)
set identity_insert dbo.conference_day_attendees off

set identity_insert dbo.conference_day_attendees on
insert into dbo.conference_day_attendees (attendee_id, registered_id, reservation_day_id, is_student) values (1063, 11, 145, 1)
set identity_insert dbo.conference_day_attendees off

set identity_insert dbo.conference_day_attendees on
insert into dbo.conference_day_attendees (attendee_id, registered_id, reservation_day_id, is_student) values (1064, 40, 145, 0)
set identity_insert dbo.conference_day_attendees off

set identity_insert dbo.conference_day_reservations on
insert into dbo.conference_day_reservations (reservation_day_id, conference_day_id, reservation_id, student_attendees, full_price_attendees) values (146, 98, 71, 4, 3)
set identity_insert dbo.conference_day_reservations off

set identity_insert dbo.conference_day_attendees on
insert into dbo.conference_day_attendees (attendee_id, registered_id, reservation_day_id, is_student) values (1065, 9, 146, 1)
set identity_insert dbo.conference_day_attendees off

set identity_insert dbo.conference_day_reservations on
insert into dbo.conference_day_reservations (reservation_day_id, conference_day_id, reservation_id, student_attendees, full_price_attendees) values (147, 98, 71, 9, 7)
set identity_insert dbo.conference_day_reservations off

set identity_insert dbo.conference_day_attendees on
insert into dbo.conference_day_attendees (attendee_id, registered_id, reservation_day_id, is_student) values (1066, 10, 147, 1)
set identity_insert dbo.conference_day_attendees off

set identity_insert dbo.conference_day_attendees on
insert into dbo.conference_day_attendees (attendee_id, registered_id, reservation_day_id, is_student) values (1067, 5, 147, 1)
set identity_insert dbo.conference_day_attendees off

set identity_insert dbo.conference_day_attendees on
insert into dbo.conference_day_attendees (attendee_id, registered_id, reservation_day_id, is_student) values (1068, 5, 147, 1)
set identity_insert dbo.conference_day_attendees off

set identity_insert dbo.conference_day_attendees on
insert into dbo.conference_day_attendees (attendee_id, registered_id, reservation_day_id, is_student) values (1069, 31, 147, 1)
set identity_insert dbo.conference_day_attendees off

set identity_insert dbo.conference_day_attendees on
insert into dbo.conference_day_attendees (attendee_id, registered_id, reservation_day_id, is_student) values (1070, 24, 147, 0)
set identity_insert dbo.conference_day_attendees off

set identity_insert dbo.conference_day_attendees on
insert into dbo.conference_day_attendees (attendee_id, registered_id, reservation_day_id, is_student) values (1071, 45, 147, 0)
set identity_insert dbo.conference_day_attendees off

set identity_insert dbo.conference_day_attendees on
insert into dbo.conference_day_attendees (attendee_id, registered_id, reservation_day_id, is_student) values (1072, 9, 147, 0)
set identity_insert dbo.conference_day_attendees off

set identity_insert dbo.conference_day_attendees on
insert into dbo.conference_day_attendees (attendee_id, registered_id, reservation_day_id, is_student) values (1073, 2, 147, 0)
set identity_insert dbo.conference_day_attendees off

set identity_insert dbo.conference_day_attendees on
insert into dbo.conference_day_attendees (attendee_id, registered_id, reservation_day_id, is_student) values (1074, 26, 147, 0)
set identity_insert dbo.conference_day_attendees off

set identity_insert dbo.conference_day_reservations on
insert into dbo.conference_day_reservations (reservation_day_id, conference_day_id, reservation_id, student_attendees, full_price_attendees) values (148, 98, 71, 5, 9)
set identity_insert dbo.conference_day_reservations off

set identity_insert dbo.conference_day_attendees on
insert into dbo.conference_day_attendees (attendee_id, registered_id, reservation_day_id, is_student) values (1075, 12, 148, 1)
set identity_insert dbo.conference_day_attendees off

set identity_insert dbo.conference_day_attendees on
insert into dbo.conference_day_attendees (attendee_id, registered_id, reservation_day_id, is_student) values (1076, 12, 148, 1)
set identity_insert dbo.conference_day_attendees off

set identity_insert dbo.conference_day_attendees on
insert into dbo.conference_day_attendees (attendee_id, registered_id, reservation_day_id, is_student) values (1077, 14, 148, 1)
set identity_insert dbo.conference_day_attendees off

set identity_insert dbo.conference_day_attendees on
insert into dbo.conference_day_attendees (attendee_id, registered_id, reservation_day_id, is_student) values (1078, 8, 148, 1)
set identity_insert dbo.conference_day_attendees off

set identity_insert dbo.conference_day_attendees on
insert into dbo.conference_day_attendees (attendee_id, registered_id, reservation_day_id, is_student) values (1079, 30, 148, 1)
set identity_insert dbo.conference_day_attendees off

set identity_insert dbo.conference_day_attendees on
insert into dbo.conference_day_attendees (attendee_id, registered_id, reservation_day_id, is_student) values (1080, 19, 148, 1)
set identity_insert dbo.conference_day_attendees off

set identity_insert dbo.conference_day_attendees on
insert into dbo.conference_day_attendees (attendee_id, registered_id, reservation_day_id, is_student) values (1081, 10, 148, 0)
set identity_insert dbo.conference_day_attendees off

set identity_insert dbo.conference_day_attendees on
insert into dbo.conference_day_attendees (attendee_id, registered_id, reservation_day_id, is_student) values (1082, 22, 148, 0)
set identity_insert dbo.conference_day_attendees off

set identity_insert dbo.conference_day_attendees on
insert into dbo.conference_day_attendees (attendee_id, registered_id, reservation_day_id, is_student) values (1083, 48, 148, 0)
set identity_insert dbo.conference_day_attendees off

set identity_insert dbo.conference_day_attendees on
insert into dbo.conference_day_attendees (attendee_id, registered_id, reservation_day_id, is_student) values (1084, 8, 148, 0)
set identity_insert dbo.conference_day_attendees off

set identity_insert dbo.conference_day_attendees on
insert into dbo.conference_day_attendees (attendee_id, registered_id, reservation_day_id, is_student) values (1085, 28, 148, 0)
set identity_insert dbo.conference_day_attendees off

set identity_insert dbo.conference_day_attendees on
insert into dbo.conference_day_attendees (attendee_id, registered_id, reservation_day_id, is_student) values (1086, 27, 148, 0)
set identity_insert dbo.conference_day_attendees off

set identity_insert dbo.conference_day_attendees on
insert into dbo.conference_day_attendees (attendee_id, registered_id, reservation_day_id, is_student) values (1087, 11, 148, 0)
set identity_insert dbo.conference_day_attendees off

set identity_insert dbo.conference_day_attendees on
insert into dbo.conference_day_attendees (attendee_id, registered_id, reservation_day_id, is_student) values (1088, 3, 148, 0)
set identity_insert dbo.conference_day_attendees off

set identity_insert dbo.conference_day_reservations on
insert into dbo.conference_day_reservations (reservation_day_id, conference_day_id, reservation_id, student_attendees, full_price_attendees) values (149, 98, 71, 8, 9)
set identity_insert dbo.conference_day_reservations off

set identity_insert dbo.conference_day_attendees on
insert into dbo.conference_day_attendees (attendee_id, registered_id, reservation_day_id, is_student) values (1089, 16, 149, 1)
set identity_insert dbo.conference_day_attendees off

set identity_insert dbo.conference_day_attendees on
insert into dbo.conference_day_attendees (attendee_id, registered_id, reservation_day_id, is_student) values (1090, 24, 149, 1)
set identity_insert dbo.conference_day_attendees off

set identity_insert dbo.conference_day_attendees on
insert into dbo.conference_day_attendees (attendee_id, registered_id, reservation_day_id, is_student) values (1091, 44, 149, 1)
set identity_insert dbo.conference_day_attendees off

set identity_insert dbo.conference_day_attendees on
insert into dbo.conference_day_attendees (attendee_id, registered_id, reservation_day_id, is_student) values (1092, 47, 149, 1)
set identity_insert dbo.conference_day_attendees off

set identity_insert dbo.conference_day_attendees on
insert into dbo.conference_day_attendees (attendee_id, registered_id, reservation_day_id, is_student) values (1093, 2, 149, 1)
set identity_insert dbo.conference_day_attendees off

set identity_insert dbo.conference_day_attendees on
insert into dbo.conference_day_attendees (attendee_id, registered_id, reservation_day_id, is_student) values (1094, 14, 149, 1)
set identity_insert dbo.conference_day_attendees off

set identity_insert dbo.conference_day_attendees on
insert into dbo.conference_day_attendees (attendee_id, registered_id, reservation_day_id, is_student) values (1095, 14, 149, 1)
set identity_insert dbo.conference_day_attendees off

set identity_insert dbo.conference_day_attendees on
insert into dbo.conference_day_attendees (attendee_id, registered_id, reservation_day_id, is_student) values (1096, 16, 149, 1)
set identity_insert dbo.conference_day_attendees off

set identity_insert dbo.conference_day_attendees on
insert into dbo.conference_day_attendees (attendee_id, registered_id, reservation_day_id, is_student) values (1097, 18, 149, 1)
set identity_insert dbo.conference_day_attendees off

set identity_insert dbo.conference_day_attendees on
insert into dbo.conference_day_attendees (attendee_id, registered_id, reservation_day_id, is_student) values (1098, 21, 149, 0)
set identity_insert dbo.conference_day_attendees off

set identity_insert dbo.conference_day_attendees on
insert into dbo.conference_day_attendees (attendee_id, registered_id, reservation_day_id, is_student) values (1099, 35, 149, 0)
set identity_insert dbo.conference_day_attendees off

set identity_insert dbo.conference_day_attendees on
insert into dbo.conference_day_attendees (attendee_id, registered_id, reservation_day_id, is_student) values (1100, 7, 149, 0)
set identity_insert dbo.conference_day_attendees off

set identity_insert dbo.conference_day_attendees on
insert into dbo.conference_day_attendees (attendee_id, registered_id, reservation_day_id, is_student) values (1101, 31, 149, 0)
set identity_insert dbo.conference_day_attendees off

set identity_insert dbo.conference_day_attendees on
insert into dbo.conference_day_attendees (attendee_id, registered_id, reservation_day_id, is_student) values (1102, 15, 149, 0)
set identity_insert dbo.conference_day_attendees off

set identity_insert dbo.conference_day_attendees on
insert into dbo.conference_day_attendees (attendee_id, registered_id, reservation_day_id, is_student) values (1103, 32, 149, 0)
set identity_insert dbo.conference_day_attendees off

set identity_insert dbo.conference_day_attendees on
insert into dbo.conference_day_attendees (attendee_id, registered_id, reservation_day_id, is_student) values (1104, 17, 149, 0)
set identity_insert dbo.conference_day_attendees off

set identity_insert dbo.conference_day_attendees on
insert into dbo.conference_day_attendees (attendee_id, registered_id, reservation_day_id, is_student) values (1105, 15, 149, 0)
set identity_insert dbo.conference_day_attendees off

set identity_insert dbo.reservations on
insert into dbo.reservations (reservation_id, customer_id, reservation_date) values (72, 22, '2018-05-15')
set identity_insert dbo.reservations off

set identity_insert dbo.conference_day_reservations on
insert into dbo.conference_day_reservations (reservation_day_id, conference_day_id, reservation_id, student_attendees, full_price_attendees) values (150, 88, 72, 10, 8)
set identity_insert dbo.conference_day_reservations off

set identity_insert dbo.conference_day_attendees on
insert into dbo.conference_day_attendees (attendee_id, registered_id, reservation_day_id, is_student) values (1106, 38, 150, 1)
set identity_insert dbo.conference_day_attendees off

set identity_insert dbo.conference_day_attendees on
insert into dbo.conference_day_attendees (attendee_id, registered_id, reservation_day_id, is_student) values (1107, 49, 150, 1)
set identity_insert dbo.conference_day_attendees off

set identity_insert dbo.conference_day_attendees on
insert into dbo.conference_day_attendees (attendee_id, registered_id, reservation_day_id, is_student) values (1108, 30, 150, 1)
set identity_insert dbo.conference_day_attendees off

set identity_insert dbo.conference_day_attendees on
insert into dbo.conference_day_attendees (attendee_id, registered_id, reservation_day_id, is_student) values (1109, 28, 150, 1)
set identity_insert dbo.conference_day_attendees off

set identity_insert dbo.conference_day_attendees on
insert into dbo.conference_day_attendees (attendee_id, registered_id, reservation_day_id, is_student) values (1110, 17, 150, 1)
set identity_insert dbo.conference_day_attendees off

set identity_insert dbo.conference_day_attendees on
insert into dbo.conference_day_attendees (attendee_id, registered_id, reservation_day_id, is_student) values (1111, 34, 150, 0)
set identity_insert dbo.conference_day_attendees off

set identity_insert dbo.conference_day_attendees on
insert into dbo.conference_day_attendees (attendee_id, registered_id, reservation_day_id, is_student) values (1112, 28, 150, 0)
set identity_insert dbo.conference_day_attendees off

set identity_insert dbo.payments on
insert into dbo.payments (payment_id, payment_date, reservation_id, amount) values (311, '2018-05-07', 72, 7302.58)
set identity_insert dbo.payments off

set identity_insert dbo.payments on
insert into dbo.payments (payment_id, payment_date, reservation_id, amount) values (312, '2018-05-12', 72, 1852.88)
set identity_insert dbo.payments off

set identity_insert dbo.payments on
insert into dbo.payments (payment_id, payment_date, reservation_id, amount) values (313, '2018-05-09', 72, 2441.25)
set identity_insert dbo.payments off

set identity_insert dbo.payments on
insert into dbo.payments (payment_id, payment_date, reservation_id, amount) values (314, '2018-05-14', 72, 4382.63)
set identity_insert dbo.payments off

set identity_insert dbo.payments on
insert into dbo.payments (payment_id, payment_date, reservation_id, amount) values (315, '2018-05-13', 72, 9187.18)
set identity_insert dbo.payments off

set identity_insert dbo.reservations on
insert into dbo.reservations (reservation_id, customer_id, reservation_date) values (73, 26, '2017-07-05')
set identity_insert dbo.reservations off

set identity_insert dbo.conference_day_reservations on
insert into dbo.conference_day_reservations (reservation_day_id, conference_day_id, reservation_id, student_attendees, full_price_attendees) values (151, 47, 73, 7, 2)
set identity_insert dbo.conference_day_reservations off

set identity_insert dbo.conference_day_attendees on
insert into dbo.conference_day_attendees (attendee_id, registered_id, reservation_day_id, is_student) values (1113, 13, 151, 1)
set identity_insert dbo.conference_day_attendees off

set identity_insert dbo.conference_day_attendees on
insert into dbo.conference_day_attendees (attendee_id, registered_id, reservation_day_id, is_student) values (1114, 10, 151, 1)
set identity_insert dbo.conference_day_attendees off

set identity_insert dbo.conference_day_attendees on
insert into dbo.conference_day_attendees (attendee_id, registered_id, reservation_day_id, is_student) values (1115, 43, 151, 1)
set identity_insert dbo.conference_day_attendees off

set identity_insert dbo.conference_day_attendees on
insert into dbo.conference_day_attendees (attendee_id, registered_id, reservation_day_id, is_student) values (1116, 45, 151, 0)
set identity_insert dbo.conference_day_attendees off

set identity_insert dbo.conference_day_reservations on
insert into dbo.conference_day_reservations (reservation_day_id, conference_day_id, reservation_id, student_attendees, full_price_attendees) values (152, 47, 73, 9, 8)
set identity_insert dbo.conference_day_reservations off

set identity_insert dbo.conference_day_attendees on
insert into dbo.conference_day_attendees (attendee_id, registered_id, reservation_day_id, is_student) values (1117, 10, 152, 1)
set identity_insert dbo.conference_day_attendees off

set identity_insert dbo.conference_day_attendees on
insert into dbo.conference_day_attendees (attendee_id, registered_id, reservation_day_id, is_student) values (1118, 8, 152, 0)
set identity_insert dbo.conference_day_attendees off

set identity_insert dbo.conference_day_attendees on
insert into dbo.conference_day_attendees (attendee_id, registered_id, reservation_day_id, is_student) values (1119, 36, 152, 0)
set identity_insert dbo.conference_day_attendees off

set identity_insert dbo.conference_day_attendees on
insert into dbo.conference_day_attendees (attendee_id, registered_id, reservation_day_id, is_student) values (1120, 4, 152, 0)
set identity_insert dbo.conference_day_attendees off

set identity_insert dbo.conference_day_attendees on
insert into dbo.conference_day_attendees (attendee_id, registered_id, reservation_day_id, is_student) values (1121, 42, 152, 0)
set identity_insert dbo.conference_day_attendees off

set identity_insert dbo.conference_day_attendees on
insert into dbo.conference_day_attendees (attendee_id, registered_id, reservation_day_id, is_student) values (1122, 7, 152, 0)
set identity_insert dbo.conference_day_attendees off

set identity_insert dbo.conference_day_attendees on
insert into dbo.conference_day_attendees (attendee_id, registered_id, reservation_day_id, is_student) values (1123, 26, 152, 0)
set identity_insert dbo.conference_day_attendees off

set identity_insert dbo.conference_day_attendees on
insert into dbo.conference_day_attendees (attendee_id, registered_id, reservation_day_id, is_student) values (1124, 18, 152, 0)
set identity_insert dbo.conference_day_attendees off

set identity_insert dbo.payments on
insert into dbo.payments (payment_id, payment_date, reservation_id, amount) values (316, '2017-06-17', 73, 9884.53)
set identity_insert dbo.payments off

set identity_insert dbo.payments on
insert into dbo.payments (payment_id, payment_date, reservation_id, amount) values (317, '2017-06-09', 73, 4823.04)
set identity_insert dbo.payments off

set identity_insert dbo.reservations on
insert into dbo.reservations (reservation_id, customer_id, reservation_date) values (74, 22, '2018-07-09')
set identity_insert dbo.reservations off

set identity_insert dbo.conference_day_reservations on
insert into dbo.conference_day_reservations (reservation_day_id, conference_day_id, reservation_id, student_attendees, full_price_attendees) values (153, 33, 74, 1, 8)
set identity_insert dbo.conference_day_reservations off

set identity_insert dbo.conference_day_attendees on
insert into dbo.conference_day_attendees (attendee_id, registered_id, reservation_day_id, is_student) values (1125, 34, 153, 1)
set identity_insert dbo.conference_day_attendees off

set identity_insert dbo.conference_day_attendees on
insert into dbo.conference_day_attendees (attendee_id, registered_id, reservation_day_id, is_student) values (1126, 7, 153, 0)
set identity_insert dbo.conference_day_attendees off

set identity_insert dbo.conference_day_attendees on
insert into dbo.conference_day_attendees (attendee_id, registered_id, reservation_day_id, is_student) values (1127, 36, 153, 0)
set identity_insert dbo.conference_day_attendees off

set identity_insert dbo.conference_day_attendees on
insert into dbo.conference_day_attendees (attendee_id, registered_id, reservation_day_id, is_student) values (1128, 33, 153, 0)
set identity_insert dbo.conference_day_attendees off

set identity_insert dbo.payments on
insert into dbo.payments (payment_id, payment_date, reservation_id, amount) values (318, '2018-07-03', 74, 5033.81)
set identity_insert dbo.payments off

set identity_insert dbo.reservations on
insert into dbo.reservations (reservation_id, customer_id, reservation_date) values (75, 7, '2019-05-09')
set identity_insert dbo.reservations off

set identity_insert dbo.conference_day_reservations on
insert into dbo.conference_day_reservations (reservation_day_id, conference_day_id, reservation_id, student_attendees, full_price_attendees) values (154, 27, 75, 3, 4)
set identity_insert dbo.conference_day_reservations off

set identity_insert dbo.reservations on
insert into dbo.reservations (reservation_id, customer_id, reservation_date) values (76, 29, '2019-11-01')
set identity_insert dbo.reservations off

set identity_insert dbo.conference_day_reservations on
insert into dbo.conference_day_reservations (reservation_day_id, conference_day_id, reservation_id, student_attendees, full_price_attendees) values (155, 63, 76, 8, 3)
set identity_insert dbo.conference_day_reservations off

set identity_insert dbo.conference_day_attendees on
insert into dbo.conference_day_attendees (attendee_id, registered_id, reservation_day_id, is_student) values (1129, 7, 155, 1)
set identity_insert dbo.conference_day_attendees off

set identity_insert dbo.conference_day_attendees on
insert into dbo.conference_day_attendees (attendee_id, registered_id, reservation_day_id, is_student) values (1130, 35, 155, 1)
set identity_insert dbo.conference_day_attendees off

set identity_insert dbo.conference_day_attendees on
insert into dbo.conference_day_attendees (attendee_id, registered_id, reservation_day_id, is_student) values (1131, 35, 155, 1)
set identity_insert dbo.conference_day_attendees off

set identity_insert dbo.conference_day_attendees on
insert into dbo.conference_day_attendees (attendee_id, registered_id, reservation_day_id, is_student) values (1132, 43, 155, 1)
set identity_insert dbo.conference_day_attendees off

set identity_insert dbo.conference_day_attendees on
insert into dbo.conference_day_attendees (attendee_id, registered_id, reservation_day_id, is_student) values (1133, 18, 155, 1)
set identity_insert dbo.conference_day_attendees off

set identity_insert dbo.conference_day_attendees on
insert into dbo.conference_day_attendees (attendee_id, registered_id, reservation_day_id, is_student) values (1134, 35, 155, 1)
set identity_insert dbo.conference_day_attendees off

set identity_insert dbo.conference_day_attendees on
insert into dbo.conference_day_attendees (attendee_id, registered_id, reservation_day_id, is_student) values (1135, 11, 155, 1)
set identity_insert dbo.conference_day_attendees off

set identity_insert dbo.conference_day_attendees on
insert into dbo.conference_day_attendees (attendee_id, registered_id, reservation_day_id, is_student) values (1136, 24, 155, 1)
set identity_insert dbo.conference_day_attendees off

set identity_insert dbo.conference_day_attendees on
insert into dbo.conference_day_attendees (attendee_id, registered_id, reservation_day_id, is_student) values (1137, 13, 155, 0)
set identity_insert dbo.conference_day_attendees off

set identity_insert dbo.conference_day_attendees on
insert into dbo.conference_day_attendees (attendee_id, registered_id, reservation_day_id, is_student) values (1138, 14, 155, 0)
set identity_insert dbo.conference_day_attendees off

set identity_insert dbo.conference_day_reservations on
insert into dbo.conference_day_reservations (reservation_day_id, conference_day_id, reservation_id, student_attendees, full_price_attendees) values (156, 63, 76, 9, 6)
set identity_insert dbo.conference_day_reservations off

set identity_insert dbo.conference_day_attendees on
insert into dbo.conference_day_attendees (attendee_id, registered_id, reservation_day_id, is_student) values (1139, 15, 156, 1)
set identity_insert dbo.conference_day_attendees off

set identity_insert dbo.conference_day_attendees on
insert into dbo.conference_day_attendees (attendee_id, registered_id, reservation_day_id, is_student) values (1140, 17, 156, 1)
set identity_insert dbo.conference_day_attendees off

set identity_insert dbo.conference_day_attendees on
insert into dbo.conference_day_attendees (attendee_id, registered_id, reservation_day_id, is_student) values (1141, 49, 156, 0)
set identity_insert dbo.conference_day_attendees off

set identity_insert dbo.conference_day_reservations on
insert into dbo.conference_day_reservations (reservation_day_id, conference_day_id, reservation_id, student_attendees, full_price_attendees) values (157, 63, 76, 9, 7)
set identity_insert dbo.conference_day_reservations off

set identity_insert dbo.conference_day_attendees on
insert into dbo.conference_day_attendees (attendee_id, registered_id, reservation_day_id, is_student) values (1142, 31, 157, 1)
set identity_insert dbo.conference_day_attendees off

set identity_insert dbo.conference_day_attendees on
insert into dbo.conference_day_attendees (attendee_id, registered_id, reservation_day_id, is_student) values (1143, 49, 157, 1)
set identity_insert dbo.conference_day_attendees off

set identity_insert dbo.conference_day_attendees on
insert into dbo.conference_day_attendees (attendee_id, registered_id, reservation_day_id, is_student) values (1144, 50, 157, 1)
set identity_insert dbo.conference_day_attendees off

set identity_insert dbo.conference_day_attendees on
insert into dbo.conference_day_attendees (attendee_id, registered_id, reservation_day_id, is_student) values (1145, 24, 157, 0)
set identity_insert dbo.conference_day_attendees off

set identity_insert dbo.payments on
insert into dbo.payments (payment_id, payment_date, reservation_id, amount) values (319, '2019-10-17', 76, 7632.77)
set identity_insert dbo.payments off

set identity_insert dbo.payments on
insert into dbo.payments (payment_id, payment_date, reservation_id, amount) values (320, '2019-10-18', 76, 8683.89)
set identity_insert dbo.payments off

set identity_insert dbo.payments on
insert into dbo.payments (payment_id, payment_date, reservation_id, amount) values (321, '2019-10-23', 76, 2423.02)
set identity_insert dbo.payments off

set identity_insert dbo.payments on
insert into dbo.payments (payment_id, payment_date, reservation_id, amount) values (322, '2019-10-29', 76, 8157.71)
set identity_insert dbo.payments off

set identity_insert dbo.payments on
insert into dbo.payments (payment_id, payment_date, reservation_id, amount) values (323, '2019-10-24', 76, 9534.86)
set identity_insert dbo.payments off

set identity_insert dbo.payments on
insert into dbo.payments (payment_id, payment_date, reservation_id, amount) values (324, '2019-10-31', 76, 444.11)
set identity_insert dbo.payments off

set identity_insert dbo.payments on
insert into dbo.payments (payment_id, payment_date, reservation_id, amount) values (325, '2019-10-18', 76, 6057.3)
set identity_insert dbo.payments off

set identity_insert dbo.reservations on
insert into dbo.reservations (reservation_id, customer_id, reservation_date) values (77, 25, '2018-03-29')
set identity_insert dbo.reservations off

set identity_insert dbo.conference_day_reservations on
insert into dbo.conference_day_reservations (reservation_day_id, conference_day_id, reservation_id, student_attendees, full_price_attendees) values (158, 69, 77, 1, 7)
set identity_insert dbo.conference_day_reservations off

set identity_insert dbo.conference_day_attendees on
insert into dbo.conference_day_attendees (attendee_id, registered_id, reservation_day_id, is_student) values (1146, 16, 158, 1)
set identity_insert dbo.conference_day_attendees off

set identity_insert dbo.conference_day_attendees on
insert into dbo.conference_day_attendees (attendee_id, registered_id, reservation_day_id, is_student) values (1147, 28, 158, 1)
set identity_insert dbo.conference_day_attendees off

set identity_insert dbo.payments on
insert into dbo.payments (payment_id, payment_date, reservation_id, amount) values (326, '2018-03-29', 77, 2783.49)
set identity_insert dbo.payments off

set identity_insert dbo.payments on
insert into dbo.payments (payment_id, payment_date, reservation_id, amount) values (327, '2018-03-24', 77, 3055.88)
set identity_insert dbo.payments off

set identity_insert dbo.reservations on
insert into dbo.reservations (reservation_id, customer_id, reservation_date) values (78, 15, '2017-06-06')
set identity_insert dbo.reservations off

set identity_insert dbo.conference_day_reservations on
insert into dbo.conference_day_reservations (reservation_day_id, conference_day_id, reservation_id, student_attendees, full_price_attendees) values (159, 38, 78, 0, 3)
set identity_insert dbo.conference_day_reservations off

set identity_insert dbo.conference_day_attendees on
insert into dbo.conference_day_attendees (attendee_id, registered_id, reservation_day_id, is_student) values (1148, 10, 159, 1)
set identity_insert dbo.conference_day_attendees off

set identity_insert dbo.conference_day_attendees on
insert into dbo.conference_day_attendees (attendee_id, registered_id, reservation_day_id, is_student) values (1149, 36, 159, 0)
set identity_insert dbo.conference_day_attendees off

set identity_insert dbo.conference_day_attendees on
insert into dbo.conference_day_attendees (attendee_id, registered_id, reservation_day_id, is_student) values (1150, 45, 159, 0)
set identity_insert dbo.conference_day_attendees off

set identity_insert dbo.conference_day_reservations on
insert into dbo.conference_day_reservations (reservation_day_id, conference_day_id, reservation_id, student_attendees, full_price_attendees) values (160, 38, 78, 3, 1)
set identity_insert dbo.conference_day_reservations off

set identity_insert dbo.conference_day_attendees on
insert into dbo.conference_day_attendees (attendee_id, registered_id, reservation_day_id, is_student) values (1151, 14, 160, 1)
set identity_insert dbo.conference_day_attendees off

set identity_insert dbo.conference_day_attendees on
insert into dbo.conference_day_attendees (attendee_id, registered_id, reservation_day_id, is_student) values (1152, 30, 160, 1)
set identity_insert dbo.conference_day_attendees off

set identity_insert dbo.conference_day_attendees on
insert into dbo.conference_day_attendees (attendee_id, registered_id, reservation_day_id, is_student) values (1153, 35, 160, 1)
set identity_insert dbo.conference_day_attendees off

set identity_insert dbo.conference_day_attendees on
insert into dbo.conference_day_attendees (attendee_id, registered_id, reservation_day_id, is_student) values (1154, 11, 160, 1)
set identity_insert dbo.conference_day_attendees off

set identity_insert dbo.conference_day_reservations on
insert into dbo.conference_day_reservations (reservation_day_id, conference_day_id, reservation_id, student_attendees, full_price_attendees) values (161, 38, 78, 7, 10)
set identity_insert dbo.conference_day_reservations off

set identity_insert dbo.conference_day_attendees on
insert into dbo.conference_day_attendees (attendee_id, registered_id, reservation_day_id, is_student) values (1155, 19, 161, 1)
set identity_insert dbo.conference_day_attendees off

set identity_insert dbo.conference_day_attendees on
insert into dbo.conference_day_attendees (attendee_id, registered_id, reservation_day_id, is_student) values (1156, 16, 161, 1)
set identity_insert dbo.conference_day_attendees off

set identity_insert dbo.conference_day_attendees on
insert into dbo.conference_day_attendees (attendee_id, registered_id, reservation_day_id, is_student) values (1157, 48, 161, 1)
set identity_insert dbo.conference_day_attendees off

set identity_insert dbo.conference_day_attendees on
insert into dbo.conference_day_attendees (attendee_id, registered_id, reservation_day_id, is_student) values (1158, 42, 161, 1)
set identity_insert dbo.conference_day_attendees off

set identity_insert dbo.conference_day_attendees on
insert into dbo.conference_day_attendees (attendee_id, registered_id, reservation_day_id, is_student) values (1159, 25, 161, 1)
set identity_insert dbo.conference_day_attendees off

set identity_insert dbo.conference_day_attendees on
insert into dbo.conference_day_attendees (attendee_id, registered_id, reservation_day_id, is_student) values (1160, 50, 161, 1)
set identity_insert dbo.conference_day_attendees off

set identity_insert dbo.conference_day_attendees on
insert into dbo.conference_day_attendees (attendee_id, registered_id, reservation_day_id, is_student) values (1161, 26, 161, 1)
set identity_insert dbo.conference_day_attendees off

set identity_insert dbo.conference_day_attendees on
insert into dbo.conference_day_attendees (attendee_id, registered_id, reservation_day_id, is_student) values (1162, 38, 161, 1)
set identity_insert dbo.conference_day_attendees off

set identity_insert dbo.conference_day_attendees on
insert into dbo.conference_day_attendees (attendee_id, registered_id, reservation_day_id, is_student) values (1163, 33, 161, 0)
set identity_insert dbo.conference_day_attendees off

set identity_insert dbo.conference_day_attendees on
insert into dbo.conference_day_attendees (attendee_id, registered_id, reservation_day_id, is_student) values (1164, 6, 161, 0)
set identity_insert dbo.conference_day_attendees off

set identity_insert dbo.conference_day_attendees on
insert into dbo.conference_day_attendees (attendee_id, registered_id, reservation_day_id, is_student) values (1165, 8, 161, 0)
set identity_insert dbo.conference_day_attendees off

set identity_insert dbo.conference_day_attendees on
insert into dbo.conference_day_attendees (attendee_id, registered_id, reservation_day_id, is_student) values (1166, 13, 161, 0)
set identity_insert dbo.conference_day_attendees off

set identity_insert dbo.conference_day_attendees on
insert into dbo.conference_day_attendees (attendee_id, registered_id, reservation_day_id, is_student) values (1167, 23, 161, 0)
set identity_insert dbo.conference_day_attendees off

set identity_insert dbo.conference_day_attendees on
insert into dbo.conference_day_attendees (attendee_id, registered_id, reservation_day_id, is_student) values (1168, 41, 161, 0)
set identity_insert dbo.conference_day_attendees off

set identity_insert dbo.conference_day_attendees on
insert into dbo.conference_day_attendees (attendee_id, registered_id, reservation_day_id, is_student) values (1169, 14, 161, 0)
set identity_insert dbo.conference_day_attendees off

set identity_insert dbo.conference_day_attendees on
insert into dbo.conference_day_attendees (attendee_id, registered_id, reservation_day_id, is_student) values (1170, 2, 161, 0)
set identity_insert dbo.conference_day_attendees off

set identity_insert dbo.conference_day_attendees on
insert into dbo.conference_day_attendees (attendee_id, registered_id, reservation_day_id, is_student) values (1171, 20, 161, 0)
set identity_insert dbo.conference_day_attendees off

set identity_insert dbo.payments on
insert into dbo.payments (payment_id, payment_date, reservation_id, amount) values (328, '2017-05-05', 78, 7350.39)
set identity_insert dbo.payments off

set identity_insert dbo.payments on
insert into dbo.payments (payment_id, payment_date, reservation_id, amount) values (329, '2017-05-19', 78, 6034.02)
set identity_insert dbo.payments off

set identity_insert dbo.payments on
insert into dbo.payments (payment_id, payment_date, reservation_id, amount) values (330, '2017-05-08', 78, 8059.25)
set identity_insert dbo.payments off

set identity_insert dbo.payments on
insert into dbo.payments (payment_id, payment_date, reservation_id, amount) values (331, '2017-05-10', 78, 6423.2)
set identity_insert dbo.payments off

set identity_insert dbo.reservations on
insert into dbo.reservations (reservation_id, customer_id, reservation_date) values (79, 8, '2017-09-22')
set identity_insert dbo.reservations off

set identity_insert dbo.conference_day_reservations on
insert into dbo.conference_day_reservations (reservation_day_id, conference_day_id, reservation_id, student_attendees, full_price_attendees) values (162, 82, 79, 0, 6)
set identity_insert dbo.conference_day_reservations off

set identity_insert dbo.conference_day_attendees on
insert into dbo.conference_day_attendees (attendee_id, registered_id, reservation_day_id, is_student) values (1172, 50, 162, 1)
set identity_insert dbo.conference_day_attendees off

set identity_insert dbo.conference_day_attendees on
insert into dbo.conference_day_attendees (attendee_id, registered_id, reservation_day_id, is_student) values (1173, 32, 162, 0)
set identity_insert dbo.conference_day_attendees off

set identity_insert dbo.conference_day_attendees on
insert into dbo.conference_day_attendees (attendee_id, registered_id, reservation_day_id, is_student) values (1174, 43, 162, 0)
set identity_insert dbo.conference_day_attendees off

set identity_insert dbo.conference_day_attendees on
insert into dbo.conference_day_attendees (attendee_id, registered_id, reservation_day_id, is_student) values (1175, 43, 162, 0)
set identity_insert dbo.conference_day_attendees off

set identity_insert dbo.conference_day_attendees on
insert into dbo.conference_day_attendees (attendee_id, registered_id, reservation_day_id, is_student) values (1176, 45, 162, 0)
set identity_insert dbo.conference_day_attendees off

set identity_insert dbo.conference_day_attendees on
insert into dbo.conference_day_attendees (attendee_id, registered_id, reservation_day_id, is_student) values (1177, 32, 162, 0)
set identity_insert dbo.conference_day_attendees off

set identity_insert dbo.conference_day_reservations on
insert into dbo.conference_day_reservations (reservation_day_id, conference_day_id, reservation_id, student_attendees, full_price_attendees) values (163, 82, 79, 8, 6)
set identity_insert dbo.conference_day_reservations off

set identity_insert dbo.conference_day_attendees on
insert into dbo.conference_day_attendees (attendee_id, registered_id, reservation_day_id, is_student) values (1178, 1, 163, 1)
set identity_insert dbo.conference_day_attendees off

set identity_insert dbo.conference_day_attendees on
insert into dbo.conference_day_attendees (attendee_id, registered_id, reservation_day_id, is_student) values (1179, 41, 163, 1)
set identity_insert dbo.conference_day_attendees off

set identity_insert dbo.conference_day_attendees on
insert into dbo.conference_day_attendees (attendee_id, registered_id, reservation_day_id, is_student) values (1180, 50, 163, 1)
set identity_insert dbo.conference_day_attendees off

set identity_insert dbo.conference_day_attendees on
insert into dbo.conference_day_attendees (attendee_id, registered_id, reservation_day_id, is_student) values (1181, 35, 163, 1)
set identity_insert dbo.conference_day_attendees off

set identity_insert dbo.conference_day_attendees on
insert into dbo.conference_day_attendees (attendee_id, registered_id, reservation_day_id, is_student) values (1182, 29, 163, 0)
set identity_insert dbo.conference_day_attendees off

set identity_insert dbo.conference_day_attendees on
insert into dbo.conference_day_attendees (attendee_id, registered_id, reservation_day_id, is_student) values (1183, 7, 163, 0)
set identity_insert dbo.conference_day_attendees off

set identity_insert dbo.conference_day_reservations on
insert into dbo.conference_day_reservations (reservation_day_id, conference_day_id, reservation_id, student_attendees, full_price_attendees) values (164, 82, 79, 8, 9)
set identity_insert dbo.conference_day_reservations off

set identity_insert dbo.conference_day_attendees on
insert into dbo.conference_day_attendees (attendee_id, registered_id, reservation_day_id, is_student) values (1184, 6, 164, 1)
set identity_insert dbo.conference_day_attendees off

set identity_insert dbo.conference_day_attendees on
insert into dbo.conference_day_attendees (attendee_id, registered_id, reservation_day_id, is_student) values (1185, 6, 164, 1)
set identity_insert dbo.conference_day_attendees off

set identity_insert dbo.conference_day_attendees on
insert into dbo.conference_day_attendees (attendee_id, registered_id, reservation_day_id, is_student) values (1186, 22, 164, 1)
set identity_insert dbo.conference_day_attendees off

set identity_insert dbo.conference_day_attendees on
insert into dbo.conference_day_attendees (attendee_id, registered_id, reservation_day_id, is_student) values (1187, 39, 164, 1)
set identity_insert dbo.conference_day_attendees off

set identity_insert dbo.conference_day_attendees on
insert into dbo.conference_day_attendees (attendee_id, registered_id, reservation_day_id, is_student) values (1188, 32, 164, 1)
set identity_insert dbo.conference_day_attendees off

set identity_insert dbo.payments on
insert into dbo.payments (payment_id, payment_date, reservation_id, amount) values (332, '2017-09-12', 79, 6421.06)
set identity_insert dbo.payments off

set identity_insert dbo.payments on
insert into dbo.payments (payment_id, payment_date, reservation_id, amount) values (333, '2017-09-15', 79, 6432.38)
set identity_insert dbo.payments off

set identity_insert dbo.payments on
insert into dbo.payments (payment_id, payment_date, reservation_id, amount) values (334, '2017-09-05', 79, 7727.75)
set identity_insert dbo.payments off

set identity_insert dbo.payments on
insert into dbo.payments (payment_id, payment_date, reservation_id, amount) values (335, '2017-09-21', 79, 9487.03)
set identity_insert dbo.payments off

set identity_insert dbo.reservations on
insert into dbo.reservations (reservation_id, customer_id, reservation_date) values (80, 26, '2019-10-11')
set identity_insert dbo.reservations off

set identity_insert dbo.conference_day_reservations on
insert into dbo.conference_day_reservations (reservation_day_id, conference_day_id, reservation_id, student_attendees, full_price_attendees) values (165, 79, 80, 4, 9)
set identity_insert dbo.conference_day_reservations off

set identity_insert dbo.conference_day_attendees on
insert into dbo.conference_day_attendees (attendee_id, registered_id, reservation_day_id, is_student) values (1189, 35, 165, 1)
set identity_insert dbo.conference_day_attendees off

set identity_insert dbo.conference_day_attendees on
insert into dbo.conference_day_attendees (attendee_id, registered_id, reservation_day_id, is_student) values (1190, 36, 165, 1)
set identity_insert dbo.conference_day_attendees off

set identity_insert dbo.conference_day_attendees on
insert into dbo.conference_day_attendees (attendee_id, registered_id, reservation_day_id, is_student) values (1191, 40, 165, 1)
set identity_insert dbo.conference_day_attendees off

set identity_insert dbo.conference_day_attendees on
insert into dbo.conference_day_attendees (attendee_id, registered_id, reservation_day_id, is_student) values (1192, 20, 165, 1)
set identity_insert dbo.conference_day_attendees off

set identity_insert dbo.conference_day_attendees on
insert into dbo.conference_day_attendees (attendee_id, registered_id, reservation_day_id, is_student) values (1193, 40, 165, 0)
set identity_insert dbo.conference_day_attendees off

set identity_insert dbo.conference_day_attendees on
insert into dbo.conference_day_attendees (attendee_id, registered_id, reservation_day_id, is_student) values (1194, 29, 165, 0)
set identity_insert dbo.conference_day_attendees off

set identity_insert dbo.conference_day_reservations on
insert into dbo.conference_day_reservations (reservation_day_id, conference_day_id, reservation_id, student_attendees, full_price_attendees) values (166, 79, 80, 10, 4)
set identity_insert dbo.conference_day_reservations off

set identity_insert dbo.conference_day_attendees on
insert into dbo.conference_day_attendees (attendee_id, registered_id, reservation_day_id, is_student) values (1195, 8, 166, 1)
set identity_insert dbo.conference_day_attendees off

set identity_insert dbo.conference_day_attendees on
insert into dbo.conference_day_attendees (attendee_id, registered_id, reservation_day_id, is_student) values (1196, 12, 166, 1)
set identity_insert dbo.conference_day_attendees off

set identity_insert dbo.conference_day_attendees on
insert into dbo.conference_day_attendees (attendee_id, registered_id, reservation_day_id, is_student) values (1197, 48, 166, 1)
set identity_insert dbo.conference_day_attendees off

set identity_insert dbo.conference_day_attendees on
insert into dbo.conference_day_attendees (attendee_id, registered_id, reservation_day_id, is_student) values (1198, 45, 166, 0)
set identity_insert dbo.conference_day_attendees off

set identity_insert dbo.conference_day_attendees on
insert into dbo.conference_day_attendees (attendee_id, registered_id, reservation_day_id, is_student) values (1199, 20, 166, 0)
set identity_insert dbo.conference_day_attendees off

set identity_insert dbo.conference_day_attendees on
insert into dbo.conference_day_attendees (attendee_id, registered_id, reservation_day_id, is_student) values (1200, 49, 166, 0)
set identity_insert dbo.conference_day_attendees off

set identity_insert dbo.conference_day_reservations on
insert into dbo.conference_day_reservations (reservation_day_id, conference_day_id, reservation_id, student_attendees, full_price_attendees) values (167, 79, 80, 4, 1)
set identity_insert dbo.conference_day_reservations off

set identity_insert dbo.conference_day_attendees on
insert into dbo.conference_day_attendees (attendee_id, registered_id, reservation_day_id, is_student) values (1201, 18, 167, 1)
set identity_insert dbo.conference_day_attendees off

set identity_insert dbo.conference_day_attendees on
insert into dbo.conference_day_attendees (attendee_id, registered_id, reservation_day_id, is_student) values (1202, 27, 167, 1)
set identity_insert dbo.conference_day_attendees off

set identity_insert dbo.conference_day_attendees on
insert into dbo.conference_day_attendees (attendee_id, registered_id, reservation_day_id, is_student) values (1203, 44, 167, 1)
set identity_insert dbo.conference_day_attendees off

set identity_insert dbo.conference_day_attendees on
insert into dbo.conference_day_attendees (attendee_id, registered_id, reservation_day_id, is_student) values (1204, 25, 167, 1)
set identity_insert dbo.conference_day_attendees off

set identity_insert dbo.payments on
insert into dbo.payments (payment_id, payment_date, reservation_id, amount) values (336, '2019-09-12', 80, 2364.67)
set identity_insert dbo.payments off

set identity_insert dbo.reservations on
insert into dbo.reservations (reservation_id, customer_id, reservation_date) values (81, 8, '2018-02-01')
set identity_insert dbo.reservations off

set identity_insert dbo.conference_day_reservations on
insert into dbo.conference_day_reservations (reservation_day_id, conference_day_id, reservation_id, student_attendees, full_price_attendees) values (168, 54, 81, 7, 2)
set identity_insert dbo.conference_day_reservations off

set identity_insert dbo.conference_day_attendees on
insert into dbo.conference_day_attendees (attendee_id, registered_id, reservation_day_id, is_student) values (1205, 11, 168, 1)
set identity_insert dbo.conference_day_attendees off

set identity_insert dbo.payments on
insert into dbo.payments (payment_id, payment_date, reservation_id, amount) values (337, '2018-01-27', 81, 411.79)
set identity_insert dbo.payments off

set identity_insert dbo.payments on
insert into dbo.payments (payment_id, payment_date, reservation_id, amount) values (338, '2018-01-26', 81, 5645.0)
set identity_insert dbo.payments off

set identity_insert dbo.payments on
insert into dbo.payments (payment_id, payment_date, reservation_id, amount) values (339, '2018-01-30', 81, 7445.74)
set identity_insert dbo.payments off

set identity_insert dbo.reservations on
insert into dbo.reservations (reservation_id, customer_id, reservation_date) values (82, 17, '2018-03-14')
set identity_insert dbo.reservations off

set identity_insert dbo.conference_day_reservations on
insert into dbo.conference_day_reservations (reservation_day_id, conference_day_id, reservation_id, student_attendees, full_price_attendees) values (169, 22, 82, 2, 1)
set identity_insert dbo.conference_day_reservations off

set identity_insert dbo.conference_day_attendees on
insert into dbo.conference_day_attendees (attendee_id, registered_id, reservation_day_id, is_student) values (1206, 32, 169, 1)
set identity_insert dbo.conference_day_attendees off

set identity_insert dbo.conference_day_attendees on
insert into dbo.conference_day_attendees (attendee_id, registered_id, reservation_day_id, is_student) values (1207, 13, 169, 1)
set identity_insert dbo.conference_day_attendees off

set identity_insert dbo.conference_day_attendees on
insert into dbo.conference_day_attendees (attendee_id, registered_id, reservation_day_id, is_student) values (1208, 38, 169, 1)
set identity_insert dbo.conference_day_attendees off

set identity_insert dbo.conference_day_reservations on
insert into dbo.conference_day_reservations (reservation_day_id, conference_day_id, reservation_id, student_attendees, full_price_attendees) values (170, 22, 82, 4, 4)
set identity_insert dbo.conference_day_reservations off

set identity_insert dbo.conference_day_attendees on
insert into dbo.conference_day_attendees (attendee_id, registered_id, reservation_day_id, is_student) values (1209, 25, 170, 1)
set identity_insert dbo.conference_day_attendees off

set identity_insert dbo.conference_day_attendees on
insert into dbo.conference_day_attendees (attendee_id, registered_id, reservation_day_id, is_student) values (1210, 9, 170, 1)
set identity_insert dbo.conference_day_attendees off

set identity_insert dbo.conference_day_attendees on
insert into dbo.conference_day_attendees (attendee_id, registered_id, reservation_day_id, is_student) values (1211, 30, 170, 1)
set identity_insert dbo.conference_day_attendees off

set identity_insert dbo.conference_day_attendees on
insert into dbo.conference_day_attendees (attendee_id, registered_id, reservation_day_id, is_student) values (1212, 40, 170, 1)
set identity_insert dbo.conference_day_attendees off

set identity_insert dbo.conference_day_attendees on
insert into dbo.conference_day_attendees (attendee_id, registered_id, reservation_day_id, is_student) values (1213, 49, 170, 1)
set identity_insert dbo.conference_day_attendees off

set identity_insert dbo.conference_day_attendees on
insert into dbo.conference_day_attendees (attendee_id, registered_id, reservation_day_id, is_student) values (1214, 28, 170, 0)
set identity_insert dbo.conference_day_attendees off

set identity_insert dbo.conference_day_attendees on
insert into dbo.conference_day_attendees (attendee_id, registered_id, reservation_day_id, is_student) values (1215, 11, 170, 0)
set identity_insert dbo.conference_day_attendees off

set identity_insert dbo.conference_day_attendees on
insert into dbo.conference_day_attendees (attendee_id, registered_id, reservation_day_id, is_student) values (1216, 28, 170, 0)
set identity_insert dbo.conference_day_attendees off

set identity_insert dbo.conference_day_reservations on
insert into dbo.conference_day_reservations (reservation_day_id, conference_day_id, reservation_id, student_attendees, full_price_attendees) values (171, 22, 82, 1, 4)
set identity_insert dbo.conference_day_reservations off

set identity_insert dbo.conference_day_attendees on
insert into dbo.conference_day_attendees (attendee_id, registered_id, reservation_day_id, is_student) values (1217, 21, 171, 1)
set identity_insert dbo.conference_day_attendees off

set identity_insert dbo.conference_day_attendees on
insert into dbo.conference_day_attendees (attendee_id, registered_id, reservation_day_id, is_student) values (1218, 38, 171, 1)
set identity_insert dbo.conference_day_attendees off

set identity_insert dbo.conference_day_attendees on
insert into dbo.conference_day_attendees (attendee_id, registered_id, reservation_day_id, is_student) values (1219, 10, 171, 0)
set identity_insert dbo.conference_day_attendees off

set identity_insert dbo.conference_day_attendees on
insert into dbo.conference_day_attendees (attendee_id, registered_id, reservation_day_id, is_student) values (1220, 40, 171, 0)
set identity_insert dbo.conference_day_attendees off

set identity_insert dbo.conference_day_attendees on
insert into dbo.conference_day_attendees (attendee_id, registered_id, reservation_day_id, is_student) values (1221, 25, 171, 0)
set identity_insert dbo.conference_day_attendees off

set identity_insert dbo.conference_day_reservations on
insert into dbo.conference_day_reservations (reservation_day_id, conference_day_id, reservation_id, student_attendees, full_price_attendees) values (172, 22, 82, 0, 4)
set identity_insert dbo.conference_day_reservations off

set identity_insert dbo.conference_day_attendees on
insert into dbo.conference_day_attendees (attendee_id, registered_id, reservation_day_id, is_student) values (1222, 1, 172, 1)
set identity_insert dbo.conference_day_attendees off

set identity_insert dbo.conference_day_attendees on
insert into dbo.conference_day_attendees (attendee_id, registered_id, reservation_day_id, is_student) values (1223, 31, 172, 0)
set identity_insert dbo.conference_day_attendees off

set identity_insert dbo.conference_day_attendees on
insert into dbo.conference_day_attendees (attendee_id, registered_id, reservation_day_id, is_student) values (1224, 10, 172, 0)
set identity_insert dbo.conference_day_attendees off

set identity_insert dbo.conference_day_attendees on
insert into dbo.conference_day_attendees (attendee_id, registered_id, reservation_day_id, is_student) values (1225, 47, 172, 0)
set identity_insert dbo.conference_day_attendees off

set identity_insert dbo.payments on
insert into dbo.payments (payment_id, payment_date, reservation_id, amount) values (340, '2018-03-01', 82, 6940.82)
set identity_insert dbo.payments off

set identity_insert dbo.payments on
insert into dbo.payments (payment_id, payment_date, reservation_id, amount) values (341, '2018-03-12', 82, 9113.22)
set identity_insert dbo.payments off

set identity_insert dbo.reservations on
insert into dbo.reservations (reservation_id, customer_id, reservation_date) values (83, 25, '2017-04-12')
set identity_insert dbo.reservations off

set identity_insert dbo.conference_day_reservations on
insert into dbo.conference_day_reservations (reservation_day_id, conference_day_id, reservation_id, student_attendees, full_price_attendees) values (173, 46, 83, 0, 10)
set identity_insert dbo.conference_day_reservations off

set identity_insert dbo.conference_day_attendees on
insert into dbo.conference_day_attendees (attendee_id, registered_id, reservation_day_id, is_student) values (1226, 1, 173, 1)
set identity_insert dbo.conference_day_attendees off

set identity_insert dbo.conference_day_reservations on
insert into dbo.conference_day_reservations (reservation_day_id, conference_day_id, reservation_id, student_attendees, full_price_attendees) values (174, 46, 83, 4, 8)
set identity_insert dbo.conference_day_reservations off

set identity_insert dbo.conference_day_reservations on
insert into dbo.conference_day_reservations (reservation_day_id, conference_day_id, reservation_id, student_attendees, full_price_attendees) values (175, 46, 83, 10, 3)
set identity_insert dbo.conference_day_reservations off

set identity_insert dbo.conference_day_attendees on
insert into dbo.conference_day_attendees (attendee_id, registered_id, reservation_day_id, is_student) values (1227, 8, 175, 1)
set identity_insert dbo.conference_day_attendees off

set identity_insert dbo.conference_day_attendees on
insert into dbo.conference_day_attendees (attendee_id, registered_id, reservation_day_id, is_student) values (1228, 37, 175, 1)
set identity_insert dbo.conference_day_attendees off

set identity_insert dbo.conference_day_attendees on
insert into dbo.conference_day_attendees (attendee_id, registered_id, reservation_day_id, is_student) values (1229, 20, 175, 1)
set identity_insert dbo.conference_day_attendees off

set identity_insert dbo.conference_day_reservations on
insert into dbo.conference_day_reservations (reservation_day_id, conference_day_id, reservation_id, student_attendees, full_price_attendees) values (176, 46, 83, 9, 1)
set identity_insert dbo.conference_day_reservations off

set identity_insert dbo.conference_day_attendees on
insert into dbo.conference_day_attendees (attendee_id, registered_id, reservation_day_id, is_student) values (1230, 35, 176, 1)
set identity_insert dbo.conference_day_attendees off

set identity_insert dbo.conference_day_attendees on
insert into dbo.conference_day_attendees (attendee_id, registered_id, reservation_day_id, is_student) values (1231, 21, 176, 1)
set identity_insert dbo.conference_day_attendees off

set identity_insert dbo.conference_day_attendees on
insert into dbo.conference_day_attendees (attendee_id, registered_id, reservation_day_id, is_student) values (1232, 1, 176, 1)
set identity_insert dbo.conference_day_attendees off

set identity_insert dbo.conference_day_attendees on
insert into dbo.conference_day_attendees (attendee_id, registered_id, reservation_day_id, is_student) values (1233, 12, 176, 1)
set identity_insert dbo.conference_day_attendees off

set identity_insert dbo.conference_day_attendees on
insert into dbo.conference_day_attendees (attendee_id, registered_id, reservation_day_id, is_student) values (1234, 16, 176, 1)
set identity_insert dbo.conference_day_attendees off

set identity_insert dbo.conference_day_attendees on
insert into dbo.conference_day_attendees (attendee_id, registered_id, reservation_day_id, is_student) values (1235, 34, 176, 1)
set identity_insert dbo.conference_day_attendees off

set identity_insert dbo.conference_day_attendees on
insert into dbo.conference_day_attendees (attendee_id, registered_id, reservation_day_id, is_student) values (1236, 33, 176, 1)
set identity_insert dbo.conference_day_attendees off

set identity_insert dbo.conference_day_attendees on
insert into dbo.conference_day_attendees (attendee_id, registered_id, reservation_day_id, is_student) values (1237, 15, 176, 1)
set identity_insert dbo.conference_day_attendees off

set identity_insert dbo.conference_day_attendees on
insert into dbo.conference_day_attendees (attendee_id, registered_id, reservation_day_id, is_student) values (1238, 12, 176, 1)
set identity_insert dbo.conference_day_attendees off

set identity_insert dbo.conference_day_attendees on
insert into dbo.conference_day_attendees (attendee_id, registered_id, reservation_day_id, is_student) values (1239, 35, 176, 1)
set identity_insert dbo.conference_day_attendees off

set identity_insert dbo.payments on
insert into dbo.payments (payment_id, payment_date, reservation_id, amount) values (342, '2017-04-08', 83, 8151.0)
set identity_insert dbo.payments off

set identity_insert dbo.payments on
insert into dbo.payments (payment_id, payment_date, reservation_id, amount) values (343, '2017-04-09', 83, 6587.38)
set identity_insert dbo.payments off

set identity_insert dbo.payments on
insert into dbo.payments (payment_id, payment_date, reservation_id, amount) values (344, '2017-03-16', 83, 7972.13)
set identity_insert dbo.payments off

set identity_insert dbo.payments on
insert into dbo.payments (payment_id, payment_date, reservation_id, amount) values (345, '2017-03-17', 83, 7903.54)
set identity_insert dbo.payments off

set identity_insert dbo.payments on
insert into dbo.payments (payment_id, payment_date, reservation_id, amount) values (346, '2017-04-12', 83, 4181.84)
set identity_insert dbo.payments off

set identity_insert dbo.reservations on
insert into dbo.reservations (reservation_id, customer_id, reservation_date) values (84, 28, '2018-08-03')
set identity_insert dbo.reservations off

set identity_insert dbo.conference_day_reservations on
insert into dbo.conference_day_reservations (reservation_day_id, conference_day_id, reservation_id, student_attendees, full_price_attendees) values (177, 33, 84, 3, 3)
set identity_insert dbo.conference_day_reservations off

set identity_insert dbo.conference_day_attendees on
insert into dbo.conference_day_attendees (attendee_id, registered_id, reservation_day_id, is_student) values (1240, 42, 177, 1)
set identity_insert dbo.conference_day_attendees off

set identity_insert dbo.conference_day_attendees on
insert into dbo.conference_day_attendees (attendee_id, registered_id, reservation_day_id, is_student) values (1241, 32, 177, 1)
set identity_insert dbo.conference_day_attendees off

set identity_insert dbo.conference_day_attendees on
insert into dbo.conference_day_attendees (attendee_id, registered_id, reservation_day_id, is_student) values (1242, 30, 177, 1)
set identity_insert dbo.conference_day_attendees off

set identity_insert dbo.conference_day_attendees on
insert into dbo.conference_day_attendees (attendee_id, registered_id, reservation_day_id, is_student) values (1243, 34, 177, 1)
set identity_insert dbo.conference_day_attendees off

set identity_insert dbo.conference_day_attendees on
insert into dbo.conference_day_attendees (attendee_id, registered_id, reservation_day_id, is_student) values (1244, 26, 177, 0)
set identity_insert dbo.conference_day_attendees off

set identity_insert dbo.conference_day_attendees on
insert into dbo.conference_day_attendees (attendee_id, registered_id, reservation_day_id, is_student) values (1245, 43, 177, 0)
set identity_insert dbo.conference_day_attendees off

set identity_insert dbo.payments on
insert into dbo.payments (payment_id, payment_date, reservation_id, amount) values (347, '2018-08-03', 84, 370.7)
set identity_insert dbo.payments off

set identity_insert dbo.payments on
insert into dbo.payments (payment_id, payment_date, reservation_id, amount) values (348, '2018-08-01', 84, 2382.57)
set identity_insert dbo.payments off

set identity_insert dbo.payments on
insert into dbo.payments (payment_id, payment_date, reservation_id, amount) values (349, '2018-07-28', 84, 1085.93)
set identity_insert dbo.payments off

set identity_insert dbo.payments on
insert into dbo.payments (payment_id, payment_date, reservation_id, amount) values (350, '2018-07-13', 84, 9182.93)
set identity_insert dbo.payments off

set identity_insert dbo.payments on
insert into dbo.payments (payment_id, payment_date, reservation_id, amount) values (351, '2018-07-11', 84, 6534.23)
set identity_insert dbo.payments off

set identity_insert dbo.payments on
insert into dbo.payments (payment_id, payment_date, reservation_id, amount) values (352, '2018-07-23', 84, 2235.94)
set identity_insert dbo.payments off

set identity_insert dbo.reservations on
insert into dbo.reservations (reservation_id, customer_id, reservation_date) values (85, 26, '2017-12-08')
set identity_insert dbo.reservations off

set identity_insert dbo.conference_day_reservations on
insert into dbo.conference_day_reservations (reservation_day_id, conference_day_id, reservation_id, student_attendees, full_price_attendees) values (178, 92, 85, 3, 5)
set identity_insert dbo.conference_day_reservations off

set identity_insert dbo.conference_day_attendees on
insert into dbo.conference_day_attendees (attendee_id, registered_id, reservation_day_id, is_student) values (1246, 39, 178, 1)
set identity_insert dbo.conference_day_attendees off

set identity_insert dbo.conference_day_attendees on
insert into dbo.conference_day_attendees (attendee_id, registered_id, reservation_day_id, is_student) values (1247, 39, 178, 1)
set identity_insert dbo.conference_day_attendees off

set identity_insert dbo.conference_day_attendees on
insert into dbo.conference_day_attendees (attendee_id, registered_id, reservation_day_id, is_student) values (1248, 33, 178, 1)
set identity_insert dbo.conference_day_attendees off

set identity_insert dbo.conference_day_attendees on
insert into dbo.conference_day_attendees (attendee_id, registered_id, reservation_day_id, is_student) values (1249, 43, 178, 0)
set identity_insert dbo.conference_day_attendees off

set identity_insert dbo.conference_day_attendees on
insert into dbo.conference_day_attendees (attendee_id, registered_id, reservation_day_id, is_student) values (1250, 11, 178, 0)
set identity_insert dbo.conference_day_attendees off

set identity_insert dbo.conference_day_attendees on
insert into dbo.conference_day_attendees (attendee_id, registered_id, reservation_day_id, is_student) values (1251, 29, 178, 0)
set identity_insert dbo.conference_day_attendees off

set identity_insert dbo.conference_day_attendees on
insert into dbo.conference_day_attendees (attendee_id, registered_id, reservation_day_id, is_student) values (1252, 7, 178, 0)
set identity_insert dbo.conference_day_attendees off

set identity_insert dbo.payments on
insert into dbo.payments (payment_id, payment_date, reservation_id, amount) values (353, '2017-11-14', 85, 6869.63)
set identity_insert dbo.payments off

set identity_insert dbo.payments on
insert into dbo.payments (payment_id, payment_date, reservation_id, amount) values (354, '2017-11-21', 85, 7196.34)
set identity_insert dbo.payments off

set identity_insert dbo.payments on
insert into dbo.payments (payment_id, payment_date, reservation_id, amount) values (355, '2017-11-11', 85, 8621.02)
set identity_insert dbo.payments off

set identity_insert dbo.payments on
insert into dbo.payments (payment_id, payment_date, reservation_id, amount) values (356, '2017-11-29', 85, 8494.53)
set identity_insert dbo.payments off

set identity_insert dbo.payments on
insert into dbo.payments (payment_id, payment_date, reservation_id, amount) values (357, '2017-11-19', 85, 4084.29)
set identity_insert dbo.payments off

set identity_insert dbo.payments on
insert into dbo.payments (payment_id, payment_date, reservation_id, amount) values (358, '2017-12-06', 85, 4852.54)
set identity_insert dbo.payments off

set identity_insert dbo.reservations on
insert into dbo.reservations (reservation_id, customer_id, reservation_date) values (86, 17, '2018-07-03')
set identity_insert dbo.reservations off

set identity_insert dbo.conference_day_reservations on
insert into dbo.conference_day_reservations (reservation_day_id, conference_day_id, reservation_id, student_attendees, full_price_attendees) values (179, 76, 86, 8, 8)
set identity_insert dbo.conference_day_reservations off

set identity_insert dbo.conference_day_attendees on
insert into dbo.conference_day_attendees (attendee_id, registered_id, reservation_day_id, is_student) values (1253, 5, 179, 1)
set identity_insert dbo.conference_day_attendees off

set identity_insert dbo.conference_day_attendees on
insert into dbo.conference_day_attendees (attendee_id, registered_id, reservation_day_id, is_student) values (1254, 16, 179, 1)
set identity_insert dbo.conference_day_attendees off

set identity_insert dbo.conference_day_attendees on
insert into dbo.conference_day_attendees (attendee_id, registered_id, reservation_day_id, is_student) values (1255, 9, 179, 0)
set identity_insert dbo.conference_day_attendees off

set identity_insert dbo.payments on
insert into dbo.payments (payment_id, payment_date, reservation_id, amount) values (359, '2018-06-20', 86, 8940.52)
set identity_insert dbo.payments off

set identity_insert dbo.payments on
insert into dbo.payments (payment_id, payment_date, reservation_id, amount) values (360, '2018-05-25', 86, 7784.94)
set identity_insert dbo.payments off

set identity_insert dbo.payments on
insert into dbo.payments (payment_id, payment_date, reservation_id, amount) values (361, '2018-05-30', 86, 7040.88)
set identity_insert dbo.payments off

set identity_insert dbo.payments on
insert into dbo.payments (payment_id, payment_date, reservation_id, amount) values (362, '2018-06-09', 86, 452.29)
set identity_insert dbo.payments off

set identity_insert dbo.reservations on
insert into dbo.reservations (reservation_id, customer_id, reservation_date) values (87, 15, '2019-05-15')
set identity_insert dbo.reservations off

set identity_insert dbo.conference_day_reservations on
insert into dbo.conference_day_reservations (reservation_day_id, conference_day_id, reservation_id, student_attendees, full_price_attendees) values (180, 44, 87, 2, 6)
set identity_insert dbo.conference_day_reservations off

set identity_insert dbo.conference_day_attendees on
insert into dbo.conference_day_attendees (attendee_id, registered_id, reservation_day_id, is_student) values (1256, 24, 180, 1)
set identity_insert dbo.conference_day_attendees off

set identity_insert dbo.conference_day_attendees on
insert into dbo.conference_day_attendees (attendee_id, registered_id, reservation_day_id, is_student) values (1257, 48, 180, 1)
set identity_insert dbo.conference_day_attendees off

set identity_insert dbo.conference_day_attendees on
insert into dbo.conference_day_attendees (attendee_id, registered_id, reservation_day_id, is_student) values (1258, 3, 180, 1)
set identity_insert dbo.conference_day_attendees off

set identity_insert dbo.conference_day_attendees on
insert into dbo.conference_day_attendees (attendee_id, registered_id, reservation_day_id, is_student) values (1259, 28, 180, 0)
set identity_insert dbo.conference_day_attendees off

set identity_insert dbo.conference_day_attendees on
insert into dbo.conference_day_attendees (attendee_id, registered_id, reservation_day_id, is_student) values (1260, 32, 180, 0)
set identity_insert dbo.conference_day_attendees off

set identity_insert dbo.conference_day_attendees on
insert into dbo.conference_day_attendees (attendee_id, registered_id, reservation_day_id, is_student) values (1261, 13, 180, 0)
set identity_insert dbo.conference_day_attendees off

set identity_insert dbo.conference_day_attendees on
insert into dbo.conference_day_attendees (attendee_id, registered_id, reservation_day_id, is_student) values (1262, 33, 180, 0)
set identity_insert dbo.conference_day_attendees off

set identity_insert dbo.conference_day_attendees on
insert into dbo.conference_day_attendees (attendee_id, registered_id, reservation_day_id, is_student) values (1263, 8, 180, 0)
set identity_insert dbo.conference_day_attendees off

set identity_insert dbo.payments on
insert into dbo.payments (payment_id, payment_date, reservation_id, amount) values (363, '2019-05-02', 87, 8004.6)
set identity_insert dbo.payments off

set identity_insert dbo.payments on
insert into dbo.payments (payment_id, payment_date, reservation_id, amount) values (364, '2019-04-20', 87, 6697.37)
set identity_insert dbo.payments off

set identity_insert dbo.payments on
insert into dbo.payments (payment_id, payment_date, reservation_id, amount) values (365, '2019-04-30', 87, 5871.73)
set identity_insert dbo.payments off

set identity_insert dbo.payments on
insert into dbo.payments (payment_id, payment_date, reservation_id, amount) values (366, '2019-04-14', 87, 2224.96)
set identity_insert dbo.payments off

set identity_insert dbo.payments on
insert into dbo.payments (payment_id, payment_date, reservation_id, amount) values (367, '2019-04-13', 87, 7922.0)
set identity_insert dbo.payments off

set identity_insert dbo.payments on
insert into dbo.payments (payment_id, payment_date, reservation_id, amount) values (368, '2019-04-20', 87, 278.55)
set identity_insert dbo.payments off

set identity_insert dbo.reservations on
insert into dbo.reservations (reservation_id, customer_id, reservation_date) values (88, 1, '2017-07-03')
set identity_insert dbo.reservations off

set identity_insert dbo.conference_day_reservations on
insert into dbo.conference_day_reservations (reservation_day_id, conference_day_id, reservation_id, student_attendees, full_price_attendees) values (181, 61, 88, 7, 1)
set identity_insert dbo.conference_day_reservations off

set identity_insert dbo.conference_day_attendees on
insert into dbo.conference_day_attendees (attendee_id, registered_id, reservation_day_id, is_student) values (1264, 38, 181, 1)
set identity_insert dbo.conference_day_attendees off

set identity_insert dbo.conference_day_attendees on
insert into dbo.conference_day_attendees (attendee_id, registered_id, reservation_day_id, is_student) values (1265, 46, 181, 1)
set identity_insert dbo.conference_day_attendees off

set identity_insert dbo.conference_day_attendees on
insert into dbo.conference_day_attendees (attendee_id, registered_id, reservation_day_id, is_student) values (1266, 40, 181, 1)
set identity_insert dbo.conference_day_attendees off

set identity_insert dbo.conference_day_attendees on
insert into dbo.conference_day_attendees (attendee_id, registered_id, reservation_day_id, is_student) values (1267, 12, 181, 1)
set identity_insert dbo.conference_day_attendees off

set identity_insert dbo.conference_day_attendees on
insert into dbo.conference_day_attendees (attendee_id, registered_id, reservation_day_id, is_student) values (1268, 32, 181, 1)
set identity_insert dbo.conference_day_attendees off

set identity_insert dbo.conference_day_attendees on
insert into dbo.conference_day_attendees (attendee_id, registered_id, reservation_day_id, is_student) values (1269, 10, 181, 1)
set identity_insert dbo.conference_day_attendees off

set identity_insert dbo.conference_day_attendees on
insert into dbo.conference_day_attendees (attendee_id, registered_id, reservation_day_id, is_student) values (1270, 26, 181, 1)
set identity_insert dbo.conference_day_attendees off

set identity_insert dbo.conference_day_attendees on
insert into dbo.conference_day_attendees (attendee_id, registered_id, reservation_day_id, is_student) values (1271, 29, 181, 1)
set identity_insert dbo.conference_day_attendees off

set identity_insert dbo.conference_day_reservations on
insert into dbo.conference_day_reservations (reservation_day_id, conference_day_id, reservation_id, student_attendees, full_price_attendees) values (182, 61, 88, 8, 4)
set identity_insert dbo.conference_day_reservations off

set identity_insert dbo.conference_day_attendees on
insert into dbo.conference_day_attendees (attendee_id, registered_id, reservation_day_id, is_student) values (1272, 49, 182, 1)
set identity_insert dbo.conference_day_attendees off

set identity_insert dbo.conference_day_attendees on
insert into dbo.conference_day_attendees (attendee_id, registered_id, reservation_day_id, is_student) values (1273, 24, 182, 1)
set identity_insert dbo.conference_day_attendees off

set identity_insert dbo.conference_day_attendees on
insert into dbo.conference_day_attendees (attendee_id, registered_id, reservation_day_id, is_student) values (1274, 35, 182, 1)
set identity_insert dbo.conference_day_attendees off

set identity_insert dbo.conference_day_attendees on
insert into dbo.conference_day_attendees (attendee_id, registered_id, reservation_day_id, is_student) values (1275, 45, 182, 1)
set identity_insert dbo.conference_day_attendees off

set identity_insert dbo.conference_day_attendees on
insert into dbo.conference_day_attendees (attendee_id, registered_id, reservation_day_id, is_student) values (1276, 45, 182, 1)
set identity_insert dbo.conference_day_attendees off

set identity_insert dbo.conference_day_attendees on
insert into dbo.conference_day_attendees (attendee_id, registered_id, reservation_day_id, is_student) values (1277, 6, 182, 1)
set identity_insert dbo.conference_day_attendees off

set identity_insert dbo.conference_day_attendees on
insert into dbo.conference_day_attendees (attendee_id, registered_id, reservation_day_id, is_student) values (1278, 41, 182, 1)
set identity_insert dbo.conference_day_attendees off

set identity_insert dbo.conference_day_attendees on
insert into dbo.conference_day_attendees (attendee_id, registered_id, reservation_day_id, is_student) values (1279, 31, 182, 1)
set identity_insert dbo.conference_day_attendees off

set identity_insert dbo.conference_day_attendees on
insert into dbo.conference_day_attendees (attendee_id, registered_id, reservation_day_id, is_student) values (1280, 13, 182, 1)
set identity_insert dbo.conference_day_attendees off

set identity_insert dbo.conference_day_attendees on
insert into dbo.conference_day_attendees (attendee_id, registered_id, reservation_day_id, is_student) values (1281, 9, 182, 0)
set identity_insert dbo.conference_day_attendees off

set identity_insert dbo.conference_day_attendees on
insert into dbo.conference_day_attendees (attendee_id, registered_id, reservation_day_id, is_student) values (1282, 25, 182, 0)
set identity_insert dbo.conference_day_attendees off

set identity_insert dbo.conference_day_attendees on
insert into dbo.conference_day_attendees (attendee_id, registered_id, reservation_day_id, is_student) values (1283, 50, 182, 0)
set identity_insert dbo.conference_day_attendees off

set identity_insert dbo.conference_day_reservations on
insert into dbo.conference_day_reservations (reservation_day_id, conference_day_id, reservation_id, student_attendees, full_price_attendees) values (183, 61, 88, 9, 1)
set identity_insert dbo.conference_day_reservations off

set identity_insert dbo.conference_day_attendees on
insert into dbo.conference_day_attendees (attendee_id, registered_id, reservation_day_id, is_student) values (1284, 47, 183, 1)
set identity_insert dbo.conference_day_attendees off

set identity_insert dbo.conference_day_attendees on
insert into dbo.conference_day_attendees (attendee_id, registered_id, reservation_day_id, is_student) values (1285, 18, 183, 1)
set identity_insert dbo.conference_day_attendees off

set identity_insert dbo.conference_day_attendees on
insert into dbo.conference_day_attendees (attendee_id, registered_id, reservation_day_id, is_student) values (1286, 9, 183, 1)
set identity_insert dbo.conference_day_attendees off

set identity_insert dbo.conference_day_attendees on
insert into dbo.conference_day_attendees (attendee_id, registered_id, reservation_day_id, is_student) values (1287, 21, 183, 1)
set identity_insert dbo.conference_day_attendees off

set identity_insert dbo.conference_day_attendees on
insert into dbo.conference_day_attendees (attendee_id, registered_id, reservation_day_id, is_student) values (1288, 40, 183, 1)
set identity_insert dbo.conference_day_attendees off

set identity_insert dbo.conference_day_attendees on
insert into dbo.conference_day_attendees (attendee_id, registered_id, reservation_day_id, is_student) values (1289, 36, 183, 1)
set identity_insert dbo.conference_day_attendees off

set identity_insert dbo.conference_day_attendees on
insert into dbo.conference_day_attendees (attendee_id, registered_id, reservation_day_id, is_student) values (1290, 29, 183, 1)
set identity_insert dbo.conference_day_attendees off

set identity_insert dbo.conference_day_attendees on
insert into dbo.conference_day_attendees (attendee_id, registered_id, reservation_day_id, is_student) values (1291, 1, 183, 1)
set identity_insert dbo.conference_day_attendees off

set identity_insert dbo.conference_day_attendees on
insert into dbo.conference_day_attendees (attendee_id, registered_id, reservation_day_id, is_student) values (1292, 6, 183, 1)
set identity_insert dbo.conference_day_attendees off

set identity_insert dbo.conference_day_attendees on
insert into dbo.conference_day_attendees (attendee_id, registered_id, reservation_day_id, is_student) values (1293, 34, 183, 1)
set identity_insert dbo.conference_day_attendees off

set identity_insert dbo.payments on
insert into dbo.payments (payment_id, payment_date, reservation_id, amount) values (369, '2017-06-26', 88, 8686.21)
set identity_insert dbo.payments off

set identity_insert dbo.reservations on
insert into dbo.reservations (reservation_id, customer_id, reservation_date) values (89, 26, '2018-01-22')
set identity_insert dbo.reservations off

set identity_insert dbo.conference_day_reservations on
insert into dbo.conference_day_reservations (reservation_day_id, conference_day_id, reservation_id, student_attendees, full_price_attendees) values (184, 54, 89, 9, 2)
set identity_insert dbo.conference_day_reservations off

set identity_insert dbo.conference_day_attendees on
insert into dbo.conference_day_attendees (attendee_id, registered_id, reservation_day_id, is_student) values (1294, 49, 184, 1)
set identity_insert dbo.conference_day_attendees off

set identity_insert dbo.conference_day_attendees on
insert into dbo.conference_day_attendees (attendee_id, registered_id, reservation_day_id, is_student) values (1295, 39, 184, 1)
set identity_insert dbo.conference_day_attendees off

set identity_insert dbo.conference_day_attendees on
insert into dbo.conference_day_attendees (attendee_id, registered_id, reservation_day_id, is_student) values (1296, 11, 184, 1)
set identity_insert dbo.conference_day_attendees off

set identity_insert dbo.conference_day_attendees on
insert into dbo.conference_day_attendees (attendee_id, registered_id, reservation_day_id, is_student) values (1297, 38, 184, 1)
set identity_insert dbo.conference_day_attendees off

set identity_insert dbo.conference_day_attendees on
insert into dbo.conference_day_attendees (attendee_id, registered_id, reservation_day_id, is_student) values (1298, 48, 184, 1)
set identity_insert dbo.conference_day_attendees off

set identity_insert dbo.conference_day_attendees on
insert into dbo.conference_day_attendees (attendee_id, registered_id, reservation_day_id, is_student) values (1299, 7, 184, 1)
set identity_insert dbo.conference_day_attendees off

set identity_insert dbo.conference_day_attendees on
insert into dbo.conference_day_attendees (attendee_id, registered_id, reservation_day_id, is_student) values (1300, 46, 184, 1)
set identity_insert dbo.conference_day_attendees off

set identity_insert dbo.conference_day_attendees on
insert into dbo.conference_day_attendees (attendee_id, registered_id, reservation_day_id, is_student) values (1301, 1, 184, 1)
set identity_insert dbo.conference_day_attendees off

set identity_insert dbo.conference_day_attendees on
insert into dbo.conference_day_attendees (attendee_id, registered_id, reservation_day_id, is_student) values (1302, 14, 184, 1)
set identity_insert dbo.conference_day_attendees off

set identity_insert dbo.conference_day_attendees on
insert into dbo.conference_day_attendees (attendee_id, registered_id, reservation_day_id, is_student) values (1303, 16, 184, 1)
set identity_insert dbo.conference_day_attendees off

set identity_insert dbo.conference_day_attendees on
insert into dbo.conference_day_attendees (attendee_id, registered_id, reservation_day_id, is_student) values (1304, 45, 184, 0)
set identity_insert dbo.conference_day_attendees off

set identity_insert dbo.payments on
insert into dbo.payments (payment_id, payment_date, reservation_id, amount) values (370, '2018-01-11', 89, 9368.41)
set identity_insert dbo.payments off

set identity_insert dbo.payments on
insert into dbo.payments (payment_id, payment_date, reservation_id, amount) values (371, '2017-12-28', 89, 2443.96)
set identity_insert dbo.payments off

set identity_insert dbo.payments on
insert into dbo.payments (payment_id, payment_date, reservation_id, amount) values (372, '2017-12-31', 89, 41.38)
set identity_insert dbo.payments off

set identity_insert dbo.payments on
insert into dbo.payments (payment_id, payment_date, reservation_id, amount) values (373, '2017-12-31', 89, 6221.51)
set identity_insert dbo.payments off

set identity_insert dbo.payments on
insert into dbo.payments (payment_id, payment_date, reservation_id, amount) values (374, '2017-12-28', 89, 8864.16)
set identity_insert dbo.payments off

set identity_insert dbo.payments on
insert into dbo.payments (payment_id, payment_date, reservation_id, amount) values (375, '2018-01-09', 89, 1948.47)
set identity_insert dbo.payments off

set identity_insert dbo.reservations on
insert into dbo.reservations (reservation_id, customer_id, reservation_date) values (90, 9, '2019-03-10')
set identity_insert dbo.reservations off

set identity_insert dbo.conference_day_reservations on
insert into dbo.conference_day_reservations (reservation_day_id, conference_day_id, reservation_id, student_attendees, full_price_attendees) values (185, 80, 90, 7, 1)
set identity_insert dbo.conference_day_reservations off

set identity_insert dbo.conference_day_attendees on
insert into dbo.conference_day_attendees (attendee_id, registered_id, reservation_day_id, is_student) values (1305, 21, 185, 1)
set identity_insert dbo.conference_day_attendees off

set identity_insert dbo.payments on
insert into dbo.payments (payment_id, payment_date, reservation_id, amount) values (376, '2019-02-12', 90, 8387.42)
set identity_insert dbo.payments off

set identity_insert dbo.payments on
insert into dbo.payments (payment_id, payment_date, reservation_id, amount) values (377, '2019-02-15', 90, 6488.09)
set identity_insert dbo.payments off

set identity_insert dbo.payments on
insert into dbo.payments (payment_id, payment_date, reservation_id, amount) values (378, '2019-02-21', 90, 1267.82)
set identity_insert dbo.payments off

set identity_insert dbo.payments on
insert into dbo.payments (payment_id, payment_date, reservation_id, amount) values (379, '2019-03-03', 90, 6013.83)
set identity_insert dbo.payments off

set identity_insert dbo.payments on
insert into dbo.payments (payment_id, payment_date, reservation_id, amount) values (380, '2019-03-01', 90, 4806.29)
set identity_insert dbo.payments off

set identity_insert dbo.payments on
insert into dbo.payments (payment_id, payment_date, reservation_id, amount) values (381, '2019-02-28', 90, 8483.57)
set identity_insert dbo.payments off

set identity_insert dbo.payments on
insert into dbo.payments (payment_id, payment_date, reservation_id, amount) values (382, '2019-02-12', 90, 691.3)
set identity_insert dbo.payments off

set identity_insert dbo.reservations on
insert into dbo.reservations (reservation_id, customer_id, reservation_date) values (91, 25, '2017-07-17')
set identity_insert dbo.reservations off

set identity_insert dbo.conference_day_reservations on
insert into dbo.conference_day_reservations (reservation_day_id, conference_day_id, reservation_id, student_attendees, full_price_attendees) values (186, 74, 91, 1, 9)
set identity_insert dbo.conference_day_reservations off

set identity_insert dbo.conference_day_attendees on
insert into dbo.conference_day_attendees (attendee_id, registered_id, reservation_day_id, is_student) values (1306, 39, 186, 1)
set identity_insert dbo.conference_day_attendees off

set identity_insert dbo.conference_day_attendees on
insert into dbo.conference_day_attendees (attendee_id, registered_id, reservation_day_id, is_student) values (1307, 32, 186, 1)
set identity_insert dbo.conference_day_attendees off

set identity_insert dbo.conference_day_attendees on
insert into dbo.conference_day_attendees (attendee_id, registered_id, reservation_day_id, is_student) values (1308, 11, 186, 0)
set identity_insert dbo.conference_day_attendees off

set identity_insert dbo.conference_day_attendees on
insert into dbo.conference_day_attendees (attendee_id, registered_id, reservation_day_id, is_student) values (1309, 13, 186, 0)
set identity_insert dbo.conference_day_attendees off

set identity_insert dbo.conference_day_attendees on
insert into dbo.conference_day_attendees (attendee_id, registered_id, reservation_day_id, is_student) values (1310, 5, 186, 0)
set identity_insert dbo.conference_day_attendees off

set identity_insert dbo.conference_day_attendees on
insert into dbo.conference_day_attendees (attendee_id, registered_id, reservation_day_id, is_student) values (1311, 30, 186, 0)
set identity_insert dbo.conference_day_attendees off

set identity_insert dbo.conference_day_attendees on
insert into dbo.conference_day_attendees (attendee_id, registered_id, reservation_day_id, is_student) values (1312, 47, 186, 0)
set identity_insert dbo.conference_day_attendees off

set identity_insert dbo.conference_day_attendees on
insert into dbo.conference_day_attendees (attendee_id, registered_id, reservation_day_id, is_student) values (1313, 49, 186, 0)
set identity_insert dbo.conference_day_attendees off

set identity_insert dbo.conference_day_attendees on
insert into dbo.conference_day_attendees (attendee_id, registered_id, reservation_day_id, is_student) values (1314, 26, 186, 0)
set identity_insert dbo.conference_day_attendees off

set identity_insert dbo.conference_day_attendees on
insert into dbo.conference_day_attendees (attendee_id, registered_id, reservation_day_id, is_student) values (1315, 23, 186, 0)
set identity_insert dbo.conference_day_attendees off

set identity_insert dbo.conference_day_reservations on
insert into dbo.conference_day_reservations (reservation_day_id, conference_day_id, reservation_id, student_attendees, full_price_attendees) values (187, 74, 91, 6, 4)
set identity_insert dbo.conference_day_reservations off

set identity_insert dbo.conference_day_attendees on
insert into dbo.conference_day_attendees (attendee_id, registered_id, reservation_day_id, is_student) values (1316, 21, 187, 1)
set identity_insert dbo.conference_day_attendees off

set identity_insert dbo.conference_day_attendees on
insert into dbo.conference_day_attendees (attendee_id, registered_id, reservation_day_id, is_student) values (1317, 9, 187, 1)
set identity_insert dbo.conference_day_attendees off

set identity_insert dbo.conference_day_attendees on
insert into dbo.conference_day_attendees (attendee_id, registered_id, reservation_day_id, is_student) values (1318, 7, 187, 1)
set identity_insert dbo.conference_day_attendees off

set identity_insert dbo.conference_day_attendees on
insert into dbo.conference_day_attendees (attendee_id, registered_id, reservation_day_id, is_student) values (1319, 12, 187, 1)
set identity_insert dbo.conference_day_attendees off

set identity_insert dbo.payments on
insert into dbo.payments (payment_id, payment_date, reservation_id, amount) values (383, '2017-07-11', 91, 3672.8)
set identity_insert dbo.payments off

set identity_insert dbo.reservations on
insert into dbo.reservations (reservation_id, customer_id, reservation_date) values (92, 17, '2018-05-15')
set identity_insert dbo.reservations off

set identity_insert dbo.conference_day_reservations on
insert into dbo.conference_day_reservations (reservation_day_id, conference_day_id, reservation_id, student_attendees, full_price_attendees) values (188, 5, 92, 5, 4)
set identity_insert dbo.conference_day_reservations off

set identity_insert dbo.conference_day_attendees on
insert into dbo.conference_day_attendees (attendee_id, registered_id, reservation_day_id, is_student) values (1320, 37, 188, 1)
set identity_insert dbo.conference_day_attendees off

set identity_insert dbo.conference_day_attendees on
insert into dbo.conference_day_attendees (attendee_id, registered_id, reservation_day_id, is_student) values (1321, 48, 188, 1)
set identity_insert dbo.conference_day_attendees off

set identity_insert dbo.conference_day_attendees on
insert into dbo.conference_day_attendees (attendee_id, registered_id, reservation_day_id, is_student) values (1322, 14, 188, 1)
set identity_insert dbo.conference_day_attendees off

set identity_insert dbo.conference_day_attendees on
insert into dbo.conference_day_attendees (attendee_id, registered_id, reservation_day_id, is_student) values (1323, 26, 188, 1)
set identity_insert dbo.conference_day_attendees off

set identity_insert dbo.conference_day_attendees on
insert into dbo.conference_day_attendees (attendee_id, registered_id, reservation_day_id, is_student) values (1324, 2, 188, 1)
set identity_insert dbo.conference_day_attendees off

set identity_insert dbo.conference_day_attendees on
insert into dbo.conference_day_attendees (attendee_id, registered_id, reservation_day_id, is_student) values (1325, 50, 188, 1)
set identity_insert dbo.conference_day_attendees off

set identity_insert dbo.conference_day_attendees on
insert into dbo.conference_day_attendees (attendee_id, registered_id, reservation_day_id, is_student) values (1326, 11, 188, 0)
set identity_insert dbo.conference_day_attendees off

set identity_insert dbo.conference_day_attendees on
insert into dbo.conference_day_attendees (attendee_id, registered_id, reservation_day_id, is_student) values (1327, 31, 188, 0)
set identity_insert dbo.conference_day_attendees off

set identity_insert dbo.conference_day_attendees on
insert into dbo.conference_day_attendees (attendee_id, registered_id, reservation_day_id, is_student) values (1328, 38, 188, 0)
set identity_insert dbo.conference_day_attendees off

set identity_insert dbo.reservations on
insert into dbo.reservations (reservation_id, customer_id, reservation_date) values (93, 8, '2017-06-20')
set identity_insert dbo.reservations off

set identity_insert dbo.conference_day_reservations on
insert into dbo.conference_day_reservations (reservation_day_id, conference_day_id, reservation_id, student_attendees, full_price_attendees) values (189, 1, 93, 6, 6)
set identity_insert dbo.conference_day_reservations off

set identity_insert dbo.conference_day_attendees on
insert into dbo.conference_day_attendees (attendee_id, registered_id, reservation_day_id, is_student) values (1329, 11, 189, 1)
set identity_insert dbo.conference_day_attendees off

set identity_insert dbo.conference_day_attendees on
insert into dbo.conference_day_attendees (attendee_id, registered_id, reservation_day_id, is_student) values (1330, 6, 189, 1)
set identity_insert dbo.conference_day_attendees off

set identity_insert dbo.conference_day_attendees on
insert into dbo.conference_day_attendees (attendee_id, registered_id, reservation_day_id, is_student) values (1331, 12, 189, 1)
set identity_insert dbo.conference_day_attendees off

set identity_insert dbo.conference_day_attendees on
insert into dbo.conference_day_attendees (attendee_id, registered_id, reservation_day_id, is_student) values (1332, 8, 189, 1)
set identity_insert dbo.conference_day_attendees off

set identity_insert dbo.conference_day_attendees on
insert into dbo.conference_day_attendees (attendee_id, registered_id, reservation_day_id, is_student) values (1333, 29, 189, 1)
set identity_insert dbo.conference_day_attendees off

set identity_insert dbo.conference_day_attendees on
insert into dbo.conference_day_attendees (attendee_id, registered_id, reservation_day_id, is_student) values (1334, 1, 189, 1)
set identity_insert dbo.conference_day_attendees off

set identity_insert dbo.conference_day_attendees on
insert into dbo.conference_day_attendees (attendee_id, registered_id, reservation_day_id, is_student) values (1335, 11, 189, 0)
set identity_insert dbo.conference_day_attendees off

set identity_insert dbo.payments on
insert into dbo.payments (payment_id, payment_date, reservation_id, amount) values (384, '2017-05-17', 93, 1244.4)
set identity_insert dbo.payments off

set identity_insert dbo.payments on
insert into dbo.payments (payment_id, payment_date, reservation_id, amount) values (385, '2017-06-06', 93, 4062.56)
set identity_insert dbo.payments off

set identity_insert dbo.payments on
insert into dbo.payments (payment_id, payment_date, reservation_id, amount) values (386, '2017-06-20', 93, 4105.56)
set identity_insert dbo.payments off

set identity_insert dbo.payments on
insert into dbo.payments (payment_id, payment_date, reservation_id, amount) values (387, '2017-05-20', 93, 8341.2)
set identity_insert dbo.payments off

set identity_insert dbo.reservations on
insert into dbo.reservations (reservation_id, customer_id, reservation_date) values (94, 14, '2018-01-15')
set identity_insert dbo.reservations off

set identity_insert dbo.conference_day_reservations on
insert into dbo.conference_day_reservations (reservation_day_id, conference_day_id, reservation_id, student_attendees, full_price_attendees) values (190, 52, 94, 5, 4)
set identity_insert dbo.conference_day_reservations off

set identity_insert dbo.conference_day_attendees on
insert into dbo.conference_day_attendees (attendee_id, registered_id, reservation_day_id, is_student) values (1336, 15, 190, 1)
set identity_insert dbo.conference_day_attendees off

set identity_insert dbo.conference_day_attendees on
insert into dbo.conference_day_attendees (attendee_id, registered_id, reservation_day_id, is_student) values (1337, 50, 190, 1)
set identity_insert dbo.conference_day_attendees off

set identity_insert dbo.conference_day_attendees on
insert into dbo.conference_day_attendees (attendee_id, registered_id, reservation_day_id, is_student) values (1338, 5, 190, 1)
set identity_insert dbo.conference_day_attendees off

set identity_insert dbo.conference_day_attendees on
insert into dbo.conference_day_attendees (attendee_id, registered_id, reservation_day_id, is_student) values (1339, 31, 190, 1)
set identity_insert dbo.conference_day_attendees off

set identity_insert dbo.conference_day_attendees on
insert into dbo.conference_day_attendees (attendee_id, registered_id, reservation_day_id, is_student) values (1340, 46, 190, 1)
set identity_insert dbo.conference_day_attendees off

set identity_insert dbo.conference_day_attendees on
insert into dbo.conference_day_attendees (attendee_id, registered_id, reservation_day_id, is_student) values (1341, 3, 190, 0)
set identity_insert dbo.conference_day_attendees off

set identity_insert dbo.conference_day_attendees on
insert into dbo.conference_day_attendees (attendee_id, registered_id, reservation_day_id, is_student) values (1342, 7, 190, 0)
set identity_insert dbo.conference_day_attendees off

set identity_insert dbo.payments on
insert into dbo.payments (payment_id, payment_date, reservation_id, amount) values (388, '2018-01-06', 94, 9828.96)
set identity_insert dbo.payments off

set identity_insert dbo.payments on
insert into dbo.payments (payment_id, payment_date, reservation_id, amount) values (389, '2017-12-10', 94, 6636.6)
set identity_insert dbo.payments off

set identity_insert dbo.payments on
insert into dbo.payments (payment_id, payment_date, reservation_id, amount) values (390, '2017-12-31', 94, 3683.35)
set identity_insert dbo.payments off

set identity_insert dbo.payments on
insert into dbo.payments (payment_id, payment_date, reservation_id, amount) values (391, '2017-12-04', 94, 784.29)
set identity_insert dbo.payments off

set identity_insert dbo.payments on
insert into dbo.payments (payment_id, payment_date, reservation_id, amount) values (392, '2017-12-04', 94, 8585.28)
set identity_insert dbo.payments off

set identity_insert dbo.payments on
insert into dbo.payments (payment_id, payment_date, reservation_id, amount) values (393, '2018-01-05', 94, 895.5)
set identity_insert dbo.payments off

set identity_insert dbo.payments on
insert into dbo.payments (payment_id, payment_date, reservation_id, amount) values (394, '2018-01-10', 94, 3809.21)
set identity_insert dbo.payments off

set identity_insert dbo.payments on
insert into dbo.payments (payment_id, payment_date, reservation_id, amount) values (395, '2017-12-04', 94, 5827.51)
set identity_insert dbo.payments off

set identity_insert dbo.payments on
insert into dbo.payments (payment_id, payment_date, reservation_id, amount) values (396, '2017-12-15', 94, 8956.37)
set identity_insert dbo.payments off

set identity_insert dbo.reservations on
insert into dbo.reservations (reservation_id, customer_id, reservation_date) values (95, 10, '2017-11-08')
set identity_insert dbo.reservations off

set identity_insert dbo.conference_day_reservations on
insert into dbo.conference_day_reservations (reservation_day_id, conference_day_id, reservation_id, student_attendees, full_price_attendees) values (191, 8, 95, 9, 10)
set identity_insert dbo.conference_day_reservations off

set identity_insert dbo.conference_day_attendees on
insert into dbo.conference_day_attendees (attendee_id, registered_id, reservation_day_id, is_student) values (1343, 38, 191, 1)
set identity_insert dbo.conference_day_attendees off

set identity_insert dbo.conference_day_attendees on
insert into dbo.conference_day_attendees (attendee_id, registered_id, reservation_day_id, is_student) values (1344, 29, 191, 1)
set identity_insert dbo.conference_day_attendees off

set identity_insert dbo.conference_day_attendees on
insert into dbo.conference_day_attendees (attendee_id, registered_id, reservation_day_id, is_student) values (1345, 15, 191, 1)
set identity_insert dbo.conference_day_attendees off

set identity_insert dbo.conference_day_attendees on
insert into dbo.conference_day_attendees (attendee_id, registered_id, reservation_day_id, is_student) values (1346, 19, 191, 1)
set identity_insert dbo.conference_day_attendees off

set identity_insert dbo.conference_day_attendees on
insert into dbo.conference_day_attendees (attendee_id, registered_id, reservation_day_id, is_student) values (1347, 12, 191, 1)
set identity_insert dbo.conference_day_attendees off

set identity_insert dbo.conference_day_attendees on
insert into dbo.conference_day_attendees (attendee_id, registered_id, reservation_day_id, is_student) values (1348, 16, 191, 1)
set identity_insert dbo.conference_day_attendees off

set identity_insert dbo.conference_day_attendees on
insert into dbo.conference_day_attendees (attendee_id, registered_id, reservation_day_id, is_student) values (1349, 46, 191, 1)
set identity_insert dbo.conference_day_attendees off

set identity_insert dbo.conference_day_attendees on
insert into dbo.conference_day_attendees (attendee_id, registered_id, reservation_day_id, is_student) values (1350, 20, 191, 1)
set identity_insert dbo.conference_day_attendees off

set identity_insert dbo.conference_day_attendees on
insert into dbo.conference_day_attendees (attendee_id, registered_id, reservation_day_id, is_student) values (1351, 32, 191, 1)
set identity_insert dbo.conference_day_attendees off

set identity_insert dbo.conference_day_attendees on
insert into dbo.conference_day_attendees (attendee_id, registered_id, reservation_day_id, is_student) values (1352, 20, 191, 1)
set identity_insert dbo.conference_day_attendees off

set identity_insert dbo.conference_day_attendees on
insert into dbo.conference_day_attendees (attendee_id, registered_id, reservation_day_id, is_student) values (1353, 23, 191, 0)
set identity_insert dbo.conference_day_attendees off

set identity_insert dbo.conference_day_attendees on
insert into dbo.conference_day_attendees (attendee_id, registered_id, reservation_day_id, is_student) values (1354, 6, 191, 0)
set identity_insert dbo.conference_day_attendees off

set identity_insert dbo.conference_day_attendees on
insert into dbo.conference_day_attendees (attendee_id, registered_id, reservation_day_id, is_student) values (1355, 7, 191, 0)
set identity_insert dbo.conference_day_attendees off

set identity_insert dbo.conference_day_attendees on
insert into dbo.conference_day_attendees (attendee_id, registered_id, reservation_day_id, is_student) values (1356, 28, 191, 0)
set identity_insert dbo.conference_day_attendees off

set identity_insert dbo.conference_day_attendees on
insert into dbo.conference_day_attendees (attendee_id, registered_id, reservation_day_id, is_student) values (1357, 4, 191, 0)
set identity_insert dbo.conference_day_attendees off

set identity_insert dbo.conference_day_attendees on
insert into dbo.conference_day_attendees (attendee_id, registered_id, reservation_day_id, is_student) values (1358, 10, 191, 0)
set identity_insert dbo.conference_day_attendees off

set identity_insert dbo.payments on
insert into dbo.payments (payment_id, payment_date, reservation_id, amount) values (397, '2017-11-01', 95, 489.12)
set identity_insert dbo.payments off

set identity_insert dbo.payments on
insert into dbo.payments (payment_id, payment_date, reservation_id, amount) values (398, '2017-11-04', 95, 2029.85)
set identity_insert dbo.payments off

set identity_insert dbo.payments on
insert into dbo.payments (payment_id, payment_date, reservation_id, amount) values (399, '2017-11-02', 95, 8116.84)
set identity_insert dbo.payments off

set identity_insert dbo.reservations on
insert into dbo.reservations (reservation_id, customer_id, reservation_date) values (96, 4, '2016-11-28')
set identity_insert dbo.reservations off

set identity_insert dbo.conference_day_reservations on
insert into dbo.conference_day_reservations (reservation_day_id, conference_day_id, reservation_id, student_attendees, full_price_attendees) values (192, 6, 96, 6, 8)
set identity_insert dbo.conference_day_reservations off

set identity_insert dbo.conference_day_attendees on
insert into dbo.conference_day_attendees (attendee_id, registered_id, reservation_day_id, is_student) values (1359, 37, 192, 1)
set identity_insert dbo.conference_day_attendees off

set identity_insert dbo.conference_day_attendees on
insert into dbo.conference_day_attendees (attendee_id, registered_id, reservation_day_id, is_student) values (1360, 4, 192, 1)
set identity_insert dbo.conference_day_attendees off

set identity_insert dbo.conference_day_attendees on
insert into dbo.conference_day_attendees (attendee_id, registered_id, reservation_day_id, is_student) values (1361, 21, 192, 1)
set identity_insert dbo.conference_day_attendees off

set identity_insert dbo.conference_day_attendees on
insert into dbo.conference_day_attendees (attendee_id, registered_id, reservation_day_id, is_student) values (1362, 50, 192, 1)
set identity_insert dbo.conference_day_attendees off

set identity_insert dbo.conference_day_attendees on
insert into dbo.conference_day_attendees (attendee_id, registered_id, reservation_day_id, is_student) values (1363, 38, 192, 1)
set identity_insert dbo.conference_day_attendees off

set identity_insert dbo.conference_day_attendees on
insert into dbo.conference_day_attendees (attendee_id, registered_id, reservation_day_id, is_student) values (1364, 2, 192, 1)
set identity_insert dbo.conference_day_attendees off

set identity_insert dbo.conference_day_attendees on
insert into dbo.conference_day_attendees (attendee_id, registered_id, reservation_day_id, is_student) values (1365, 40, 192, 0)
set identity_insert dbo.conference_day_attendees off

set identity_insert dbo.conference_day_attendees on
insert into dbo.conference_day_attendees (attendee_id, registered_id, reservation_day_id, is_student) values (1366, 29, 192, 0)
set identity_insert dbo.conference_day_attendees off

set identity_insert dbo.conference_day_attendees on
insert into dbo.conference_day_attendees (attendee_id, registered_id, reservation_day_id, is_student) values (1367, 35, 192, 0)
set identity_insert dbo.conference_day_attendees off

set identity_insert dbo.conference_day_attendees on
insert into dbo.conference_day_attendees (attendee_id, registered_id, reservation_day_id, is_student) values (1368, 38, 192, 0)
set identity_insert dbo.conference_day_attendees off

set identity_insert dbo.conference_day_attendees on
insert into dbo.conference_day_attendees (attendee_id, registered_id, reservation_day_id, is_student) values (1369, 28, 192, 0)
set identity_insert dbo.conference_day_attendees off

set identity_insert dbo.conference_day_attendees on
insert into dbo.conference_day_attendees (attendee_id, registered_id, reservation_day_id, is_student) values (1370, 49, 192, 0)
set identity_insert dbo.conference_day_attendees off

set identity_insert dbo.conference_day_attendees on
insert into dbo.conference_day_attendees (attendee_id, registered_id, reservation_day_id, is_student) values (1371, 36, 192, 0)
set identity_insert dbo.conference_day_attendees off

set identity_insert dbo.conference_day_reservations on
insert into dbo.conference_day_reservations (reservation_day_id, conference_day_id, reservation_id, student_attendees, full_price_attendees) values (193, 6, 96, 5, 4)
set identity_insert dbo.conference_day_reservations off

set identity_insert dbo.conference_day_attendees on
insert into dbo.conference_day_attendees (attendee_id, registered_id, reservation_day_id, is_student) values (1372, 43, 193, 1)
set identity_insert dbo.conference_day_attendees off

set identity_insert dbo.conference_day_attendees on
insert into dbo.conference_day_attendees (attendee_id, registered_id, reservation_day_id, is_student) values (1373, 16, 193, 1)
set identity_insert dbo.conference_day_attendees off

set identity_insert dbo.payments on
insert into dbo.payments (payment_id, payment_date, reservation_id, amount) values (400, '2016-11-17', 96, 6987.83)
set identity_insert dbo.payments off

set identity_insert dbo.payments on
insert into dbo.payments (payment_id, payment_date, reservation_id, amount) values (401, '2016-10-15', 96, 6064.13)
set identity_insert dbo.payments off

set identity_insert dbo.payments on
insert into dbo.payments (payment_id, payment_date, reservation_id, amount) values (402, '2016-10-23', 96, 4594.84)
set identity_insert dbo.payments off

set identity_insert dbo.payments on
insert into dbo.payments (payment_id, payment_date, reservation_id, amount) values (403, '2016-10-13', 96, 6869.92)
set identity_insert dbo.payments off

set identity_insert dbo.payments on
insert into dbo.payments (payment_id, payment_date, reservation_id, amount) values (404, '2016-11-09', 96, 3177.66)
set identity_insert dbo.payments off

set identity_insert dbo.payments on
insert into dbo.payments (payment_id, payment_date, reservation_id, amount) values (405, '2016-11-14', 96, 2204.13)
set identity_insert dbo.payments off

set identity_insert dbo.payments on
insert into dbo.payments (payment_id, payment_date, reservation_id, amount) values (406, '2016-11-09', 96, 2675.18)
set identity_insert dbo.payments off

set identity_insert dbo.payments on
insert into dbo.payments (payment_id, payment_date, reservation_id, amount) values (407, '2016-11-20', 96, 3305.1)
set identity_insert dbo.payments off

set identity_insert dbo.payments on
insert into dbo.payments (payment_id, payment_date, reservation_id, amount) values (408, '2016-10-14', 96, 5474.61)
set identity_insert dbo.payments off

set identity_insert dbo.payments on
insert into dbo.payments (payment_id, payment_date, reservation_id, amount) values (409, '2016-11-26', 96, 9513.66)
set identity_insert dbo.payments off

set identity_insert dbo.reservations on
insert into dbo.reservations (reservation_id, customer_id, reservation_date) values (97, 13, '2019-06-06')
set identity_insert dbo.reservations off

set identity_insert dbo.conference_day_reservations on
insert into dbo.conference_day_reservations (reservation_day_id, conference_day_id, reservation_id, student_attendees, full_price_attendees) values (194, 32, 97, 7, 7)
set identity_insert dbo.conference_day_reservations off

set identity_insert dbo.conference_day_attendees on
insert into dbo.conference_day_attendees (attendee_id, registered_id, reservation_day_id, is_student) values (1374, 16, 194, 1)
set identity_insert dbo.conference_day_attendees off

set identity_insert dbo.conference_day_attendees on
insert into dbo.conference_day_attendees (attendee_id, registered_id, reservation_day_id, is_student) values (1375, 44, 194, 1)
set identity_insert dbo.conference_day_attendees off

set identity_insert dbo.conference_day_attendees on
insert into dbo.conference_day_attendees (attendee_id, registered_id, reservation_day_id, is_student) values (1376, 43, 194, 1)
set identity_insert dbo.conference_day_attendees off

set identity_insert dbo.conference_day_attendees on
insert into dbo.conference_day_attendees (attendee_id, registered_id, reservation_day_id, is_student) values (1377, 34, 194, 1)
set identity_insert dbo.conference_day_attendees off

set identity_insert dbo.conference_day_attendees on
insert into dbo.conference_day_attendees (attendee_id, registered_id, reservation_day_id, is_student) values (1378, 2, 194, 1)
set identity_insert dbo.conference_day_attendees off

set identity_insert dbo.conference_day_attendees on
insert into dbo.conference_day_attendees (attendee_id, registered_id, reservation_day_id, is_student) values (1379, 5, 194, 1)
set identity_insert dbo.conference_day_attendees off

set identity_insert dbo.conference_day_attendees on
insert into dbo.conference_day_attendees (attendee_id, registered_id, reservation_day_id, is_student) values (1380, 29, 194, 1)
set identity_insert dbo.conference_day_attendees off

set identity_insert dbo.conference_day_attendees on
insert into dbo.conference_day_attendees (attendee_id, registered_id, reservation_day_id, is_student) values (1381, 50, 194, 1)
set identity_insert dbo.conference_day_attendees off

set identity_insert dbo.payments on
insert into dbo.payments (payment_id, payment_date, reservation_id, amount) values (410, '2019-06-01', 97, 3563.61)
set identity_insert dbo.payments off

set identity_insert dbo.payments on
insert into dbo.payments (payment_id, payment_date, reservation_id, amount) values (411, '2019-05-28', 97, 1499.05)
set identity_insert dbo.payments off

set identity_insert dbo.reservations on
insert into dbo.reservations (reservation_id, customer_id, reservation_date) values (98, 11, '2019-04-02')
set identity_insert dbo.reservations off

set identity_insert dbo.conference_day_reservations on
insert into dbo.conference_day_reservations (reservation_day_id, conference_day_id, reservation_id, student_attendees, full_price_attendees) values (195, 64, 98, 1, 7)
set identity_insert dbo.conference_day_reservations off

set identity_insert dbo.conference_day_attendees on
insert into dbo.conference_day_attendees (attendee_id, registered_id, reservation_day_id, is_student) values (1382, 39, 195, 1)
set identity_insert dbo.conference_day_attendees off

set identity_insert dbo.conference_day_attendees on
insert into dbo.conference_day_attendees (attendee_id, registered_id, reservation_day_id, is_student) values (1383, 37, 195, 1)
set identity_insert dbo.conference_day_attendees off

set identity_insert dbo.conference_day_attendees on
insert into dbo.conference_day_attendees (attendee_id, registered_id, reservation_day_id, is_student) values (1384, 11, 195, 0)
set identity_insert dbo.conference_day_attendees off

set identity_insert dbo.conference_day_attendees on
insert into dbo.conference_day_attendees (attendee_id, registered_id, reservation_day_id, is_student) values (1385, 20, 195, 0)
set identity_insert dbo.conference_day_attendees off

set identity_insert dbo.conference_day_attendees on
insert into dbo.conference_day_attendees (attendee_id, registered_id, reservation_day_id, is_student) values (1386, 46, 195, 0)
set identity_insert dbo.conference_day_attendees off

set identity_insert dbo.conference_day_attendees on
insert into dbo.conference_day_attendees (attendee_id, registered_id, reservation_day_id, is_student) values (1387, 50, 195, 0)
set identity_insert dbo.conference_day_attendees off

set identity_insert dbo.conference_day_attendees on
insert into dbo.conference_day_attendees (attendee_id, registered_id, reservation_day_id, is_student) values (1388, 45, 195, 0)
set identity_insert dbo.conference_day_attendees off

set identity_insert dbo.conference_day_attendees on
insert into dbo.conference_day_attendees (attendee_id, registered_id, reservation_day_id, is_student) values (1389, 30, 195, 0)
set identity_insert dbo.conference_day_attendees off

set identity_insert dbo.conference_day_reservations on
insert into dbo.conference_day_reservations (reservation_day_id, conference_day_id, reservation_id, student_attendees, full_price_attendees) values (196, 64, 98, 10, 6)
set identity_insert dbo.conference_day_reservations off

set identity_insert dbo.conference_day_attendees on
insert into dbo.conference_day_attendees (attendee_id, registered_id, reservation_day_id, is_student) values (1390, 38, 196, 1)
set identity_insert dbo.conference_day_attendees off

set identity_insert dbo.conference_day_attendees on
insert into dbo.conference_day_attendees (attendee_id, registered_id, reservation_day_id, is_student) values (1391, 5, 196, 1)
set identity_insert dbo.conference_day_attendees off

set identity_insert dbo.conference_day_attendees on
insert into dbo.conference_day_attendees (attendee_id, registered_id, reservation_day_id, is_student) values (1392, 40, 196, 1)
set identity_insert dbo.conference_day_attendees off

set identity_insert dbo.conference_day_attendees on
insert into dbo.conference_day_attendees (attendee_id, registered_id, reservation_day_id, is_student) values (1393, 27, 196, 1)
set identity_insert dbo.conference_day_attendees off

set identity_insert dbo.conference_day_attendees on
insert into dbo.conference_day_attendees (attendee_id, registered_id, reservation_day_id, is_student) values (1394, 32, 196, 1)
set identity_insert dbo.conference_day_attendees off

set identity_insert dbo.conference_day_attendees on
insert into dbo.conference_day_attendees (attendee_id, registered_id, reservation_day_id, is_student) values (1395, 33, 196, 1)
set identity_insert dbo.conference_day_attendees off

set identity_insert dbo.conference_day_attendees on
insert into dbo.conference_day_attendees (attendee_id, registered_id, reservation_day_id, is_student) values (1396, 19, 196, 1)
set identity_insert dbo.conference_day_attendees off

set identity_insert dbo.conference_day_attendees on
insert into dbo.conference_day_attendees (attendee_id, registered_id, reservation_day_id, is_student) values (1397, 24, 196, 1)
set identity_insert dbo.conference_day_attendees off

set identity_insert dbo.conference_day_attendees on
insert into dbo.conference_day_attendees (attendee_id, registered_id, reservation_day_id, is_student) values (1398, 30, 196, 1)
set identity_insert dbo.conference_day_attendees off

set identity_insert dbo.conference_day_attendees on
insert into dbo.conference_day_attendees (attendee_id, registered_id, reservation_day_id, is_student) values (1399, 2, 196, 1)
set identity_insert dbo.conference_day_attendees off

set identity_insert dbo.conference_day_attendees on
insert into dbo.conference_day_attendees (attendee_id, registered_id, reservation_day_id, is_student) values (1400, 17, 196, 1)
set identity_insert dbo.conference_day_attendees off

set identity_insert dbo.conference_day_attendees on
insert into dbo.conference_day_attendees (attendee_id, registered_id, reservation_day_id, is_student) values (1401, 35, 196, 0)
set identity_insert dbo.conference_day_attendees off

set identity_insert dbo.conference_day_attendees on
insert into dbo.conference_day_attendees (attendee_id, registered_id, reservation_day_id, is_student) values (1402, 27, 196, 0)
set identity_insert dbo.conference_day_attendees off

set identity_insert dbo.conference_day_attendees on
insert into dbo.conference_day_attendees (attendee_id, registered_id, reservation_day_id, is_student) values (1403, 16, 196, 0)
set identity_insert dbo.conference_day_attendees off

set identity_insert dbo.conference_day_attendees on
insert into dbo.conference_day_attendees (attendee_id, registered_id, reservation_day_id, is_student) values (1404, 6, 196, 0)
set identity_insert dbo.conference_day_attendees off

set identity_insert dbo.conference_day_attendees on
insert into dbo.conference_day_attendees (attendee_id, registered_id, reservation_day_id, is_student) values (1405, 35, 196, 0)
set identity_insert dbo.conference_day_attendees off

set identity_insert dbo.payments on
insert into dbo.payments (payment_id, payment_date, reservation_id, amount) values (412, '2019-02-25', 98, 1469.63)
set identity_insert dbo.payments off

set identity_insert dbo.payments on
insert into dbo.payments (payment_id, payment_date, reservation_id, amount) values (413, '2019-03-10', 98, 5442.95)
set identity_insert dbo.payments off

set identity_insert dbo.payments on
insert into dbo.payments (payment_id, payment_date, reservation_id, amount) values (414, '2019-03-23', 98, 1678.47)
set identity_insert dbo.payments off

set identity_insert dbo.payments on
insert into dbo.payments (payment_id, payment_date, reservation_id, amount) values (415, '2019-03-20', 98, 8178.25)
set identity_insert dbo.payments off

set identity_insert dbo.payments on
insert into dbo.payments (payment_id, payment_date, reservation_id, amount) values (416, '2019-03-06', 98, 553.23)
set identity_insert dbo.payments off

set identity_insert dbo.reservations on
insert into dbo.reservations (reservation_id, customer_id, reservation_date) values (99, 30, '2018-03-18')
set identity_insert dbo.reservations off

set identity_insert dbo.conference_day_reservations on
insert into dbo.conference_day_reservations (reservation_day_id, conference_day_id, reservation_id, student_attendees, full_price_attendees) values (197, 22, 99, 2, 1)
set identity_insert dbo.conference_day_reservations off

set identity_insert dbo.conference_day_attendees on
insert into dbo.conference_day_attendees (attendee_id, registered_id, reservation_day_id, is_student) values (1406, 14, 197, 1)
set identity_insert dbo.conference_day_attendees off

set identity_insert dbo.conference_day_attendees on
insert into dbo.conference_day_attendees (attendee_id, registered_id, reservation_day_id, is_student) values (1407, 13, 197, 1)
set identity_insert dbo.conference_day_attendees off

set identity_insert dbo.conference_day_attendees on
insert into dbo.conference_day_attendees (attendee_id, registered_id, reservation_day_id, is_student) values (1408, 4, 197, 1)
set identity_insert dbo.conference_day_attendees off

set identity_insert dbo.payments on
insert into dbo.payments (payment_id, payment_date, reservation_id, amount) values (417, '2018-03-10', 99, 1611.0)
set identity_insert dbo.payments off

set identity_insert dbo.payments on
insert into dbo.payments (payment_id, payment_date, reservation_id, amount) values (418, '2018-03-17', 99, 2228.27)
set identity_insert dbo.payments off

set identity_insert dbo.payments on
insert into dbo.payments (payment_id, payment_date, reservation_id, amount) values (419, '2018-03-11', 99, 3681.49)
set identity_insert dbo.payments off

set identity_insert dbo.payments on
insert into dbo.payments (payment_id, payment_date, reservation_id, amount) values (420, '2018-03-09', 99, 1313.62)
set identity_insert dbo.payments off

set identity_insert dbo.payments on
insert into dbo.payments (payment_id, payment_date, reservation_id, amount) values (421, '2018-03-10', 99, 9630.65)
set identity_insert dbo.payments off

set identity_insert dbo.payments on
insert into dbo.payments (payment_id, payment_date, reservation_id, amount) values (422, '2018-03-17', 99, 9777.86)
set identity_insert dbo.payments off

set identity_insert dbo.payments on
insert into dbo.payments (payment_id, payment_date, reservation_id, amount) values (423, '2018-03-14', 99, 1927.41)
set identity_insert dbo.payments off

set identity_insert dbo.payments on
insert into dbo.payments (payment_id, payment_date, reservation_id, amount) values (424, '2018-03-10', 99, 177.01)
set identity_insert dbo.payments off

set identity_insert dbo.payments on
insert into dbo.payments (payment_id, payment_date, reservation_id, amount) values (425, '2018-03-18', 99, 2550.04)
set identity_insert dbo.payments off

set identity_insert dbo.payments on
insert into dbo.payments (payment_id, payment_date, reservation_id, amount) values (426, '2018-03-09', 99, 6077.03)
set identity_insert dbo.payments off

set identity_insert dbo.reservations on
insert into dbo.reservations (reservation_id, customer_id, reservation_date) values (100, 30, '2017-05-21')
set identity_insert dbo.reservations off

set identity_insert dbo.conference_day_reservations on
insert into dbo.conference_day_reservations (reservation_day_id, conference_day_id, reservation_id, student_attendees, full_price_attendees) values (198, 37, 100, 4, 5)
set identity_insert dbo.conference_day_reservations off

set identity_insert dbo.conference_day_attendees on
insert into dbo.conference_day_attendees (attendee_id, registered_id, reservation_day_id, is_student) values (1409, 19, 198, 1)
set identity_insert dbo.conference_day_attendees off

set identity_insert dbo.conference_day_attendees on
insert into dbo.conference_day_attendees (attendee_id, registered_id, reservation_day_id, is_student) values (1410, 25, 198, 1)
set identity_insert dbo.conference_day_attendees off

set identity_insert dbo.conference_day_attendees on
insert into dbo.conference_day_attendees (attendee_id, registered_id, reservation_day_id, is_student) values (1411, 39, 198, 1)
set identity_insert dbo.conference_day_attendees off

set identity_insert dbo.conference_day_attendees on
insert into dbo.conference_day_attendees (attendee_id, registered_id, reservation_day_id, is_student) values (1412, 25, 198, 1)
set identity_insert dbo.conference_day_attendees off

set identity_insert dbo.conference_day_attendees on
insert into dbo.conference_day_attendees (attendee_id, registered_id, reservation_day_id, is_student) values (1413, 29, 198, 1)
set identity_insert dbo.conference_day_attendees off

set identity_insert dbo.conference_day_attendees on
insert into dbo.conference_day_attendees (attendee_id, registered_id, reservation_day_id, is_student) values (1414, 24, 198, 0)
set identity_insert dbo.conference_day_attendees off

set identity_insert dbo.conference_day_attendees on
insert into dbo.conference_day_attendees (attendee_id, registered_id, reservation_day_id, is_student) values (1415, 9, 198, 0)
set identity_insert dbo.conference_day_attendees off

set identity_insert dbo.conference_day_attendees on
insert into dbo.conference_day_attendees (attendee_id, registered_id, reservation_day_id, is_student) values (1416, 49, 198, 0)
set identity_insert dbo.conference_day_attendees off

set identity_insert dbo.conference_day_attendees on
insert into dbo.conference_day_attendees (attendee_id, registered_id, reservation_day_id, is_student) values (1417, 45, 198, 0)
set identity_insert dbo.conference_day_attendees off

set identity_insert dbo.conference_day_reservations on
insert into dbo.conference_day_reservations (reservation_day_id, conference_day_id, reservation_id, student_attendees, full_price_attendees) values (199, 37, 100, 3, 10)
set identity_insert dbo.conference_day_reservations off

set identity_insert dbo.conference_day_attendees on
insert into dbo.conference_day_attendees (attendee_id, registered_id, reservation_day_id, is_student) values (1418, 28, 199, 1)
set identity_insert dbo.conference_day_attendees off

set identity_insert dbo.conference_day_attendees on
insert into dbo.conference_day_attendees (attendee_id, registered_id, reservation_day_id, is_student) values (1419, 42, 199, 1)
set identity_insert dbo.conference_day_attendees off

set identity_insert dbo.conference_day_attendees on
insert into dbo.conference_day_attendees (attendee_id, registered_id, reservation_day_id, is_student) values (1420, 7, 199, 1)
set identity_insert dbo.conference_day_attendees off

set identity_insert dbo.conference_day_attendees on
insert into dbo.conference_day_attendees (attendee_id, registered_id, reservation_day_id, is_student) values (1421, 39, 199, 1)
set identity_insert dbo.conference_day_attendees off

set identity_insert dbo.conference_day_attendees on
insert into dbo.conference_day_attendees (attendee_id, registered_id, reservation_day_id, is_student) values (1422, 46, 199, 0)
set identity_insert dbo.conference_day_attendees off

set identity_insert dbo.conference_day_attendees on
insert into dbo.conference_day_attendees (attendee_id, registered_id, reservation_day_id, is_student) values (1423, 35, 199, 0)
set identity_insert dbo.conference_day_attendees off

set identity_insert dbo.conference_day_attendees on
insert into dbo.conference_day_attendees (attendee_id, registered_id, reservation_day_id, is_student) values (1424, 20, 199, 0)
set identity_insert dbo.conference_day_attendees off

set identity_insert dbo.conference_day_attendees on
insert into dbo.conference_day_attendees (attendee_id, registered_id, reservation_day_id, is_student) values (1425, 24, 199, 0)
set identity_insert dbo.conference_day_attendees off

set identity_insert dbo.conference_day_attendees on
insert into dbo.conference_day_attendees (attendee_id, registered_id, reservation_day_id, is_student) values (1426, 33, 199, 0)
set identity_insert dbo.conference_day_attendees off

set identity_insert dbo.conference_day_reservations on
insert into dbo.conference_day_reservations (reservation_day_id, conference_day_id, reservation_id, student_attendees, full_price_attendees) values (200, 37, 100, 4, 6)
set identity_insert dbo.conference_day_reservations off

set identity_insert dbo.conference_day_attendees on
insert into dbo.conference_day_attendees (attendee_id, registered_id, reservation_day_id, is_student) values (1427, 48, 200, 1)
set identity_insert dbo.conference_day_attendees off

set identity_insert dbo.conference_day_attendees on
insert into dbo.conference_day_attendees (attendee_id, registered_id, reservation_day_id, is_student) values (1428, 49, 200, 1)
set identity_insert dbo.conference_day_attendees off

set identity_insert dbo.conference_day_attendees on
insert into dbo.conference_day_attendees (attendee_id, registered_id, reservation_day_id, is_student) values (1429, 32, 200, 1)
set identity_insert dbo.conference_day_attendees off

set identity_insert dbo.payments on
insert into dbo.payments (payment_id, payment_date, reservation_id, amount) values (427, '2017-05-15', 100, 6764.73)
set identity_insert dbo.payments off

set identity_insert dbo.payments on
insert into dbo.payments (payment_id, payment_date, reservation_id, amount) values (428, '2017-04-28', 100, 794.31)
set identity_insert dbo.payments off
