delete from dbo.workshop_attendees
delete from dbo.workshop_reservations
delete from dbo.payments
delete from dbo.conference_day_attendees
delete from dbo.conference_day_reservations
delete from dbo.reservations
delete from dbo.price_levels
delete from dbo.workshops
delete from dbo.individual_customers
delete from dbo.companies
delete from dbo.customers
delete from dbo.conference_days
delete from dbo.conferences
delete from dbo.addresses
delete from dbo.registered

set identity_insert dbo.registered on
insert into dbo.registered (registered_id, first_name, last_name, email_address) values (1, 'Opalina', 'Octavie', 'opalinaoctavie@gmail.com'), (2, 'Malena', 'Weissmann', 'malenaweissmann@agh.edu.pl'), (3, 'Roxie', 'Kellia', 'roxiekellia@agh.edu.pl'), (4, 'Julina', 'Eliath', 'julinaeliath@agh.edu.pl'), (5, 'Kathlin', 'Limoli', 'kathlinlimoli@agh.edu.pl'), (6, 'Cissy', 'Harty', 'cissyharty@agh.edu.pl'), (7, 'Theodora', 'Norina', 'theodoranorina@yahoo.com'), (8, 'Yalonda', 'Maibach', 'yalondamaibach@yahoo.com'), (9, 'Marys', 'Emmalee', 'marysemmalee@yahoo.com'), (10, 'Consolata', 'Conlan', 'consolataconlan@yahoo.com'), (11, 'Elenore', 'Maurey', 'elenoremaurey@agh.edu.pl'), (12, 'Celle', 'Burck', 'celleburck@agh.edu.pl'), (13, 'Ysabel', 'Zrike', 'ysabelzrike@gmail.com'), (14, 'Marcelle', 'Tchao', 'marcelletchao@agh.edu.pl'), (15, 'Merline', 'Barlow', 'merlinebarlow@yahoo.com'), (16, 'Lenette', 'Canale', 'lenettecanale@agh.edu.pl'), (17, 'Aurelia', 'Marlen', 'aureliamarlen@yahoo.com'), (18, 'Inga', 'Siberson', 'ingasiberson@gmail.com'), (19, 'Karyn', 'Pennington', 'karynpennington@yahoo.com'), (20, 'Carmelia', 'Tracie', 'carmeliatracie@agh.edu.pl'), (21, 'Lorena', 'Neale', 'lorenaneale@yahoo.com'), (22, 'Karlie', 'Letti', 'karlieletti@yahoo.com'), (23, 'Cheslie', 'Dahlia', 'chesliedahlia@gmail.com'), (24, 'Ashlan', 'Ham', 'ashlanham@agh.edu.pl'), (25, 'Rozamond', 'Belshin', 'rozamondbelshin@gmail.com'), (26, 'Luise', 'Dibrin', 'luisedibrin@yahoo.com'), (27, 'Zitella', 'Kurtzman', 'zitellakurtzman@yahoo.com'), (28, 'Fey', 'Sampson', 'feysampson@gmail.com'), (29, 'Blisse', 'Marja', 'blissemarja@gmail.com'), (30, 'Charmine', 'Burkhardt', 'charmineburkhardt@agh.edu.pl'), (31, 'Cristabel', 'Donelson', 'cristabeldonelson@agh.edu.pl'), (32, 'Jessamyn', 'Fidelio', 'jessamynfidelio@agh.edu.pl'), (33, 'Erminie', 'Faye', 'erminiefaye@agh.edu.pl'), (34, 'Lacee', 'Berry', 'laceeberry@gmail.com'), (35, 'Melanie', 'Denie', 'melaniedenie@agh.edu.pl'), (36, 'Tressa', 'Melisse', 'tressamelisse@gmail.com'), (37, 'Paloma', 'Vories', 'palomavories@gmail.com'), (38, 'Donica', 'Grekin', 'donicagrekin@gmail.com'), (39, 'Eilis', 'Burnside', 'eilisburnside@gmail.com'), (40, 'Cam', 'Jason', 'camjason@agh.edu.pl'), (41, 'Helyn', 'Hepsiba', 'helynhepsiba@gmail.com'), (42, 'Audrye', 'Nett', 'audryenett@agh.edu.pl'), (43, 'Winny', 'Silvana', 'winnysilvana@gmail.com'), (44, 'Loralyn', 'Horter', 'loralynhorter@yahoo.com'), (45, 'Eveline', 'Paterson', 'evelinepaterson@yahoo.com'), (46, 'Cori', 'Au', 'coriau@gmail.com'), (47, 'Pierette', 'Seow', 'pieretteseow@gmail.com'), (48, 'Milissent', 'Bullock', 'milissentbullock@yahoo.com'), (49, 'Pandora', 'Gamaliel', 'pandoragamaliel@agh.edu.pl'), (50, 'Annette', 'Elene', 'annetteelene@yahoo.com'), (51, 'Wrennie', 'Wolford', 'wrenniewolford@yahoo.com'), (52, 'Aprilette', 'Adolph', 'apriletteadolph@gmail.com'), (53, 'Dehlia', 'Vanda', 'dehliavanda@agh.edu.pl'), (54, 'Tarra', 'Rocher', 'tarrarocher@agh.edu.pl'), (55, 'Carroll', 'Horten', 'carrollhorten@yahoo.com'), (56, 'Dahlia', 'Rusell', 'dahliarusell@yahoo.com'), (57, 'Teri', 'Kimber', 'terikimber@yahoo.com'), (58, 'Corenda', 'Silvanus', 'corendasilvanus@yahoo.com'), (59, 'Geneva', 'Solis', 'genevasolis@agh.edu.pl'), (60, 'Fedora', 'Burchett', 'fedoraburchett@yahoo.com'), (61, 'Isahella', 'Ready', 'isahellaready@gmail.com'), (62, 'Allyn', 'Sprage', 'allynsprage@agh.edu.pl'), (63, 'Godiva', 'Jelle', 'godivajelle@yahoo.com'), (64, 'Natala', 'Bogart', 'natalabogart@gmail.com'), (65, 'Ronna', 'Marcellina', 'ronnamarcellina@gmail.com'), (66, 'Carlita', 'Anthea', 'carlitaanthea@gmail.com'), (67, 'Gertie', 'Hoang', 'gertiehoang@yahoo.com'), (68, 'Moselle', 'Kauffmann', 'mosellekauffmann@gmail.com'), (69, 'Lonni', 'Delp', 'lonnidelp@agh.edu.pl'), (70, 'Reine', 'Dorn', 'reinedorn@yahoo.com'), (71, 'Brooke', 'Brawner', 'brookebrawner@yahoo.com'), (72, 'Halimeda', 'Velasco', 'halimedavelasco@gmail.com'), (73, 'Maighdiln', 'Burroughs', 'maighdilnburroughs@yahoo.com'), (74, 'Casey', 'Hurwit', 'caseyhurwit@agh.edu.pl'), (75, 'Tildy', 'Hadria', 'tildyhadria@yahoo.com'), (76, 'Dehlia', 'Clementius', 'dehliaclementius@gmail.com'), (77, 'Estelle', 'Cindy', 'estellecindy@yahoo.com'), (78, 'Cyb', 'Desiree', 'cybdesiree@yahoo.com'), (79, 'Shelba', 'Maudie', 'shelbamaudie@agh.edu.pl'), (80, 'Nike', 'New', 'nikenew@agh.edu.pl'), (81, 'Glen', 'Davon', 'glendavon@gmail.com'), (82, 'Carmina', 'Head', 'carminahead@yahoo.com'), (83, 'Orsa', 'Kenwrick', 'orsakenwrick@gmail.com'), (84, 'Mallissa', 'Vento', 'mallissavento@agh.edu.pl'), (85, 'Meris', 'Philcox', 'merisphilcox@agh.edu.pl'), (86, 'Zahara', 'Yaeger', 'zaharayaeger@agh.edu.pl'), (87, 'Dido', 'Gariepy', 'didogariepy@yahoo.com'), (88, 'Consuela', 'Lea', 'consuelalea@gmail.com'), (89, 'Giuditta', 'Oaks', 'giudittaoaks@yahoo.com'), (90, 'Lizzy', 'Elwaine', 'lizzyelwaine@yahoo.com'), (91, 'Zena', 'Cosetta', 'zenacosetta@yahoo.com'), (92, 'Tessi', 'Hendel', 'tessihendel@gmail.com'), (93, 'Leticia', 'Jim', 'leticiajim@agh.edu.pl'), (94, 'Sela', 'Lilah', 'selalilah@yahoo.com'), (95, 'Vanni', 'Abrams', 'vanniabrams@agh.edu.pl'), (96, 'Randee', 'Kempe', 'randeekempe@agh.edu.pl'), (97, 'Karyl', 'Stockmon', 'karylstockmon@gmail.com'), (98, 'Beverley', 'Freed', 'beverleyfreed@agh.edu.pl'), (99, 'Dulci', 'Lazes', 'dulcilazes@agh.edu.pl'), (100, 'Berta', 'Aliber', 'bertaaliber@yahoo.com'), (101, 'Averil', 'Culbertson', 'averilculbertson@gmail.com'), (102, 'Willa', 'Lucienne', 'willalucienne@yahoo.com'), (103, 'Denise', 'McDougall', 'denisemcdougall@yahoo.com'), (104, 'Aida', 'Aspasia', 'aidaaspasia@gmail.com'), (105, 'Gelya', 'Esta', 'gelyaesta@yahoo.com'), (106, 'Lydia', 'Bass', 'lydiabass@yahoo.com'), (107, 'Herminia', 'Leshia', 'herminialeshia@gmail.com'), (108, 'Aloysia', 'Jessy', 'aloysiajessy@yahoo.com'), (109, 'Fleurette', 'Ebert', 'fleuretteebert@yahoo.com'), (110, 'Halli', 'Alpheus', 'hallialpheus@gmail.com'), (111, 'Anabelle', 'Lisbeth', 'anabellelisbeth@agh.edu.pl'), (112, 'Lynelle', 'Trotter', 'lynelletrotter@yahoo.com'), (113, 'Marni', 'Wallraff', 'marniwallraff@yahoo.com'), (114, 'Brandy', 'Hanser', 'brandyhanser@agh.edu.pl'), (115, 'Charyl', 'Kempe', 'charylkempe@agh.edu.pl'), (116, 'Margeaux', 'Virnelli', 'margeauxvirnelli@yahoo.com'), (117, 'Gill', 'Cresa', 'gillcresa@gmail.com'), (118, 'Pammy', 'Tillfourd', 'pammytillfourd@gmail.com'), (119, 'Corette', 'Wexler', 'corettewexler@yahoo.com'), (120, 'Celeste', 'Garret', 'celestegarret@gmail.com'), (121, 'Tedda', 'Lodhia', 'teddalodhia@gmail.com'), (122, 'Alla', 'Fritz', 'allafritz@gmail.com'), (123, 'Coleen', 'Hedberg', 'coleenhedberg@agh.edu.pl'), (124, 'Dniren', 'Odella', 'dnirenodella@yahoo.com'), (125, 'Corinne', 'Ford', 'corinneford@yahoo.com'), (126, 'Onida', 'Jemy', 'onidajemy@gmail.com'), (127, 'Lib', 'Phillada', 'libphillada@gmail.com'), (128, 'Vicky', 'Berkeley', 'vickyberkeley@agh.edu.pl'), (129, 'Grace', 'Neu', 'graceneu@gmail.com'), (130, 'Rayshell', 'DeeAnn', 'rayshelldeeann@yahoo.com'), (131, 'Damaris', 'Williamsen', 'damariswilliamsen@yahoo.com'), (132, 'Fredrika', 'Dewitt', 'fredrikadewitt@agh.edu.pl'), (133, 'Chad', 'Shanahan', 'chadshanahan@agh.edu.pl'), (134, 'Gerta', 'Bartholomeus', 'gertabartholomeus@yahoo.com'), (135, 'Ada', 'Bunns', 'adabunns@agh.edu.pl'), (136, 'Joela', 'Laux', 'joelalaux@agh.edu.pl'), (137, 'Annamarie', 'Gujral', 'annamariegujral@gmail.com'), (138, 'Wilona', 'Runkle', 'wilonarunkle@agh.edu.pl'), (139, 'Melissa', 'Nierman', 'melissanierman@yahoo.com'), (140, 'Roda', 'Demetrius', 'rodademetrius@gmail.com'), (141, 'Olwen', 'Kirsten', 'olwenkirsten@yahoo.com'), (142, 'Tabbitha', 'De', 'tabbithade@yahoo.com'), (143, 'Louisette', 'Jeff', 'louisettejeff@agh.edu.pl'), (144, 'Cyndy', 'Horbal', 'cyndyhorbal@agh.edu.pl'), (145, 'Eda', 'Tinya', 'edatinya@agh.edu.pl'), (146, 'Florry', 'Chandos', 'florrychandos@yahoo.com'), (147, 'Goldy', 'Jasmin', 'goldyjasmin@gmail.com'), (148, 'Amata', 'Adalie', 'amataadalie@yahoo.com'), (149, 'Kerianne', 'Curson', 'keriannecurson@gmail.com'), (150, 'Merissa', 'Elata', 'merissaelata@agh.edu.pl'), (151, 'Genia', 'Letsou', 'genialetsou@yahoo.com'), (152, 'Mabelle', 'Bull', 'mabellebull@gmail.com'), (153, 'Phebe', 'Winshell', 'phebewinshell@gmail.com'), (154, 'Modestia', 'Saltsman', 'modestiasaltsman@gmail.com'), (155, 'Wileen', 'Uphemia', 'wileenuphemia@agh.edu.pl'), (156, 'Rachelle', 'Delamare', 'rachelledelamare@agh.edu.pl'), (157, 'Ninetta', 'Kendricks', 'ninettakendricks@gmail.com'), (158, 'Ernesta', 'Jemmy', 'ernestajemmy@yahoo.com'), (159, 'Roxine', 'Farrow', 'roxinefarrow@gmail.com'), (160, 'Odelia', 'Ewan', 'odeliaewan@agh.edu.pl'), (161, 'Brittni', 'Bahr', 'brittnibahr@agh.edu.pl'), (162, 'Effie', 'Ursala', 'effieursala@yahoo.com'), (163, 'Janina', 'Dominique', 'janinadominique@yahoo.com'), (164, 'Tera', 'Shelburne', 'terashelburne@yahoo.com'), (165, 'Lacee', 'Jaret', 'laceejaret@agh.edu.pl'), (166, 'Eddie', 'Ambrosine', 'eddieambrosine@gmail.com'), (167, 'Tandi', 'Olson', 'tandiolson@yahoo.com'), (168, 'Arlana', 'Goebel', 'arlanagoebel@yahoo.com'), (169, 'Cassi', 'Glavin', 'cassiglavin@agh.edu.pl'), (170, 'Clotilda', 'Conte', 'clotildaconte@yahoo.com'), (171, 'Lark', 'Shelli', 'larkshelli@agh.edu.pl'), (172, 'Latia', 'Ruckman', 'latiaruckman@agh.edu.pl'), (173, 'Jeanne', 'Teevens', 'jeanneteevens@yahoo.com'), (174, 'Onida', 'Morena', 'onidamorena@yahoo.com'), (175, 'Traci', 'Zoba', 'tracizoba@gmail.com'), (176, 'Grata', 'Pablo', 'gratapablo@agh.edu.pl'), (177, 'Damaris', 'Bjorn', 'damarisbjorn@yahoo.com'), (178, 'Nellie', 'Kensell', 'nelliekensell@agh.edu.pl'), (179, 'Stacia', 'Salchunas', 'staciasalchunas@yahoo.com'), (180, 'Abby', 'Kinata', 'abbykinata@gmail.com'), (181, 'Arlyne', 'Peterman', 'arlynepeterman@yahoo.com'), (182, 'Mirna', 'Fagin', 'mirnafagin@agh.edu.pl'), (183, 'Rennie', 'Daphene', 'renniedaphene@yahoo.com'), (184, 'Charissa', 'Chelton', 'charissachelton@agh.edu.pl'), (185, 'Daveta', 'Tilden', 'davetatilden@gmail.com'), (186, 'Joellen', 'Marijo', 'joellenmarijo@gmail.com'), (187, 'Daloris', 'Creighton', 'daloriscreighton@yahoo.com'), (188, 'Diena', 'Trevor', 'dienatrevor@agh.edu.pl'), (189, 'Kikelia', 'Rurik', 'kikeliarurik@agh.edu.pl'), (190, 'Emelia', 'Goddord', 'emeliagoddord@gmail.com'), (191, 'Ronnie', 'Healy', 'ronniehealy@yahoo.com'), (192, 'Jessamyn', 'Sundin', 'jessamynsundin@agh.edu.pl'), (193, 'Bobina', 'Poliard', 'bobinapoliard@yahoo.com'), (194, 'Aidan', 'Dinin', 'aidandinin@gmail.com'), (195, 'Dania', 'Battiste', 'daniabattiste@yahoo.com'), (196, 'Serene', 'Bena', 'serenebena@gmail.com'), (197, 'Beth', 'Ninon', 'bethninon@gmail.com'), (198, 'Sapphira', 'Aker', 'sapphiraaker@yahoo.com'), (199, 'Marsha', 'Leach', 'marshaleach@agh.edu.pl'), (200, 'Eloise', 'Chace', 'eloisechace@gmail.com'), (201, 'Maisey', 'Dopp', 'maiseydopp@gmail.com'), (202, 'Nerissa', 'Pestana', 'nerissapestana@agh.edu.pl'), (203, 'Isabelle', 'Barny', 'isabellebarny@agh.edu.pl'), (204, 'Alexis', 'Marcos', 'alexismarcos@yahoo.com'), (205, 'Beryle', 'Zales', 'berylezales@yahoo.com'), (206, 'Angelina', 'Ringe', 'angelinaringe@agh.edu.pl'), (207, 'Ginnifer', 'Raven', 'ginniferraven@gmail.com'), (208, 'Leesa', 'Garey', 'leesagarey@yahoo.com'), (209, 'Jody', 'Allyn', 'jodyallyn@gmail.com'), (210, 'Anthea', 'Schindler', 'antheaschindler@gmail.com'), (211, 'Lorianna', 'Roze', 'loriannaroze@yahoo.com'), (212, 'Alejandrina', 'Maurise', 'alejandrinamaurise@agh.edu.pl'), (213, 'Sari', 'Durant', 'saridurant@gmail.com'), (214, 'Orsa', 'Grory', 'orsagrory@agh.edu.pl'), (215, 'Vivianne', 'Maffa', 'viviannemaffa@yahoo.com'), (216, 'Zarla', 'Tatiania', 'zarlatatiania@agh.edu.pl'), (217, 'Darcie', 'Nodarse', 'darcienodarse@agh.edu.pl'), (218, 'Christian', 'Coppock', 'christiancoppock@gmail.com'), (219, 'Joell', 'Linette', 'joelllinette@yahoo.com'), (220, 'Dinah', 'Nell', 'dinahnell@gmail.com'), (221, 'Verina', 'Kiyoshi', 'verinakiyoshi@yahoo.com'), (222, 'Ame', 'Fiedler', 'amefiedler@gmail.com'), (223, 'Carmon', 'Fiona', 'carmonfiona@agh.edu.pl'), (224, 'Bryna', 'Weiler', 'brynaweiler@gmail.com'), (225, 'Benita', 'Matheson', 'benitamatheson@gmail.com'), (226, 'Lucilia', 'Clarise', 'luciliaclarise@yahoo.com'), (227, 'Nessi', 'Moreen', 'nessimoreen@yahoo.com'), (228, 'Star', 'Hewart', 'starhewart@gmail.com'), (229, 'Darleen', 'Lamond', 'darleenlamond@yahoo.com'), (230, 'Storm', 'Flaherty', 'stormflaherty@gmail.com'), (231, 'Madalena', 'Harding', 'madalenaharding@yahoo.com'), (232, 'Noelle', 'Beattie', 'noellebeattie@gmail.com'), (233, 'Herminia', 'McCullough', 'herminiamccullough@agh.edu.pl'), (234, 'Gwynne', 'Urana', 'gwynneurana@gmail.com'), (235, 'Angelica', 'Jacquelyn', 'angelicajacquelyn@agh.edu.pl'), (236, 'Tillie', 'Maggs', 'tilliemaggs@yahoo.com'), (237, 'Margareta', 'Desmund', 'margaretadesmund@agh.edu.pl'), (238, 'Ginnie', 'Rhyner', 'ginnierhyner@gmail.com'), (239, 'Tamiko', 'Janene', 'tamikojanene@gmail.com'), (240, 'Reine', 'Geminius', 'reinegeminius@gmail.com'), (241, 'Marlane', 'Zeeba', 'marlanezeeba@yahoo.com'), (242, 'Joyce', 'Aggi', 'joyceaggi@yahoo.com'), (243, 'Albertina', 'Grados', 'albertinagrados@yahoo.com'), (244, 'Amabel', 'Treacy', 'amabeltreacy@yahoo.com'), (245, 'Ivette', 'Maryann', 'ivettemaryann@agh.edu.pl'), (246, 'Laina', 'Spitzer', 'lainaspitzer@agh.edu.pl'), (247, 'Rozele', 'Grani', 'rozelegrani@agh.edu.pl'), (248, 'Blondie', 'Neukam', 'blondieneukam@agh.edu.pl'), (249, 'Ora', 'Morse', 'oramorse@gmail.com'), (250, 'Lucilia', 'Kaczer', 'luciliakaczer@yahoo.com'), (251, 'Tandie', 'Darryn', 'tandiedarryn@agh.edu.pl'), (252, 'Yevette', 'Demeyer', 'yevettedemeyer@agh.edu.pl'), (253, 'Dionis', 'Trilbi', 'dionistrilbi@gmail.com'), (254, 'Marta', 'Warton', 'martawarton@yahoo.com'), (255, 'Herminia', 'Keely', 'herminiakeely@yahoo.com'), (256, 'Eugenia', 'Lachish', 'eugenialachish@yahoo.com'), (257, 'Elmira', 'Cindelyn', 'elmiracindelyn@agh.edu.pl'), (258, 'Aleece', 'Eisler', 'aleeceeisler@yahoo.com'), (259, 'Katuscha', 'Bessy', 'katuschabessy@agh.edu.pl'), (260, 'Phyllys', 'Langbehn', 'phyllyslangbehn@gmail.com'), (261, 'Dyna', 'Catarina', 'dynacatarina@gmail.com'), (262, 'Daile', 'Hooper', 'dailehooper@agh.edu.pl'), (263, 'Cecilla', 'Sibby', 'cecillasibby@gmail.com'), (264, 'Fawnia', 'Colet', 'fawniacolet@yahoo.com'), (265, 'Anna-Diane', 'Erinn', 'anna-dianeerinn@agh.edu.pl'), (266, 'Carline', 'Moulton', 'carlinemoulton@yahoo.com'), (267, 'Mersey', 'Tally', 'merseytally@agh.edu.pl'), (268, 'Randa', 'Eaves', 'randaeaves@agh.edu.pl'), (269, 'Cthrine', 'Rosella', 'cthrinerosella@agh.edu.pl'), (270, 'Lib', 'Marmaduke', 'libmarmaduke@yahoo.com'), (271, 'Sondra', 'Aphra', 'sondraaphra@gmail.com'), (272, 'Selma', 'Gurevich', 'selmagurevich@gmail.com'), (273, 'Amil', 'Pirbhai', 'amilpirbhai@yahoo.com'), (274, 'Freida', 'Doelling', 'freidadoelling@agh.edu.pl'), (275, 'Gwynne', 'Esmond', 'gwynneesmond@gmail.com'), (276, 'Zea', 'Lisandra', 'zealisandra@yahoo.com'), (277, 'Tawsha', 'Delphina', 'tawshadelphina@agh.edu.pl'), (278, 'Blisse', 'Peterec', 'blissepeterec@agh.edu.pl'), (279, 'Bendite', 'Switzer', 'benditeswitzer@gmail.com'), (280, 'Peggi', 'Harle', 'peggiharle@agh.edu.pl'), (281, 'Carola', 'Valera', 'carolavalera@gmail.com'), (282, 'Alisha', 'Glasgo', 'alishaglasgo@agh.edu.pl'), (283, 'Susie', 'Haney', 'susiehaney@gmail.com'), (284, 'Adiana', 'Alger', 'adianaalger@gmail.com'), (285, 'Danny', 'Bunni', 'dannybunni@yahoo.com'), (286, 'Rani', 'Vassar', 'ranivassar@agh.edu.pl'), (287, 'Imojean', 'Korney', 'imojeankorney@gmail.com'), (288, 'Aurora', 'Rivy', 'aurorarivy@yahoo.com'), (289, 'Dael', 'Marasco', 'daelmarasco@gmail.com'), (290, 'Margarethe', 'Zephan', 'margarethezephan@agh.edu.pl'), (291, 'Josepha', 'Hines', 'josephahines@yahoo.com'), (292, 'Nancey', 'Hilde', 'nanceyhilde@gmail.com'), (293, 'Janean', 'Teresa', 'janeanteresa@agh.edu.pl'), (294, 'Gianna', 'Yasu', 'giannayasu@agh.edu.pl'), (295, 'Trixy', 'Gaut', 'trixygaut@agh.edu.pl'), (296, 'Avis', 'Chamberlin', 'avischamberlin@gmail.com'), (297, 'Eustacia', 'Maghutte', 'eustaciamaghutte@gmail.com'), (298, 'Catie', 'Affer', 'catieaffer@gmail.com'), (299, 'Lilia', 'Festatus', 'liliafestatus@gmail.com'), (300, 'Shandee', 'Paquito', 'shandeepaquito@gmail.com'), (301, 'Dorette', 'Darrell', 'dorettedarrell@agh.edu.pl'), (302, 'Robbin', 'Corotto', 'robbincorotto@yahoo.com'), (303, 'Clareta', 'Budde', 'claretabudde@yahoo.com'), (304, 'Melinde', 'Richara', 'melinderichara@agh.edu.pl'), (305, 'Babette', 'Devi', 'babettedevi@gmail.com'), (306, 'Wenonah', 'Saxena', 'wenonahsaxena@yahoo.com'), (307, 'Adda', 'Mirelle', 'addamirelle@gmail.com'), (308, 'Susan', 'Mateusz', 'susanmateusz@gmail.com'), (309, 'Stacie', 'Sev', 'staciesev@yahoo.com'), (310, 'George', 'Tombaugh', 'georgetombaugh@agh.edu.pl'), (311, 'Viviyan', 'Natka', 'viviyannatka@gmail.com'), (312, 'Elisa', 'Sergeant', 'elisasergeant@agh.edu.pl'), (313, 'Tisha', 'Gabbie', 'tishagabbie@agh.edu.pl'), (314, 'Dulcea', 'Daukas', 'dulceadaukas@yahoo.com'), (315, 'Dode', 'Franzoni', 'dodefranzoni@gmail.com'), (316, 'Minetta', 'Santini', 'minettasantini@gmail.com'), (317, 'Tallou', 'Herc', 'tallouherc@yahoo.com'), (318, 'Cristine', 'Sibley', 'cristinesibley@gmail.com'), (319, 'Sandra', 'Luthanen', 'sandraluthanen@gmail.com'), (320, 'Dallas', 'Naashom', 'dallasnaashom@yahoo.com'), (321, 'Roanne', 'Poland', 'roannepoland@yahoo.com'), (322, 'Ashlen', 'Fen', 'ashlenfen@agh.edu.pl'), (323, 'Marris', 'Perot', 'marrisperot@gmail.com'), (324, 'Cherri', 'Cece', 'cherricece@gmail.com'), (325, 'Tessa', 'Garald', 'tessagarald@gmail.com'), (326, 'Henryetta', 'Trude', 'henryettatrude@yahoo.com'), (327, 'Gabriela', 'Petey', 'gabrielapetey@agh.edu.pl'), (328, 'Paulette', 'Emlynne', 'pauletteemlynne@yahoo.com'), (329, 'Adria', 'Maro', 'adriamaro@yahoo.com'), (330, 'Austine', 'Kiyohara', 'austinekiyohara@agh.edu.pl'), (331, 'Daphna', 'Armilda', 'daphnaarmilda@agh.edu.pl'), (332, 'Ruthe', 'Arleta', 'ruthearleta@gmail.com'), (333, 'Pepita', 'Leesen', 'pepitaleesen@yahoo.com'), (334, 'Betta', 'Alidia', 'bettaalidia@yahoo.com'), (335, 'Aile', 'Darren', 'ailedarren@gmail.com'), (336, 'Rae', 'Gluck', 'raegluck@gmail.com'), (337, 'Gwenette', 'Daune', 'gwenettedaune@agh.edu.pl'), (338, 'Jolee', 'Brandt', 'joleebrandt@yahoo.com'), (339, 'Dorri', 'Owain', 'dorriowain@yahoo.com'), (340, 'Althea', 'Josler', 'altheajosler@gmail.com'), (341, 'Claribel', 'Favianus', 'claribelfavianus@agh.edu.pl'), (342, 'Benni', 'Lengel', 'bennilengel@gmail.com'), (343, 'Henrieta', 'Chouest', 'henrietachouest@yahoo.com'), (344, 'Tammy', 'Leann', 'tammyleann@yahoo.com'), (345, 'Felita', 'Merwin', 'felitamerwin@agh.edu.pl'), (346, 'Mireielle', 'Daberath', 'mireielledaberath@yahoo.com'), (347, 'Mollee', 'Aurora', 'molleeaurora@agh.edu.pl'), (348, 'Jyoti', 'Palocz', 'jyotipalocz@yahoo.com'), (349, 'Marjie', 'Sisely', 'marjiesisely@yahoo.com'), (350, 'Marne', 'Ancier', 'marneancier@yahoo.com'), (351, 'Gabbey', 'Haag', 'gabbeyhaag@gmail.com'), (352, 'Lulu', 'Veradia', 'luluveradia@gmail.com'), (353, 'Dian', 'Modern', 'dianmodern@agh.edu.pl'), (354, 'Opalina', 'Zitah', 'opalinazitah@yahoo.com'), (355, 'Hedwiga', 'Trinatte', 'hedwigatrinatte@gmail.com'), (356, 'Enrica', 'Judsen', 'enricajudsen@gmail.com'), (357, 'Petunia', 'Saturday', 'petuniasaturday@yahoo.com'), (358, 'Tiphanie', 'Tonjes', 'tiphanietonjes@gmail.com'), (359, 'Jaquelyn', 'Tann', 'jaquelyntann@yahoo.com'), (360, 'Zuzana', 'Brandy', 'zuzanabrandy@yahoo.com'), (361, 'Anabel', 'Vitia', 'anabelvitia@gmail.com'), (362, 'Mada', 'Roldan', 'madaroldan@agh.edu.pl'), (363, 'Caryl', 'Gayle', 'carylgayle@agh.edu.pl'), (364, 'Lyndell', 'Kirtley', 'lyndellkirtley@gmail.com'), (365, 'Tonya', 'Eriha', 'tonyaeriha@gmail.com'), (366, 'Malynda', 'Dolan', 'malyndadolan@gmail.com'), (367, 'Berty', 'Thibaut', 'bertythibaut@gmail.com'), (368, 'Joan', 'Arthur', 'joanarthur@yahoo.com'), (369, 'Judye', 'Pavier', 'judyepavier@agh.edu.pl'), (370, 'Steffane', 'Ruff', 'steffaneruff@yahoo.com'), (371, 'Angelia', 'Fruma', 'angeliafruma@gmail.com'), (372, 'Renae', 'Turner', 'renaeturner@yahoo.com'), (373, 'Magdalene', 'Harlie', 'magdaleneharlie@gmail.com'), (374, 'Nelli', 'Cacka', 'nellicacka@yahoo.com'), (375, 'Viole', 'Presber', 'violepresber@gmail.com'), (376, 'Delinda', 'Trixie', 'delindatrixie@gmail.com'), (377, 'Dori', 'Harold', 'doriharold@gmail.com'), (378, 'Fredia', 'Waring', 'frediawaring@agh.edu.pl'), (379, 'Ruth', 'Bedell', 'ruthbedell@gmail.com'), (380, 'Charlena', 'Hedley', 'charlenahedley@agh.edu.pl'), (381, 'Ginnie', 'Ignatzia', 'ginnieignatzia@gmail.com'), (382, 'Norma', 'Orvah', 'normaorvah@yahoo.com'), (383, 'Ariella', 'Antin', 'ariellaantin@gmail.com'), (384, 'Bessy', 'Kirshbaum', 'bessykirshbaum@agh.edu.pl'), (385, 'Valaree', 'Rodolph', 'valareerodolph@agh.edu.pl'), (386, 'Florella', 'Mellette', 'florellamellette@agh.edu.pl'), (387, 'Dyana', 'Baldridge', 'dyanabaldridge@agh.edu.pl'), (388, 'Karolina', 'Patin', 'karolinapatin@yahoo.com'), (389, 'Lolly', 'Isacco', 'lollyisacco@gmail.com'), (390, 'Bianka', 'Winou', 'biankawinou@gmail.com'), (391, 'Dedra', 'Florin', 'dedraflorin@agh.edu.pl'), (392, 'Chad', 'Cudlip', 'chadcudlip@yahoo.com'), (393, 'Gwenneth', 'Aleris', 'gwennethaleris@gmail.com'), (394, 'Simonette', 'Santa', 'simonettesanta@yahoo.com'), (395, 'Gwenni', 'Man', 'gwenniman@yahoo.com'), (396, 'Kaylee', 'Siesser', 'kayleesiesser@yahoo.com'), (397, 'Renae', 'Ursula', 'renaeursula@agh.edu.pl'), (398, 'Tracy', 'Wilburn', 'tracywilburn@gmail.com'), (399, 'Marci', 'Slayton', 'marcislayton@gmail.com'), (400, 'Karalynn', 'Abdulla', 'karalynnabdulla@gmail.com'), (401, 'Geneva', 'Anabella', 'genevaanabella@yahoo.com'), (402, 'Annetta', 'Cannell', 'annettacannell@agh.edu.pl'), (403, 'Constancy', 'Mitran', 'constancymitran@yahoo.com'), (404, 'Caresa', 'Baudelaire', 'caresabaudelaire@agh.edu.pl'), (405, 'Christiane', 'Eckblad', 'christianeeckblad@gmail.com'), (406, 'Maribelle', 'Nahshun', 'maribellenahshun@agh.edu.pl'), (407, 'Yolanda', 'Davison', 'yolandadavison@agh.edu.pl'), (408, 'Veronique', 'Fried', 'veroniquefried@gmail.com'), (409, 'Alexandra', 'Olsen', 'alexandraolsen@yahoo.com'), (410, 'Leonore', 'Ireland', 'leonoreireland@agh.edu.pl'), (411, 'Milli', 'Zelazny', 'millizelazny@yahoo.com'), (412, 'Joscelin', 'Ardys', 'joscelinardys@gmail.com'), (413, 'Maire', 'Liatrice', 'maireliatrice@gmail.com'), (414, 'Papagena', 'Belden', 'papagenabelden@agh.edu.pl'), (415, 'Wanda', 'Hadlee', 'wandahadlee@agh.edu.pl'), (416, 'Delinda', 'Cyndy', 'delindacyndy@agh.edu.pl'), (417, 'Ethel', 'Jasen', 'etheljasen@yahoo.com'), (418, 'Charmian', 'Lhary', 'charmianlhary@gmail.com'), (419, 'Nesta', 'Sukin', 'nestasukin@gmail.com'), (420, 'Corrianne', 'Heymann', 'corrianneheymann@yahoo.com'), (421, 'Trenna', 'Elspeth', 'trennaelspeth@yahoo.com'), (422, 'Stephani', 'Leshia', 'stephanileshia@gmail.com'), (423, 'Julianna', 'Nela', 'juliannanela@agh.edu.pl'), (424, 'Maddalena', 'Barde', 'maddalenabarde@gmail.com'), (425, 'Kellia', 'Haven', 'kelliahaven@yahoo.com'), (426, 'Kathleen', 'Kalfas', 'kathleenkalfas@agh.edu.pl'), (427, 'Shelba', 'Jeane', 'shelbajeane@yahoo.com'), (428, 'Anthia', 'Perkins', 'anthiaperkins@gmail.com'), (429, 'Helga', 'Shannan', 'helgashannan@yahoo.com'), (430, 'Alvina', 'Leopoldine', 'alvinaleopoldine@agh.edu.pl'), (431, 'Bonita', 'Tyika', 'bonitatyika@gmail.com'), (432, 'Linnell', 'Sang', 'linnellsang@yahoo.com'), (433, 'Dinnie', 'Melentha', 'dinniemelentha@agh.edu.pl'), (434, 'Meghann', 'Gershom', 'meghanngershom@gmail.com'), (435, 'Lois', 'Leacock', 'loisleacock@agh.edu.pl'), (436, 'Starr', 'Swithin', 'starrswithin@agh.edu.pl'), (437, 'Marcy', 'Uthrop', 'marcyuthrop@gmail.com'), (438, 'Laryssa', 'Coleman', 'laryssacoleman@gmail.com'), (439, 'Marcellina', 'Elisha', 'marcellinaelisha@yahoo.com'), (440, 'Nikolia', 'Kone', 'nikoliakone@yahoo.com'), (441, 'Herminia', 'Lock', 'herminialock@agh.edu.pl'), (442, 'Agnesse', 'Berger', 'agnesseberger@yahoo.com'), (443, 'Cris', 'Magdala', 'crismagdala@gmail.com'), (444, 'Batsheva', 'Cown', 'batshevacown@agh.edu.pl'), (445, 'Mella', 'OGrady', 'mellaogrady@yahoo.com'), (446, 'Gabriellia', 'Gibson', 'gabrielliagibson@yahoo.com'), (447, 'Fiorenze', 'Ellingston', 'fiorenzeellingston@gmail.com'), (448, 'Ronalda', 'Chon', 'ronaldachon@gmail.com'), (449, 'Bessy', 'Rexfourd', 'bessyrexfourd@yahoo.com'), (450, 'Cara', 'Minier', 'caraminier@gmail.com'), (451, 'Ingunna', 'Alecia', 'ingunnaalecia@agh.edu.pl'), (452, 'Star', 'Mendoza', 'starmendoza@yahoo.com'), (453, 'Brittni', 'Patric', 'brittnipatric@yahoo.com'), (454, 'Barbi', 'Naima', 'barbinaima@agh.edu.pl'), (455, 'Appolonia', 'Bostow', 'appoloniabostow@gmail.com'), (456, 'Chantal', 'Irme', 'chantalirme@gmail.com'), (457, 'Marissa', 'Brelje', 'marissabrelje@gmail.com'), (458, 'Lexine', 'Kachine', 'lexinekachine@gmail.com'), (459, 'Desiree', 'Ahders', 'desireeahders@agh.edu.pl'), (460, 'Dasya', 'Mirabelle', 'dasyamirabelle@gmail.com'), (461, 'Delly', 'Gweneth', 'dellygweneth@gmail.com'), (462, 'Millicent', 'Pavier', 'millicentpavier@agh.edu.pl'), (463, 'Leola', 'Bambi', 'leolabambi@agh.edu.pl'), (464, 'Shelbi', 'Addia', 'shelbiaddia@yahoo.com'), (465, 'Sula', 'Three', 'sulathree@gmail.com'), (466, 'Lyndsie', 'Jerad', 'lyndsiejerad@gmail.com'), (467, 'Meg', 'Burdett', 'megburdett@yahoo.com'), (468, 'Modestine', 'Publia', 'modestinepublia@yahoo.com'), (469, 'Starlin', 'Randall', 'starlinrandall@agh.edu.pl'), (470, 'Janeczka', 'Steinman', 'janeczkasteinman@agh.edu.pl'), (471, 'Cinda', 'Orms', 'cindaorms@yahoo.com'), (472, 'Robby', 'Younglove', 'robbyyounglove@agh.edu.pl'), (473, 'Riane', 'Roach', 'rianeroach@gmail.com'), (474, 'Tandi', 'Pearle', 'tandipearle@agh.edu.pl'), (475, 'Elizabet', 'Edrea', 'elizabetedrea@gmail.com'), (476, 'Rebeka', 'Ynes', 'rebekaynes@yahoo.com'), (477, 'Lavinia', 'Wende', 'laviniawende@agh.edu.pl'), (478, 'Joane', 'Tuesday', 'joanetuesday@yahoo.com'), (479, 'Erena', 'Garber', 'erenagarber@yahoo.com'), (480, 'Lil', 'Fredrika', 'lilfredrika@yahoo.com'), (481, 'Leeanne', 'Henig', 'leeannehenig@gmail.com'), (482, 'Dore', 'Karney', 'dorekarney@gmail.com'), (483, 'Brande', 'Dyer', 'brandedyer@agh.edu.pl'), (484, 'Blancha', 'Borries', 'blanchaborries@gmail.com'), (485, 'Miguela', 'Leena', 'miguelaleena@agh.edu.pl'), (486, 'Raine', 'Banwell', 'rainebanwell@yahoo.com'), (487, 'Wilmette', 'Carmine', 'wilmettecarmine@yahoo.com'), (488, 'Elfie', 'TEirtza', 'elfieteirtza@agh.edu.pl'), (489, 'Merrily', 'Columbine', 'merrilycolumbine@gmail.com'), (490, 'Agneta', 'Churchill', 'agnetachurchill@gmail.com'), (491, 'Kalindi', 'Jochebed', 'kalindijochebed@yahoo.com'), (492, 'Nadean', 'Abbe', 'nadeanabbe@gmail.com'), (493, 'Henka', 'Dola', 'henkadola@agh.edu.pl'), (494, 'Rici', 'Nikolai', 'ricinikolai@agh.edu.pl'), (495, 'Brittan', 'Aleris', 'brittanaleris@yahoo.com'), (496, 'Anthe', 'Ly', 'anthely@agh.edu.pl'), (497, 'Ezmeralda', 'Waverley', 'ezmeraldawaverley@gmail.com'), (498, 'Ava', 'Mireielle', 'avamireielle@yahoo.com'), (499, 'Brinna', 'Thordia', 'brinnathordia@gmail.com'), (500, 'Melany', 'Kwei', 'melanykwei@agh.edu.pl'), (501, 'Myrah', 'Daye', 'myrahdaye@gmail.com'), (502, 'Elnora', 'Stella', 'elnorastella@yahoo.com'), (503, 'Callida', 'Vinna', 'callidavinna@gmail.com'), (504, 'Louise', 'Mala', 'louisemala@agh.edu.pl'), (505, 'Bernardine', 'Callum', 'bernardinecallum@gmail.com'), (506, 'Nancee', 'Susette', 'nanceesusette@gmail.com'), (507, 'Lesly', 'Stronski', 'leslystronski@gmail.com'), (508, 'Tandi', 'Nelia', 'tandinelia@gmail.com'), (509, 'Calla', 'Othella', 'callaothella@gmail.com'), (510, 'Cleo', 'Ruthy', 'cleoruthy@yahoo.com'), (511, 'Basia', 'Wilterdink', 'basiawilterdink@gmail.com'), (512, 'Joletta', 'Abrams', 'jolettaabrams@yahoo.com'), (513, 'Daphne', 'Lisette', 'daphnelisette@gmail.com'), (514, 'Pietra', 'Booker', 'pietrabooker@gmail.com'), (515, 'Meggie', 'Pinckney', 'meggiepinckney@gmail.com'), (516, 'Rycca', 'Othe', 'ryccaothe@agh.edu.pl'), (517, 'Siouxie', 'Tatiania', 'siouxietatiania@gmail.com'), (518, 'Doria', 'Galligan', 'doriagalligan@yahoo.com'), (519, 'Lizette', 'Kienan', 'lizettekienan@agh.edu.pl'), (520, 'Constancy', 'Donatelli', 'constancydonatelli@yahoo.com'), (521, 'Sheelagh', 'Norval', 'sheelaghnorval@gmail.com'), (522, 'Corey', 'Arly', 'coreyarly@gmail.com'), (523, 'Tove', 'McCutcheon', 'tovemccutcheon@yahoo.com'), (524, 'Sharlene', 'Salli', 'sharlenesalli@agh.edu.pl'), (525, 'Kore', 'Cartwell', 'korecartwell@agh.edu.pl'), (526, 'Elmira', 'Nicko', 'elmiranicko@agh.edu.pl'), (527, 'Deeann', 'Joseito', 'deeannjoseito@agh.edu.pl'), (528, 'Harmonie', 'Hirai', 'harmoniehirai@gmail.com'), (529, 'Davita', 'Hyacinthie', 'davitahyacinthie@agh.edu.pl'), (530, 'Ellen', 'Breana', 'ellenbreana@agh.edu.pl'), (531, 'Gae', 'Jannelle', 'gaejannelle@agh.edu.pl'), (532, 'Adrea', 'Higginbotham', 'adreahigginbotham@gmail.com'), (533, 'Tommie', 'Retha', 'tommieretha@agh.edu.pl'), (534, 'Octavia', 'Pinter', 'octaviapinter@gmail.com'), (535, 'Ardelle', 'Bunnie', 'ardellebunnie@yahoo.com'), (536, 'Estelle', 'Omora', 'estelleomora@yahoo.com'), (537, 'Mariska', 'Wolfgram', 'mariskawolfgram@agh.edu.pl'), (538, 'Heda', 'Ruyle', 'hedaruyle@gmail.com'), (539, 'Ernestine', 'Ellary', 'ernestineellary@gmail.com'), (540, 'Brynne', 'Bonaparte', 'brynnebonaparte@gmail.com'), (541, 'Adrian', 'Adlee', 'adrianadlee@yahoo.com'), (542, 'Cherie', 'Clements', 'cherieclements@gmail.com'), (543, 'Dorree', 'Lenssen', 'dorreelenssen@gmail.com'), (544, 'Jammie', 'Hollinger', 'jammiehollinger@yahoo.com'), (545, 'Sibyl', 'Readus', 'sibylreadus@agh.edu.pl'), (546, 'Arlyn', 'Jonas', 'arlynjonas@agh.edu.pl'), (547, 'Nike', 'Liebowitz', 'nikeliebowitz@gmail.com'), (548, 'Corliss', 'Adolph', 'corlissadolph@agh.edu.pl'), (549, 'Loralee', 'Hole', 'loraleehole@gmail.com'), (550, 'Dee', 'Cimah', 'deecimah@gmail.com'), (551, 'Joete', 'Pearson', 'joetepearson@agh.edu.pl'), (552, 'Theresita', 'Homerus', 'theresitahomerus@yahoo.com'), (553, 'Charity', 'Maggee', 'charitymaggee@yahoo.com'), (554, 'Phyllis', 'McDade', 'phyllismcdade@yahoo.com'), (555, 'Sheeree', 'Octavius', 'sheereeoctavius@yahoo.com'), (556, 'Shanta', 'Almena', 'shantaalmena@gmail.com'), (557, 'Rahel', 'Cecilius', 'rahelcecilius@agh.edu.pl'), (558, 'Ursuline', 'Moseley', 'ursulinemoseley@yahoo.com'), (559, 'Glen', 'Squire', 'glensquire@agh.edu.pl'), (560, 'Nelly', 'Keelby', 'nellykeelby@yahoo.com'), (561, 'Minne', 'Carnes', 'minnecarnes@agh.edu.pl'), (562, 'Myra', 'Hulbig', 'myrahulbig@agh.edu.pl'), (563, 'Angelia', 'Maudie', 'angeliamaudie@yahoo.com'), (564, 'Cristen', 'Bronez', 'cristenbronez@agh.edu.pl'), (565, 'Ermina', 'Fry', 'erminafry@yahoo.com'), (566, 'Lari', 'Emogene', 'lariemogene@yahoo.com'), (567, 'Erna', 'Pontus', 'ernapontus@agh.edu.pl'), (568, 'Kelci', 'Beore', 'kelcibeore@yahoo.com'), (569, 'Rosalia', 'Clarey', 'rosaliaclarey@gmail.com'), (570, 'Georgianne', 'Ariela', 'georgianneariela@agh.edu.pl'), (571, 'Rowena', 'Kyla', 'rowenakyla@yahoo.com'), (572, 'Gilbertina', 'Garris', 'gilbertinagarris@agh.edu.pl'), (573, 'Gianina', 'Scoles', 'gianinascoles@gmail.com'), (574, 'Carlyn', 'Stace', 'carlynstace@agh.edu.pl'), (575, 'Erena', 'Franky', 'erenafranky@agh.edu.pl'), (576, 'Lynne', 'Nessy', 'lynnenessy@yahoo.com'), (577, 'Lorraine', 'Calendra', 'lorrainecalendra@gmail.com'), (578, 'Bibbie', 'Woodring', 'bibbiewoodring@agh.edu.pl'), (579, 'Tawnya', 'Inoue', 'tawnyainoue@yahoo.com'), (580, 'Rae', 'Aeniah', 'raeaeniah@yahoo.com'), (581, 'Alexandra', 'Robinet', 'alexandrarobinet@gmail.com'), (582, 'Katine', 'Shayla', 'katineshayla@gmail.com'), (583, 'Haleigh', 'Laverna', 'haleighlaverna@gmail.com'), (584, 'Stace', 'Eppes', 'staceeppes@agh.edu.pl'), (585, 'Prue', 'Nata', 'pruenata@agh.edu.pl'), (586, 'Barbaraanne', 'Carmel', 'barbaraannecarmel@yahoo.com'), (587, 'Britteny', 'Weinberg', 'brittenyweinberg@yahoo.com'), (588, 'Dorothee', 'Whitver', 'dorotheewhitver@yahoo.com'), (589, 'Michell', 'Sherilyn', 'michellsherilyn@yahoo.com'), (590, 'Wilona', 'Shishko', 'wilonashishko@gmail.com'), (591, 'Tatiania', 'Lian', 'tatianialian@gmail.com'), (592, 'Joycelin', 'Lananna', 'joycelinlananna@agh.edu.pl'), (593, 'Dannye', 'Jodoin', 'dannyejodoin@agh.edu.pl'), (594, 'Giustina', 'Bozovich', 'giustinabozovich@yahoo.com'), (595, 'Evangelia', 'Cathee', 'evangeliacathee@yahoo.com'), (596, 'Deeann', 'Balliett', 'deeannballiett@gmail.com'), (597, 'Conni', 'Brandea', 'connibrandea@yahoo.com'), (598, 'Ray', 'Asel', 'rayasel@gmail.com'), (599, 'Rafaelia', 'Dulci', 'rafaeliadulci@gmail.com'), (600, 'Melisa', 'Newlin', 'melisanewlin@agh.edu.pl'), (601, 'Merrily', 'Williamson', 'merrilywilliamson@gmail.com'), (602, 'Gae', 'Piane', 'gaepiane@gmail.com'), (603, 'Timmy', 'Bethena', 'timmybethena@agh.edu.pl'), (604, 'Carmita', 'Chilton', 'carmitachilton@agh.edu.pl'), (605, 'Joanne', 'Tinya', 'joannetinya@gmail.com'), (606, 'Eileen', 'Burgess', 'eileenburgess@gmail.com'), (607, 'Edyth', 'Gimpel', 'edythgimpel@agh.edu.pl'), (608, 'Rafaela', 'Siouxie', 'rafaelasiouxie@agh.edu.pl'), (609, 'Jennilee', 'Feltie', 'jennileefeltie@agh.edu.pl'), (610, 'Crista', 'Martineau', 'cristamartineau@gmail.com'), (611, 'Onida', 'Wrench', 'onidawrench@gmail.com'), (612, 'Barbara', 'Celisse', 'barbaracelisse@yahoo.com'), (613, 'Tami', 'Vivyanne', 'tamivivyanne@agh.edu.pl'), (614, 'Valeria', 'Julissa', 'valeriajulissa@gmail.com'), (615, 'Samara', 'Radie', 'samararadie@yahoo.com'), (616, 'Dorothy', 'Kahl', 'dorothykahl@gmail.com'), (617, 'Eydie', 'Jaala', 'eydiejaala@yahoo.com'), (618, 'Tobi', 'Horton', 'tobihorton@yahoo.com'), (619, 'Wini', 'Fem', 'winifem@yahoo.com'), (620, 'Jennica', 'Humfrid', 'jennicahumfrid@yahoo.com'), (621, 'Britney', 'Skolnik', 'britneyskolnik@gmail.com'), (622, 'Lanie', 'Maddie', 'laniemaddie@yahoo.com'), (623, 'Aurore', 'Amasa', 'auroreamasa@agh.edu.pl'), (624, 'Jacki', 'Kano', 'jackikano@gmail.com'), (625, 'Mellisent', 'Senior', 'mellisentsenior@gmail.com'), (626, 'Mariejeanne', 'Anastos', 'mariejeanneanastos@gmail.com'), (627, 'Mira', 'Neils', 'miraneils@yahoo.com'), (628, 'Maisey', 'Sheryl', 'maiseysheryl@gmail.com'), (629, 'Golda', 'Ludlew', 'goldaludlew@agh.edu.pl'), (630, 'Marga', 'Martica', 'margamartica@agh.edu.pl'), (631, 'Karole', 'Herwig', 'karoleherwig@agh.edu.pl'), (632, 'Chrissie', 'Rhett', 'chrissierhett@agh.edu.pl'), (633, 'Marijo', 'Jarrad', 'marijojarrad@gmail.com'), (634, 'Mollie', 'Scully', 'molliescully@agh.edu.pl'), (635, 'Kim', 'Milton', 'kimmilton@yahoo.com'), (636, 'Ame', 'Esra', 'ameesra@agh.edu.pl'), (637, 'Alica', 'Rossen', 'alicarossen@gmail.com'), (638, 'Danni', 'Oralle', 'dannioralle@agh.edu.pl'), (639, 'Lilah', 'Basil', 'lilahbasil@gmail.com'), (640, 'Patty', 'Cleres', 'pattycleres@agh.edu.pl'), (641, 'Biddy', 'Edyth', 'biddyedyth@agh.edu.pl'), (642, 'Roseanne', 'Beale', 'roseannebeale@agh.edu.pl'), (643, 'Meridel', 'Bolanger', 'meridelbolanger@gmail.com'), (644, 'Tammy', 'Leavitt', 'tammyleavitt@agh.edu.pl'), (645, 'Maribeth', 'Rodl', 'maribethrodl@yahoo.com'), (646, 'Catlin', 'Jauch', 'catlinjauch@gmail.com'), (647, 'Vi', 'Connelley', 'viconnelley@yahoo.com'), (648, 'Adriaens', 'Baumbaugh', 'adriaensbaumbaugh@agh.edu.pl'), (649, 'Clarissa', 'Marieann', 'clarissamarieann@gmail.com'), (650, 'Amalie', 'Malina', 'amaliemalina@agh.edu.pl'), (651, 'Shellie', 'Wye', 'shelliewye@yahoo.com'), (652, 'Gretchen', 'Leboff', 'gretchenleboff@gmail.com'), (653, 'Allyn', 'Criswell', 'allyncriswell@gmail.com'), (654, 'Shina', 'Zaller', 'shinazaller@gmail.com'), (655, 'Trudi', 'Samala', 'trudisamala@agh.edu.pl'), (656, 'Shelia', 'Mellman', 'sheliamellman@gmail.com'), (657, 'Coraline', 'Smalley', 'coralinesmalley@yahoo.com'), (658, 'Cammi', 'Perrins', 'cammiperrins@agh.edu.pl'), (659, 'Maryrose', 'Nevil', 'maryrosenevil@yahoo.com'), (660, 'Emmie', 'Annabal', 'emmieannabal@gmail.com'), (661, 'Robbin', 'Haig', 'robbinhaig@yahoo.com'), (662, 'Devina', 'Berga', 'devinaberga@yahoo.com'), (663, 'Ruthe', 'Cobby', 'ruthecobby@gmail.com'), (664, 'Kaja', 'Zink', 'kajazink@agh.edu.pl'), (665, 'Cortney', 'Stewart', 'cortneystewart@agh.edu.pl'), (666, 'Gerty', 'Seumas', 'gertyseumas@agh.edu.pl'), (667, 'Victoria', 'Fadil', 'victoriafadil@gmail.com'), (668, 'Karlyn', 'Rudyard', 'karlynrudyard@yahoo.com'), (669, 'Minni', 'Ardella', 'minniardella@agh.edu.pl'), (670, 'Allyce', 'Kenny', 'allycekenny@gmail.com'), (671, 'Issi', 'Markowitz', 'issimarkowitz@yahoo.com'), (672, 'Nolana', 'Ferdinana', 'nolanaferdinana@agh.edu.pl'), (673, 'Eydie', 'Verena', 'eydieverena@yahoo.com'), (674, 'Avrit', 'Bradstreet', 'avritbradstreet@gmail.com'), (675, 'Audrye', 'Jer', 'audryejer@agh.edu.pl'), (676, 'Bethanne', 'Downe', 'bethannedowne@gmail.com'), (677, 'Denyse', 'Landan', 'denyselandan@gmail.com'), (678, 'Roobbie', 'Tilden', 'roobbietilden@gmail.com'), (679, 'Gene', 'Clabo', 'geneclabo@yahoo.com'), (680, 'Kamilah', 'Sibel', 'kamilahsibel@yahoo.com'), (681, 'Dyanne', 'Eloisa', 'dyanneeloisa@agh.edu.pl'), (682, 'Marinna', 'Arni', 'marinnaarni@yahoo.com'), (683, 'Nalani', 'Krell', 'nalanikrell@agh.edu.pl'), (684, 'Ki', 'Wendy', 'kiwendy@yahoo.com'), (685, 'Perry', 'Garris', 'perrygarris@yahoo.com'), (686, 'Heida', 'Bree', 'heidabree@yahoo.com'), (687, 'Caro', 'Issiah', 'caroissiah@yahoo.com'), (688, 'Christiane', 'Koval', 'christianekoval@yahoo.com'), (689, 'Milissent', 'Nerta', 'milissentnerta@yahoo.com'), (690, 'Marion', 'Savannah', 'marionsavannah@gmail.com'), (691, 'Frankie', 'Montagu', 'frankiemontagu@yahoo.com'), (692, 'Raquela', 'Meehan', 'raquelameehan@agh.edu.pl'), (693, 'Dianna', 'Weissberg', 'diannaweissberg@gmail.com'), (694, 'Izabel', 'Shirl', 'izabelshirl@gmail.com'), (695, 'Walliw', 'Pickford', 'walliwpickford@yahoo.com'), (696, 'Kelcey', 'Ratib', 'kelceyratib@yahoo.com'), (697, 'Ilsa', 'Alisa', 'ilsaalisa@gmail.com'), (698, 'Liliane', 'Horgan', 'lilianehorgan@gmail.com'), (699, 'Holli', 'Andrew', 'holliandrew@gmail.com'), (700, 'Gracia', 'Oleta', 'graciaoleta@agh.edu.pl'), (701, 'Marcille', 'Creight', 'marcillecreight@yahoo.com'), (702, 'Berna', 'Bahner', 'bernabahner@agh.edu.pl'), (703, 'Demeter', 'Werner', 'demeterwerner@yahoo.com'), (704, 'Zarla', 'Aleta', 'zarlaaleta@yahoo.com'), (705, 'Remy', 'Guria', 'remyguria@gmail.com'), (706, 'Maggi', 'Noble', 'magginoble@yahoo.com'), (707, 'Kirby', 'Waugh', 'kirbywaugh@agh.edu.pl'), (708, 'Bertie', 'Tonkin', 'bertietonkin@yahoo.com'), (709, 'Melessa', 'Curry', 'melessacurry@gmail.com'), (710, 'Consuela', 'Ruddy', 'consuelaruddy@gmail.com'), (711, 'Dannie', 'Wertheimer', 'danniewertheimer@yahoo.com'), (712, 'Lanna', 'Ingeborg', 'lannaingeborg@gmail.com'), (713, 'Adara', 'Langsdon', 'adaralangsdon@agh.edu.pl'), (714, 'Cheslie', 'Midian', 'chesliemidian@yahoo.com'), (715, 'Marcie', 'Mandie', 'marciemandie@agh.edu.pl'), (716, 'Consuelo', 'Virendra', 'consuelovirendra@gmail.com'), (717, 'Hollie', 'Whitford', 'holliewhitford@gmail.com'), (718, 'Fara', 'Luthanen', 'faraluthanen@gmail.com'), (719, 'Rebecka', 'Dawkins', 'rebeckadawkins@agh.edu.pl'), (720, 'Bellina', 'Wes', 'bellinawes@yahoo.com'), (721, 'Fanny', 'Clute', 'fannyclute@yahoo.com'), (722, 'Christalle', 'Faye', 'christallefaye@gmail.com'), (723, 'Fae', 'Alina', 'faealina@yahoo.com'), (724, 'Sybyl', 'Mackey', 'sybylmackey@gmail.com'), (725, 'Toni', 'Garris', 'tonigarris@agh.edu.pl'), (726, 'Sacha', 'Creighton', 'sachacreighton@gmail.com'), (727, 'Fanchette', 'Clarey', 'fanchetteclarey@agh.edu.pl'), (728, 'Blaire', 'Glad', 'blaireglad@agh.edu.pl'), (729, 'Elaine', 'Mercuri', 'elainemercuri@yahoo.com'), (730, 'Myrah', 'Bartie', 'myrahbartie@gmail.com'), (731, 'Dorothea', 'Pammy', 'dorotheapammy@gmail.com'), (732, 'Loise', 'Wack', 'loisewack@agh.edu.pl'), (733, 'Alie', 'Elden', 'alieelden@yahoo.com'), (734, 'Clem', 'Joellyn', 'clemjoellyn@yahoo.com'), (735, 'Illa', 'Tiana', 'illatiana@yahoo.com'), (736, 'Ricki', 'Graaf', 'rickigraaf@agh.edu.pl'), (737, 'Desiree', 'Gomar', 'desireegomar@agh.edu.pl'), (738, 'Klarrisa', 'Skell', 'klarrisaskell@agh.edu.pl'), (739, 'Gail', 'Ruprecht', 'gailruprecht@agh.edu.pl'), (740, 'Cindra', 'Loella', 'cindraloella@agh.edu.pl'), (741, 'Ardis', 'Morton', 'ardismorton@agh.edu.pl'), (742, 'Debbi', 'Melosa', 'debbimelosa@gmail.com'), (743, 'Sibelle', 'Theodosia', 'sibelletheodosia@yahoo.com'), (744, 'Opal', 'Yaron', 'opalyaron@agh.edu.pl'), (745, 'Atlanta', 'Theodor', 'atlantatheodor@gmail.com'), (746, 'Anabal', 'Calv', 'anabalcalv@agh.edu.pl'), (747, 'Erminie', 'Heyde', 'erminieheyde@gmail.com'), (748, 'Natalie', 'Crary', 'nataliecrary@agh.edu.pl'), (749, 'Kamillah', 'Zohara', 'kamillahzohara@gmail.com'), (750, 'Deanne', 'Tryck', 'deannetryck@yahoo.com'), (751, 'Lauryn', 'Gipsy', 'lauryngipsy@gmail.com'), (752, 'Marthe', 'Gottlieb', 'marthegottlieb@agh.edu.pl'), (753, 'Leeann', 'Scherle', 'leeannscherle@agh.edu.pl'), (754, 'Fae', 'Krissy', 'faekrissy@gmail.com'), (755, 'Gillan', 'Dorcy', 'gillandorcy@gmail.com'), (756, 'Marilee', 'Richia', 'marileerichia@yahoo.com'), (757, 'Laney', 'Al', 'laneyal@agh.edu.pl'), (758, 'Kendra', 'Phineas', 'kendraphineas@gmail.com'), (759, 'Kariotta', 'Krenn', 'kariottakrenn@yahoo.com'), (760, 'Gabbi', 'Alguire', 'gabbialguire@agh.edu.pl'), (761, 'Dolly', 'Luby', 'dollyluby@yahoo.com'), (762, 'Eloisa', 'Henden', 'eloisahenden@gmail.com'), (763, 'Rozalin', 'Phemia', 'rozalinphemia@gmail.com'), (764, 'Aubine', 'Madox', 'aubinemadox@yahoo.com'), (765, 'Ardra', 'Verner', 'ardraverner@agh.edu.pl'), (766, 'Ingaberg', 'Claudio', 'ingabergclaudio@yahoo.com'), (767, 'Christina', 'Inglebert', 'christinainglebert@agh.edu.pl'), (768, 'Delcine', 'Ellerey', 'delcineellerey@gmail.com'), (769, 'Malissa', 'Norvin', 'malissanorvin@yahoo.com'), (770, 'Rafaelia', 'Johnny', 'rafaeliajohnny@yahoo.com'), (771, 'Kellina', 'Calise', 'kellinacalise@yahoo.com'), (772, 'Jorry', 'Shelba', 'jorryshelba@gmail.com'), (773, 'Nanette', 'Hayashi', 'nanettehayashi@gmail.com'), (774, 'Phaedra', 'Emlen', 'phaedraemlen@gmail.com'), (775, 'Emiline', 'Reisch', 'emilinereisch@agh.edu.pl'), (776, 'Kessia', 'Reinertson', 'kessiareinertson@gmail.com'), (777, 'Agnesse', 'Sander', 'agnessesander@gmail.com'), (778, 'Bamby', 'Gadmann', 'bambygadmann@yahoo.com'), (779, 'Patricia', 'Bolanger', 'patriciabolanger@gmail.com'), (780, 'Jeni', 'Boucher', 'jeniboucher@gmail.com'), (781, 'Dale', 'Haddad', 'dalehaddad@yahoo.com'), (782, 'Flori', 'Ferguson', 'floriferguson@yahoo.com'), (783, 'Philippine', 'McRipley', 'philippinemcripley@yahoo.com'), (784, 'Pansie', 'Beard', 'pansiebeard@agh.edu.pl'), (785, 'Monique', 'Emory', 'moniqueemory@yahoo.com'), (786, 'Haleigh', 'Jain', 'haleighjain@yahoo.com'), (787, 'Georgina', 'Sapphire', 'georginasapphire@gmail.com'), (788, 'Laural', 'Bess', 'lauralbess@yahoo.com'), (789, 'Issie', 'Hiram', 'issiehiram@agh.edu.pl'), (790, 'Fern', 'Ekaterina', 'fernekaterina@agh.edu.pl'), (791, 'Sydney', 'Giff', 'sydneygiff@yahoo.com'), (792, 'Olive', 'Diamante', 'olivediamante@gmail.com'), (793, 'Ilka', 'Bushore', 'ilkabushore@gmail.com'), (794, 'Tiphanie', 'Alviani', 'tiphaniealviani@gmail.com'), (795, 'Matilde', 'Kowalski', 'matildekowalski@gmail.com'), (796, 'Adora', 'Hurff', 'adorahurff@yahoo.com'), (797, 'Rowe', 'Fleeta', 'rowefleeta@yahoo.com'), (798, 'Lise', 'Haletta', 'lisehaletta@yahoo.com'), (799, 'Sibylla', 'Gene', 'sibyllagene@yahoo.com'), (800, 'Emmye', 'Chapen', 'emmyechapen@gmail.com'), (801, 'Caria', 'Rhodes', 'cariarhodes@agh.edu.pl'), (802, 'Cassondra', 'Hulton', 'cassondrahulton@agh.edu.pl'), (803, 'Renata', 'Yurik', 'renatayurik@agh.edu.pl'), (804, 'Wilone', 'Biddy', 'wilonebiddy@agh.edu.pl'), (805, 'Hedvig', 'Osi', 'hedvigosi@agh.edu.pl'), (806, 'Edith', 'Hughie', 'edithhughie@agh.edu.pl'), (807, 'Magda', 'Gottuard', 'magdagottuard@gmail.com'), (808, 'Caresa', 'Gytle', 'caresagytle@gmail.com'), (809, 'Kalina', 'Clements', 'kalinaclements@yahoo.com'), (810, 'Myrilla', 'Ten', 'myrillaten@agh.edu.pl'), (811, 'Corina', 'Campagna', 'corinacampagna@agh.edu.pl'), (812, 'Fernande', 'Salsbury', 'fernandesalsbury@agh.edu.pl'), (813, 'Linet', 'Minetta', 'linetminetta@agh.edu.pl'), (814, 'Trixi', 'Sanger', 'trixisanger@yahoo.com'), (815, 'Tanhya', 'Paxton', 'tanhyapaxton@agh.edu.pl'), (816, 'Gerry', 'Endo', 'gerryendo@gmail.com'), (817, 'Issy', 'Brion', 'issybrion@gmail.com'), (818, 'Kameko', 'Armstrong', 'kamekoarmstrong@agh.edu.pl'), (819, 'Joletta', 'Utter', 'jolettautter@yahoo.com'), (820, 'Lola', 'Davies', 'loladavies@gmail.com'), (821, 'Elysha', 'Cece', 'elyshacece@gmail.com'), (822, 'Rosabella', 'Haye', 'rosabellahaye@gmail.com'), (823, 'Denna', 'Neala', 'dennaneala@gmail.com'), (824, 'Rorie', 'Xylon', 'roriexylon@agh.edu.pl'), (825, 'Katheryn', 'Lepp', 'katherynlepp@agh.edu.pl'), (826, 'Corinne', 'Che', 'corinneche@yahoo.com'), (827, 'Belicia', 'Absa', 'beliciaabsa@agh.edu.pl'), (828, 'Susan', 'Lamprey', 'susanlamprey@gmail.com'), (829, 'Biddy', 'Jaynes', 'biddyjaynes@gmail.com'), (830, 'Hyacinthe', 'Ciapha', 'hyacintheciapha@yahoo.com'), (831, 'Tiertza', 'Lengel', 'tiertzalengel@agh.edu.pl'), (832, 'Kynthia', 'Jamesy', 'kynthiajamesy@gmail.com'), (833, 'Stephine', 'Seton', 'stephineseton@yahoo.com'), (834, 'Ora', 'Claudelle', 'oraclaudelle@agh.edu.pl'), (835, 'Golda', 'Timoteo', 'goldatimoteo@yahoo.com'), (836, 'Jodi', 'Lillywhite', 'jodilillywhite@gmail.com'), (837, 'Melisent', 'Dart', 'melisentdart@agh.edu.pl'), (838, 'Una', 'Key', 'unakey@yahoo.com'), (839, 'Daveen', 'Froh', 'daveenfroh@gmail.com'), (840, 'Faydra', 'Wiley', 'faydrawiley@gmail.com'), (841, 'Kailey', 'Gauntlett', 'kaileygauntlett@gmail.com'), (842, 'Alexandra', 'Carnahan', 'alexandracarnahan@agh.edu.pl'), (843, 'Hailee', 'Krell', 'haileekrell@agh.edu.pl'), (844, 'Annecorinne', 'Irme', 'annecorinneirme@yahoo.com'), (845, 'Mil', 'Photima', 'milphotima@gmail.com'), (846, 'Garland', 'Kane', 'garlandkane@agh.edu.pl'), (847, 'Amalee', 'Josee', 'amaleejosee@yahoo.com'), (848, 'Nissy', 'Mindi', 'nissymindi@yahoo.com'), (849, 'Nita', 'Myca', 'nitamyca@gmail.com'), (850, 'Laryssa', 'Taub', 'laryssataub@agh.edu.pl'), (851, 'Elfrieda', 'Elysha', 'elfriedaelysha@yahoo.com'), (852, 'Meade', 'Winchester', 'meadewinchester@agh.edu.pl'), (853, 'Margaux', 'Base', 'margauxbase@yahoo.com'), (854, 'Sophronia', 'Hefter', 'sophroniahefter@gmail.com'), (855, 'Arleta', 'Adey', 'arletaadey@agh.edu.pl'), (856, 'Ulla', 'Baer', 'ullabaer@agh.edu.pl'), (857, 'Michal', 'Sola', 'michalsola@yahoo.com'), (858, 'Eulalie', 'Mushro', 'eulaliemushro@agh.edu.pl'), (859, 'Biddy', 'Larimor', 'biddylarimor@gmail.com'), (860, 'Jolynn', 'Bluefarb', 'jolynnbluefarb@agh.edu.pl'), (861, 'Caron', 'Pressman', 'caronpressman@yahoo.com'), (862, 'Debby', 'Gregoire', 'debbygregoire@yahoo.com'), (863, 'Zitella', 'Craven', 'zitellacraven@yahoo.com'), (864, 'Stacie', 'Waterman', 'staciewaterman@yahoo.com'), (865, 'Dagmar', 'Reta', 'dagmarreta@yahoo.com'), (866, 'Mel', 'Poole', 'melpoole@agh.edu.pl'), (867, 'Allissa', 'Pufahl', 'allissapufahl@yahoo.com'), (868, 'Mira', 'Ellswerth', 'miraellswerth@agh.edu.pl'), (869, 'Pamelina', 'Coopersmith', 'pamelinacoopersmith@gmail.com'), (870, 'Lindsey', 'Gibby', 'lindseygibby@agh.edu.pl'), (871, 'Milicent', 'Stearn', 'milicentstearn@yahoo.com'), (872, 'Gerda', 'Hut', 'gerdahut@agh.edu.pl'), (873, 'Kirsten', 'Jasik', 'kirstenjasik@agh.edu.pl'), (874, 'Bennie', 'Teena', 'bennieteena@yahoo.com'), (875, 'Novelia', 'Borg', 'noveliaborg@agh.edu.pl'), (876, 'Nanon', 'Magill', 'nanonmagill@yahoo.com'), (877, 'Ashly', 'Svoboda', 'ashlysvoboda@gmail.com'), (878, 'Jennilee', 'Jeffery', 'jennileejeffery@gmail.com'), (879, 'Tilly', 'Philipp', 'tillyphilipp@agh.edu.pl'), (880, 'Bridie', 'MacGregor', 'bridiemacgregor@agh.edu.pl'), (881, 'Ailene', 'Yee', 'aileneyee@yahoo.com'), (882, 'Daveta', 'Etan', 'davetaetan@gmail.com'), (883, 'Dasha', 'Winshell', 'dashawinshell@yahoo.com'), (884, 'Elaina', 'Sik', 'elainasik@yahoo.com'), (885, 'Suzanne', 'Cassella', 'suzannecassella@agh.edu.pl'), (886, 'Christan', 'Yam', 'christanyam@agh.edu.pl'), (887, 'Leela', 'Volkan', 'leelavolkan@yahoo.com'), (888, 'Ariana', 'Verile', 'arianaverile@yahoo.com'), (889, 'Jerrie', 'Yettie', 'jerrieyettie@agh.edu.pl'), (890, 'Farah', 'Winola', 'farahwinola@gmail.com'), (891, 'Allsun', 'Wampler', 'allsunwampler@gmail.com'), (892, 'Angela', 'Sparky', 'angelasparky@agh.edu.pl'), (893, 'Melosa', 'Ilise', 'melosailise@gmail.com'), (894, 'Zsa Zsa', 'Bambi', 'zsazsabambi@gmail.com'), (895, 'Beverie', 'Rozek', 'beverierozek@gmail.com'), (896, 'Karla', 'Anastos', 'karlaanastos@yahoo.com'), (897, 'Freda', 'Moguel', 'fredamoguel@agh.edu.pl'), (898, 'Daisi', 'Gunther', 'daisigunther@yahoo.com'), (899, 'Jeni', 'Furlani', 'jenifurlani@yahoo.com'), (900, 'Marylin', 'Kotta', 'marylinkotta@agh.edu.pl')
insert into dbo.registered (registered_id, first_name, last_name, email_address) values (901, 'Nana', 'Brunhilda', 'nanabrunhilda@yahoo.com'), (902, 'Regan', 'Aldercy', 'reganaldercy@gmail.com'), (903, 'Lebbie', 'Armand', 'lebbiearmand@agh.edu.pl'), (904, 'Rubina', 'Wiener', 'rubinawiener@gmail.com'), (905, 'Sydney', 'Ingles', 'sydneyingles@yahoo.com'), (906, 'Johnette', 'Roberts', 'johnetteroberts@gmail.com'), (907, 'Elfreda', 'Mathew', 'elfredamathew@agh.edu.pl'), (908, 'Tory', 'Lourdes', 'torylourdes@agh.edu.pl'), (909, 'Donella', 'Thill', 'donellathill@yahoo.com'), (910, 'Judy', 'Jorin', 'judyjorin@gmail.com'), (911, 'Amity', 'Pappas', 'amitypappas@gmail.com'), (912, 'Leanora', 'Boaten', 'leanoraboaten@yahoo.com'), (913, 'Tisha', 'Gualterio', 'tishagualterio@gmail.com'), (914, 'Therese', 'Clorinde', 'thereseclorinde@yahoo.com'), (915, 'Lizabeth', 'Ja', 'lizabethja@gmail.com'), (916, 'Cherrita', 'Moreta', 'cherritamoreta@yahoo.com'), (917, 'Cherri', 'Leupold', 'cherrileupold@yahoo.com'), (918, 'Rori', 'Mecke', 'rorimecke@gmail.com'), (919, 'Lindsay', 'Chiles', 'lindsaychiles@gmail.com'), (920, 'Annaliese', 'Lewellen', 'annalieselewellen@gmail.com'), (921, 'Zuzana', 'Amberly', 'zuzanaamberly@agh.edu.pl'), (922, 'Martguerita', 'Henryetta', 'martgueritahenryetta@gmail.com'), (923, 'Danyette', 'Pavia', 'danyettepavia@agh.edu.pl'), (924, 'Tandi', 'Trelu', 'tanditrelu@gmail.com'), (925, 'Coral', 'Sezen', 'coralsezen@agh.edu.pl'), (926, 'Ellene', 'Pascal', 'ellenepascal@gmail.com'), (927, 'Odette', 'Mayman', 'odettemayman@agh.edu.pl'), (928, 'Sibilla', 'Fineman', 'sibillafineman@agh.edu.pl'), (929, 'Annora', 'Iene', 'annoraiene@agh.edu.pl'), (930, 'Una', 'Moreland', 'unamoreland@yahoo.com'), (931, 'Lissa', 'Ahola', 'lissaahola@agh.edu.pl'), (932, 'Starlin', 'Rexanne', 'starlinrexanne@gmail.com'), (933, 'Bellanca', 'Hesler', 'bellancahesler@yahoo.com'), (934, 'Rianon', 'Pacifa', 'rianonpacifa@agh.edu.pl'), (935, 'Romy', 'Rudelson', 'romyrudelson@agh.edu.pl'), (936, 'Antoinette', 'Benoit', 'antoinettebenoit@gmail.com'), (937, 'Annamaria', 'Medora', 'annamariamedora@yahoo.com'), (938, 'Zea', 'Mueller', 'zeamueller@gmail.com'), (939, 'Arlene', 'Demb', 'arlenedemb@agh.edu.pl'), (940, 'Mignon', 'Eiser', 'mignoneiser@agh.edu.pl'), (941, 'Antonietta', 'Hasheem', 'antoniettahasheem@yahoo.com'), (942, 'Elaine', 'Berget', 'elaineberget@yahoo.com'), (943, 'Alyss', 'Ashly', 'alyssashly@yahoo.com'), (944, 'Adella', 'Sylas', 'adellasylas@yahoo.com'), (945, 'Meta', 'Cioffred', 'metacioffred@yahoo.com'), (946, 'Jemmie', 'Westhead', 'jemmiewesthead@agh.edu.pl'), (947, 'Aurilia', 'Roshelle', 'auriliaroshelle@gmail.com'), (948, 'Willy', 'Greggs', 'willygreggs@agh.edu.pl'), (949, 'Janna', 'Ireland', 'jannaireland@yahoo.com'), (950, 'Teresa', 'Taub', 'teresataub@yahoo.com'), (951, 'Cherrita', 'Danielle', 'cherritadanielle@gmail.com'), (952, 'Ketti', 'Doss', 'kettidoss@gmail.com'), (953, 'Maureene', 'Aunson', 'maureeneaunson@yahoo.com'), (954, 'Harlie', 'Barbi', 'harliebarbi@agh.edu.pl'), (955, 'Latia', 'Zusman', 'latiazusman@yahoo.com'), (956, 'Jessalin', 'Trilbee', 'jessalintrilbee@agh.edu.pl'), (957, 'Maryanne', 'Rama', 'maryannerama@yahoo.com'), (958, 'Carrissa', 'Nelia', 'carrissanelia@yahoo.com'), (959, 'Hallie', 'Frazier', 'halliefrazier@yahoo.com'), (960, 'Tani', 'Brahear', 'tanibrahear@gmail.com'), (961, 'Willette', 'Tyrone', 'willettetyrone@agh.edu.pl'), (962, 'Lindsay', 'Carr', 'lindsaycarr@agh.edu.pl'), (963, 'Jeanette', 'Zobias', 'jeanettezobias@agh.edu.pl'), (964, 'Marget', 'Heall', 'margetheall@gmail.com'), (965, 'Margaux', 'Mintun', 'margauxmintun@agh.edu.pl'), (966, 'Sidonnie', 'Todd', 'sidonnietodd@yahoo.com'), (967, 'Nananne', 'Elladine', 'nananneelladine@yahoo.com'), (968, 'Eddie', 'Pradeep', 'eddiepradeep@agh.edu.pl'), (969, 'Kandace', 'Boothman', 'kandaceboothman@yahoo.com'), (970, 'Dorena', 'Beret', 'dorenaberet@agh.edu.pl'), (971, 'Nat', 'Randell', 'natrandell@yahoo.com'), (972, 'Leontyne', 'Mandelbaum', 'leontynemandelbaum@gmail.com'), (973, 'Corine', 'Lenora', 'corinelenora@gmail.com'), (974, 'Meade', 'Ballard', 'meadeballard@gmail.com'), (975, 'Madlin', 'Salisbury', 'madlinsalisbury@yahoo.com'), (976, 'Felicity', 'Shirley', 'felicityshirley@agh.edu.pl'), (977, 'Jennilee', 'Gaillard', 'jennileegaillard@agh.edu.pl'), (978, 'Sindee', 'Kluge', 'sindeekluge@agh.edu.pl'), (979, 'Herta', 'Navarro', 'hertanavarro@agh.edu.pl'), (980, 'Donny', 'Keel', 'donnykeel@agh.edu.pl'), (981, 'Danyette', 'Lundberg', 'danyettelundberg@yahoo.com'), (982, 'Cammy', 'Tuinenga', 'cammytuinenga@yahoo.com'), (983, 'Jillian', 'Koblas', 'jilliankoblas@yahoo.com'), (984, 'Averil', 'Monty', 'averilmonty@agh.edu.pl'), (985, 'Eloisa', 'Pirali', 'eloisapirali@yahoo.com'), (986, 'Marjorie', 'Hauser', 'marjoriehauser@gmail.com'), (987, 'Astrix', 'Hillegass', 'astrixhillegass@gmail.com'), (988, 'Chlo', 'Ashlin', 'chloashlin@gmail.com'), (989, 'Belia', 'Cob', 'beliacob@agh.edu.pl'), (990, 'Molly', 'Gypsy', 'mollygypsy@agh.edu.pl'), (991, 'Noellyn', 'Sedgewake', 'noellynsedgewake@agh.edu.pl'), (992, 'Regine', 'Edeline', 'regineedeline@gmail.com'), (993, 'Milicent', 'Britta', 'milicentbritta@gmail.com'), (994, 'Ellie', 'Liebowitz', 'ellieliebowitz@agh.edu.pl'), (995, 'Rochelle', 'Leonhard', 'rochelleleonhard@agh.edu.pl'), (996, 'Tomasina', 'Plossl', 'tomasinaplossl@gmail.com'), (997, 'Ailene', 'Bradford', 'ailenebradford@gmail.com'), (998, 'Ardenia', 'Ruzich', 'ardeniaruzich@yahoo.com'), (999, 'Bidget', 'Olia', 'bidgetolia@yahoo.com'), (1000, 'Selie', 'Hanover', 'seliehanover@yahoo.com'), (1001, 'Rina', 'Peugia', 'rinapeugia@gmail.com'), (1002, 'Morganica', 'Coppins', 'morganicacoppins@agh.edu.pl'), (1003, 'Juline', 'Lewert', 'julinelewert@yahoo.com'), (1004, 'Carlynne', 'Amick', 'carlynneamick@yahoo.com'), (1005, 'Marianna', 'Schmitz', 'mariannaschmitz@yahoo.com'), (1006, 'Adi', 'Deeann', 'adideeann@agh.edu.pl'), (1007, 'Goldia', 'Falkner', 'goldiafalkner@gmail.com'), (1008, 'Mady', 'Cower', 'madycower@agh.edu.pl'), (1009, 'Ermengarde', 'Tobye', 'ermengardetobye@gmail.com'), (1010, 'Delcina', 'Boleyn', 'delcinaboleyn@gmail.com'), (1011, 'Joela', 'Lewison', 'joelalewison@agh.edu.pl'), (1012, 'Ebba', 'Morehouse', 'ebbamorehouse@yahoo.com'), (1013, 'Corabella', 'Drexler', 'corabelladrexler@gmail.com'), (1014, 'Julita', 'Erick', 'julitaerick@gmail.com'), (1015, 'Patsy', 'Yurik', 'patsyyurik@gmail.com'), (1016, 'Gabriela', 'Sawyere', 'gabrielasawyere@yahoo.com'), (1017, 'Pammie', 'Carlye', 'pammiecarlye@agh.edu.pl'), (1018, 'Valida', 'Vlad', 'validavlad@agh.edu.pl'), (1019, 'Viva', 'Waters', 'vivawaters@gmail.com'), (1020, 'Imogen', 'Brunella', 'imogenbrunella@gmail.com'), (1021, 'Miguelita', 'Loughlin', 'miguelitaloughlin@agh.edu.pl'), (1022, 'Claudelle', 'Tabber', 'claudelletabber@gmail.com'), (1023, 'Ronda', 'Vastah', 'rondavastah@gmail.com'), (1024, 'Gusty', 'Elli', 'gustyelli@gmail.com'), (1025, 'Amandi', 'Jori', 'amandijori@yahoo.com'), (1026, 'Celestyna', 'MacSwan', 'celestynamacswan@agh.edu.pl'), (1027, 'Dacia', 'Knorring', 'daciaknorring@gmail.com'), (1028, 'Jorry', 'Marin', 'jorrymarin@yahoo.com'), (1029, 'Ralina', 'Kanter', 'ralinakanter@gmail.com'), (1030, 'Cymbre', 'Daniels', 'cymbredaniels@agh.edu.pl'), (1031, 'Elle', 'Goodspeed', 'ellegoodspeed@agh.edu.pl'), (1032, 'Marleah', 'Backler', 'marleahbackler@agh.edu.pl'), (1033, 'Jacklyn', 'Ruy', 'jacklynruy@gmail.com'), (1034, 'Lelia', 'Pepin', 'leliapepin@yahoo.com'), (1035, 'Adah', 'Noah', 'adahnoah@gmail.com'), (1036, 'Kaylee', 'Howarth', 'kayleehowarth@yahoo.com'), (1037, 'Sher', 'Alidis', 'sheralidis@gmail.com'), (1038, 'Melli', 'Virgina', 'mellivirgina@agh.edu.pl'), (1039, 'Roxanne', 'Edmund', 'roxanneedmund@yahoo.com'), (1040, 'Rickie', 'Carry', 'rickiecarry@yahoo.com'), (1041, 'Shawnee', 'Kazim', 'shawneekazim@gmail.com'), (1042, 'Willi', 'Nuri', 'willinuri@yahoo.com'), (1043, 'Joscelin', 'Shargel', 'joscelinshargel@agh.edu.pl'), (1044, 'Jewel', 'Maryl', 'jewelmaryl@agh.edu.pl'), (1045, 'Giselle', 'Glynda', 'giselleglynda@gmail.com'), (1046, 'Felicdad', 'Raychel', 'felicdadraychel@yahoo.com'), (1047, 'Bunny', 'Higginbotham', 'bunnyhigginbotham@yahoo.com'), (1048, 'Cherise', 'Lola', 'cheriselola@gmail.com'), (1049, 'Georgetta', 'Mittel', 'georgettamittel@yahoo.com'), (1050, 'Sam', 'Siusan', 'samsiusan@gmail.com'), (1051, 'Venita', 'Nerin', 'venitanerin@gmail.com'), (1052, 'Meade', 'Charin', 'meadecharin@agh.edu.pl'), (1053, 'Elyse', 'Melicent', 'elysemelicent@yahoo.com'), (1054, 'Michaella', 'Isbel', 'michaellaisbel@yahoo.com'), (1055, 'Xylina', 'Bord', 'xylinabord@yahoo.com'), (1056, 'Grier', 'Yarak', 'grieryarak@agh.edu.pl'), (1057, 'Loree', 'Bail', 'loreebail@yahoo.com'), (1058, 'Hetty', 'Frohman', 'hettyfrohman@yahoo.com'), (1059, 'Mela', 'Queri', 'melaqueri@agh.edu.pl'), (1060, 'Margeaux', 'Harpp', 'margeauxharpp@gmail.com'), (1061, 'Myrlene', 'Algernon', 'myrlenealgernon@agh.edu.pl'), (1062, 'Hedvig', 'Jaqitsch', 'hedvigjaqitsch@gmail.com'), (1063, 'Britney', 'Ninnetta', 'britneyninnetta@gmail.com'), (1064, 'Tallie', 'Dena', 'talliedena@agh.edu.pl'), (1065, 'Perl', 'Rebekah', 'perlrebekah@gmail.com'), (1066, 'Aundrea', 'Cyndie', 'aundreacyndie@yahoo.com'), (1067, 'Catherin', 'Brottman', 'catherinbrottman@gmail.com'), (1068, 'Moira', 'Garv', 'moiragarv@yahoo.com'), (1069, 'Zorana', 'Isaacson', 'zoranaisaacson@gmail.com'), (1070, 'Deidre', 'Rame', 'deidrerame@gmail.com'), (1071, 'Rebekah', 'Eglantine', 'rebekaheglantine@gmail.com'), (1072, 'Gertie', 'Perreault', 'gertieperreault@agh.edu.pl'), (1073, 'Mireielle', 'Akerboom', 'mireielleakerboom@agh.edu.pl'), (1074, 'Cathryn', 'Packton', 'cathrynpackton@yahoo.com'), (1075, 'Ede', 'Deeanne', 'ededeeanne@agh.edu.pl'), (1076, 'Pearl', 'Rycca', 'pearlrycca@gmail.com'), (1077, 'Kelci', 'Bright', 'kelcibright@agh.edu.pl'), (1078, 'Jeannette', 'Penney', 'jeannettepenney@agh.edu.pl'), (1079, 'Petronille', 'Murdocca', 'petronillemurdocca@gmail.com'), (1080, 'Winnah', 'Payton', 'winnahpayton@agh.edu.pl'), (1081, 'Julia', 'Arundell', 'juliaarundell@gmail.com'), (1082, 'Nedda', 'Vary', 'neddavary@agh.edu.pl'), (1083, 'Emalee', 'Rinna', 'emaleerinna@agh.edu.pl'), (1084, 'Maura', 'Brunell', 'maurabrunell@agh.edu.pl'), (1085, 'Bekki', 'Olson', 'bekkiolson@agh.edu.pl'), (1086, 'Rebekah', 'Lunna', 'rebekahlunna@gmail.com'), (1087, 'Billie', 'Cheng', 'billiecheng@gmail.com'), (1088, 'Ilyssa', 'Orfinger', 'ilyssaorfinger@yahoo.com'), (1089, 'Ella', 'Eiser', 'ellaeiser@agh.edu.pl'), (1090, 'Deeyn', 'Kenn', 'deeynkenn@yahoo.com'), (1091, 'Lori', 'Craw', 'loricraw@agh.edu.pl'), (1092, 'Delores', 'Derriey', 'deloresderriey@yahoo.com'), (1093, 'Lorenza', 'Burk', 'lorenzaburk@gmail.com'), (1094, 'Carlee', 'Barbee', 'carleebarbee@gmail.com'), (1095, 'Estele', 'Pincus', 'estelepincus@yahoo.com'), (1096, 'Shirline', 'Eve', 'shirlineeve@gmail.com'), (1097, 'Kathlin', 'Wakeen', 'kathlinwakeen@gmail.com'), (1098, 'Philomena', 'Cunningham', 'philomenacunningham@gmail.com'), (1099, 'Belicia', 'Wales', 'beliciawales@yahoo.com'), (1100, 'Jenine', 'Conney', 'jenineconney@gmail.com'), (1101, 'Marilin', 'Kliman', 'marilinkliman@yahoo.com'), (1102, 'Emmalynne', 'Kancler', 'emmalynnekancler@yahoo.com'), (1103, 'Sylvia', 'Bilicki', 'sylviabilicki@agh.edu.pl'), (1104, 'April', 'Hodgson', 'aprilhodgson@gmail.com'), (1105, 'Dinny', 'Mitchel', 'dinnymitchel@yahoo.com'), (1106, 'Shanda', 'Guevara', 'shandaguevara@gmail.com'), (1107, 'Sue', 'Kano', 'suekano@gmail.com'), (1108, 'Paule', 'Cordelie', 'paulecordelie@agh.edu.pl'), (1109, 'Jori', 'Wendel', 'joriwendel@agh.edu.pl'), (1110, 'Kelsi', 'Girhiny', 'kelsigirhiny@yahoo.com'), (1111, 'Sean', 'Karrah', 'seankarrah@gmail.com'), (1112, 'Dehlia', 'Derriey', 'dehliaderriey@gmail.com'), (1113, 'Nikaniki', 'Golub', 'nikanikigolub@yahoo.com'), (1114, 'Myranda', 'Allare', 'myrandaallare@gmail.com'), (1115, 'Vera', 'Gabbey', 'veragabbey@yahoo.com'), (1116, 'Gert', 'Sussman', 'gertsussman@gmail.com'), (1117, 'Glyn', 'Garnet', 'glyngarnet@gmail.com'), (1118, 'Stephi', 'Nickolaus', 'stephinickolaus@agh.edu.pl'), (1119, 'Latrena', 'Sessler', 'latrenasessler@gmail.com'), (1120, 'Bird', 'Mariande', 'birdmariande@agh.edu.pl'), (1121, 'Salome', 'Chuck', 'salomechuck@gmail.com'), (1122, 'Tybie', 'Johnston', 'tybiejohnston@agh.edu.pl'), (1123, 'Karrah', 'Hallsy', 'karrahhallsy@agh.edu.pl'), (1124, 'Kore', 'Whall', 'korewhall@agh.edu.pl'), (1125, 'Garnette', 'Fakieh', 'garnettefakieh@gmail.com'), (1126, 'Shannah', 'Ardenia', 'shannahardenia@gmail.com'), (1127, 'Agata', 'Dari', 'agatadari@yahoo.com'), (1128, 'Freddi', 'Kone', 'freddikone@agh.edu.pl'), (1129, 'Wrennie', 'Norry', 'wrennienorry@gmail.com'), (1130, 'Zelda', 'Perl', 'zeldaperl@yahoo.com'), (1131, 'Nicky', 'Kelwunn', 'nickykelwunn@agh.edu.pl'), (1132, 'Dosi', 'Rushing', 'dosirushing@yahoo.com'), (1133, 'Joycelin', 'Gisela', 'joycelingisela@gmail.com'), (1134, 'Keely', 'Norma', 'keelynorma@yahoo.com'), (1135, 'Leanor', 'Moishe', 'leanormoishe@yahoo.com'), (1136, 'Martelle', 'Derek', 'martellederek@yahoo.com'), (1137, 'Leland', 'Juno', 'lelandjuno@gmail.com'), (1138, 'Evaleen', 'Feodor', 'evaleenfeodor@yahoo.com'), (1139, 'Krystyna', 'Kallick', 'krystynakallick@gmail.com'), (1140, 'Madonna', 'Connor', 'madonnaconnor@agh.edu.pl'), (1141, 'Edwina', 'Dale', 'edwinadale@agh.edu.pl'), (1142, 'Brynna', 'Lancelle', 'brynnalancelle@yahoo.com'), (1143, 'Liz', 'Annia', 'lizannia@yahoo.com'), (1144, 'Kania', 'Bradwell', 'kaniabradwell@yahoo.com'), (1145, 'Fionna', 'Quintana', 'fionnaquintana@yahoo.com'), (1146, 'Clarice', 'Marler', 'claricemarler@gmail.com'), (1147, 'Celestyn', 'Shantee', 'celestynshantee@yahoo.com'), (1148, 'Marquita', 'Meyers', 'marquitameyers@gmail.com'), (1149, 'Carolina', 'Naaman', 'carolinanaaman@agh.edu.pl'), (1150, 'Petrina', 'Quirita', 'petrinaquirita@agh.edu.pl'), (1151, 'Alidia', 'Zimmermann', 'alidiazimmermann@yahoo.com'), (1152, 'Penelopa', 'Bren', 'penelopabren@yahoo.com'), (1153, 'Daryl', 'Ruelu', 'darylruelu@agh.edu.pl'), (1154, 'Giovanna', 'Aggri', 'giovannaaggri@agh.edu.pl'), (1155, 'May', 'Wampler', 'maywampler@yahoo.com'), (1156, 'Rodie', 'Liam', 'rodieliam@agh.edu.pl'), (1157, 'Kaile', 'Pathe', 'kailepathe@yahoo.com'), (1158, 'Merlina', 'Malcah', 'merlinamalcah@yahoo.com'), (1159, 'Toni', 'Cathee', 'tonicathee@agh.edu.pl'), (1160, 'Alice', 'Kawasaki', 'alicekawasaki@gmail.com'), (1161, 'Fey', 'Giverin', 'feygiverin@gmail.com'), (1162, 'Iseabal', 'Martie', 'iseabalmartie@agh.edu.pl'), (1163, 'Diana', 'Meletius', 'dianameletius@gmail.com'), (1164, 'Koren', 'Publius', 'korenpublius@yahoo.com'), (1165, 'Jammie', 'Cowen', 'jammiecowen@agh.edu.pl'), (1166, 'Catlee', 'Gentilis', 'catleegentilis@yahoo.com'), (1167, 'Germain', 'Terrel', 'germainterrel@gmail.com'), (1168, 'Faunie', 'Gabriello', 'fauniegabriello@gmail.com'), (1169, 'Tiffi', 'Konopka', 'tiffikonopka@yahoo.com'), (1170, 'Almeta', 'Clancy', 'almetaclancy@agh.edu.pl'), (1171, 'Kesley', 'Driscoll', 'kesleydriscoll@gmail.com'), (1172, 'Sashenka', 'Debra', 'sashenkadebra@agh.edu.pl'), (1173, 'Tiertza', 'Bluhm', 'tiertzabluhm@yahoo.com'), (1174, 'Manon', 'Alfy', 'manonalfy@agh.edu.pl'), (1175, 'Shirley', 'Rosalyn', 'shirleyrosalyn@agh.edu.pl'), (1176, 'Donnie', 'Trish', 'donnietrish@yahoo.com'), (1177, 'Cherry', 'Steward', 'cherrysteward@agh.edu.pl'), (1178, 'Gusty', 'Poppy', 'gustypoppy@gmail.com'), (1179, 'Novelia', 'Orrin', 'noveliaorrin@gmail.com'), (1180, 'Yoshi', 'Sylvanus', 'yoshisylvanus@agh.edu.pl'), (1181, 'Wynn', 'Galer', 'wynngaler@yahoo.com'), (1182, 'Georgeta', 'Zigrang', 'georgetazigrang@yahoo.com'), (1183, 'Chlo', 'Melborn', 'chlomelborn@agh.edu.pl'), (1184, 'Henriette', 'Hyo', 'henriettehyo@gmail.com'), (1185, 'Georgine', 'Antin', 'georgineantin@gmail.com'), (1186, 'Evey', 'Ranique', 'eveyranique@yahoo.com'), (1187, 'Holly', 'Herbst', 'hollyherbst@gmail.com'), (1188, 'Merilyn', 'Sandeep', 'merilynsandeep@agh.edu.pl'), (1189, 'Sibelle', 'Romeo', 'sibelleromeo@yahoo.com'), (1190, 'Ferdinande', 'Clarabelle', 'ferdinandeclarabelle@agh.edu.pl'), (1191, 'Ardisj', 'Hyps', 'ardisjhyps@agh.edu.pl'), (1192, 'Corrie', 'Lola', 'corrielola@yahoo.com'), (1193, 'Querida', 'Elephus', 'queridaelephus@agh.edu.pl'), (1194, 'Danila', 'Hynda', 'danilahynda@gmail.com'), (1195, 'Adrienne', 'Bodi', 'adriennebodi@yahoo.com'), (1196, 'Georgetta', 'Mamoun', 'georgettamamoun@agh.edu.pl'), (1197, 'Alyson', 'Mascia', 'alysonmascia@agh.edu.pl'), (1198, 'Lorine', 'Alix', 'lorinealix@gmail.com'), (1199, 'Moria', 'Celin', 'moriacelin@agh.edu.pl'), (1200, 'Zelda', 'Perkoff', 'zeldaperkoff@agh.edu.pl'), (1201, 'Moina', 'Evannia', 'moinaevannia@yahoo.com'), (1202, 'Orelie', 'Sabsay', 'oreliesabsay@yahoo.com'), (1203, 'Alikee', 'Sidoon', 'alikeesidoon@agh.edu.pl'), (1204, 'Lia', 'Aletha', 'liaaletha@yahoo.com'), (1205, 'Eve', 'Chariot', 'evechariot@gmail.com'), (1206, 'Clem', 'Krenn', 'clemkrenn@yahoo.com'), (1207, 'Jania', 'Engle', 'janiaengle@gmail.com'), (1208, 'Crystie', 'Dachi', 'crystiedachi@agh.edu.pl'), (1209, 'Cyndia', 'Juieta', 'cyndiajuieta@agh.edu.pl'), (1210, 'Ranee', 'Hicks', 'raneehicks@agh.edu.pl'), (1211, 'Latisha', 'Doak', 'latishadoak@gmail.com'), (1212, 'Vilma', 'Alvera', 'vilmaalvera@gmail.com'), (1213, 'Gypsy', 'Wailoo', 'gypsywailoo@gmail.com'), (1214, 'Halimeda', 'Nazler', 'halimedanazler@agh.edu.pl'), (1215, 'Francine', 'Wendelin', 'francinewendelin@yahoo.com'), (1216, 'Ana', 'Cilurzo', 'anacilurzo@yahoo.com'), (1217, 'Vanya', 'Hsu', 'vanyahsu@yahoo.com'), (1218, 'Marci', 'Jos', 'marcijos@agh.edu.pl'), (1219, 'Jennee', 'Gayelord', 'jenneegayelord@gmail.com'), (1220, 'Conni', 'Modla', 'connimodla@yahoo.com'), (1221, 'Ailene', 'Pulchia', 'ailenepulchia@yahoo.com'), (1222, 'Sheree', 'Felecia', 'shereefelecia@agh.edu.pl'), (1223, 'Alfie', 'Hardman', 'alfiehardman@yahoo.com'), (1224, 'Ermina', 'Karalee', 'erminakaralee@gmail.com'), (1225, 'Lynnea', 'Berghoff', 'lynneaberghoff@yahoo.com'), (1226, 'Latisha', 'Goat', 'latishagoat@gmail.com'), (1227, 'Marion', 'Danyette', 'mariondanyette@yahoo.com'), (1228, 'Zoe', 'Ikeda', 'zoeikeda@agh.edu.pl'), (1229, 'Ardine', 'Intisar', 'ardineintisar@agh.edu.pl'), (1230, 'Krissie', 'Utica', 'krissieutica@agh.edu.pl'), (1231, 'Evvy', 'Heda', 'evvyheda@gmail.com'), (1232, 'Ainslee', 'Maria', 'ainsleemaria@yahoo.com'), (1233, 'Jackelyn', 'Barb', 'jackelynbarb@agh.edu.pl'), (1234, 'Susi', 'Cimbura', 'susicimbura@agh.edu.pl'), (1235, 'Eulalie', 'Thielen', 'eulaliethielen@gmail.com'), (1236, 'Jeanine', 'Sharona', 'jeaninesharona@agh.edu.pl'), (1237, 'Drucill', 'Rodriguez', 'drucillrodriguez@agh.edu.pl'), (1238, 'Darla', 'Bernette', 'darlabernette@agh.edu.pl'), (1239, 'Freddie', 'Ebner', 'freddieebner@gmail.com'), (1240, 'Emlyn', 'Brynna', 'emlynbrynna@yahoo.com'), (1241, 'Leoine', 'Cleasta', 'leoinecleasta@gmail.com'), (1242, 'Diannne', 'Colly', 'diannnecolly@gmail.com'), (1243, 'Doralyn', 'Laurianne', 'doralynlaurianne@agh.edu.pl'), (1244, 'Ranice', 'Toscano', 'ranicetoscano@yahoo.com'), (1245, 'Ajay', 'Pejsach', 'ajaypejsach@agh.edu.pl'), (1246, 'Kati', 'Murdoch', 'katimurdoch@agh.edu.pl'), (1247, 'Lianna', 'Urana', 'liannaurana@yahoo.com'), (1248, 'Lezlie', 'Dunson', 'lezliedunson@agh.edu.pl'), (1249, 'Suzi', 'Jenkins', 'suzijenkins@yahoo.com'), (1250, 'Claudetta', 'Petra', 'claudettapetra@agh.edu.pl'), (1251, 'Tamma', 'Hescock', 'tammahescock@gmail.com'), (1252, 'Janeta', 'Marylin', 'janetamarylin@agh.edu.pl'), (1253, 'Brittni', 'Amethist', 'brittniamethist@gmail.com'), (1254, 'Geri', 'Batholomew', 'geribatholomew@gmail.com'), (1255, 'Tasha', 'Ferdinande', 'tashaferdinande@yahoo.com'), (1256, 'Dalia', 'Doelling', 'daliadoelling@yahoo.com'), (1257, 'Philomena', 'Wendi', 'philomenawendi@agh.edu.pl'), (1258, 'Patricia', 'Catriona', 'patriciacatriona@yahoo.com'), (1259, 'Guenevere', 'Izzy', 'guenevereizzy@gmail.com'), (1260, 'Caprice', 'Palermo', 'capricepalermo@agh.edu.pl'), (1261, 'Loise', 'Quint', 'loisequint@agh.edu.pl'), (1262, 'Salomi', 'Zinck', 'salomizinck@agh.edu.pl'), (1263, 'Brigida', 'Judon', 'brigidajudon@gmail.com'), (1264, 'Roxanna', 'Abba', 'roxannaabba@agh.edu.pl'), (1265, 'Dulcia', 'Ezara', 'dulciaezara@gmail.com'), (1266, 'Cornela', 'Marleah', 'cornelamarleah@yahoo.com'), (1267, 'Karry', 'Felder', 'karryfelder@agh.edu.pl'), (1268, 'Jacinthe', 'Callery', 'jacinthecallery@yahoo.com'), (1269, 'Victoria', 'Zasuwa', 'victoriazasuwa@agh.edu.pl'), (1270, 'Marsiella', 'Evars', 'marsiellaevars@agh.edu.pl'), (1271, 'Ibbie', 'Bronder', 'ibbiebronder@gmail.com'), (1272, 'Cher', 'Filippa', 'cherfilippa@gmail.com'), (1273, 'Elly', 'Korwun', 'ellykorwun@gmail.com'), (1274, 'Marylinda', 'Ammamaria', 'marylindaammamaria@gmail.com'), (1275, 'Jessa', 'Ducan', 'jessaducan@agh.edu.pl'), (1276, 'Meggy', 'Oakley', 'meggyoakley@gmail.com'), (1277, 'Eolande', 'Buttaro', 'eolandebuttaro@yahoo.com'), (1278, 'Estella', 'Jos', 'estellajos@agh.edu.pl'), (1279, 'Willi', 'Dannica', 'willidannica@gmail.com'), (1280, 'Rayna', 'Silsbye', 'raynasilsbye@yahoo.com'), (1281, 'Annabel', 'Ceil', 'annabelceil@gmail.com'), (1282, 'Demetra', 'Estas', 'demetraestas@agh.edu.pl'), (1283, 'Trisha', 'Reedy', 'trishareedy@agh.edu.pl'), (1284, 'Valeria', 'Rufena', 'valeriarufena@agh.edu.pl'), (1285, 'Belicia', 'Carrington', 'beliciacarrington@gmail.com'), (1286, 'Margalit', 'Greyson', 'margalitgreyson@yahoo.com'), (1287, 'Frederique', 'Abagail', 'frederiqueabagail@yahoo.com'), (1288, 'Ally', 'Ng', 'allyng@agh.edu.pl'), (1289, 'Theresa', 'Arv', 'theresaarv@gmail.com'), (1290, 'Leodora', 'Vins', 'leodoravins@yahoo.com'), (1291, 'Vivia', 'Rhodes', 'viviarhodes@gmail.com'), (1292, 'Prisca', 'Raseda', 'priscaraseda@gmail.com'), (1293, 'Elyn', 'Sharline', 'elynsharline@gmail.com'), (1294, 'Cherise', 'Shwalb', 'cheriseshwalb@gmail.com'), (1295, 'Benedetta', 'Gabriello', 'benedettagabriello@gmail.com'), (1296, 'Karlotta', 'Orola', 'karlottaorola@gmail.com'), (1297, 'Clare', 'Lita', 'clarelita@gmail.com'), (1298, 'Vanny', 'Goldsworthy', 'vannygoldsworthy@agh.edu.pl'), (1299, 'Lynelle', 'Boggs', 'lynelleboggs@agh.edu.pl'), (1300, 'Gretchen', 'Ames', 'gretchenames@gmail.com'), (1301, 'Leontine', 'Atalayah', 'leontineatalayah@agh.edu.pl'), (1302, 'Riannon', 'Gordy', 'riannongordy@gmail.com'), (1303, 'Cheri', 'Schriever', 'cherischriever@agh.edu.pl'), (1304, 'Anet', 'Nollie', 'anetnollie@yahoo.com'), (1305, 'Rhody', 'Britt', 'rhodybritt@yahoo.com'), (1306, 'Jelene', 'Gorski', 'jelenegorski@agh.edu.pl'), (1307, 'Yetty', 'Jeannie', 'yettyjeannie@gmail.com'), (1308, 'Kamila', 'Brom', 'kamilabrom@agh.edu.pl'), (1309, 'Darla', 'Adamek', 'darlaadamek@gmail.com'), (1310, 'Korella', 'Donoghue', 'korelladonoghue@gmail.com'), (1311, 'Audrey', 'Olympia', 'audreyolympia@yahoo.com'), (1312, 'Abagael', 'Grubman', 'abagaelgrubman@agh.edu.pl'), (1313, 'Channa', 'Merle', 'channamerle@yahoo.com'), (1314, 'Evie', 'Arela', 'eviearela@gmail.com'), (1315, 'Amalee', 'Foulk', 'amaleefoulk@gmail.com'), (1316, 'Carlotta', 'Ridgley', 'carlottaridgley@yahoo.com'), (1317, 'Daryn', 'Hasheem', 'darynhasheem@yahoo.com'), (1318, 'Marci', 'Calandria', 'marcicalandria@yahoo.com'), (1319, 'Jo-Anne', 'Slack', 'jo-anneslack@yahoo.com'), (1320, 'Jerrine', 'Elfstan', 'jerrineelfstan@agh.edu.pl'), (1321, 'Bel', 'Joost', 'beljoost@agh.edu.pl'), (1322, 'Lucky', 'Tootsie', 'luckytootsie@yahoo.com'), (1323, 'Katheryn', 'Aufmann', 'katherynaufmann@gmail.com'), (1324, 'Sammy', 'Brigid', 'sammybrigid@gmail.com'), (1325, 'Timmi', 'Atlee', 'timmiatlee@gmail.com'), (1326, 'Odella', 'Woodford', 'odellawoodford@agh.edu.pl'), (1327, 'Giovanna', 'Sidwell', 'giovannasidwell@agh.edu.pl'), (1328, 'Meridith', 'Jordanna', 'meridithjordanna@gmail.com'), (1329, 'Tracey', 'Sig', 'traceysig@gmail.com'), (1330, 'Ileana', 'Lattimer', 'ileanalattimer@gmail.com'), (1331, 'Ray', 'Schlenger', 'rayschlenger@agh.edu.pl'), (1332, 'Loleta', 'Ulphia', 'loletaulphia@agh.edu.pl'), (1333, 'Petronilla', 'Von', 'petronillavon@yahoo.com'), (1334, 'Margette', 'Chemesh', 'margettechemesh@yahoo.com'), (1335, 'Netty', 'Chaworth', 'nettychaworth@yahoo.com'), (1336, 'Doralin', 'Kennan', 'doralinkennan@gmail.com'), (1337, 'Harlie', 'Idelia', 'harlieidelia@yahoo.com'), (1338, 'Blinny', 'Bari', 'blinnybari@gmail.com'), (1339, 'Juanita', 'Holtz', 'juanitaholtz@yahoo.com'), (1340, 'Chantal', 'Mirabelle', 'chantalmirabelle@yahoo.com'), (1341, 'Tootsie', 'Mariam', 'tootsiemariam@agh.edu.pl'), (1342, 'Kristen', 'Rosaline', 'kristenrosaline@gmail.com'), (1343, 'Nolie', 'Sharline', 'noliesharline@yahoo.com'), (1344, 'Babara', 'Dyun', 'babaradyun@agh.edu.pl'), (1345, 'Elladine', 'Coke', 'elladinecoke@yahoo.com'), (1346, 'Ashlan', 'Kier', 'ashlankier@yahoo.com'), (1347, 'Pansy', 'Mayne', 'pansymayne@gmail.com'), (1348, 'Jacki', 'Banna', 'jackibanna@gmail.com'), (1349, 'Brett', 'Francois', 'brettfrancois@agh.edu.pl'), (1350, 'Farrand', 'Lotty', 'farrandlotty@yahoo.com'), (1351, 'Etheline', 'Sunil', 'ethelinesunil@agh.edu.pl'), (1352, 'Karly', 'Ivor', 'karlyivor@yahoo.com'), (1353, 'Corenda', 'Matless', 'corendamatless@gmail.com'), (1354, 'Kelley', 'Judas', 'kelleyjudas@yahoo.com'), (1355, 'Ursa', 'Wolbrom', 'ursawolbrom@agh.edu.pl'), (1356, 'Brittni', 'Eagle', 'brittnieagle@gmail.com'), (1357, 'Margarette', 'Sandra', 'margarettesandra@gmail.com'), (1358, 'Lexie', 'Weigle', 'lexieweigle@yahoo.com'), (1359, 'Julianne', 'Sternberg', 'juliannesternberg@yahoo.com'), (1360, 'Chiarra', 'Deckert', 'chiarradeckert@gmail.com'), (1361, 'Mada', 'Alyce', 'madaalyce@yahoo.com'), (1362, 'Berta', 'Jeavons', 'bertajeavons@agh.edu.pl'), (1363, 'Bernadene', 'Dani', 'bernadenedani@gmail.com'), (1364, 'Rochette', 'Kassity', 'rochettekassity@agh.edu.pl'), (1365, 'Carole', 'Pengelly', 'carolepengelly@yahoo.com'), (1366, 'Irene', 'Highams', 'irenehighams@gmail.com'), (1367, 'Valaree', 'Ali', 'valareeali@gmail.com'), (1368, 'Lynnell', 'Majka', 'lynnellmajka@agh.edu.pl'), (1369, 'Berny', 'Hagood', 'bernyhagood@agh.edu.pl'), (1370, 'Ketti', 'Nastassia', 'kettinastassia@agh.edu.pl'), (1371, 'Henryetta', 'Baynebridge', 'henryettabaynebridge@yahoo.com'), (1372, 'Ardis', 'Watters', 'ardiswatters@yahoo.com'), (1373, 'Tedra', 'Hamner', 'tedrahamner@agh.edu.pl'), (1374, 'Stevena', 'Crowns', 'stevenacrowns@agh.edu.pl'), (1375, 'Alysia', 'Dotson', 'alysiadotson@yahoo.com'), (1376, 'Lindy', 'McHugh', 'lindymchugh@agh.edu.pl'), (1377, 'Kari', 'Olmsted', 'kariolmsted@gmail.com'), (1378, 'Cecil', 'Micah', 'cecilmicah@yahoo.com'), (1379, 'Selle', 'Mika', 'sellemika@agh.edu.pl'), (1380, 'Belva', 'Seafowl', 'belvaseafowl@agh.edu.pl'), (1381, 'Perla', 'Munson', 'perlamunson@agh.edu.pl'), (1382, 'Ianthe', 'Harmonie', 'iantheharmonie@yahoo.com'), (1383, 'Emmy', 'Jedlicka', 'emmyjedlicka@gmail.com'), (1384, 'Brenna', 'Yumuk', 'brennayumuk@agh.edu.pl'), (1385, 'Ajay', 'Calie', 'ajaycalie@gmail.com'), (1386, 'Sari', 'Vinni', 'sarivinni@yahoo.com'), (1387, 'Neysa', 'Hough', 'neysahough@agh.edu.pl'), (1388, 'Corilla', 'Piggy', 'corillapiggy@agh.edu.pl'), (1389, 'Brana', 'Bobbye', 'branabobbye@yahoo.com'), (1390, 'Lotta', 'Mayworm', 'lottamayworm@yahoo.com'), (1391, 'Angeline', 'Manus', 'angelinemanus@agh.edu.pl'), (1392, 'Alida', 'Attenweiler', 'alidaattenweiler@yahoo.com'), (1393, 'Cariotta', 'Ima', 'cariottaima@yahoo.com'), (1394, 'Maisey', 'Sherline', 'maiseysherline@gmail.com'), (1395, 'Frieda', 'Best', 'friedabest@yahoo.com'), (1396, 'Marcy', 'Tadeo', 'marcytadeo@agh.edu.pl'), (1397, 'Minny', 'Bevus', 'minnybevus@gmail.com'), (1398, 'Bettye', 'Hanus', 'bettyehanus@gmail.com'), (1399, 'Alexa', 'Merriam', 'alexamerriam@yahoo.com'), (1400, 'Stephenie', 'Buffy', 'stepheniebuffy@agh.edu.pl'), (1401, 'Tybi', 'Territus', 'tybiterritus@agh.edu.pl'), (1402, 'Evangelina', 'Searle', 'evangelinasearle@gmail.com'), (1403, 'Dido', 'Seena', 'didoseena@agh.edu.pl'), (1404, 'Benni', 'Griffy', 'bennigriffy@yahoo.com'), (1405, 'Aretha', 'Baal', 'arethabaal@gmail.com'), (1406, 'Murial', 'Gatias', 'murialgatias@yahoo.com'), (1407, 'Kati', 'Frechette', 'katifrechette@agh.edu.pl'), (1408, 'Xenia', 'Zeph', 'xeniazeph@agh.edu.pl'), (1409, 'Catha', 'Rhea', 'catharhea@gmail.com'), (1410, 'Inge', 'Goldina', 'ingegoldina@gmail.com'), (1411, 'Nedda', 'Madigan', 'neddamadigan@gmail.com'), (1412, 'Eloise', 'Gipson', 'eloisegipson@yahoo.com'), (1413, 'Maggie', 'Borlase', 'maggieborlase@agh.edu.pl'), (1414, 'Kassi', 'Heim', 'kassiheim@agh.edu.pl'), (1415, 'Honor', 'Hines', 'honorhines@agh.edu.pl'), (1416, 'Charisse', 'Shreeves', 'charisseshreeves@agh.edu.pl'), (1417, 'Cordey', 'Ot', 'cordeyot@yahoo.com'), (1418, 'Marena', 'Adabelle', 'marenaadabelle@gmail.com'), (1419, 'Drucie', 'Moria', 'druciemoria@gmail.com'), (1420, 'Cass', 'Benedetto', 'cassbenedetto@gmail.com'), (1421, 'Cassandra', 'Steffy', 'cassandrasteffy@agh.edu.pl'), (1422, 'Berrie', 'Sanjay', 'berriesanjay@yahoo.com'), (1423, 'Sybila', 'Geoffrey', 'sybilageoffrey@yahoo.com'), (1424, 'Benni', 'Staw', 'bennistaw@gmail.com'), (1425, 'Arlee', 'Oster', 'arleeoster@agh.edu.pl'), (1426, 'Seka', 'Chaddy', 'sekachaddy@yahoo.com'), (1427, 'Audre', 'Zoldi', 'audrezoldi@agh.edu.pl'), (1428, 'Chantalle', 'Casady', 'chantallecasady@agh.edu.pl'), (1429, 'Bella', 'Danieu', 'belladanieu@gmail.com'), (1430, 'Andrei', 'Fadiman', 'andreifadiman@gmail.com'), (1431, 'Mara', 'Bernat', 'marabernat@yahoo.com'), (1432, 'Vinita', 'Octavie', 'vinitaoctavie@yahoo.com'), (1433, 'Adeline', 'Kavita', 'adelinekavita@agh.edu.pl'), (1434, 'Rosanna', 'Laroy', 'rosannalaroy@agh.edu.pl'), (1435, 'Belinda', 'Bambie', 'belindabambie@yahoo.com'), (1436, 'Hillary', 'Mountford', 'hillarymountford@agh.edu.pl'), (1437, 'Prudi', 'Dilks', 'prudidilks@yahoo.com'), (1438, 'Rowena', 'Vladamar', 'rowenavladamar@agh.edu.pl'), (1439, 'Fred', 'Charbonneau', 'fredcharbonneau@yahoo.com'), (1440, 'Martguerita', 'Hartill', 'martgueritahartill@gmail.com'), (1441, 'Yalonda', 'Ilse', 'yalondailse@yahoo.com'), (1442, 'Thalia', 'Tenn', 'thaliatenn@agh.edu.pl'), (1443, 'Ginny', 'Chloe', 'ginnychloe@agh.edu.pl'), (1444, 'Celinka', 'Laurella', 'celinkalaurella@yahoo.com'), (1445, 'Stevena', 'Crowns', 'stevenacrowns@yahoo.com'), (1446, 'Bernete', 'Wadell', 'bernetewadell@gmail.com'), (1447, 'Lora', 'Orelee', 'loraorelee@gmail.com'), (1448, 'Pansy', 'Ander', 'pansyander@yahoo.com'), (1449, 'Hope', 'Twedy', 'hopetwedy@yahoo.com'), (1450, 'Olga', 'Zabrine', 'olgazabrine@gmail.com'), (1451, 'Peri', 'Jamie', 'perijamie@agh.edu.pl'), (1452, 'Steffane', 'Milde', 'steffanemilde@yahoo.com'), (1453, 'Collette', 'Bullock', 'collettebullock@gmail.com'), (1454, 'Ann', 'Abbie', 'annabbie@agh.edu.pl'), (1455, 'Charis', 'Koerner', 'chariskoerner@gmail.com'), (1456, 'Daune', 'Kirst', 'daunekirst@gmail.com'), (1457, 'Kiele', 'Deibel', 'kieledeibel@yahoo.com'), (1458, 'Shayna', 'Joscelin', 'shaynajoscelin@yahoo.com'), (1459, 'Kittie', 'McMahon', 'kittiemcmahon@gmail.com'), (1460, 'Meagan', 'Slotnick', 'meaganslotnick@yahoo.com'), (1461, 'Yettie', 'Katrina', 'yettiekatrina@gmail.com'), (1462, 'Estrellita', 'Christabelle', 'estrellitachristabelle@gmail.com'), (1463, 'Angie', 'Ottinger', 'angieottinger@gmail.com'), (1464, 'Devondra', 'Pass', 'devondrapass@gmail.com'), (1465, 'Franni', 'Freyah', 'frannifreyah@gmail.com'), (1466, 'Anthea', 'Muhammad', 'antheamuhammad@agh.edu.pl'), (1467, 'Ynes', 'Brina', 'ynesbrina@yahoo.com'), (1468, 'Meghann', 'Shulem', 'meghannshulem@yahoo.com'), (1469, 'Sarita', 'Edita', 'saritaedita@yahoo.com'), (1470, 'Deva', 'Balbur', 'devabalbur@agh.edu.pl'), (1471, 'Joete', 'Pritchard', 'joetepritchard@agh.edu.pl'), (1472, 'Lilyan', 'Freda', 'lilyanfreda@yahoo.com'), (1473, 'Selestina', 'Jaunita', 'selestinajaunita@yahoo.com'), (1474, 'Shandra', 'Limber', 'shandralimber@gmail.com'), (1475, 'Isidora', 'Tobin', 'isidoratobin@gmail.com'), (1476, 'Mag', 'Grindlay', 'maggrindlay@gmail.com'), (1477, 'Gillian', 'Lilah', 'gillianlilah@gmail.com'), (1478, 'Sunny', 'Mercuri', 'sunnymercuri@agh.edu.pl'), (1479, 'Kai', 'Lampert', 'kailampert@agh.edu.pl'), (1480, 'Ivett', 'Aldas', 'ivettaldas@yahoo.com'), (1481, 'Yolanthe', 'Lorrimor', 'yolanthelorrimor@agh.edu.pl'), (1482, 'Deeyn', 'Brittnee', 'deeynbrittnee@yahoo.com'), (1483, 'Allison', 'Burgener', 'allisonburgener@yahoo.com'), (1484, 'Lindsy', 'Jade', 'lindsyjade@yahoo.com'), (1485, 'Dehlia', 'Fergus', 'dehliafergus@agh.edu.pl'), (1486, 'Adrienne', 'Tol', 'adriennetol@agh.edu.pl'), (1487, 'Roze', 'Gonagle', 'rozegonagle@yahoo.com'), (1488, 'Velma', 'Adest', 'velmaadest@gmail.com'), (1489, 'Marcella', 'Tanberg', 'marcellatanberg@agh.edu.pl'), (1490, 'Bess', 'Perice', 'bessperice@agh.edu.pl'), (1491, 'Cariotta', 'Carrissa', 'cariottacarrissa@yahoo.com'), (1492, 'Magdalena', 'Rodenhouse', 'magdalenarodenhouse@agh.edu.pl'), (1493, 'Anette', 'Gardell', 'anettegardell@yahoo.com'), (1494, 'Jehanna', 'Jardena', 'jehannajardena@gmail.com'), (1495, 'Elizabeth', 'Cord', 'elizabethcord@agh.edu.pl'), (1496, 'Dalila', 'Rosalind', 'dalilarosalind@yahoo.com'), (1497, 'Issie', 'Brittan', 'issiebrittan@yahoo.com'), (1498, 'Danika', 'Peppard', 'danikapeppard@agh.edu.pl'), (1499, 'Daryl', 'Fredia', 'darylfredia@gmail.com'), (1500, 'Rosene', 'Roselin', 'roseneroselin@agh.edu.pl'), (1501, 'Rubie', 'Johna', 'rubiejohna@gmail.com'), (1502, 'Shirl', 'Roybn', 'shirlroybn@yahoo.com'), (1503, 'Beatriz', 'Kowal', 'beatrizkowal@agh.edu.pl'), (1504, 'Barry', 'Savadove', 'barrysavadove@yahoo.com'), (1505, 'Olia', 'Eckblad', 'oliaeckblad@agh.edu.pl'), (1506, 'Cortney', 'Lockhart', 'cortneylockhart@agh.edu.pl'), (1507, 'Pearla', 'Odessa', 'pearlaodessa@gmail.com'), (1508, 'Brenna', 'Giddings', 'brennagiddings@gmail.com'), (1509, 'Farah', 'Ronnica', 'farahronnica@agh.edu.pl'), (1510, 'Ilyssa', 'Concettina', 'ilyssaconcettina@gmail.com'), (1511, 'Zara', 'Izzy', 'zaraizzy@gmail.com'), (1512, 'Sibyl', 'Jodee', 'sibyljodee@yahoo.com'), (1513, 'Lisha', 'Tatia', 'lishatatia@agh.edu.pl'), (1514, 'Cloe', 'Watkin', 'cloewatkin@gmail.com'), (1515, 'Philomena', 'Greenland', 'philomenagreenland@gmail.com'), (1516, 'Hyacinthie', 'Martyn', 'hyacinthiemartyn@yahoo.com'), (1517, 'Estele', 'Brendis', 'estelebrendis@yahoo.com'), (1518, 'Corabella', 'Betta', 'corabellabetta@gmail.com'), (1519, 'Pris', 'Martguerita', 'prismartguerita@agh.edu.pl'), (1520, 'Marigold', 'Hughmanick', 'marigoldhughmanick@yahoo.com'), (1521, 'Shauna', 'Garrek', 'shaunagarrek@yahoo.com'), (1522, 'Katharina', 'MacDermot', 'katharinamacdermot@yahoo.com'), (1523, 'Herta', 'Philbert', 'hertaphilbert@agh.edu.pl'), (1524, 'Claude', 'Fornof', 'claudefornof@yahoo.com'), (1525, 'Nonah', 'Phelia', 'nonahphelia@yahoo.com'), (1526, 'Austine', 'Oleg', 'austineoleg@agh.edu.pl'), (1527, 'Shayne', 'Januisz', 'shaynejanuisz@yahoo.com'), (1528, 'Glory', 'Loutitia', 'gloryloutitia@agh.edu.pl'), (1529, 'Henrietta', 'Bowden', 'henriettabowden@agh.edu.pl'), (1530, 'Meara', 'Fidelio', 'mearafidelio@agh.edu.pl'), (1531, 'Dahlia', 'Stafani', 'dahliastafani@gmail.com'), (1532, 'Doll', 'Cecilio', 'dollcecilio@yahoo.com'), (1533, 'Oralee', 'Shriner', 'oraleeshriner@gmail.com'), (1534, 'Nance', 'Joub', 'nancejoub@gmail.com'), (1535, 'Rasia', 'Kort', 'rasiakort@agh.edu.pl'), (1536, 'Meriel', 'Emersen', 'merielemersen@agh.edu.pl'), (1537, 'Kial', 'Jagir', 'kialjagir@gmail.com'), (1538, 'Brynna', 'Byran', 'brynnabyran@gmail.com'), (1539, 'Nadia', 'Brenton', 'nadiabrenton@yahoo.com'), (1540, 'Aileen', 'Adriana', 'aileenadriana@yahoo.com'), (1541, 'Katerine', 'Osana', 'katerineosana@agh.edu.pl'), (1542, 'Herta', 'Tobey', 'hertatobey@gmail.com'), (1543, 'Filide', 'Curhan', 'filidecurhan@yahoo.com'), (1544, 'Rosemary', 'Karilynn', 'rosemarykarilynn@agh.edu.pl'), (1545, 'Adan', 'Castra', 'adancastra@yahoo.com'), (1546, 'Heida', 'Kipton', 'heidakipton@gmail.com'), (1547, 'Christian', 'Sou', 'christiansou@agh.edu.pl'), (1548, 'Blinnie', 'Drexler', 'blinniedrexler@gmail.com'), (1549, 'Bee', 'Nichani', 'beenichani@yahoo.com'), (1550, 'Carolynn', 'Shaughn', 'carolynnshaughn@gmail.com'), (1551, 'Harrie', 'Steiner', 'harriesteiner@gmail.com'), (1552, 'Germain', 'Denna', 'germaindenna@gmail.com'), (1553, 'Maegan', 'Olly', 'maeganolly@gmail.com'), (1554, 'Lilyan', 'Faina', 'lilyanfaina@yahoo.com'), (1555, 'Joey', 'Kissiah', 'joeykissiah@yahoo.com'), (1556, 'Alanna', 'Fisk', 'alannafisk@agh.edu.pl'), (1557, 'Tabbitha', 'Christin', 'tabbithachristin@gmail.com'), (1558, 'Marthe', 'Portingale', 'martheportingale@agh.edu.pl'), (1559, 'Jacklyn', 'Moynahan', 'jacklynmoynahan@agh.edu.pl'), (1560, 'Christin', 'Gerrit', 'christingerrit@gmail.com'), (1561, 'Inge', 'Fabron', 'ingefabron@gmail.com'), (1562, 'Maryellen', 'Zsa', 'maryellenzsa@yahoo.com'), (1563, 'Ines', 'Rosena', 'inesrosena@gmail.com'), (1564, 'Carlie', 'Hepsibah', 'carliehepsibah@agh.edu.pl'), (1565, 'Latashia', 'Yerga', 'latashiayerga@yahoo.com'), (1566, 'Allys', 'Perr', 'allysperr@yahoo.com'), (1567, 'Clarabelle', 'Bocock', 'clarabellebocock@gmail.com'), (1568, 'Gretta', 'Earle', 'grettaearle@agh.edu.pl'), (1569, 'Jorey', 'Carrie', 'joreycarrie@agh.edu.pl'), (1570, 'Cecil', 'Vadim', 'cecilvadim@agh.edu.pl'), (1571, 'Alison', 'Tertias', 'alisontertias@yahoo.com'), (1572, 'Anna-Diane', 'Mechling', 'anna-dianemechling@agh.edu.pl'), (1573, 'Lynea', 'Lyons', 'lynealyons@yahoo.com'), (1574, 'Dominica', 'Kirsch', 'dominicakirsch@yahoo.com'), (1575, 'Janifer', 'Shantee', 'janifershantee@gmail.com'), (1576, 'Debra', 'Neibart', 'debraneibart@gmail.com'), (1577, 'Tamra', 'Edge', 'tamraedge@yahoo.com'), (1578, 'Vivien', 'Betta', 'vivienbetta@yahoo.com'), (1579, 'Janaya', 'Jermain', 'janayajermain@yahoo.com'), (1580, 'Mirilla', 'Tempa', 'mirillatempa@yahoo.com'), (1581, 'Angelina', 'Christianity', 'angelinachristianity@gmail.com'), (1582, 'Cherilyn', 'Wheeler', 'cherilynwheeler@gmail.com'), (1583, 'Hailee', 'Yoko', 'haileeyoko@agh.edu.pl'), (1584, 'Sarajane', 'Alodie', 'sarajanealodie@gmail.com'), (1585, 'Sheeree', 'Adley', 'sheereeadley@yahoo.com'), (1586, 'Gabey', 'Mazel', 'gabeymazel@gmail.com'), (1587, 'Kipp', 'Orling', 'kipporling@yahoo.com'), (1588, 'Missy', 'Mori', 'missymori@gmail.com'), (1589, 'Addy', 'Sou', 'addysou@yahoo.com'), (1590, 'Eachelle', 'Endor', 'eachelleendor@agh.edu.pl'), (1591, 'Brandise', 'Marijn', 'brandisemarijn@gmail.com'), (1592, 'Clare', 'Scarface', 'clarescarface@yahoo.com'), (1593, 'Melina', 'Lucita', 'melinalucita@agh.edu.pl'), (1594, 'Millicent', 'Cornelie', 'millicentcornelie@gmail.com'), (1595, 'Kristina', 'Neda', 'kristinaneda@gmail.com'), (1596, 'Kalila', 'Randie', 'kalilarandie@agh.edu.pl'), (1597, 'Nani', 'Seibold', 'naniseibold@agh.edu.pl'), (1598, 'Constantine', 'Bui', 'constantinebui@agh.edu.pl'), (1599, 'Emmalyn', 'Gifford', 'emmalyngifford@agh.edu.pl'), (1600, 'Jobina', 'Ingeberg', 'jobinaingeberg@agh.edu.pl'), (1601, 'Deborah', 'Knut', 'deborahknut@yahoo.com'), (1602, 'Kaylee', 'Karolina', 'kayleekarolina@gmail.com'), (1603, 'Dory', 'Sezen', 'dorysezen@agh.edu.pl'), (1604, 'Jackqueline', 'Kovar', 'jackquelinekovar@gmail.com'), (1605, 'Shari', 'Lomax', 'sharilomax@gmail.com'), (1606, 'Austina', 'Mir', 'austinamir@agh.edu.pl'), (1607, 'Mab', 'Oliviero', 'maboliviero@yahoo.com'), (1608, 'Ki', 'Belamy', 'kibelamy@gmail.com'), (1609, 'Ettie', 'Gerita', 'ettiegerita@agh.edu.pl'), (1610, 'Yvonne', 'Ulrica', 'yvonneulrica@yahoo.com'), (1611, 'Patience', 'Hesta', 'patiencehesta@yahoo.com'), (1612, 'Roxi', 'Witha', 'roxiwitha@yahoo.com'), (1613, 'Martguerita', 'Kendrick', 'martgueritakendrick@yahoo.com'), (1614, 'Rosabel', 'Vinni', 'rosabelvinni@yahoo.com'), (1615, 'Micky', 'Sherilyn', 'mickysherilyn@yahoo.com'), (1616, 'Rhianon', 'Martel', 'rhianonmartel@gmail.com'), (1617, 'Jolene', 'Katya', 'jolenekatya@agh.edu.pl'), (1618, 'Lanna', 'Archle', 'lannaarchle@agh.edu.pl'), (1619, 'Lucita', 'Dygall', 'lucitadygall@agh.edu.pl'), (1620, 'Pippy', 'Hilbert', 'pippyhilbert@yahoo.com'), (1621, 'Wandis', 'Ysabel', 'wandisysabel@yahoo.com'), (1622, 'Johannah', 'Alford', 'johannahalford@yahoo.com'), (1623, 'Shelley', 'Savil', 'shelleysavil@agh.edu.pl'), (1624, 'Kris', 'Angell', 'krisangell@agh.edu.pl'), (1625, 'Aili', 'Allwein', 'ailiallwein@gmail.com'), (1626, 'Ryann', 'Hayashi', 'ryannhayashi@gmail.com'), (1627, 'Gracie', 'Ellie', 'gracieellie@yahoo.com'), (1628, 'Aurelie', 'Henson', 'aureliehenson@gmail.com'), (1629, 'Mariya', 'Tarabar', 'mariyatarabar@yahoo.com'), (1630, 'Malynda', 'Ginny', 'malyndaginny@yahoo.com'), (1631, 'Elfreda', 'Standing', 'elfredastanding@agh.edu.pl'), (1632, 'Sephira', 'Ianthe', 'sephiraianthe@yahoo.com'), (1633, 'Ronica', 'Neddie', 'ronicaneddie@gmail.com'), (1634, 'Astrix', 'Summers', 'astrixsummers@agh.edu.pl'), (1635, 'Garland', 'Jollanta', 'garlandjollanta@yahoo.com'), (1636, 'Leisha', 'Klinger', 'leishaklinger@yahoo.com'), (1637, 'Cosetta', 'Shena', 'cosettashena@gmail.com'), (1638, 'Melli', 'Hendrik', 'mellihendrik@agh.edu.pl'), (1639, 'Marcia', 'Stedman', 'marciastedman@yahoo.com'), (1640, 'Consuelo', 'Okwu', 'consuelookwu@gmail.com'), (1641, 'Opaline', 'Deirdre', 'opalinedeirdre@gmail.com'), (1642, 'Bianka', 'Stanwin', 'biankastanwin@agh.edu.pl'), (1643, 'Haley', 'Whyte', 'haleywhyte@yahoo.com'), (1644, 'Sallee', 'Dukie', 'salleedukie@agh.edu.pl'), (1645, 'Elke', 'Helms', 'elkehelms@gmail.com'), (1646, 'Feliza', 'Iman', 'felizaiman@gmail.com'), (1647, 'Brina', 'Ragland', 'brinaragland@gmail.com'), (1648, 'Haley', 'Eliot', 'haleyeliot@agh.edu.pl'), (1649, 'Beryle', 'Theodore', 'beryletheodore@gmail.com'), (1650, 'Edy', 'Poul', 'edypoul@agh.edu.pl'), (1651, 'Corliss', 'Vidovic', 'corlissvidovic@yahoo.com'), (1652, 'Harri', 'Geibel', 'harrigeibel@gmail.com'), (1653, 'Haily', 'Suu', 'hailysuu@agh.edu.pl'), (1654, 'Grissel', 'Kippar', 'grisselkippar@agh.edu.pl'), (1655, 'Shawnee', 'Seale', 'shawneeseale@agh.edu.pl'), (1656, 'Oralle', 'Hedi', 'orallehedi@agh.edu.pl'), (1657, 'Bette-Ann', 'Hazlip', 'bette-annhazlip@gmail.com'), (1658, 'Elspeth', 'Aronson', 'elspetharonson@gmail.com'), (1659, 'Orelee', 'Saunder', 'oreleesaunder@yahoo.com'), (1660, 'Shelbi', 'Kerwinn', 'shelbikerwinn@gmail.com'), (1661, 'Eleanore', 'Clementi', 'eleanoreclementi@agh.edu.pl'), (1662, 'Camel', 'Hobart', 'camelhobart@agh.edu.pl'), (1663, 'Lenore', 'Birgit', 'lenorebirgit@yahoo.com'), (1664, 'Wally', 'Krasnoff', 'wallykrasnoff@yahoo.com'), (1665, 'Maureen', 'Golter', 'maureengolter@gmail.com'), (1666, 'Doretta', 'Joselyn', 'dorettajoselyn@yahoo.com'), (1667, 'Nanny', 'Drucill', 'nannydrucill@gmail.com'), (1668, 'Melisent', 'Mitinger', 'melisentmitinger@gmail.com'), (1669, 'Issy', 'Kappenne', 'issykappenne@yahoo.com'), (1670, 'Truda', 'Koral', 'trudakoral@agh.edu.pl'), (1671, 'Clair', 'Tracay', 'clairtracay@yahoo.com'), (1672, 'Catrina', 'Germayne', 'catrinagermayne@yahoo.com'), (1673, 'Jennette', 'Hourigan', 'jennettehourigan@gmail.com'), (1674, 'Hannie', 'Posner', 'hannieposner@yahoo.com'), (1675, 'Jacinta', 'Torp', 'jacintatorp@agh.edu.pl'), (1676, 'Aleece', 'Dennie', 'aleecedennie@gmail.com'), (1677, 'Florie', 'Esme', 'florieesme@gmail.com'), (1678, 'Rozelle', 'Flanders', 'rozelleflanders@agh.edu.pl'), (1679, 'Anica', 'Bartolome', 'anicabartolome@yahoo.com'), (1680, 'Genia', 'Thoma', 'geniathoma@gmail.com'), (1681, 'Rory', 'Snook', 'rorysnook@agh.edu.pl'), (1682, 'Naomi', 'Lewie', 'naomilewie@gmail.com'), (1683, 'Donny', 'Asaph', 'donnyasaph@yahoo.com'), (1684, 'Arlena', 'Couture', 'arlenacouture@agh.edu.pl'), (1685, 'Jeanelle', 'Greenland', 'jeanellegreenland@agh.edu.pl'), (1686, 'Nanice', 'Desiree', 'nanicedesiree@gmail.com'), (1687, 'Ainslie', 'Flowers', 'ainslieflowers@gmail.com'), (1688, 'Cairistiona', 'Waldman', 'cairistionawaldman@agh.edu.pl'), (1689, 'Josie', 'Bob', 'josiebob@gmail.com'), (1690, 'Daloris', 'Donalt', 'dalorisdonalt@agh.edu.pl'), (1691, 'Orelie', 'Forester', 'orelieforester@gmail.com'), (1692, 'Rita', 'Wallinga', 'ritawallinga@agh.edu.pl'), (1693, 'Van', 'Pomona', 'vanpomona@agh.edu.pl'), (1694, 'Sallyann', 'Piero', 'sallyannpiero@yahoo.com'), (1695, 'Mabelle', 'Oskar', 'mabelleoskar@gmail.com'), (1696, 'Henryetta', 'Polinski', 'henryettapolinski@gmail.com'), (1697, 'Bernardine', 'Hy', 'bernardinehy@yahoo.com'), (1698, 'Kirsti', 'Gayle', 'kirstigayle@agh.edu.pl'), (1699, 'Viviene', 'Zorine', 'vivienezorine@gmail.com'), (1700, 'Cathleen', 'Kirstin', 'cathleenkirstin@gmail.com'), (1701, 'Adeline', 'Erica', 'adelineerica@agh.edu.pl'), (1702, 'Gerry', 'Hayashi', 'gerryhayashi@agh.edu.pl'), (1703, 'Karina', 'Corey', 'karinacorey@agh.edu.pl'), (1704, 'Miranda', 'Bully', 'mirandabully@gmail.com'), (1705, 'Ally', 'Malory', 'allymalory@gmail.com'), (1706, 'Rasla', 'Thordis', 'raslathordis@agh.edu.pl'), (1707, 'Beverley', 'Lorne', 'beverleylorne@gmail.com'), (1708, 'Peggy', 'Gard', 'peggygard@yahoo.com'), (1709, 'Ranna', 'Duma', 'rannaduma@yahoo.com'), (1710, 'Zonda', 'Perce', 'zondaperce@agh.edu.pl'), (1711, 'Constancia', 'Trescha', 'constanciatrescha@agh.edu.pl'), (1712, 'Dixie', 'Agnola', 'dixieagnola@yahoo.com'), (1713, 'Amargo', 'Cartan', 'amargocartan@yahoo.com'), (1714, 'Malory', 'Hungarian', 'maloryhungarian@yahoo.com'), (1715, 'Kayla', 'Takakura', 'kaylatakakura@yahoo.com'), (1716, 'Maudie', 'Chancellor', 'maudiechancellor@yahoo.com'), (1717, 'Gwynne', 'Lidda', 'gwynnelidda@gmail.com'), (1718, 'Megan', 'Jordana', 'meganjordana@gmail.com'), (1719, 'Neille', 'Daven', 'neilledaven@yahoo.com'), (1720, 'Anthea', 'Peder', 'antheapeder@yahoo.com'), (1721, 'Idette', 'Huberty', 'idettehuberty@yahoo.com'), (1722, 'Ninnetta', 'Zerelda', 'ninnettazerelda@agh.edu.pl'), (1723, 'Coralie', 'Hollenbeck', 'coraliehollenbeck@agh.edu.pl'), (1724, 'Ashley', 'Leatrice', 'ashleyleatrice@agh.edu.pl'), (1725, 'Maryjo', 'Prouty', 'maryjoprouty@agh.edu.pl'), (1726, 'Olia', 'Kellen', 'oliakellen@gmail.com'), (1727, 'Gretel', 'Verada', 'gretelverada@agh.edu.pl'), (1728, 'Minna', 'Ithnan', 'minnaithnan@agh.edu.pl'), (1729, 'Marys', 'Sebastien', 'maryssebastien@agh.edu.pl'), (1730, 'Kala', 'Farwell', 'kalafarwell@yahoo.com'), (1731, 'Valida', 'Yousuf', 'validayousuf@agh.edu.pl'), (1732, 'Vivia', 'Craddock', 'viviacraddock@agh.edu.pl'), (1733, 'Geralda', 'Grenier', 'geraldagrenier@agh.edu.pl'), (1734, 'Flori', 'Valentina', 'florivalentina@agh.edu.pl'), (1735, 'Kira', 'Servetnick', 'kiraservetnick@agh.edu.pl'), (1736, 'Doti', 'Latta', 'dotilatta@gmail.com'), (1737, 'Lia', 'Jody', 'liajody@gmail.com'), (1738, 'Dniren', 'Muirhead', 'dnirenmuirhead@yahoo.com'), (1739, 'Thia', 'Rinna', 'thiarinna@yahoo.com'), (1740, 'Celestia', 'Ludlew', 'celestialudlew@yahoo.com'), (1741, 'Xylina', 'Bigner', 'xylinabigner@agh.edu.pl'), (1742, 'Cthrine', 'Xenos', 'cthrinexenos@agh.edu.pl'), (1743, 'Christan', 'Lita', 'christanlita@gmail.com'), (1744, 'Mahalia', 'Lehmann', 'mahalialehmann@yahoo.com'), (1745, 'Luella', 'Bayard', 'luellabayard@agh.edu.pl'), (1746, 'Cherin', 'Townsend', 'cherintownsend@agh.edu.pl'), (1747, 'Scarlett', 'Cherlyn', 'scarlettcherlyn@gmail.com'), (1748, 'Rahel', 'Libbey', 'rahellibbey@yahoo.com'), (1749, 'Marissa', 'Nikita', 'marissanikita@agh.edu.pl'), (1750, 'Lindi', 'Papagena', 'lindipapagena@agh.edu.pl'), (1751, 'Sharon', 'Atalanti', 'sharonatalanti@gmail.com'), (1752, 'Nixie', 'Maurice', 'nixiemaurice@gmail.com'), (1753, 'Rosanna', 'Rosalie', 'rosannarosalie@yahoo.com'), (1754, 'Madlin', 'Mehta', 'madlinmehta@yahoo.com'), (1755, 'Dorine', 'Ingamar', 'dorineingamar@yahoo.com'), (1756, 'Emmy', 'Dewar', 'emmydewar@agh.edu.pl'), (1757, 'Chelsae', 'Leanne', 'chelsaeleanne@gmail.com'), (1758, 'Madlen', 'Hudnut', 'madlenhudnut@agh.edu.pl'), (1759, 'Rozalin', 'Katrina', 'rozalinkatrina@gmail.com'), (1760, 'Mellisa', 'Deborah', 'mellisadeborah@yahoo.com'), (1761, 'Alayne', 'Hilaria', 'alaynehilaria@yahoo.com'), (1762, 'Merissa', 'Aalst', 'merissaaalst@agh.edu.pl'), (1763, 'Joy', 'Shultz', 'joyshultz@gmail.com'), (1764, 'Justina', 'Ricarda', 'justinaricarda@agh.edu.pl'), (1765, 'Sula', 'Sailesh', 'sulasailesh@gmail.com'), (1766, 'Corene', 'Liscomb', 'coreneliscomb@yahoo.com'), (1767, 'Isabel', 'Hurff', 'isabelhurff@yahoo.com'), (1768, 'Sybilla', 'Cock', 'sybillacock@agh.edu.pl'), (1769, 'Lucienne', 'Stelmach', 'luciennestelmach@yahoo.com'), (1770, 'Othella', 'Elmina', 'othellaelmina@gmail.com'), (1771, 'Adeline', 'Amathist', 'adelineamathist@agh.edu.pl'), (1772, 'Lana', 'Pappano', 'lanapappano@gmail.com'), (1773, 'Deborah', 'Amaris', 'deborahamaris@agh.edu.pl'), (1774, 'Kinna', 'Newcomb', 'kinnanewcomb@yahoo.com'), (1775, 'Teresina', 'Barney', 'teresinabarney@yahoo.com'), (1776, 'Janna', 'Borras', 'jannaborras@gmail.com'), (1777, 'Melonie', 'Pruchno', 'meloniepruchno@yahoo.com'), (1778, 'Bee', 'Tish', 'beetish@agh.edu.pl'), (1779, 'Elli', 'Crespo', 'ellicrespo@yahoo.com'), (1780, 'Tess', 'Joktan', 'tessjoktan@gmail.com'), (1781, 'Alverta', 'Alves', 'alvertaalves@gmail.com'), (1782, 'Cordey', 'Kaja', 'cordeykaja@yahoo.com'), (1783, 'Sarine', 'Prudence', 'sarineprudence@agh.edu.pl'), (1784, 'Charisse', 'Kellen', 'charissekellen@yahoo.com'), (1785, 'Beverlie', 'Avie', 'beverlieavie@agh.edu.pl'), (1786, 'Krystle', 'Misha', 'krystlemisha@agh.edu.pl'), (1787, 'Ashla', 'Marasco', 'ashlamarasco@agh.edu.pl'), (1788, 'Codi', 'Elon', 'codielon@agh.edu.pl'), (1789, 'Lanae', 'Vyky', 'lanaevyky@gmail.com'), (1790, 'Mellisent', 'Baler', 'mellisentbaler@agh.edu.pl'), (1791, 'Opal', 'Casmey', 'opalcasmey@yahoo.com'), (1792, 'Lyndel', 'Sherurd', 'lyndelsherurd@agh.edu.pl'), (1793, 'Myrtie', 'Nanon', 'myrtienanon@yahoo.com'), (1794, 'Trescha', 'Copland', 'treschacopland@gmail.com'), (1795, 'Deborah', 'Blakely', 'deborahblakely@gmail.com'), (1796, 'Lydia', 'Hyacinthie', 'lydiahyacinthie@yahoo.com'), (1797, 'Cristionna', 'Morocco', 'cristionnamorocco@yahoo.com'), (1798, 'Zenia', 'Soren', 'zeniasoren@yahoo.com'), (1799, 'Addie', 'Dibb', 'addiedibb@agh.edu.pl'), (1800, 'Rose', 'Travers', 'rosetravers@agh.edu.pl')
insert into dbo.registered (registered_id, first_name, last_name, email_address) values (1801, 'Nell', 'Georg', 'nellgeorg@gmail.com'), (1802, 'Aigneis', 'Louanne', 'aigneislouanne@gmail.com'), (1803, 'Lyn', 'Castro', 'lyncastro@gmail.com'), (1804, 'Ebba', 'Jillayne', 'ebbajillayne@gmail.com'), (1805, 'Miran', 'Ollie', 'miranollie@gmail.com'), (1806, 'Danit', 'Melessa', 'danitmelessa@agh.edu.pl'), (1807, 'Lynette', 'Milo', 'lynettemilo@gmail.com'), (1808, 'Hatty', 'Sallie', 'hattysallie@agh.edu.pl'), (1809, 'Arleta', 'Higginson', 'arletahigginson@agh.edu.pl'), (1810, 'Mariann', 'Bove', 'mariannbove@gmail.com'), (1811, 'Kevyn', 'Solana', 'kevynsolana@yahoo.com'), (1812, 'Ondrea', 'Putnem', 'ondreaputnem@yahoo.com'), (1813, 'Hermione', 'Patterman', 'hermionepatterman@agh.edu.pl'), (1814, 'Sada', 'Mona', 'sadamona@agh.edu.pl'), (1815, 'Caresa', 'Tiebold', 'caresatiebold@agh.edu.pl'), (1816, 'Gwendolen', 'Madlen', 'gwendolenmadlen@gmail.com'), (1817, 'Leanora', 'Bradleigh', 'leanorabradleigh@yahoo.com'), (1818, 'Tresa', 'Yaya', 'tresayaya@yahoo.com'), (1819, 'Calli', 'Jania', 'callijania@yahoo.com'), (1820, 'Arden', 'Bainbridge', 'ardenbainbridge@agh.edu.pl'), (1821, 'Valerye', 'Marler', 'valeryemarler@yahoo.com'), (1822, 'Nerty', 'Boulanger', 'nertyboulanger@yahoo.com'), (1823, 'Cathrin', 'Heisser', 'cathrinheisser@yahoo.com'), (1824, 'Natalya', 'Pardoes', 'natalyapardoes@yahoo.com'), (1825, 'Theo', 'Oskar', 'theooskar@gmail.com'), (1826, 'Camala', 'Bryana', 'camalabryana@gmail.com'), (1827, 'Melody', 'Lacy', 'melodylacy@yahoo.com'), (1828, 'Joscelin', 'Lillian', 'joscelinlillian@gmail.com'), (1829, 'Sianna', 'Amory', 'siannaamory@gmail.com'), (1830, 'Linell', 'Grantley', 'linellgrantley@gmail.com'), (1831, 'Robinia', 'Child', 'robiniachild@agh.edu.pl'), (1832, 'Maiga', 'Clemens', 'maigaclemens@agh.edu.pl'), (1833, 'Crista', 'Yokum', 'cristayokum@yahoo.com'), (1834, 'Thalia', 'Eoin', 'thaliaeoin@agh.edu.pl'), (1835, 'Dottie', 'Eiser', 'dottieeiser@gmail.com'), (1836, 'Maryjo', 'Gaston', 'maryjogaston@yahoo.com'), (1837, 'Deni', 'Tedman', 'denitedman@agh.edu.pl'), (1838, 'Zandra', 'Milly', 'zandramilly@yahoo.com'), (1839, 'Casi', 'McCandless', 'casimccandless@gmail.com'), (1840, 'Jamima', 'Corinna', 'jamimacorinna@gmail.com'), (1841, 'Dorthy', 'Sugar', 'dorthysugar@agh.edu.pl'), (1842, 'Hilde', 'Brote', 'hildebrote@agh.edu.pl'), (1843, 'Orella', 'Idell', 'orellaidell@gmail.com'), (1844, 'Elsy', 'Trevah', 'elsytrevah@yahoo.com'), (1845, 'Latashia', 'Marashio', 'latashiamarashio@yahoo.com'), (1846, 'Janessa', 'Callahan', 'janessacallahan@agh.edu.pl'), (1847, 'Angie', 'Casandra', 'angiecasandra@yahoo.com'), (1848, 'Caroljean', 'Dewhurst', 'caroljeandewhurst@yahoo.com'), (1849, 'Lidia', 'Russi', 'lidiarussi@gmail.com'), (1850, 'Pietra', 'Nicholle', 'pietranicholle@gmail.com'), (1851, 'Dreddy', 'Nutter', 'dreddynutter@gmail.com'), (1852, 'Gerrilee', 'Frazier', 'gerrileefrazier@gmail.com'), (1853, 'Nonah', 'Giulia', 'nonahgiulia@yahoo.com'), (1854, 'Alysia', 'Derry', 'alysiaderry@gmail.com'), (1855, 'Randie', 'Allcot', 'randieallcot@agh.edu.pl'), (1856, 'Sosanna', 'Lotz', 'sosannalotz@agh.edu.pl'), (1857, 'Mada', 'Jain', 'madajain@agh.edu.pl'), (1858, 'Filippa', 'Sophia', 'filippasophia@gmail.com'), (1859, 'Adelheid', 'Lucilia', 'adelheidlucilia@gmail.com'), (1860, 'Bianca', 'Kort', 'biancakort@gmail.com'), (1861, 'Sari', 'Gromme', 'sarigromme@yahoo.com'), (1862, 'Daniella', 'Drucill', 'danielladrucill@gmail.com'), (1863, 'Robinet', 'Roux', 'robinetroux@agh.edu.pl'), (1864, 'Robbie', 'Ranitta', 'robbieranitta@gmail.com'), (1865, 'Diandra', 'Siouxie', 'diandrasiouxie@gmail.com'), (1866, 'Marguerite', 'Sidoon', 'margueritesidoon@yahoo.com'), (1867, 'Karil', 'Lelia', 'karillelia@yahoo.com'), (1868, 'Maryjo', 'Madi', 'maryjomadi@yahoo.com'), (1869, 'Prudy', 'Vally', 'prudyvally@yahoo.com'), (1870, 'Almire', 'Fillander', 'almirefillander@yahoo.com'), (1871, 'Babita', 'Iggie', 'babitaiggie@yahoo.com'), (1872, 'Kyrstin', 'Baryram', 'kyrstinbaryram@agh.edu.pl'), (1873, 'Layney', 'Liane', 'layneyliane@yahoo.com'), (1874, 'Kathi', 'Reine', 'kathireine@agh.edu.pl'), (1875, 'Garland', 'Ricardo', 'garlandricardo@gmail.com'), (1876, 'Dynah', 'Miculek', 'dynahmiculek@agh.edu.pl'), (1877, 'Bunni', 'Tisha', 'bunnitisha@gmail.com'), (1878, 'Fania', 'Sommers', 'faniasommers@agh.edu.pl'), (1879, 'Jennee', 'Malik', 'jenneemalik@gmail.com'), (1880, 'Allegra', 'Stevana', 'allegrastevana@gmail.com'), (1881, 'Elnore', 'Tiff', 'elnoretiff@agh.edu.pl'), (1882, 'Indira', 'Fritts', 'indirafritts@gmail.com'), (1883, 'Amandie', 'Pacificas', 'amandiepacificas@agh.edu.pl'), (1884, 'Austine', 'Stetson', 'austinestetson@agh.edu.pl'), (1885, 'Alvera', 'Ostler', 'alveraostler@gmail.com'), (1886, 'Kirbee', 'Bever', 'kirbeebever@gmail.com'), (1887, 'Daryl', 'Ardeha', 'darylardeha@agh.edu.pl'), (1888, 'Diann', 'Levania', 'diannlevania@agh.edu.pl'), (1889, 'Melisandra', 'Vieva', 'melisandravieva@yahoo.com'), (1890, 'Sharia', 'Filipe', 'shariafilipe@yahoo.com'), (1891, 'Theo', 'Oralia', 'theooralia@yahoo.com'), (1892, 'Nollie', 'Jeramey', 'nolliejeramey@gmail.com'), (1893, 'Kesley', 'Agan', 'kesleyagan@gmail.com'), (1894, 'Lizzy', 'Flosser', 'lizzyflosser@yahoo.com'), (1895, 'Alena', 'Krutz', 'alenakrutz@agh.edu.pl'), (1896, 'Domeniga', 'Kjersti', 'domenigakjersti@gmail.com'), (1897, 'Dorthy', 'Durham', 'dorthydurham@agh.edu.pl'), (1898, 'Othilie', 'Rosenblum', 'othilierosenblum@gmail.com'), (1899, 'Christina', 'Alanah', 'christinaalanah@gmail.com'), (1900, 'Florentia', 'Mortimer', 'florentiamortimer@yahoo.com'), (1901, 'Clarita', 'Nadean', 'claritanadean@yahoo.com'), (1902, 'Camel', 'Vladi', 'camelvladi@yahoo.com'), (1903, 'Ruthann', 'Ber', 'ruthannber@gmail.com'), (1904, 'Emilee', 'Mecke', 'emileemecke@agh.edu.pl'), (1905, 'Lea', 'Durrell', 'leadurrell@yahoo.com'), (1906, 'Lilias', 'Sewell', 'liliassewell@gmail.com'), (1907, 'Ginnie', 'Wenn', 'ginniewenn@gmail.com'), (1908, 'Patrizia', 'Oba', 'patriziaoba@yahoo.com'), (1909, 'Sheilah', 'Joella', 'sheilahjoella@gmail.com'), (1910, 'Aeriela', 'Base', 'aerielabase@gmail.com'), (1911, 'Dodi', 'Rettke', 'dodirettke@gmail.com'), (1912, 'Harlene', 'Rick', 'harlenerick@gmail.com'), (1913, 'Viv', 'Samuela', 'vivsamuela@gmail.com'), (1914, 'Verile', 'Adal', 'verileadal@yahoo.com'), (1915, 'Yasmin', 'Mohsen', 'yasminmohsen@agh.edu.pl'), (1916, 'Sue', 'Estrella', 'sueestrella@agh.edu.pl'), (1917, 'Roseann', 'Nielsen', 'roseannnielsen@yahoo.com'), (1918, 'Lena', 'Frayne', 'lenafrayne@agh.edu.pl'), (1919, 'Dolly', 'Sam', 'dollysam@yahoo.com'), (1920, 'Marji', 'Garlaand', 'marjigarlaand@gmail.com'), (1921, 'Pansie', 'Corrinne', 'pansiecorrinne@agh.edu.pl'), (1922, 'Ursola', 'Tristam', 'ursolatristam@gmail.com'), (1923, 'Marjie', 'Nason', 'marjienason@yahoo.com'), (1924, 'Nichole', 'Marsden', 'nicholemarsden@yahoo.com'), (1925, 'Korney', 'Feucht', 'korneyfeucht@agh.edu.pl'), (1926, 'Halie', 'Barris', 'haliebarris@gmail.com'), (1927, 'Madlen', 'Petie', 'madlenpetie@gmail.com'), (1928, 'Seana', 'Norling', 'seananorling@gmail.com'), (1929, 'Phaidra', 'Profant', 'phaidraprofant@gmail.com'), (1930, 'Delcine', 'Chaddy', 'delcinechaddy@gmail.com'), (1931, 'Ansley', 'Gorlicki', 'ansleygorlicki@agh.edu.pl'), (1932, 'Maryrose', 'Suellen', 'maryrosesuellen@agh.edu.pl'), (1933, 'Maryrose', 'Salangi', 'maryrosesalangi@yahoo.com'), (1934, 'Adela', 'Judye', 'adelajudye@agh.edu.pl'), (1935, 'Nata', 'Asabi', 'nataasabi@yahoo.com'), (1936, 'Celesta', 'Arlee', 'celestaarlee@yahoo.com'), (1937, 'Abby', 'Wendelin', 'abbywendelin@agh.edu.pl'), (1938, 'Hatti', 'Karyl', 'hattikaryl@yahoo.com'), (1939, 'Trixy', 'Byrle', 'trixybyrle@yahoo.com'), (1940, 'Cori', 'Pyotr', 'coripyotr@agh.edu.pl'), (1941, 'Gwenni', 'Weed', 'gwenniweed@agh.edu.pl'), (1942, 'Karmen', 'Ximena', 'karmenximena@yahoo.com'), (1943, 'Kissiah', 'Sessler', 'kissiahsessler@yahoo.com'), (1944, 'Katerine', 'Abbotson', 'katerineabbotson@yahoo.com'), (1945, 'Mahala', 'Rehm', 'mahalarehm@agh.edu.pl'), (1946, 'Gertruda', 'Chemosh', 'gertrudachemosh@yahoo.com'), (1947, 'Katy', 'Paviour', 'katypaviour@yahoo.com'), (1948, 'Anna-Maria', 'Christopher', 'anna-mariachristopher@yahoo.com'), (1949, 'Lissy', 'Phelan', 'lissyphelan@yahoo.com'), (1950, 'Joanie', 'Zavras', 'joaniezavras@gmail.com'), (1951, 'Karon', 'Imray', 'karonimray@yahoo.com'), (1952, 'Gaynor', 'Haberman', 'gaynorhaberman@agh.edu.pl'), (1953, 'Glynis', 'Bruyn', 'glynisbruyn@agh.edu.pl'), (1954, 'Dinnie', 'Velvet', 'dinnievelvet@agh.edu.pl'), (1955, 'Ada', 'Wadesworth', 'adawadesworth@yahoo.com'), (1956, 'Brynne', 'Materi', 'brynnemateri@yahoo.com'), (1957, 'Hinda', 'Grunberg', 'hindagrunberg@yahoo.com'), (1958, 'Kacy', 'Amaras', 'kacyamaras@yahoo.com'), (1959, 'Hallie', 'Clorinda', 'hallieclorinda@agh.edu.pl'), (1960, 'Stefanie', 'Fiore', 'stefaniefiore@agh.edu.pl'), (1961, 'Minni', 'Adelind', 'minniadelind@agh.edu.pl'), (1962, 'Rosanna', 'Teodorico', 'rosannateodorico@agh.edu.pl'), (1963, 'Bobbee', 'Besnard', 'bobbeebesnard@agh.edu.pl'), (1964, 'Marinna', 'Bernard', 'marinnabernard@gmail.com'), (1965, 'Daria', 'Dwain', 'dariadwain@gmail.com'), (1966, 'Clarinda', 'Hurwitz', 'clarindahurwitz@gmail.com'), (1967, 'Dorena', 'Antonietta', 'dorenaantonietta@gmail.com'), (1968, 'Sarine', 'Ingvar', 'sarineingvar@gmail.com'), (1969, 'Alina', 'Tranquada', 'alinatranquada@yahoo.com'), (1970, 'Madlen', 'Saxen', 'madlensaxen@gmail.com'), (1971, 'Rianon', 'Yoo', 'rianonyoo@agh.edu.pl'), (1972, 'Patti', 'Leaper', 'pattileaper@gmail.com'), (1973, 'Rakel', 'Gonta', 'rakelgonta@agh.edu.pl'), (1974, 'Tiphani', 'Sheelah', 'tiphanisheelah@gmail.com'), (1975, 'Guinevere', 'Aulea', 'guinevereaulea@gmail.com'), (1976, 'Dyna', 'Arta', 'dynaarta@agh.edu.pl'), (1977, 'Lyn', 'Lower', 'lynlower@yahoo.com'), (1978, 'Ferdinanda', 'Barthold', 'ferdinandabarthold@gmail.com'), (1979, 'Glory', 'Witherspoon', 'glorywitherspoon@yahoo.com'), (1980, 'Bernadine', 'Meyers', 'bernadinemeyers@yahoo.com'), (1981, 'Darsie', 'Means', 'darsiemeans@yahoo.com'), (1982, 'Brynna', 'Luisa', 'brynnaluisa@agh.edu.pl'), (1983, 'Ciel', 'Oliva', 'cieloliva@agh.edu.pl'), (1984, 'Cristal', 'Matthaus', 'cristalmatthaus@agh.edu.pl'), (1985, 'Gilberta', 'Haakon', 'gilbertahaakon@gmail.com'), (1986, 'Jacquelynn', 'Bashuk', 'jacquelynnbashuk@yahoo.com'), (1987, 'Marta', 'Hrutkay', 'martahrutkay@gmail.com'), (1988, 'Tersina', 'Agueda', 'tersinaagueda@yahoo.com'), (1989, 'Fernande', 'Limoli', 'fernandelimoli@yahoo.com'), (1990, 'Barbe', 'Mylan', 'barbemylan@agh.edu.pl'), (1991, 'Juana', 'Ciaphus', 'juanaciaphus@agh.edu.pl'), (1992, 'Hettie', 'Bryon', 'hettiebryon@yahoo.com'), (1993, 'Gabey', 'Andryc', 'gabeyandryc@gmail.com'), (1994, 'Lila', 'Nochur', 'lilanochur@agh.edu.pl'), (1995, 'Biddie', 'Ronen', 'biddieronen@agh.edu.pl'), (1996, 'Katinka', 'Ginger', 'katinkaginger@yahoo.com'), (1997, 'Bobette', 'Sperling', 'bobettesperling@gmail.com'), (1998, 'Alisha', 'Bullis', 'alishabullis@agh.edu.pl'), (1999, 'Ulrica', 'Thorn', 'ulricathorn@yahoo.com'), (2000, 'Lissa', 'Hoebart', 'lissahoebart@yahoo.com'), (2001, 'Karie', 'Bellina', 'kariebellina@agh.edu.pl'), (2002, 'Nerte', 'Weisburgh', 'nerteweisburgh@agh.edu.pl'), (2003, 'Darlene', 'Juna', 'darlenejuna@agh.edu.pl'), (2004, 'Tedda', 'Beauvais', 'teddabeauvais@gmail.com'), (2005, 'Justine', 'Jauch', 'justinejauch@agh.edu.pl'), (2006, 'Cicely', 'Reginald', 'cicelyreginald@yahoo.com'), (2007, 'Magda', 'Sussi', 'magdasussi@agh.edu.pl'), (2008, 'Leandra', 'Petersen', 'leandrapetersen@gmail.com'), (2009, 'Nonie', 'Aalst', 'nonieaalst@yahoo.com'), (2010, 'Essie', 'Amund', 'essieamund@gmail.com'), (2011, 'Deidre', 'Maynard', 'deidremaynard@yahoo.com'), (2012, 'Salaidh', 'Tertia', 'salaidhtertia@agh.edu.pl'), (2013, 'Juliet', 'Brouwer', 'julietbrouwer@gmail.com'), (2014, 'Dorolisa', 'Melda', 'dorolisamelda@agh.edu.pl'), (2015, 'Katy', 'Dwain', 'katydwain@yahoo.com'), (2016, 'Milka', 'Benjamen', 'milkabenjamen@gmail.com'), (2017, 'Andie', 'Eberhard', 'andieeberhard@yahoo.com'), (2018, 'Pauly', 'Gurney', 'paulygurney@yahoo.com'), (2019, 'Amye', 'Theran', 'amyetheran@yahoo.com'), (2020, 'Bambi', 'Alodie', 'bambialodie@yahoo.com'), (2021, 'Hyacinthe', 'Siubhan', 'hyacinthesiubhan@gmail.com'), (2022, 'Helena', 'Norty', 'helenanorty@yahoo.com'), (2023, 'Hayley', 'Grantland', 'hayleygrantland@agh.edu.pl'), (2024, 'Rosella', 'Hitchcock', 'rosellahitchcock@gmail.com'), (2025, 'Eustacia', 'Dorthy', 'eustaciadorthy@agh.edu.pl'), (2026, 'Liva', 'Sykes', 'livasykes@yahoo.com'), (2027, 'Jermaine', 'Gold', 'jermainegold@gmail.com'), (2028, 'Fredi', 'Carlin', 'fredicarlin@agh.edu.pl'), (2029, 'Tim', 'Arianne', 'timarianne@gmail.com'), (2030, 'Lusa', 'Allveta', 'lusaallveta@gmail.com'), (2031, 'Caren', 'Fortuna', 'carenfortuna@yahoo.com'), (2032, 'Cornela', 'Abbey', 'cornelaabbey@agh.edu.pl'), (2033, 'Lurette', 'Troy', 'lurettetroy@gmail.com'), (2034, 'Jacquie', 'Nikki', 'jacquienikki@yahoo.com'), (2035, 'Catha', 'Brom', 'cathabrom@yahoo.com'), (2036, 'Merna', 'Gunning', 'mernagunning@yahoo.com'), (2037, 'Becca', 'Threlkeld', 'beccathrelkeld@yahoo.com'), (2038, 'Mariejeanne', 'Evadnee', 'mariejeanneevadnee@gmail.com'), (2039, 'Edith', 'Yule', 'edithyule@yahoo.com'), (2040, 'Yvonne', 'Dniren', 'yvonnedniren@yahoo.com'), (2041, 'Henrieta', 'Northey', 'henrietanorthey@gmail.com'), (2042, 'Polly', 'Herzig', 'pollyherzig@agh.edu.pl'), (2043, 'Fleurette', 'Dewees', 'fleurettedewees@yahoo.com'), (2044, 'Mair', 'Gough', 'mairgough@agh.edu.pl'), (2045, 'Edee', 'Lassiter', 'edeelassiter@yahoo.com'), (2046, 'Gabey', 'Veron', 'gabeyveron@agh.edu.pl'), (2047, 'Jackie', 'Mortimer', 'jackiemortimer@agh.edu.pl'), (2048, 'Darsie', 'Lema', 'darsielema@yahoo.com'), (2049, 'Laurice', 'Pearla', 'lauricepearla@agh.edu.pl'), (2050, 'Josey', 'Jaime', 'joseyjaime@gmail.com'), (2051, 'Poppy', 'Floeter', 'poppyfloeter@agh.edu.pl'), (2052, 'Odelinda', 'Hennebery', 'odelindahennebery@yahoo.com'), (2053, 'Blair', 'Fleischer', 'blairfleischer@yahoo.com'), (2054, 'Madeline', 'Tallulah', 'madelinetallulah@agh.edu.pl'), (2055, 'Joana', 'Berni', 'joanaberni@yahoo.com'), (2056, 'Penelopa', 'Bloomer', 'penelopabloomer@yahoo.com'), (2057, 'Larina', 'Marie-Ann', 'larinamarie-ann@gmail.com'), (2058, 'Guillemette', 'Serilda', 'guillemetteserilda@agh.edu.pl'), (2059, 'Maybelle', 'Elonore', 'maybelleelonore@yahoo.com'), (2060, 'Janey', 'Christean', 'janeychristean@agh.edu.pl'), (2061, 'Gerrilee', 'Hughes', 'gerrileehughes@gmail.com'), (2062, 'Gabriella', 'Hecklau', 'gabriellahecklau@agh.edu.pl'), (2063, 'Joly', 'Levitan', 'jolylevitan@agh.edu.pl'), (2064, 'Constantina', 'Montague', 'constantinamontague@yahoo.com'), (2065, 'Neile', 'Idou', 'neileidou@gmail.com'), (2066, 'Kara-Lynn', 'Zielsdorf', 'kara-lynnzielsdorf@yahoo.com'), (2067, 'Nelli', 'Fedirko', 'nellifedirko@gmail.com'), (2068, 'Marielle', 'Embry', 'marielleembry@agh.edu.pl'), (2069, 'Becka', 'Lincoln', 'beckalincoln@yahoo.com'), (2070, 'Leone', 'Scharf', 'leonescharf@yahoo.com'), (2071, 'Tamar', 'Wendie', 'tamarwendie@gmail.com'), (2072, 'Stephi', 'Bonilla', 'stephibonilla@gmail.com'), (2073, 'Ronda', 'Aprile', 'rondaaprile@agh.edu.pl'), (2074, 'Fleurette', 'Rother', 'fleuretterother@gmail.com'), (2075, 'Traci', 'La', 'tracila@gmail.com'), (2076, 'Kati', 'Noreen', 'katinoreen@gmail.com'), (2077, 'Winnifred', 'Picardi', 'winnifredpicardi@yahoo.com'), (2078, 'Annnora', 'Ratcliffe', 'annnoraratcliffe@yahoo.com'), (2079, 'Em', 'Youngman', 'emyoungman@agh.edu.pl'), (2080, 'Carmita', 'Diella', 'carmitadiella@yahoo.com'), (2081, 'Aubrette', 'Resor', 'aubretteresor@gmail.com'), (2082, 'Nonah', 'Belldame', 'nonahbelldame@agh.edu.pl'), (2083, 'Sheilah', 'Kistner', 'sheilahkistner@gmail.com'), (2084, 'Ryann', 'Whatley', 'ryannwhatley@gmail.com'), (2085, 'Belvia', 'Orwin', 'belviaorwin@agh.edu.pl'), (2086, 'Allyson', 'Boleyn', 'allysonboleyn@agh.edu.pl'), (2087, 'Conni', 'Perri', 'conniperri@yahoo.com'), (2088, 'Dorree', 'Ifill', 'dorreeifill@yahoo.com'), (2089, 'Lindie', 'Dinsdale', 'lindiedinsdale@gmail.com'), (2090, 'Brita', 'Lipcombe', 'britalipcombe@gmail.com'), (2091, 'Joice', 'Houghton', 'joicehoughton@yahoo.com'), (2092, 'Demetria', 'Cline', 'demetriacline@gmail.com'), (2093, 'Rheta', 'Martina', 'rhetamartina@gmail.com'), (2094, 'Modestine', 'Heilner', 'modestineheilner@agh.edu.pl'), (2095, 'Frannie', 'Nobell', 'frannienobell@agh.edu.pl'), (2096, 'Jerrine', 'Elspet', 'jerrineelspet@agh.edu.pl'), (2097, 'Laryssa', 'Gavrila', 'laryssagavrila@yahoo.com'), (2098, 'Collette', 'Ellen', 'colletteellen@agh.edu.pl'), (2099, 'Rhonda', 'Boak', 'rhondaboak@gmail.com'), (2100, 'Jonie', 'Ab', 'jonieab@agh.edu.pl'), (2101, 'Daniela', 'Cloris', 'danielacloris@yahoo.com'), (2102, 'Jaine', 'Abad', 'jaineabad@agh.edu.pl'), (2103, 'Nadiya', 'Susanna', 'nadiyasusanna@agh.edu.pl'), (2104, 'Rhea', 'Keen', 'rheakeen@yahoo.com'), (2105, 'Dorelia', 'Sheeb', 'doreliasheeb@agh.edu.pl'), (2106, 'Felecia', 'Reo', 'feleciareo@agh.edu.pl'), (2107, 'Emelia', 'Adena', 'emeliaadena@agh.edu.pl'), (2108, 'Tami', 'Marvin', 'tamimarvin@agh.edu.pl'), (2109, 'Hettie', 'Ifill', 'hettieifill@gmail.com'), (2110, 'Katharyn', 'Zacharie', 'katharynzacharie@gmail.com'), (2111, 'Gabriellia', 'Jenifer', 'gabrielliajenifer@yahoo.com'), (2112, 'Val', 'Lorollas', 'vallorollas@yahoo.com'), (2113, 'Rosamund', 'Galer', 'rosamundgaler@gmail.com'), (2114, 'Ashley', 'Joost', 'ashleyjoost@gmail.com'), (2115, 'Sheela', 'Marchelle', 'sheelamarchelle@yahoo.com'), (2116, 'Hilde', 'Gratia', 'hildegratia@yahoo.com'), (2117, 'Shauna', 'Heller', 'shaunaheller@yahoo.com'), (2118, 'Ivette', 'Robins', 'ivetterobins@agh.edu.pl'), (2119, 'Fanechka', 'Carita', 'fanechkacarita@yahoo.com'), (2120, 'Bendite', 'Noella', 'benditenoella@yahoo.com'), (2121, 'Juline', 'Serica', 'julineserica@gmail.com'), (2122, 'Rosanne', 'Cornia', 'rosannecornia@yahoo.com'), (2123, 'Kalindi', 'Biles', 'kalindibiles@gmail.com'), (2124, 'Audy', 'Augusta', 'audyaugusta@agh.edu.pl'), (2125, 'Moina', 'Honora', 'moinahonora@agh.edu.pl'), (2126, 'Rafa', 'Kimball', 'rafakimball@yahoo.com'), (2127, 'Elnore', 'Quartana', 'elnorequartana@yahoo.com'), (2128, 'Clarinda', 'Froemming', 'clarindafroemming@gmail.com'), (2129, 'Glad', 'Noble', 'gladnoble@yahoo.com'), (2130, 'Velvet', 'Alameda', 'velvetalameda@agh.edu.pl'), (2131, 'Rhoda', 'Nino', 'rhodanino@gmail.com'), (2132, 'Concettina', 'Winonah', 'concettinawinonah@gmail.com'), (2133, 'Aleda', 'Blainey', 'aledablainey@yahoo.com'), (2134, 'Clea', 'Lissak', 'clealissak@yahoo.com'), (2135, 'Miguela', 'Green', 'miguelagreen@yahoo.com'), (2136, 'Jania', 'Derry', 'janiaderry@gmail.com'), (2137, 'Liza', 'Michale', 'lizamichale@yahoo.com'), (2138, 'Felicia', 'Levitt', 'felicialevitt@gmail.com'), (2139, 'Belinda', 'Child', 'belindachild@gmail.com'), (2140, 'Hynda', 'Glaab', 'hyndaglaab@yahoo.com'), (2141, 'Ameline', 'Ashwin', 'amelineashwin@agh.edu.pl'), (2142, 'Alie', 'Garzon', 'aliegarzon@gmail.com'), (2143, 'Ertha', 'Nachison', 'erthanachison@yahoo.com'), (2144, 'Jacenta', 'Noak', 'jacentanoak@gmail.com'), (2145, 'Cathrin', 'Devora', 'cathrindevora@yahoo.com'), (2146, 'Jayne', 'Evelyn', 'jayneevelyn@agh.edu.pl'), (2147, 'Ursula', 'Morgen', 'ursulamorgen@yahoo.com'), (2148, 'Pammie', 'Zachary', 'pammiezachary@yahoo.com'), (2149, 'Wilhelmina', 'Wyndham', 'wilhelminawyndham@yahoo.com'), (2150, 'Shayne', 'Ronny', 'shayneronny@yahoo.com'), (2151, 'Bidget', 'Jehius', 'bidgetjehius@agh.edu.pl'), (2152, 'Lexie', 'Eyeleen', 'lexieeyeleen@agh.edu.pl'), (2153, 'Charmion', 'Pepito', 'charmionpepito@agh.edu.pl'), (2154, 'Kelsi', 'Malka', 'kelsimalka@agh.edu.pl'), (2155, 'Jyoti', 'Lyell', 'jyotilyell@gmail.com'), (2156, 'Bari', 'Pennington', 'baripennington@agh.edu.pl'), (2157, 'Darby', 'Bust', 'darbybust@agh.edu.pl'), (2158, 'Agnese', 'Ellora', 'agneseellora@agh.edu.pl'), (2159, 'Lanna', 'Hollie', 'lannahollie@yahoo.com'), (2160, 'Antonella', 'Sidras', 'antonellasidras@gmail.com'), (2161, 'Layney', 'Danas', 'layneydanas@agh.edu.pl'), (2162, 'Emilia', 'Pax', 'emiliapax@gmail.com'), (2163, 'Lyn', 'Pam', 'lynpam@agh.edu.pl'), (2164, 'Tarah', 'Brian', 'tarahbrian@gmail.com'), (2165, 'Caitrin', 'Ethelbert', 'caitrinethelbert@yahoo.com'), (2166, 'Demetra', 'Paley', 'demetrapaley@yahoo.com'), (2167, 'Blinnie', 'Weksler', 'blinnieweksler@agh.edu.pl'), (2168, 'Sile', 'Salzhauer', 'silesalzhauer@agh.edu.pl'), (2169, 'Anne', 'Hymie', 'annehymie@gmail.com'), (2170, 'Amelina', 'Howlend', 'amelinahowlend@yahoo.com'), (2171, 'Alysia', 'Towne', 'alysiatowne@agh.edu.pl'), (2172, 'Danella', 'Buckley', 'danellabuckley@yahoo.com'), (2173, 'Lonnie', 'Emelyne', 'lonnieemelyne@gmail.com'), (2174, 'Geri', 'Giana', 'gerigiana@yahoo.com'), (2175, 'Claudina', 'Lancey', 'claudinalancey@agh.edu.pl'), (2176, 'Mamie', 'Sacks', 'mamiesacks@yahoo.com'), (2177, 'Karalynn', 'McRipley', 'karalynnmcripley@yahoo.com'), (2178, 'Elva', 'Kezer', 'elvakezer@yahoo.com'), (2179, 'Robenia', 'Littman', 'robenialittman@yahoo.com'), (2180, 'Cristi', 'Lamphere', 'cristilamphere@agh.edu.pl'), (2181, 'Sarina', 'Imelida', 'sarinaimelida@gmail.com'), (2182, 'Aretha', 'Millhon', 'arethamillhon@yahoo.com'), (2183, 'Hortense', 'Melania', 'hortensemelania@gmail.com'), (2184, 'Candra', 'Keelby', 'candrakeelby@yahoo.com'), (2185, 'Eulalie', 'Thant', 'eulaliethant@gmail.com'), (2186, 'Carola', 'Down', 'caroladown@gmail.com'), (2187, 'Giuditta', 'Deonne', 'giudittadeonne@yahoo.com'), (2188, 'Ketty', 'Linoel', 'kettylinoel@yahoo.com'), (2189, 'Nat', 'Kolodgie', 'natkolodgie@agh.edu.pl'), (2190, 'Clemmie', 'Obellia', 'clemmieobellia@agh.edu.pl'), (2191, 'Maybelle', 'Ase', 'maybellease@yahoo.com'), (2192, 'Lissi', 'Quartet', 'lissiquartet@gmail.com'), (2193, 'Miof Mela', 'Blase', 'miofmelablase@yahoo.com'), (2194, 'Meryl', 'Nahshunn', 'merylnahshunn@agh.edu.pl'), (2195, 'Eolanda', 'Obeded', 'eolandaobeded@agh.edu.pl'), (2196, 'Truda', 'Cleti', 'trudacleti@yahoo.com'), (2197, 'Selie', 'Kilmarx', 'seliekilmarx@agh.edu.pl'), (2198, 'Harlene', 'Mazurek', 'harlenemazurek@agh.edu.pl'), (2199, 'Darrelle', 'Kosiur', 'darrellekosiur@agh.edu.pl'), (2200, 'Cassondra', 'Cristine', 'cassondracristine@yahoo.com'), (2201, 'Breena', 'Pergrim', 'breenapergrim@gmail.com'), (2202, 'Sileas', 'Gurl', 'sileasgurl@agh.edu.pl'), (2203, 'Renata', 'Gram', 'renatagram@agh.edu.pl'), (2204, 'Nani', 'McClelland', 'nanimcclelland@gmail.com'), (2205, 'Ursulina', 'Mahla', 'ursulinamahla@agh.edu.pl'), (2206, 'Florida', 'Morganstein', 'floridamorganstein@gmail.com'), (2207, 'Etti', 'February', 'ettifebruary@gmail.com'), (2208, 'Ulrika', 'Hervey', 'ulrikahervey@gmail.com'), (2209, 'Annelise', 'McGruter', 'annelisemcgruter@yahoo.com'), (2210, 'Lenee', 'Gathard', 'leneegathard@gmail.com'), (2211, 'Lissy', 'Giffy', 'lissygiffy@yahoo.com'), (2212, 'Marysa', 'ErvIn', 'marysaervin@yahoo.com'), (2213, 'Allissa', 'Swayder', 'allissaswayder@yahoo.com'), (2214, 'Allianora', 'Oswell', 'allianoraoswell@gmail.com'), (2215, 'Ronna', 'Salita', 'ronnasalita@agh.edu.pl'), (2216, 'Claresta', 'Anne', 'clarestaanne@yahoo.com'), (2217, 'Gaylene', 'Mirth', 'gaylenemirth@yahoo.com'), (2218, 'Ansley', 'Tiernan', 'ansleytiernan@yahoo.com'), (2219, 'Ardine', 'Darach', 'ardinedarach@gmail.com'), (2220, 'Nina', 'Ranit', 'ninaranit@gmail.com'), (2221, 'Catlin', 'Wildee', 'catlinwildee@yahoo.com'), (2222, 'Philipa', 'Perzan', 'philipaperzan@yahoo.com'), (2223, 'Dorice', 'Amaleta', 'doriceamaleta@agh.edu.pl'), (2224, 'Maggi', 'Thacker', 'maggithacker@yahoo.com'), (2225, 'Sophia', 'Jewelle', 'sophiajewelle@agh.edu.pl'), (2226, 'Shannon', 'Ventre', 'shannonventre@agh.edu.pl'), (2227, 'Brear', 'Rivi', 'brearrivi@gmail.com'), (2228, 'Concettina', 'Siddra', 'concettinasiddra@gmail.com'), (2229, 'Michaeline', 'Cott', 'michaelinecott@agh.edu.pl'), (2230, 'Lorinda', 'Leavitt', 'lorindaleavitt@gmail.com'), (2231, 'Gracie', 'Thaine', 'graciethaine@yahoo.com'), (2232, 'Aarika', 'Alistair', 'aarikaalistair@yahoo.com'), (2233, 'Shellie', 'Adrial', 'shellieadrial@yahoo.com'), (2234, 'Rosaline', 'Norm', 'rosalinenorm@gmail.com'), (2235, 'Genevieve', 'Hilleary', 'genevievehilleary@agh.edu.pl'), (2236, 'Lexis', 'Evars', 'lexisevars@yahoo.com'), (2237, 'Gusta', 'Peltz', 'gustapeltz@agh.edu.pl'), (2238, 'Charita', 'Wellington', 'charitawellington@yahoo.com'), (2239, 'Galina', 'Prue', 'galinaprue@gmail.com'), (2240, 'Britney', 'Roswald', 'britneyroswald@gmail.com'), (2241, 'Dion', 'Selby', 'dionselby@gmail.com'), (2242, 'Mona', 'Tania', 'monatania@gmail.com'), (2243, 'Fanchette', 'Stagg', 'fanchettestagg@agh.edu.pl'), (2244, 'Rita', 'Reinhold', 'ritareinhold@yahoo.com'), (2245, 'Elsbeth', 'Bonilla', 'elsbethbonilla@agh.edu.pl'), (2246, 'Rosalie', 'Hedvig', 'rosaliehedvig@yahoo.com'), (2247, 'Jemimah', 'Zorina', 'jemimahzorina@gmail.com'), (2248, 'Elane', 'Elfstan', 'elaneelfstan@agh.edu.pl'), (2249, 'Chanda', 'Janelle', 'chandajanelle@gmail.com'), (2250, 'Lela', 'Sweeney', 'lelasweeney@gmail.com'), (2251, 'Ruthie', 'Michaud', 'ruthiemichaud@agh.edu.pl'), (2252, 'Justine', 'Norry', 'justinenorry@yahoo.com'), (2253, 'Lynnea', 'Yup', 'lynneayup@gmail.com'), (2254, 'Marthe', 'Jerol', 'marthejerol@agh.edu.pl'), (2255, 'Alfy', 'Teddy', 'alfyteddy@yahoo.com'), (2256, 'Lenore', 'Donielle', 'lenoredonielle@gmail.com'), (2257, 'Junie', 'Amie', 'junieamie@agh.edu.pl'), (2258, 'Giovanna', 'Opportina', 'giovannaopportina@gmail.com'), (2259, 'Imogen', 'Petie', 'imogenpetie@gmail.com'), (2260, 'Blair', 'Hunfredo', 'blairhunfredo@yahoo.com'), (2261, 'Torrie', 'Conlee', 'torrieconlee@gmail.com'), (2262, 'Margaretha', 'Marentic', 'margarethamarentic@agh.edu.pl'), (2263, 'Giulia', 'Rafaela', 'giuliarafaela@gmail.com'), (2264, 'Eveleen', 'Dov', 'eveleendov@gmail.com'), (2265, 'Danella', 'Fronniah', 'danellafronniah@gmail.com'), (2266, 'Gweneth', 'Chaworth', 'gwenethchaworth@agh.edu.pl'), (2267, 'Katti', 'Boylan', 'kattiboylan@yahoo.com'), (2268, 'Margarette', 'Merrel', 'margarettemerrel@agh.edu.pl'), (2269, 'Fara', 'Anjela', 'faraanjela@yahoo.com'), (2270, 'Jazmin', 'Audwen', 'jazminaudwen@gmail.com'), (2271, 'Caron', 'Joeann', 'caronjoeann@yahoo.com'), (2272, 'Kali', 'Claybourne', 'kaliclaybourne@yahoo.com'), (2273, 'Loni', 'Sabino', 'lonisabino@agh.edu.pl'), (2274, 'Mirilla', 'Denice', 'mirilladenice@gmail.com'), (2275, 'Anya', 'Dimond', 'anyadimond@gmail.com'), (2276, 'Hanni', 'Markman', 'hannimarkman@yahoo.com'), (2277, 'Natassia', 'Jonati', 'natassiajonati@yahoo.com'), (2278, 'Ema', 'Cole', 'emacole@gmail.com'), (2279, 'Robinia', 'Nielsen', 'robinianielsen@agh.edu.pl'), (2280, 'Tori', 'Ready', 'toriready@gmail.com'), (2281, 'Lucilia', 'Rudelson', 'luciliarudelson@gmail.com'), (2282, 'Eula', 'Kathlin', 'eulakathlin@yahoo.com'), (2283, 'Paloma', 'Thaxter', 'palomathaxter@agh.edu.pl'), (2284, 'Kaja', 'Papageno', 'kajapapageno@gmail.com'), (2285, 'Angelle', 'Artemus', 'angelleartemus@agh.edu.pl'), (2286, 'Pennie', 'Hyacintha', 'penniehyacintha@yahoo.com'), (2287, 'Nessy', 'Donielle', 'nessydonielle@yahoo.com'), (2288, 'Ainslie', 'Leacock', 'ainslieleacock@yahoo.com'), (2289, 'Haley', 'Colier', 'haleycolier@gmail.com'), (2290, 'Marnie', 'Edson', 'marnieedson@agh.edu.pl'), (2291, 'Maureene', 'Tipton', 'maureenetipton@gmail.com'), (2292, 'Ninetta', 'Orsa', 'ninettaorsa@agh.edu.pl'), (2293, 'Trixie', 'Rosenkranz', 'trixierosenkranz@gmail.com'), (2294, 'Cissy', 'Joya', 'cissyjoya@yahoo.com'), (2295, 'Rosana', 'Connolly', 'rosanaconnolly@agh.edu.pl'), (2296, 'Merrielle', 'Daisey', 'merrielledaisey@gmail.com'), (2297, 'Modestia', 'Sylvia', 'modestiasylvia@yahoo.com'), (2298, 'Korney', 'Sela', 'korneysela@yahoo.com'), (2299, 'Gizela', 'Armington', 'gizelaarmington@gmail.com'), (2300, 'Ladonna', 'Safire', 'ladonnasafire@agh.edu.pl'), (2301, 'Terrijo', 'Millie', 'terrijomillie@gmail.com'), (2302, 'Nan', 'Ingrim', 'naningrim@gmail.com'), (2303, 'Lavinia', 'Vera', 'laviniavera@agh.edu.pl'), (2304, 'Bert', 'Chura', 'bertchura@yahoo.com'), (2305, 'Deena', 'Akin', 'deenaakin@agh.edu.pl'), (2306, 'Stella', 'Bolger', 'stellabolger@gmail.com'), (2307, 'Tildy', 'Wrand', 'tildywrand@gmail.com'), (2308, 'Bridget', 'Acacia', 'bridgetacacia@gmail.com'), (2309, 'Darsie', 'Lole', 'darsielole@gmail.com'), (2310, 'Bobbi', 'Amos', 'bobbiamos@yahoo.com'), (2311, 'Michelle', 'Vaughan', 'michellevaughan@agh.edu.pl'), (2312, 'Raven', 'Schoening', 'ravenschoening@gmail.com'), (2313, 'Miriam', 'Leeth', 'miriamleeth@yahoo.com'), (2314, 'Rosie', 'Birgitta', 'rosiebirgitta@yahoo.com'), (2315, 'Flo', 'Jacynth', 'flojacynth@gmail.com'), (2316, 'Darline', 'Oshinski', 'darlineoshinski@agh.edu.pl'), (2317, 'Luella', 'McTyre', 'luellamctyre@gmail.com'), (2318, 'Marlene', 'Lyndel', 'marlenelyndel@gmail.com'), (2319, 'Gianina', 'Reider', 'gianinareider@gmail.com'), (2320, 'Ardra', 'McCully', 'ardramccully@gmail.com'), (2321, 'Dorise', 'Bruner', 'dorisebruner@gmail.com'), (2322, 'Danyelle', 'Washko', 'danyellewashko@agh.edu.pl'), (2323, 'Josephina', 'Fazeli', 'josephinafazeli@gmail.com'), (2324, 'Gabbi', 'Ermine', 'gabbiermine@agh.edu.pl'), (2325, 'Adrianne', 'Allan', 'adrianneallan@agh.edu.pl'), (2326, 'Lari', 'Mercorr', 'larimercorr@yahoo.com'), (2327, 'Geralda', 'Weinman', 'geraldaweinman@yahoo.com'), (2328, 'Kellsie', 'Bergmans', 'kellsiebergmans@gmail.com'), (2329, 'Bernete', 'Ossy', 'berneteossy@agh.edu.pl'), (2330, 'Charlene', 'Sholeen', 'charlenesholeen@yahoo.com'), (2331, 'Gayel', 'Holzman', 'gayelholzman@yahoo.com'), (2332, 'Samaria', 'Carmencita', 'samariacarmencita@gmail.com'), (2333, 'Susan', 'Mandi', 'susanmandi@gmail.com'), (2334, 'Ardys', 'Nagey', 'ardysnagey@yahoo.com'), (2335, 'Elfrieda', 'Amoritta', 'elfriedaamoritta@agh.edu.pl'), (2336, 'Cosetta', 'Charyl', 'cosettacharyl@yahoo.com'), (2337, 'Gill', 'Casimire', 'gillcasimire@yahoo.com'), (2338, 'Lora', 'Jarrad', 'lorajarrad@agh.edu.pl'), (2339, 'Judith', 'Sydney', 'judithsydney@agh.edu.pl'), (2340, 'Ellen', 'Thane', 'ellenthane@yahoo.com'), (2341, 'Jaynell', 'Frants', 'jaynellfrants@gmail.com'), (2342, 'Ellynn', 'Bethena', 'ellynnbethena@gmail.com'), (2343, 'Nicholle', 'Dott', 'nicholledott@yahoo.com'), (2344, 'Livvie', 'Dhiman', 'livviedhiman@yahoo.com'), (2345, 'Tanya', 'Soule', 'tanyasoule@agh.edu.pl'), (2346, 'Ericha', 'Olson', 'erichaolson@yahoo.com'), (2347, 'Staci', 'Cumine', 'stacicumine@gmail.com'), (2348, 'Kaye', 'Bronnie', 'kayebronnie@gmail.com'), (2349, 'Rhianon', 'Violet', 'rhianonviolet@agh.edu.pl'), (2350, 'Ernaline', 'Nannie', 'ernalinenannie@gmail.com'), (2351, 'Ariel', 'Goren', 'arielgoren@gmail.com'), (2352, 'Tildi', 'Landis', 'tildilandis@gmail.com'), (2353, 'Willetta', 'Katharyn', 'willettakatharyn@gmail.com'), (2354, 'Mareah', 'Varipapa', 'mareahvaripapa@gmail.com'), (2355, 'Shell', 'Dougald', 'shelldougald@gmail.com'), (2356, 'Walliw', 'Na', 'walliwna@gmail.com'), (2357, 'Louisette', 'Cornia', 'louisettecornia@gmail.com'), (2358, 'Guendolen', 'Woolcott', 'guendolenwoolcott@agh.edu.pl'), (2359, 'Amalita', 'Giavani', 'amalitagiavani@agh.edu.pl'), (2360, 'Hildegaard', 'Clarice', 'hildegaardclarice@gmail.com'), (2361, 'Viva', 'Ruddy', 'vivaruddy@gmail.com'), (2362, 'Kirsti', 'Jacquenetta', 'kirstijacquenetta@gmail.com'), (2363, 'Shaylyn', 'Rorrys', 'shaylynrorrys@yahoo.com'), (2364, 'Dorelle', 'Selena', 'dorelleselena@agh.edu.pl'), (2365, 'Goldy', 'Dielle', 'goldydielle@yahoo.com'), (2366, 'Gillan', 'Fante', 'gillanfante@gmail.com'), (2367, 'Renie', 'Ethelbert', 'renieethelbert@agh.edu.pl'), (2368, 'Coreen', 'Phi', 'coreenphi@gmail.com'), (2369, 'Hyacintha', 'Shuman', 'hyacinthashuman@yahoo.com'), (2370, 'Bobbie', 'Krystal', 'bobbiekrystal@gmail.com'), (2371, 'Hertha', 'Dann', 'herthadann@gmail.com'), (2372, 'Kayle', 'Jenesia', 'kaylejenesia@yahoo.com'), (2373, 'Tine', 'Devi', 'tinedevi@gmail.com'), (2374, 'Belva', 'Arnst', 'belvaarnst@gmail.com'), (2375, 'Ermentrude', 'Saraann', 'ermentrudesaraann@agh.edu.pl'), (2376, 'Doroteya', 'Breana', 'doroteyabreana@yahoo.com'), (2377, 'Vivyan', 'Lichtenfeld', 'vivyanlichtenfeld@gmail.com'), (2378, 'Nanci', 'Linell', 'nancilinell@yahoo.com'), (2379, 'Tory', 'Schechter', 'toryschechter@gmail.com'), (2380, 'Lilllie', 'Hastings', 'lillliehastings@gmail.com'), (2381, 'Judye', 'Stoffel', 'judyestoffel@yahoo.com'), (2382, 'Jeralee', 'Sinclair', 'jeraleesinclair@yahoo.com'), (2383, 'Netta', 'Sofko', 'nettasofko@yahoo.com'), (2384, 'Hyacinthia', 'Honniball', 'hyacinthiahonniball@agh.edu.pl'), (2385, 'Norah', 'Monahan', 'norahmonahan@yahoo.com'), (2386, 'Myrilla', 'Saundra', 'myrillasaundra@agh.edu.pl'), (2387, 'Ree', 'Emilio', 'reeemilio@yahoo.com'), (2388, 'Margret', 'Amin', 'margretamin@yahoo.com'), (2389, 'Bellanca', 'Urial', 'bellancaurial@agh.edu.pl'), (2390, 'Elisabetta', 'Faun', 'elisabettafaun@yahoo.com'), (2391, 'Aloysia', 'Suzanna', 'aloysiasuzanna@yahoo.com'), (2392, 'Cherilyn', 'Drugge', 'cherilyndrugge@gmail.com'), (2393, 'Kaylee', 'Fabria', 'kayleefabria@yahoo.com'), (2394, 'Guinna', 'Cohlier', 'guinnacohlier@yahoo.com'), (2395, 'Clareta', 'Amsden', 'claretaamsden@agh.edu.pl'), (2396, 'Kala', 'Sibilla', 'kalasibilla@agh.edu.pl'), (2397, 'Clio', 'Wat', 'cliowat@gmail.com'), (2398, 'Channa', 'Estella', 'channaestella@yahoo.com'), (2399, 'Isabelita', 'Combes', 'isabelitacombes@yahoo.com'), (2400, 'Charmine', 'Huff', 'charminehuff@agh.edu.pl'), (2401, 'Kellina', 'Fuhrman', 'kellinafuhrman@gmail.com'), (2402, 'Lexi', 'Othe', 'lexiothe@yahoo.com'), (2403, 'Leeann', 'Northey', 'leeannnorthey@yahoo.com'), (2404, 'Ashli', 'Ruthven', 'ashliruthven@agh.edu.pl'), (2405, 'Nonie', 'Marnie', 'noniemarnie@gmail.com'), (2406, 'Bambi', 'Consuelo', 'bambiconsuelo@agh.edu.pl'), (2407, 'Farah', 'Merissa', 'farahmerissa@yahoo.com'), (2408, 'Sarette', 'Cha', 'sarettecha@agh.edu.pl'), (2409, 'Rania', 'Sverre', 'raniasverre@gmail.com'), (2410, 'Demeter', 'Burta', 'demeterburta@agh.edu.pl'), (2411, 'Matti', 'Haase', 'mattihaase@gmail.com'), (2412, 'Mellicent', 'Raffo', 'mellicentraffo@agh.edu.pl'), (2413, 'Andria', 'Eudo', 'andriaeudo@agh.edu.pl'), (2414, 'Melly', 'Treacy', 'mellytreacy@agh.edu.pl'), (2415, 'Karina', 'Doss', 'karinadoss@gmail.com'), (2416, 'Selia', 'Leeth', 'selialeeth@gmail.com'), (2417, 'Robenia', 'Willdon', 'robeniawilldon@yahoo.com'), (2418, 'Christabella', 'Salamone', 'christabellasalamone@gmail.com'), (2419, 'Nadia', 'Serg', 'nadiaserg@agh.edu.pl'), (2420, 'Myrta', 'Calli', 'myrtacalli@gmail.com'), (2421, 'Riki', 'Zumstein', 'rikizumstein@agh.edu.pl'), (2422, 'Daile', 'Klara', 'daileklara@agh.edu.pl'), (2423, 'Beulah', 'Pyne', 'beulahpyne@gmail.com'), (2424, 'Shelba', 'Diantha', 'shelbadiantha@yahoo.com'), (2425, 'Janey', 'McGruter', 'janeymcgruter@gmail.com'), (2426, 'Livy', 'Prue', 'livyprue@gmail.com'), (2427, 'Aprilette', 'Natalia', 'aprilettenatalia@yahoo.com'), (2428, 'Else', 'Marabelle', 'elsemarabelle@yahoo.com'), (2429, 'Ariela', 'Grand', 'arielagrand@agh.edu.pl'), (2430, 'Sharleen', 'Nason', 'sharleennason@gmail.com'), (2431, 'Donny', 'Lenz', 'donnylenz@gmail.com'), (2432, 'Ronnica', 'Atalee', 'ronnicaatalee@yahoo.com'), (2433, 'Gerladina', 'Desireah', 'gerladinadesireah@yahoo.com'), (2434, 'Miguela', 'Augustin', 'miguelaaugustin@agh.edu.pl'), (2435, 'Stella', 'Labanna', 'stellalabanna@gmail.com'), (2436, 'Helge', 'Ingeborg', 'helgeingeborg@agh.edu.pl'), (2437, 'Andrea', 'Alessandra', 'andreaalessandra@gmail.com'), (2438, 'Rikki', 'Davon', 'rikkidavon@gmail.com'), (2439, 'Christina', 'Vernon', 'christinavernon@agh.edu.pl'), (2440, 'Randie', 'Maye', 'randiemaye@agh.edu.pl'), (2441, 'Tabby', 'Konrad', 'tabbykonrad@yahoo.com'), (2442, 'Dolli', 'Orlanta', 'dolliorlanta@yahoo.com'), (2443, 'Drusy', 'France', 'drusyfrance@agh.edu.pl'), (2444, 'Glori', 'Hogarth', 'glorihogarth@agh.edu.pl'), (2445, 'Marley', 'Groark', 'marleygroark@yahoo.com'), (2446, 'Susannah', 'Hendricks', 'susannahhendricks@agh.edu.pl'), (2447, 'Corie', 'Fugate', 'coriefugate@yahoo.com'), (2448, 'Valentine', 'Church', 'valentinechurch@yahoo.com'), (2449, 'Ashly', 'Yank', 'ashlyyank@agh.edu.pl'), (2450, 'Sunshine', 'Tut', 'sunshinetut@yahoo.com'), (2451, 'Pauly', 'Audsley', 'paulyaudsley@agh.edu.pl'), (2452, 'Inge', 'Paver', 'ingepaver@gmail.com'), (2453, 'Aubrey', 'Salvadore', 'aubreysalvadore@gmail.com'), (2454, 'Fae', 'Stafford', 'faestafford@agh.edu.pl'), (2455, 'Stacia', 'Dasteel', 'staciadasteel@yahoo.com'), (2456, 'Cate', 'Marden', 'catemarden@yahoo.com'), (2457, 'Robbie', 'Nasia', 'robbienasia@agh.edu.pl'), (2458, 'Jasmin', 'Kaile', 'jasminkaile@agh.edu.pl'), (2459, 'Elle', 'Blankenship', 'elleblankenship@agh.edu.pl'), (2460, 'Madeline', 'Ian', 'madelineian@gmail.com'), (2461, 'Astrid', 'Alma', 'astridalma@agh.edu.pl'), (2462, 'Anallese', 'Burget', 'analleseburget@gmail.com'), (2463, 'Waneta', 'Gleason', 'wanetagleason@yahoo.com'), (2464, 'Kally', 'Saberio', 'kallysaberio@agh.edu.pl'), (2465, 'Tessi', 'Ophelie', 'tessiophelie@gmail.com'), (2466, 'Elbertine', 'Fransen', 'elbertinefransen@yahoo.com'), (2467, 'Gwendolin', 'Pownall', 'gwendolinpownall@yahoo.com'), (2468, 'Angel', 'Adelina', 'angeladelina@yahoo.com'), (2469, 'Auberta', 'Borlase', 'aubertaborlase@yahoo.com'), (2470, 'Bobina', 'Sloatman', 'bobinasloatman@agh.edu.pl'), (2471, 'Nell', 'Straub', 'nellstraub@yahoo.com'), (2472, 'Gaby', 'Cran', 'gabycran@yahoo.com'), (2473, 'Nannie', 'Amelia', 'nannieamelia@gmail.com'), (2474, 'Ginelle', 'Hegyera', 'ginellehegyera@gmail.com'), (2475, 'Amy', 'Clippard', 'amyclippard@yahoo.com'), (2476, 'Valeria', 'Barrie', 'valeriabarrie@gmail.com'), (2477, 'Tiffany', 'Hinze', 'tiffanyhinze@yahoo.com'), (2478, 'Aurora', 'Shuman', 'aurorashuman@agh.edu.pl'), (2479, 'Elana', 'Kiersten', 'elanakiersten@agh.edu.pl'), (2480, 'Ajay', 'Tindall', 'ajaytindall@agh.edu.pl'), (2481, 'Brittaney', 'Grannia', 'brittaneygrannia@yahoo.com'), (2482, 'Gabriel', 'Chatterjee', 'gabrielchatterjee@gmail.com'), (2483, 'Meris', 'Allista', 'merisallista@yahoo.com'), (2484, 'Heddie', 'Gavrah', 'heddiegavrah@yahoo.com'), (2485, 'Kathi', 'Leyla', 'kathileyla@yahoo.com'), (2486, 'Amara', 'Naima', 'amaranaima@agh.edu.pl'), (2487, 'Eveline', 'Corso', 'evelinecorso@gmail.com'), (2488, 'Cheryl', 'Sandy', 'cherylsandy@agh.edu.pl'), (2489, 'Carla', 'Joseito', 'carlajoseito@yahoo.com'), (2490, 'Daryl', 'Sturdivant', 'darylsturdivant@yahoo.com'), (2491, 'Trenna', 'Ezana', 'trennaezana@yahoo.com'), (2492, 'Elonore', 'Broadbent', 'elonorebroadbent@gmail.com'), (2493, 'Karita', 'Allys', 'karitaallys@agh.edu.pl'), (2494, 'Dyane', 'Sosna', 'dyanesosna@agh.edu.pl'), (2495, 'Bernetta', 'Torrence', 'bernettatorrence@yahoo.com'), (2496, 'Hertha', 'Trimmer', 'herthatrimmer@gmail.com'), (2497, 'Beverlie', 'Janela', 'beverliejanela@gmail.com'), (2498, 'Tandi', 'Askwith', 'tandiaskwith@gmail.com'), (2499, 'Anne-Marie', 'Loeb', 'anne-marieloeb@agh.edu.pl'), (2500, 'Cecilia', 'Gerry', 'ceciliagerry@yahoo.com'), (2501, 'Erna', 'Corinne', 'ernacorinne@gmail.com'), (2502, 'Melisande', 'Kylander', 'melisandekylander@agh.edu.pl'), (2503, 'Reeba', 'Victoir', 'reebavictoir@yahoo.com'), (2504, 'Mira', 'Glasgo', 'miraglasgo@yahoo.com'), (2505, 'Ira', 'Valaree', 'iravalaree@yahoo.com'), (2506, 'Tatiana', 'Kape', 'tatianakape@yahoo.com'), (2507, 'Brigitte', 'Barth', 'brigittebarth@agh.edu.pl'), (2508, 'Joelly', 'Astrid', 'joellyastrid@gmail.com'), (2509, 'Lucina', 'Corso', 'lucinacorso@gmail.com'), (2510, 'Leia', 'Redmer', 'leiaredmer@yahoo.com'), (2511, 'Carrissa', 'Marianna', 'carrissamarianna@agh.edu.pl'), (2512, 'Janet', 'Killam', 'janetkillam@agh.edu.pl'), (2513, 'Jobina', 'Hola', 'jobinahola@agh.edu.pl'), (2514, 'Saraann', 'Endor', 'saraannendor@gmail.com'), (2515, 'Faustine', 'Gannon', 'faustinegannon@agh.edu.pl'), (2516, 'Edwina', 'Berliner', 'edwinaberliner@agh.edu.pl'), (2517, 'Sara-Ann', 'Gruver', 'sara-anngruver@agh.edu.pl'), (2518, 'Anetta', 'Dael', 'anettadael@agh.edu.pl'), (2519, 'Rivi', 'Zane', 'rivizane@gmail.com'), (2520, 'Valerye', 'Mayworm', 'valeryemayworm@gmail.com'), (2521, 'Paulina', 'Beniamino', 'paulinabeniamino@agh.edu.pl'), (2522, 'Agnella', 'Jehius', 'agnellajehius@agh.edu.pl'), (2523, 'Edee', 'Gilliette', 'edeegilliette@gmail.com'), (2524, 'Danyelle', 'Brigitta', 'danyellebrigitta@agh.edu.pl'), (2525, 'Fionnula', 'Py', 'fionnulapy@agh.edu.pl'), (2526, 'Maye', 'Delphinia', 'mayedelphinia@yahoo.com'), (2527, 'Bendite', 'Karyn', 'benditekaryn@yahoo.com'), (2528, 'Shaine', 'Niall', 'shaineniall@yahoo.com'), (2529, 'Afton', 'Sill', 'aftonsill@agh.edu.pl'), (2530, 'Simone', 'Rodolfo', 'simonerodolfo@yahoo.com'), (2531, 'Nevsa', 'Vivienne', 'nevsavivienne@yahoo.com'), (2532, 'Georgena', 'Randi', 'georgenarandi@gmail.com'), (2533, 'Vinita', 'Gisela', 'vinitagisela@agh.edu.pl'), (2534, 'Cacilie', 'Dichy', 'caciliedichy@gmail.com'), (2535, 'Marjy', 'Marella', 'marjymarella@yahoo.com'), (2536, 'Bertine', 'Sergo', 'bertinesergo@yahoo.com'), (2537, 'Elsi', 'Jen', 'elsijen@yahoo.com'), (2538, 'Leontyne', 'Johanan', 'leontynejohanan@yahoo.com'), (2539, 'Glen', 'Larrabee', 'glenlarrabee@agh.edu.pl'), (2540, 'Tessy', 'Renelle', 'tessyrenelle@agh.edu.pl'), (2541, 'Consuela', 'Tirrell', 'consuelatirrell@gmail.com'), (2542, 'Sabine', 'Linskey', 'sabinelinskey@agh.edu.pl'), (2543, 'Penelopa', 'Otti', 'penelopaotti@gmail.com'), (2544, 'Kathryne', 'Templer', 'kathrynetempler@yahoo.com'), (2545, 'Daryl', 'Kelcy', 'darylkelcy@gmail.com'), (2546, 'Bette', 'Hefter', 'bettehefter@yahoo.com'), (2547, 'Tabatha', 'Mic', 'tabathamic@agh.edu.pl'), (2548, 'Bonnee', 'Bo', 'bonneebo@gmail.com'), (2549, 'Charyl', 'Redwine', 'charylredwine@agh.edu.pl'), (2550, 'Penni', 'Ostap', 'penniostap@yahoo.com'), (2551, 'Marja', 'Millhon', 'marjamillhon@yahoo.com'), (2552, 'Keslie', 'Anniken', 'keslieanniken@gmail.com'), (2553, 'Marj', 'Rahm', 'marjrahm@gmail.com'), (2554, 'Kaia', 'Merilee', 'kaiamerilee@gmail.com'), (2555, 'Krissy', 'Barren', 'krissybarren@agh.edu.pl'), (2556, 'Diena', 'Francklyn', 'dienafrancklyn@agh.edu.pl'), (2557, 'Kimberlee', 'Shaun', 'kimberleeshaun@gmail.com'), (2558, 'Myrta', 'Aunson', 'myrtaaunson@yahoo.com'), (2559, 'Alli', 'Adelaida', 'alliadelaida@agh.edu.pl'), (2560, 'Belinda', 'Ruth', 'belindaruth@gmail.com'), (2561, 'Giorgia', 'Laney', 'giorgialaney@yahoo.com'), (2562, 'Kylynn', 'Stephania', 'kylynnstephania@yahoo.com'), (2563, 'Tessy', 'Jenne', 'tessyjenne@agh.edu.pl'), (2564, 'Zarla', 'Castorina', 'zarlacastorina@agh.edu.pl'), (2565, 'Mair', 'Swigart', 'mairswigart@yahoo.com'), (2566, 'Carleen', 'Frankhouse', 'carleenfrankhouse@yahoo.com'), (2567, 'Michele', 'Rodolph', 'michelerodolph@agh.edu.pl'), (2568, 'Karlen', 'Marcin', 'karlenmarcin@yahoo.com'), (2569, 'Ferdinanda', 'Kehoe', 'ferdinandakehoe@yahoo.com'), (2570, 'Edna', 'Rosamond', 'ednarosamond@gmail.com'), (2571, 'Pepita', 'Lietman', 'pepitalietman@yahoo.com'), (2572, 'Allina', 'Bathilda', 'allinabathilda@gmail.com'), (2573, 'Janessa', 'Elbart', 'janessaelbart@yahoo.com'), (2574, 'Janeczka', 'Carnay', 'janeczkacarnay@agh.edu.pl'), (2575, 'Kirstyn', 'Hannus', 'kirstynhannus@agh.edu.pl'), (2576, 'Joly', 'Narine', 'jolynarine@yahoo.com'), (2577, 'Lucilia', 'Palestine', 'luciliapalestine@yahoo.com'), (2578, 'Jacklyn', 'Pryce', 'jacklynpryce@yahoo.com'), (2579, 'Wendy', 'Rosabella', 'wendyrosabella@yahoo.com'), (2580, 'Gracie', 'Emlin', 'gracieemlin@yahoo.com'), (2581, 'Joete', 'Killen', 'joetekillen@gmail.com'), (2582, 'Faun', 'Sumner', 'faunsumner@yahoo.com'), (2583, 'Andree', 'Nomi', 'andreenomi@yahoo.com'), (2584, 'Maybelle', 'Parris', 'maybelleparris@yahoo.com'), (2585, 'Dita', 'Borek', 'ditaborek@agh.edu.pl'), (2586, 'Berthe', 'Goeselt', 'berthegoeselt@gmail.com'), (2587, 'Hilliary', 'Avi', 'hilliaryavi@yahoo.com'), (2588, 'Patrica', 'Rutherford', 'patricarutherford@agh.edu.pl'), (2589, 'Sarah', 'Tiffanie', 'sarahtiffanie@agh.edu.pl'), (2590, 'Krystalle', 'Juliana', 'krystallejuliana@agh.edu.pl'), (2591, 'Leann', 'Sapphira', 'leannsapphira@gmail.com'), (2592, 'Lizabeth', 'Tillie', 'lizabethtillie@gmail.com'), (2593, 'Valina', 'Rebekah', 'valinarebekah@yahoo.com'), (2594, 'Almire', 'Chin', 'almirechin@gmail.com'), (2595, 'Ines', 'Wenda', 'ineswenda@agh.edu.pl'), (2596, 'Laina', 'Denzil', 'lainadenzil@gmail.com'), (2597, 'Ida', 'Adelle', 'idaadelle@gmail.com'), (2598, 'Ardene', 'Currier', 'ardenecurrier@yahoo.com'), (2599, 'Emmalyn', 'Ann', 'emmalynann@gmail.com'), (2600, 'Tamera', 'Wheaton', 'tamerawheaton@agh.edu.pl'), (2601, 'Sibelle', 'Wiley', 'sibellewiley@agh.edu.pl'), (2602, 'Elissa', 'Crabb', 'elissacrabb@yahoo.com'), (2603, 'Kylila', 'Babette', 'kylilababette@gmail.com'), (2604, 'Amii', 'Dumond', 'amiidumond@yahoo.com'), (2605, 'Ferne', 'Teryl', 'ferneteryl@gmail.com'), (2606, 'Desiri', 'Matti', 'desirimatti@yahoo.com'), (2607, 'Willie', 'Dorena', 'williedorena@gmail.com'), (2608, 'Sallee', 'Panthia', 'salleepanthia@agh.edu.pl'), (2609, 'Maure', 'Remsen', 'maureremsen@gmail.com'), (2610, 'Doralia', 'Nessa', 'doralianessa@gmail.com'), (2611, 'Nonnah', 'Ashmead', 'nonnahashmead@yahoo.com'), (2612, 'Hilary', 'Barnum', 'hilarybarnum@yahoo.com'), (2613, 'Pammy', 'Jacqueline', 'pammyjacqueline@gmail.com'), (2614, 'Belia', 'Arnst', 'beliaarnst@gmail.com'), (2615, 'Brietta', 'Shargel', 'briettashargel@agh.edu.pl'), (2616, 'Cinnamon', 'Wurtz', 'cinnamonwurtz@gmail.com'), (2617, 'Glenn', 'Meyer', 'glennmeyer@yahoo.com'), (2618, 'Olimpia', 'Woodson', 'olimpiawoodson@agh.edu.pl'), (2619, 'Bernita', 'Ware', 'bernitaware@agh.edu.pl'), (2620, 'Charlotta', 'Cappella', 'charlottacappella@yahoo.com'), (2621, 'Adelice', 'Inna', 'adeliceinna@agh.edu.pl'), (2622, 'Constantine', 'Stevie', 'constantinestevie@gmail.com'), (2623, 'Corene', 'Marla', 'corenemarla@yahoo.com'), (2624, 'Dorotea', 'Rumpf', 'dorotearumpf@yahoo.com'), (2625, 'Karissa', 'Stanfill', 'karissastanfill@agh.edu.pl'), (2626, 'Nichole', 'Elsa', 'nicholeelsa@gmail.com'), (2627, 'Corly', 'Avram', 'corlyavram@yahoo.com'), (2628, 'Leigh', 'Arlon', 'leigharlon@yahoo.com'), (2629, 'Gilberte', 'Desiree', 'gilbertedesiree@gmail.com'), (2630, 'Binni', 'Phiona', 'binniphiona@agh.edu.pl'), (2631, 'Carin', 'Maya', 'carinmaya@agh.edu.pl'), (2632, 'Pearla', 'Koenig', 'pearlakoenig@yahoo.com'), (2633, 'Maryanne', 'Pierpont', 'maryannepierpont@gmail.com'), (2634, 'Elyn', 'Hamforrd', 'elynhamforrd@yahoo.com'), (2635, 'Carolan', 'Ty', 'carolanty@yahoo.com'), (2636, 'Charissa', 'Boyden', 'charissaboyden@gmail.com'), (2637, 'Lilly', 'Muscolo', 'lillymuscolo@agh.edu.pl'), (2638, 'Glen', 'Broucek', 'glenbroucek@yahoo.com'), (2639, 'Windy', 'Grider', 'windygrider@gmail.com'), (2640, 'Mona', 'Edgardo', 'monaedgardo@gmail.com'), (2641, 'Di', 'Parthinia', 'diparthinia@gmail.com'), (2642, 'Ruthanne', 'Hagai', 'ruthannehagai@yahoo.com'), (2643, 'Nanette', 'Markos', 'nanettemarkos@agh.edu.pl'), (2644, 'Maribeth', 'Senecal', 'maribethsenecal@yahoo.com'), (2645, 'Mareah', 'Longerich', 'mareahlongerich@yahoo.com'), (2646, 'Diena', 'Koller', 'dienakoller@gmail.com'), (2647, 'Merrily', 'Harms', 'merrilyharms@agh.edu.pl'), (2648, 'Novelia', 'Israeli', 'noveliaisraeli@yahoo.com'), (2649, 'Constance', 'Ellord', 'constanceellord@yahoo.com'), (2650, 'Arlyne', 'London', 'arlynelondon@agh.edu.pl'), (2651, 'Evelyn', 'Lorens', 'evelynlorens@gmail.com'), (2652, 'Gisella', 'Kenwrick', 'gisellakenwrick@yahoo.com'), (2653, 'Elsinore', 'Placeeda', 'elsinoreplaceeda@gmail.com'), (2654, 'Karilynn', 'Hendrik', 'karilynnhendrik@agh.edu.pl'), (2655, 'Janene', 'Varini', 'janenevarini@gmail.com'), (2656, 'Constantine', 'Aland', 'constantinealand@gmail.com'), (2657, 'Tawnya', 'Philipson', 'tawnyaphilipson@yahoo.com'), (2658, 'Roxana', 'Obara', 'roxanaobara@agh.edu.pl'), (2659, 'Dinny', 'Rocky', 'dinnyrocky@gmail.com'), (2660, 'Theodora', 'Feinstein', 'theodorafeinstein@gmail.com'), (2661, 'Hermia', 'Nerty', 'hermianerty@agh.edu.pl'), (2662, 'Josephine', 'Landy', 'josephinelandy@yahoo.com'), (2663, 'Asia', 'Vite', 'asiavite@gmail.com'), (2664, 'Dora', 'Mahau', 'doramahau@gmail.com'), (2665, 'Brooke', 'Erv', 'brookeerv@agh.edu.pl'), (2666, 'Jillian', 'Ronnica', 'jillianronnica@yahoo.com'), (2667, 'Iona', 'Devora', 'ionadevora@gmail.com'), (2668, 'Margeaux', 'Vinni', 'margeauxvinni@gmail.com'), (2669, 'Arlyn', 'Ruby', 'arlynruby@yahoo.com'), (2670, 'Barbie', 'Samau', 'barbiesamau@agh.edu.pl'), (2671, 'Ailsun', 'Lefkowitz', 'ailsunlefkowitz@gmail.com'), (2672, 'Gloria', 'Durrett', 'gloriadurrett@agh.edu.pl'), (2673, 'Martita', 'Mukul', 'martitamukul@gmail.com'), (2674, 'Lelah', 'Lacey', 'lelahlacey@gmail.com'), (2675, 'Bernette', 'Silber', 'bernettesilber@agh.edu.pl'), (2676, 'Tresa', 'Sileas', 'tresasileas@gmail.com'), (2677, 'Dodi', 'Lettie', 'dodilettie@gmail.com'), (2678, 'Adoree', 'Astrid', 'adoreeastrid@yahoo.com'), (2679, 'Jacquenetta', 'Lilly', 'jacquenettalilly@yahoo.com'), (2680, 'Mari', 'Magulac', 'marimagulac@gmail.com'), (2681, 'Lucinda', 'Brucie', 'lucindabrucie@agh.edu.pl'), (2682, 'Correy', 'Gunn', 'correygunn@gmail.com'), (2683, 'Andy', 'Belda', 'andybelda@gmail.com'), (2684, 'Kamillah', 'Reel', 'kamillahreel@yahoo.com'), (2685, 'Beverley', 'Francie', 'beverleyfrancie@gmail.com'), (2686, 'Valentine', 'Sayed', 'valentinesayed@gmail.com'), (2687, 'Juline', 'Joleen', 'julinejoleen@gmail.com'), (2688, 'Shirleen', 'Orsini', 'shirleenorsini@agh.edu.pl'), (2689, 'Natalya', 'Koa', 'natalyakoa@gmail.com'), (2690, 'Hedda', 'Bret', 'heddabret@gmail.com'), (2691, 'Annadiane', 'Kisor', 'annadianekisor@gmail.com'), (2692, 'Nicki', 'Correna', 'nickicorrena@yahoo.com'), (2693, 'Berta', 'Coral', 'bertacoral@gmail.com'), (2694, 'Willie', 'Laureen', 'willielaureen@gmail.com'), (2695, 'Daron', 'Erina', 'daronerina@agh.edu.pl'), (2696, 'Jeri', 'Fennessy', 'jerifennessy@agh.edu.pl'), (2697, 'Yvette', 'Yate', 'yvetteyate@agh.edu.pl'), (2698, 'Brandy', 'Gorges', 'brandygorges@yahoo.com'), (2699, 'Kaylil', 'Etam', 'kayliletam@agh.edu.pl'), (2700, 'Guenna', 'McQuade', 'guennamcquade@yahoo.com')
insert into dbo.registered (registered_id, first_name, last_name, email_address) values (2701, 'Rahal', 'McCord', 'rahalmccord@agh.edu.pl'), (2702, 'Dee Dee', 'Eula', 'deedeeeula@gmail.com'), (2703, 'Dolorita', 'Dannon', 'doloritadannon@yahoo.com'), (2704, 'Adah', 'Tobit', 'adahtobit@agh.edu.pl'), (2705, 'Rahel', 'Bogie', 'rahelbogie@gmail.com'), (2706, 'Gillan', 'Ingham', 'gillaningham@yahoo.com'), (2707, 'Harriette', 'Mansoor', 'harriettemansoor@yahoo.com'), (2708, 'Beatrix', 'Childers', 'beatrixchilders@yahoo.com'), (2709, 'Giulia', 'Hung', 'giuliahung@gmail.com'), (2710, 'Aggi', 'Lizabeth', 'aggilizabeth@gmail.com'), (2711, 'Ginelle', 'Marola', 'ginellemarola@yahoo.com'), (2712, 'Dyanne', 'Shanon', 'dyanneshanon@agh.edu.pl'), (2713, 'Alica', 'Joon', 'alicajoon@yahoo.com'), (2714, 'Sabine', 'Gladi', 'sabinegladi@yahoo.com'), (2715, 'Danni', 'Trella', 'dannitrella@yahoo.com'), (2716, 'Clerissa', 'Schaeffer', 'clerissaschaeffer@gmail.com'), (2717, 'Wendeline', 'Azriel', 'wendelineazriel@agh.edu.pl'), (2718, 'Edin', 'Meg', 'edinmeg@yahoo.com'), (2719, 'Winifred', 'Jennifer', 'winifredjennifer@yahoo.com'), (2720, 'Lynnet', 'Gluck', 'lynnetgluck@yahoo.com'), (2721, 'Bibbye', 'Alice', 'bibbyealice@yahoo.com'), (2722, 'Latia', 'Quintina', 'latiaquintina@agh.edu.pl'), (2723, 'Lucie', 'Ethelin', 'lucieethelin@yahoo.com'), (2724, 'Merrilee', 'Lisbeth', 'merrileelisbeth@yahoo.com'), (2725, 'Asia', 'Mascia', 'asiamascia@agh.edu.pl'), (2726, 'Karrah', 'Adaha', 'karrahadaha@gmail.com'), (2727, 'Cyndi', 'Arnulfo', 'cyndiarnulfo@gmail.com'), (2728, 'Kirbee', 'Chelsie', 'kirbeechelsie@gmail.com'), (2729, 'Ailis', 'Doe', 'ailisdoe@agh.edu.pl'), (2730, 'Glenine', 'Kaden', 'gleninekaden@agh.edu.pl'), (2731, 'Kaleena', 'Nari', 'kaleenanari@agh.edu.pl'), (2732, 'Almira', 'Sachiko', 'almirasachiko@gmail.com'), (2733, 'Brinn', 'Shere', 'brinnshere@yahoo.com'), (2734, 'Melamie', 'Marillin', 'melamiemarillin@gmail.com'), (2735, 'Guillema', 'Pelag', 'guillemapelag@gmail.com'), (2736, 'Adrian', 'Schmitt', 'adrianschmitt@yahoo.com'), (2737, 'Sidonia', 'Abdul', 'sidoniaabdul@yahoo.com'), (2738, 'Georgena', 'Reinwald', 'georgenareinwald@agh.edu.pl'), (2739, 'Pammie', 'Frulla', 'pammiefrulla@agh.edu.pl'), (2740, 'Pearle', 'Betteann', 'pearlebetteann@yahoo.com'), (2741, 'Dido', 'Marline', 'didomarline@agh.edu.pl'), (2742, 'Selia', 'Pressman', 'seliapressman@agh.edu.pl'), (2743, 'Trudy', 'Lusty', 'trudylusty@gmail.com'), (2744, 'Tallou', 'Reagan', 'talloureagan@yahoo.com'), (2745, 'Sula', 'Chevalier', 'sulachevalier@yahoo.com'), (2746, 'Brittaney', 'Lacey', 'brittaneylacey@agh.edu.pl'), (2747, 'Romola', 'Johm', 'romolajohm@agh.edu.pl'), (2748, 'Lorianna', 'Howland', 'loriannahowland@gmail.com'), (2749, 'Cristina', 'Delija', 'cristinadelija@gmail.com'), (2750, 'Paulina', 'Urita', 'paulinaurita@agh.edu.pl'), (2751, 'Koren', 'Rossen', 'korenrossen@agh.edu.pl'), (2752, 'Anjanette', 'Andra', 'anjanetteandra@agh.edu.pl'), (2753, 'Stacy', 'Brocky', 'stacybrocky@agh.edu.pl'), (2754, 'Rosalinda', 'Gerhard', 'rosalindagerhard@agh.edu.pl'), (2755, 'Atalanta', 'Maag', 'atalantamaag@yahoo.com'), (2756, 'Milicent', 'Thatch', 'milicentthatch@gmail.com'), (2757, 'Jeanna', 'Katine', 'jeannakatine@gmail.com'), (2758, 'Pammi', 'Isma', 'pammiisma@gmail.com'), (2759, 'Vonni', 'Humpage', 'vonnihumpage@yahoo.com'), (2760, 'Mellisent', 'Leilah', 'mellisentleilah@agh.edu.pl'), (2761, 'Joella', 'Eli', 'joellaeli@yahoo.com'), (2762, 'Dallas', 'Loggia', 'dallasloggia@gmail.com'), (2763, 'Starlin', 'Luanne', 'starlinluanne@agh.edu.pl'), (2764, 'Harriet', 'Tippets', 'harriettippets@agh.edu.pl'), (2765, 'Aundrea', 'Sneed', 'aundreasneed@yahoo.com'), (2766, 'Josefina', 'Gerrit', 'josefinagerrit@gmail.com'), (2767, 'Martelle', 'Rusticus', 'martellerusticus@agh.edu.pl'), (2768, 'Pepi', 'Sunda', 'pepisunda@gmail.com'), (2769, 'Sybille', 'Perice', 'sybilleperice@agh.edu.pl'), (2770, 'Cherise', 'Garwood', 'cherisegarwood@gmail.com'), (2771, 'Ailey', 'Celine', 'aileyceline@agh.edu.pl'), (2772, 'Georgina', 'Dibb', 'georginadibb@gmail.com'), (2773, 'Maryanne', 'Hunter', 'maryannehunter@yahoo.com'), (2774, 'Thekla', 'Gunas', 'theklagunas@agh.edu.pl'), (2775, 'May', 'Cheryl', 'maycheryl@agh.edu.pl'), (2776, 'Gale', 'Melia', 'galemelia@agh.edu.pl'), (2777, 'Tania', 'Leonhard', 'tanialeonhard@agh.edu.pl'), (2778, 'Lolita', 'Holt', 'lolitaholt@yahoo.com'), (2779, 'Lexis', 'Millian', 'lexismillian@yahoo.com'), (2780, 'Rosabella', 'Boland', 'rosabellaboland@gmail.com'), (2781, 'Katti', 'Whitman', 'kattiwhitman@agh.edu.pl'), (2782, 'Gilligan', 'Showker', 'gilliganshowker@gmail.com'), (2783, 'Anna', 'Schwab', 'annaschwab@gmail.com'), (2784, 'Laverna', 'LaMonica', 'lavernalamonica@yahoo.com'), (2785, 'Kettie', 'Mukund', 'kettiemukund@yahoo.com'), (2786, 'Marin', 'Wack', 'marinwack@yahoo.com'), (2787, 'Christalle', 'Hirza', 'christallehirza@yahoo.com'), (2788, 'Andriette', 'Cutty', 'andriettecutty@gmail.com'), (2789, 'Nicolina', 'Aveline', 'nicolinaaveline@yahoo.com'), (2790, 'Gertrude', 'Jaret', 'gertrudejaret@agh.edu.pl'), (2791, 'Leland', 'Edward', 'lelandedward@gmail.com'), (2792, 'Elie', 'Horace', 'eliehorace@agh.edu.pl'), (2793, 'Anastasia', 'Swaine', 'anastasiaswaine@yahoo.com'), (2794, 'Nessi', 'Pogue', 'nessipogue@yahoo.com'), (2795, 'Stacey', 'Crow', 'staceycrow@gmail.com'), (2796, 'Gusty', 'Albemarle', 'gustyalbemarle@gmail.com'), (2797, 'Darda', 'Fabrice', 'dardafabrice@gmail.com'), (2798, 'Merl', 'Tonia', 'merltonia@agh.edu.pl'), (2799, 'Mareah', 'Emmaline', 'mareahemmaline@gmail.com'), (2800, 'Dodi', 'Tyika', 'dodityika@agh.edu.pl'), (2801, 'Aaren', 'Adelind', 'aarenadelind@yahoo.com'), (2802, 'Dian', 'Neysa', 'dianneysa@yahoo.com'), (2803, 'Louella', 'Correna', 'louellacorrena@agh.edu.pl'), (2804, 'Jody', 'Dex', 'jodydex@yahoo.com'), (2805, 'Alfi', 'Travax', 'alfitravax@agh.edu.pl'), (2806, 'Rozalin', 'Muhammad', 'rozalinmuhammad@gmail.com'), (2807, 'Mara', 'Rudie', 'mararudie@yahoo.com'), (2808, 'Margarete', 'Fredia', 'margaretefredia@gmail.com'), (2809, 'Corene', 'Zerelda', 'corenezerelda@gmail.com'), (2810, 'Marget', 'Pepe', 'margetpepe@agh.edu.pl'), (2811, 'Jeniece', 'Friedrich', 'jeniecefriedrich@gmail.com'), (2812, 'Sibylla', 'Va', 'sibyllava@yahoo.com'), (2813, 'Nathalia', 'Thorne', 'nathaliathorne@agh.edu.pl'), (2814, 'Jacquelynn', 'Proudman', 'jacquelynnproudman@gmail.com'), (2815, 'Christiana', 'Osyth', 'christianaosyth@yahoo.com'), (2816, 'Charmane', 'Otila', 'charmaneotila@gmail.com'), (2817, 'Saundra', 'Raynor', 'saundraraynor@agh.edu.pl'), (2818, 'Natalee', 'Leilani', 'nataleeleilani@agh.edu.pl'), (2819, 'Phylys', 'Wong', 'phylyswong@agh.edu.pl'), (2820, 'Elicia', 'Rimas', 'eliciarimas@gmail.com'), (2821, 'Nola', 'Leventis', 'nolaleventis@gmail.com'), (2822, 'Katrinka', 'Farica', 'katrinkafarica@agh.edu.pl'), (2823, 'Rozalin', 'Therese', 'rozalintherese@yahoo.com'), (2824, 'Rosanne', 'Oram', 'rosanneoram@agh.edu.pl'), (2825, 'Nathalia', 'Eudosia', 'nathaliaeudosia@gmail.com'), (2826, 'Dede', 'Strander', 'dedestrander@gmail.com'), (2827, 'Charlene', 'Janelle', 'charlenejanelle@agh.edu.pl'), (2828, 'Adelind', 'Brindell', 'adelindbrindell@agh.edu.pl'), (2829, 'Lindsy', 'Vidovic', 'lindsyvidovic@agh.edu.pl'), (2830, 'Ardath', 'Donoho', 'ardathdonoho@gmail.com'), (2831, 'Bert', 'Darrill', 'bertdarrill@agh.edu.pl'), (2832, 'Misty', 'Thisbee', 'mistythisbee@yahoo.com'), (2833, 'Alfreda', 'Sophia', 'alfredasophia@yahoo.com'), (2834, 'Neile', 'Philips', 'neilephilips@agh.edu.pl'), (2835, 'Terry', 'Duck', 'terryduck@gmail.com'), (2836, 'Mozelle', 'Kemppe', 'mozellekemppe@gmail.com'), (2837, 'Beatrisa', 'Weiman', 'beatrisaweiman@agh.edu.pl'), (2838, 'Valry', 'Remy', 'valryremy@agh.edu.pl'), (2839, 'Hadria', 'Verne', 'hadriaverne@agh.edu.pl'), (2840, 'Wally', 'Sisak', 'wallysisak@gmail.com'), (2841, 'Junia', 'Rosabella', 'juniarosabella@yahoo.com'), (2842, 'Nadean', 'Dyan', 'nadeandyan@agh.edu.pl'), (2843, 'Lynnelle', 'Efram', 'lynnelleefram@gmail.com'), (2844, 'Charmaine', 'Prakash', 'charmaineprakash@yahoo.com'), (2845, 'Robinia', 'Greta', 'robiniagreta@agh.edu.pl'), (2846, 'Erma', 'Helban', 'ermahelban@agh.edu.pl'), (2847, 'Sophie', 'Hermosa', 'sophiehermosa@gmail.com'), (2848, 'Rochell', 'Zulch', 'rochellzulch@yahoo.com'), (2849, 'Vivianna', 'Sashenka', 'viviannasashenka@yahoo.com'), (2850, 'Olenka', 'Iolanthe', 'olenkaiolanthe@gmail.com'), (2851, 'Candida', 'Claribel', 'candidaclaribel@gmail.com'), (2852, 'Olia', 'Aurthur', 'oliaaurthur@gmail.com'), (2853, 'Serena', 'Moria', 'serenamoria@yahoo.com'), (2854, 'Nertie', 'Wallinga', 'nertiewallinga@agh.edu.pl'), (2855, 'Kitty', 'Hannibal', 'kittyhannibal@agh.edu.pl'), (2856, 'Mead', 'Saltsman', 'meadsaltsman@agh.edu.pl'), (2857, 'Roseanna', 'Samson', 'roseannasamson@yahoo.com'), (2858, 'Melesa', 'Tenenbaum', 'melesatenenbaum@gmail.com'), (2859, 'Rayna', 'Mushro', 'raynamushro@agh.edu.pl'), (2860, 'Jessalyn', 'Sontich', 'jessalynsontich@yahoo.com'), (2861, 'Floria', 'Cesya', 'floriacesya@agh.edu.pl'), (2862, 'Carrissa', 'Norah', 'carrissanorah@yahoo.com'), (2863, 'Maryl', 'Olson', 'marylolson@gmail.com'), (2864, 'Elfie', 'Dannie', 'elfiedannie@agh.edu.pl'), (2865, 'Heidi', 'Nonnah', 'heidinonnah@gmail.com'), (2866, 'Yovonnda', 'Talley', 'yovonndatalley@agh.edu.pl'), (2867, 'Erena', 'Peterman', 'erenapeterman@agh.edu.pl'), (2868, 'Lyndy', 'Edita', 'lyndyedita@agh.edu.pl'), (2869, 'Emilia', 'Wiebmer', 'emiliawiebmer@yahoo.com'), (2870, 'Merrili', 'Loos', 'merrililoos@gmail.com'), (2871, 'Carroll', 'Avram', 'carrollavram@gmail.com'), (2872, 'Astra', 'Zindman', 'astrazindman@agh.edu.pl'), (2873, 'Stormy', 'Coshow', 'stormycoshow@gmail.com'), (2874, 'Gwennie', 'Engeddi', 'gwennieengeddi@agh.edu.pl'), (2875, 'Eartha', 'Crandale', 'earthacrandale@gmail.com'), (2876, 'Jeannie', 'Shultz', 'jeannieshultz@gmail.com'), (2877, 'Alejandra', 'Nobell', 'alejandranobell@agh.edu.pl'), (2878, 'Olivie', 'Bluefield', 'oliviebluefield@gmail.com'), (2879, 'Blanche', 'Nevin', 'blanchenevin@yahoo.com'), (2880, 'Melany', 'Melonie', 'melanymelonie@gmail.com'), (2881, 'Ina', 'Bowerman', 'inabowerman@yahoo.com'), (2882, 'Vere', 'Hallee', 'verehallee@gmail.com'), (2883, 'Maurita', 'Soni', 'mauritasoni@yahoo.com'), (2884, 'Maressa', 'Doralyn', 'maressadoralyn@agh.edu.pl'), (2885, 'Adah', 'Oina', 'adahoina@agh.edu.pl'), (2886, 'Merna', 'Merl', 'mernamerl@yahoo.com'), (2887, 'Callida', 'Lune', 'callidalune@gmail.com'), (2888, 'Carolin', 'Pressey', 'carolinpressey@agh.edu.pl'), (2889, 'Ted', 'Puiia', 'tedpuiia@yahoo.com'), (2890, 'Janeva', 'Jarid', 'janevajarid@agh.edu.pl'), (2891, 'Erica', 'Fennessy', 'ericafennessy@agh.edu.pl'), (2892, 'Fidelity', 'Savdeep', 'fidelitysavdeep@gmail.com'), (2893, 'Norine', 'Sparks', 'norinesparks@gmail.com'), (2894, 'Violetta', 'Lindholm', 'violettalindholm@agh.edu.pl'), (2895, 'Regan', 'Chadabe', 'reganchadabe@agh.edu.pl'), (2896, 'Diahann', 'Jen', 'diahannjen@yahoo.com'), (2897, 'Drona', 'Wieren', 'dronawieren@yahoo.com'), (2898, 'Rosabella', 'Hopfinger', 'rosabellahopfinger@yahoo.com'), (2899, 'Brianna', 'Westberg', 'briannawestberg@yahoo.com'), (2900, 'Rora', 'Bonacci', 'rorabonacci@agh.edu.pl'), (2901, 'Dulce', 'Wendeline', 'dulcewendeline@gmail.com'), (2902, 'Melisse', 'Benedic', 'melissebenedic@agh.edu.pl'), (2903, 'Elsbeth', 'Philbrook', 'elsbethphilbrook@agh.edu.pl'), (2904, 'Angelika', 'Lynch', 'angelikalynch@gmail.com'), (2905, 'Esmaria', 'Bearce', 'esmariabearce@gmail.com'), (2906, 'Dulci', 'Palma', 'dulcipalma@gmail.com'), (2907, 'Kessiah', 'Hofstetter', 'kessiahhofstetter@yahoo.com'), (2908, 'Yelena', 'Winnick', 'yelenawinnick@yahoo.com'), (2909, 'Mona', 'Joan', 'monajoan@agh.edu.pl'), (2910, 'Hermia', 'Washburn', 'hermiawashburn@gmail.com'), (2911, 'Clarine', 'Loesceke', 'clarineloesceke@yahoo.com'), (2912, 'Susannah', 'Gerrit', 'susannahgerrit@agh.edu.pl'), (2913, 'Pru', 'Luciano', 'pruluciano@gmail.com'), (2914, 'Kiersten', 'Goran', 'kierstengoran@agh.edu.pl'), (2915, 'Alyss', 'Yonita', 'alyssyonita@yahoo.com'), (2916, 'Coralyn', 'Gibbeon', 'coralyngibbeon@gmail.com'), (2917, 'Pat', 'Francoise', 'patfrancoise@agh.edu.pl'), (2918, 'Carlynn', 'Lenette', 'carlynnlenette@yahoo.com'), (2919, 'Marilee', 'Joaquin', 'marileejoaquin@gmail.com'), (2920, 'Cody', 'Shlomo', 'codyshlomo@yahoo.com'), (2921, 'Madalena', 'Adal', 'madalenaadal@gmail.com'), (2922, 'Wynn', 'Deppy', 'wynndeppy@agh.edu.pl'), (2923, 'Jandy', 'Urbana', 'jandyurbana@gmail.com'), (2924, 'Nikaniki', 'Heimer', 'nikanikiheimer@yahoo.com'), (2925, 'Codie', 'Grearson', 'codiegrearson@agh.edu.pl'), (2926, 'Irita', 'Turtle', 'iritaturtle@agh.edu.pl'), (2927, 'Mable', 'Hullda', 'mablehullda@agh.edu.pl'), (2928, 'Gweneth', 'Gallager', 'gwenethgallager@agh.edu.pl'), (2929, 'Daniele', 'Latona', 'danielelatona@gmail.com'), (2930, 'Karee', 'Lauretta', 'kareelauretta@gmail.com'), (2931, 'Florinda', 'Bixby', 'florindabixby@gmail.com'), (2932, 'Othilie', 'Mara', 'othiliemara@agh.edu.pl'), (2933, 'Kacie', 'Galasyn', 'kaciegalasyn@gmail.com'), (2934, 'Patsy', 'Theodore', 'patsytheodore@gmail.com'), (2935, 'Maurizia', 'Fagin', 'mauriziafagin@agh.edu.pl'), (2936, 'Lurette', 'Erda', 'luretteerda@agh.edu.pl'), (2937, 'Aura', 'Estas', 'auraestas@gmail.com'), (2938, 'Joly', 'Odin', 'jolyodin@gmail.com'), (2939, 'Charity', 'Calv', 'charitycalv@agh.edu.pl'), (2940, 'Kala', 'Wheeler', 'kalawheeler@agh.edu.pl'), (2941, 'Gilda', 'Even', 'gildaeven@yahoo.com'), (2942, 'Lesly', 'Anderer', 'leslyanderer@gmail.com'), (2943, 'Kacie', 'Wallach', 'kaciewallach@yahoo.com'), (2944, 'Glenna', 'Hayton', 'glennahayton@agh.edu.pl'), (2945, 'Inessa', 'Brom', 'inessabrom@agh.edu.pl'), (2946, 'Rosanne', 'MacFarlane', 'rosannemacfarlane@agh.edu.pl'), (2947, 'Megen', 'Kress', 'megenkress@yahoo.com'), (2948, 'Merrile', 'Boaten', 'merrileboaten@gmail.com'), (2949, 'Babbie', 'Fi', 'babbiefi@agh.edu.pl'), (2950, 'Appolonia', 'Boycie', 'appoloniaboycie@agh.edu.pl'), (2951, 'Celestia', 'Goldia', 'celestiagoldia@gmail.com'), (2952, 'Pepi', 'Hinze', 'pepihinze@gmail.com'), (2953, 'Lissie', 'Sublett', 'lissiesublett@gmail.com'), (2954, 'Shoshanna', 'Bettye', 'shoshannabettye@gmail.com'), (2955, 'Nataline', 'Hutchins', 'natalinehutchins@agh.edu.pl'), (2956, 'Wylma', 'Hutchison', 'wylmahutchison@yahoo.com'), (2957, 'Ladonna', 'Alphonsine', 'ladonnaalphonsine@agh.edu.pl'), (2958, 'Lisabeth', 'Horick', 'lisabethhorick@yahoo.com'), (2959, 'Merci', 'Scrivens', 'merciscrivens@gmail.com'), (2960, 'Janetta', 'Voorhis', 'janettavoorhis@yahoo.com'), (2961, 'Yolanthe', 'Castara', 'yolanthecastara@agh.edu.pl'), (2962, 'Alys', 'Bell', 'alysbell@gmail.com'), (2963, 'Libbie', 'Axel', 'libbieaxel@yahoo.com'), (2964, 'Raquel', 'Aggarwal', 'raquelaggarwal@yahoo.com'), (2965, 'Vonni', 'Randall', 'vonnirandall@agh.edu.pl'), (2966, 'Jessica', 'Jeffers', 'jessicajeffers@yahoo.com'), (2967, 'Jenilee', 'Darton', 'jenileedarton@agh.edu.pl'), (2968, 'Annabella', 'Thorlay', 'annabellathorlay@yahoo.com'), (2969, 'Claudina', 'Fiester', 'claudinafiester@gmail.com'), (2970, 'Donielle', 'Ellene', 'donielleellene@agh.edu.pl'), (2971, 'Kelsy', 'Wesle', 'kelsywesle@agh.edu.pl'), (2972, 'Maryellen', 'Thora', 'maryellenthora@agh.edu.pl'), (2973, 'Gerladina', 'Kokaras', 'gerladinakokaras@yahoo.com'), (2974, 'Uta', 'Rigby', 'utarigby@gmail.com'), (2975, 'Alikee', 'Bobbye', 'alikeebobbye@yahoo.com'), (2976, 'Pepita', 'Sellma', 'pepitasellma@gmail.com'), (2977, 'Doralia', 'Blossom', 'doraliablossom@yahoo.com'), (2978, 'Elaine', 'Sardella', 'elainesardella@yahoo.com'), (2979, 'Colene', 'Murphy', 'colenemurphy@yahoo.com'), (2980, 'Angie', 'Ozen', 'angieozen@yahoo.com'), (2981, 'Cassie', 'Jerman', 'cassiejerman@yahoo.com'), (2982, 'Odele', 'Rickey', 'odelerickey@agh.edu.pl'), (2983, 'Kelsi', 'Bertero', 'kelsibertero@gmail.com'), (2984, 'Coralyn', 'Merrell', 'coralynmerrell@agh.edu.pl'), (2985, 'Kellyann', 'Sheya', 'kellyannsheya@agh.edu.pl'), (2986, 'Georgeanne', 'Jennifer', 'georgeannejennifer@agh.edu.pl'), (2987, 'Cissy', 'Benenson', 'cissybenenson@yahoo.com'), (2988, 'Melicent', 'Menard', 'melicentmenard@agh.edu.pl'), (2989, 'Brittney', 'Madelin', 'brittneymadelin@gmail.com'), (2990, 'Layla', 'Edelson', 'laylaedelson@yahoo.com'), (2991, 'Junie', 'Grata', 'juniegrata@gmail.com'), (2992, 'Vanessa', 'Finkelstein', 'vanessafinkelstein@yahoo.com'), (2993, 'Roda', 'Mallon', 'rodamallon@gmail.com'), (2994, 'Flss', 'Doone', 'flssdoone@agh.edu.pl'), (2995, 'Andria', 'Jordison', 'andriajordison@gmail.com'), (2996, 'Bellina', 'Rossing', 'bellinarossing@yahoo.com'), (2997, 'Nikaniki', 'Amalea', 'nikanikiamalea@gmail.com'), (2998, 'Ralina', 'Othilia', 'ralinaothilia@agh.edu.pl'), (2999, 'Wynnie', 'Boland', 'wynnieboland@agh.edu.pl'), (3000, 'Rodina', 'Cheyney', 'rodinacheyney@yahoo.com'), (3001, 'Vida', 'Frida', 'vidafrida@gmail.com'), (3002, 'Nolie', 'Theone', 'nolietheone@gmail.com'), (3003, 'Jo', 'Delmor', 'jodelmor@gmail.com'), (3004, 'Alidia', 'Schott', 'alidiaschott@yahoo.com'), (3005, 'Vernice', 'Ginny', 'verniceginny@agh.edu.pl'), (3006, 'Riane', 'Favata', 'rianefavata@agh.edu.pl'), (3007, 'Katti', 'Addie', 'kattiaddie@gmail.com'), (3008, 'Jo-Ann', 'Beberg', 'jo-annbeberg@gmail.com'), (3009, 'Roana', 'Aley', 'roanaaley@yahoo.com'), (3010, 'Alys', 'Three', 'alysthree@gmail.com'), (3011, 'Lexie', 'Audly', 'lexieaudly@gmail.com'), (3012, 'Aubry', 'Aylmar', 'aubryaylmar@yahoo.com'), (3013, 'Brynna', 'Boggs', 'brynnaboggs@gmail.com'), (3014, 'Tabbatha', 'McClish', 'tabbathamcclish@yahoo.com'), (3015, 'Darrelle', 'Solberg', 'darrellesolberg@gmail.com'), (3016, 'Cass', 'Beau', 'cassbeau@gmail.com'), (3017, 'Kendra', 'Lowery', 'kendralowery@yahoo.com'), (3018, 'Shellie', 'Utta', 'shellieutta@agh.edu.pl'), (3019, 'Babbette', 'Weinhardt', 'babbetteweinhardt@yahoo.com'), (3020, 'Georgianna', 'Debi', 'georgiannadebi@yahoo.com'), (3021, 'Nickie', 'Goles', 'nickiegoles@agh.edu.pl'), (3022, 'Chrysler', 'Harve', 'chryslerharve@agh.edu.pl'), (3023, 'Viviana', 'Tillio', 'vivianatillio@yahoo.com'), (3024, 'Kerrie', 'Ivett', 'kerrieivett@yahoo.com'), (3025, 'Britta', 'Felic', 'brittafelic@agh.edu.pl'), (3026, 'Raf', 'Kurt', 'rafkurt@gmail.com'), (3027, 'Katrinka', 'Finnegan', 'katrinkafinnegan@agh.edu.pl'), (3028, 'Mag', 'Swane', 'magswane@agh.edu.pl'), (3029, 'Juliann', 'Oly', 'juliannoly@yahoo.com'), (3030, 'Ermentrude', 'Markland', 'ermentrudemarkland@yahoo.com'), (3031, 'Alayne', 'Kelwunn', 'alaynekelwunn@agh.edu.pl'), (3032, 'Hyacinthe', 'Torrie', 'hyacinthetorrie@agh.edu.pl'), (3033, 'Caresa', 'Muffin', 'caresamuffin@yahoo.com'), (3034, 'Valentine', 'Winchell', 'valentinewinchell@gmail.com'), (3035, 'Kipp', 'Heidt', 'kippheidt@yahoo.com'), (3036, 'Estrellita', 'Beale', 'estrellitabeale@yahoo.com'), (3037, 'Talya', 'Peggir', 'talyapeggir@yahoo.com'), (3038, 'Eleanor', 'Bing', 'eleanorbing@gmail.com'), (3039, 'Rochell', 'Ditter', 'rochellditter@agh.edu.pl'), (3040, 'Malinda', 'Gudrin', 'malindagudrin@agh.edu.pl'), (3041, 'Nariko', 'Masson', 'narikomasson@gmail.com'), (3042, 'Joelle', 'Jerry', 'joellejerry@gmail.com'), (3043, 'Leontyne', 'Rossen', 'leontynerossen@agh.edu.pl'), (3044, 'Daisey', 'Pearline', 'daiseypearline@yahoo.com'), (3045, 'Lucia', 'Rema', 'luciarema@yahoo.com'), (3046, 'Lissie', 'Hortense', 'lissiehortense@gmail.com'), (3047, 'Zorah', 'Forster', 'zorahforster@gmail.com'), (3048, 'Rebecca', 'Eleanor', 'rebeccaeleanor@yahoo.com'), (3049, 'Sherie', 'Isabea', 'sherieisabea@agh.edu.pl'), (3050, 'Jeanelle', 'Gine', 'jeanellegine@agh.edu.pl'), (3051, 'Brooks', 'Odell', 'brooksodell@agh.edu.pl'), (3052, 'Tonye', 'Lounge', 'tonyelounge@yahoo.com'), (3053, 'Loleta', 'Zusman', 'loletazusman@yahoo.com'), (3054, 'Emmalynn', 'Lenard', 'emmalynnlenard@gmail.com'), (3055, 'Gerhardine', 'Aggi', 'gerhardineaggi@yahoo.com'), (3056, 'Sarena', 'Fleeta', 'sarenafleeta@gmail.com'), (3057, 'Reena', 'Juanita', 'reenajuanita@yahoo.com'), (3058, 'Michelina', 'Garlaand', 'michelinagarlaand@agh.edu.pl'), (3059, 'Carena', 'Corbin', 'carenacorbin@yahoo.com'), (3060, 'Bess', 'Chappie', 'besschappie@gmail.com'), (3061, 'Ainslie', 'Friederike', 'ainsliefriederike@yahoo.com'), (3062, 'Marni', 'Rois', 'marnirois@yahoo.com'), (3063, 'Tasia', 'Kavanagh', 'tasiakavanagh@gmail.com'), (3064, 'Jenica', 'Sower', 'jenicasower@gmail.com'), (3065, 'Kerrie', 'Landry', 'kerrielandry@gmail.com'), (3066, 'Marcia', 'Wartow', 'marciawartow@agh.edu.pl'), (3067, 'Tricia', 'Ingemar', 'triciaingemar@gmail.com'), (3068, 'Jenelle', 'Besse', 'jenellebesse@gmail.com'), (3069, 'Adelaida', 'Matthei', 'adelaidamatthei@gmail.com'), (3070, 'Lacee', 'Millan', 'laceemillan@yahoo.com'), (3071, 'Jodie', 'Dorcy', 'jodiedorcy@agh.edu.pl'), (3072, 'Sharyl', 'Jarib', 'sharyljarib@yahoo.com'), (3073, 'Lorain', 'Nerta', 'lorainnerta@yahoo.com'), (3074, 'Carmelina', 'Maite', 'carmelinamaite@yahoo.com'), (3075, 'Gabriellia', 'Piderit', 'gabrielliapiderit@gmail.com'), (3076, 'Mamie', 'Cassie', 'mamiecassie@gmail.com'), (3077, 'Lynde', 'Gladstone', 'lyndegladstone@agh.edu.pl'), (3078, 'Elmira', 'Poliard', 'elmirapoliard@agh.edu.pl'), (3079, 'Antoinette', 'Terrel', 'antoinetteterrel@yahoo.com'), (3080, 'Kellsie', 'Cutty', 'kellsiecutty@yahoo.com'), (3081, 'Abby', 'Schenck', 'abbyschenck@yahoo.com'), (3082, 'Ingeberg', 'Myranda', 'ingebergmyranda@yahoo.com'), (3083, 'Marley', 'Basham', 'marleybasham@yahoo.com'), (3084, 'Kare', 'Selwyn', 'kareselwyn@agh.edu.pl'), (3085, 'Kimberlyn', 'Cynarra', 'kimberlyncynarra@yahoo.com'), (3086, 'Sascha', 'Obeng', 'saschaobeng@agh.edu.pl'), (3087, 'Iolande', 'Madlen', 'iolandemadlen@gmail.com'), (3088, 'Annamaria', 'Juliann', 'annamariajuliann@yahoo.com'), (3089, 'Dot', 'Glynias', 'dotglynias@gmail.com'), (3090, 'Pamella', 'Tomkins', 'pamellatomkins@gmail.com'), (3091, 'Carmelia', 'Casady', 'carmeliacasady@yahoo.com'), (3092, 'Sherry', 'Corby', 'sherrycorby@gmail.com'), (3093, 'Ediva', 'Rodl', 'edivarodl@gmail.com'), (3094, 'Gwyn', 'Sibel', 'gwynsibel@gmail.com'), (3095, 'Patrica', 'Koh', 'patricakoh@agh.edu.pl'), (3096, 'Loella', 'Helenka', 'loellahelenka@yahoo.com'), (3097, 'Karole', 'Danais', 'karoledanais@yahoo.com'), (3098, 'Josephine', 'Ezara', 'josephineezara@agh.edu.pl'), (3099, 'Gavra', 'Hertberg', 'gavrahertberg@agh.edu.pl'), (3100, 'Elora', 'Citarella', 'eloracitarella@gmail.com'), (3101, 'Kriste', 'Morgan', 'kristemorgan@agh.edu.pl'), (3102, 'Cyndi', 'Oletha', 'cyndioletha@agh.edu.pl'), (3103, 'Lianne', 'Rosati', 'liannerosati@agh.edu.pl'), (3104, 'Mariellen', 'Jurdi', 'mariellenjurdi@gmail.com'), (3105, 'Paola', 'Ilona', 'paolailona@yahoo.com'), (3106, 'Dorie', 'Arlynne', 'doriearlynne@yahoo.com'), (3107, 'Idell', 'Alysoun', 'idellalysoun@agh.edu.pl'), (3108, 'Denyse', 'Norene', 'denysenorene@agh.edu.pl'), (3109, 'Nonah', 'Fidellia', 'nonahfidellia@gmail.com'), (3110, 'Gerty', 'Greiner', 'gertygreiner@gmail.com'), (3111, 'Edin', 'Loferski', 'edinloferski@agh.edu.pl'), (3112, 'Rosie', 'Greggory', 'rosiegreggory@agh.edu.pl'), (3113, 'Helyn', 'Colly', 'helyncolly@gmail.com'), (3114, 'Annabel', 'Paolina', 'annabelpaolina@yahoo.com'), (3115, 'Shelbi', 'Raynor', 'shelbiraynor@agh.edu.pl'), (3116, 'Cher', 'Hausner', 'cherhausner@yahoo.com'), (3117, 'Krystyna', 'Raveaux', 'krystynaraveaux@gmail.com'), (3118, 'Riki', 'Halford', 'rikihalford@agh.edu.pl'), (3119, 'Cecile', 'Liatris', 'cecileliatris@agh.edu.pl'), (3120, 'Naoma', 'Basil', 'naomabasil@agh.edu.pl'), (3121, 'Fawnia', 'Tawney', 'fawniatawney@gmail.com'), (3122, 'Bella', 'Rubin', 'bellarubin@gmail.com'), (3123, 'Shaylah', 'Bradshaw', 'shaylahbradshaw@agh.edu.pl'), (3124, 'Claresta', 'Vida', 'clarestavida@agh.edu.pl'), (3125, 'Ginger', 'Home', 'gingerhome@agh.edu.pl'), (3126, 'Crysta', 'Aurelio', 'crystaaurelio@gmail.com'), (3127, 'Marcella', 'Marigold', 'marcellamarigold@gmail.com'), (3128, 'Leodora', 'Boardman', 'leodoraboardman@agh.edu.pl'), (3129, 'Francine', 'Tye', 'francinetye@agh.edu.pl'), (3130, 'Katee', 'Melamie', 'kateemelamie@gmail.com'), (3131, 'Brigitte', 'Joung', 'brigittejoung@yahoo.com'), (3132, 'Amelie', 'Chesnut', 'ameliechesnut@yahoo.com'), (3133, 'Genny', 'Vories', 'gennyvories@yahoo.com'), (3134, 'Giana', 'Merideth', 'gianamerideth@gmail.com'), (3135, 'Valery', 'Webster', 'valerywebster@gmail.com'), (3136, 'Kimberley', 'Kee', 'kimberleykee@agh.edu.pl'), (3137, 'Terri', 'Tooley', 'territooley@agh.edu.pl'), (3138, 'Meta', 'Carol', 'metacarol@gmail.com'), (3139, 'Biddie', 'Guimond', 'biddieguimond@gmail.com'), (3140, 'Shel', 'LaSorella', 'shellasorella@yahoo.com'), (3141, 'Kass', 'Kalindi', 'kasskalindi@gmail.com'), (3142, 'Erda', 'Curley', 'erdacurley@gmail.com'), (3143, 'Ashlan', 'Gilroy', 'ashlangilroy@agh.edu.pl'), (3144, 'Casie', 'Cesar', 'casiecesar@gmail.com'), (3145, 'Dasi', 'Premer', 'dasipremer@agh.edu.pl'), (3146, 'Trula', 'Philipines', 'trulaphilipines@gmail.com'), (3147, 'Ronnica', 'Gobert', 'ronnicagobert@agh.edu.pl'), (3148, 'Mari', 'Esta', 'mariesta@agh.edu.pl'), (3149, 'Daisey', 'Haynor', 'daiseyhaynor@agh.edu.pl'), (3150, 'Modesta', 'Saraann', 'modestasaraann@agh.edu.pl'), (3151, 'Dianna', 'Gainer', 'diannagainer@agh.edu.pl'), (3152, 'Ainslee', 'Grizelda', 'ainsleegrizelda@agh.edu.pl'), (3153, 'Vanya', 'Alexandros', 'vanyaalexandros@gmail.com'), (3154, 'Donielle', 'Issiah', 'donielleissiah@agh.edu.pl'), (3155, 'Em', 'Nicodemus', 'emnicodemus@gmail.com'), (3156, 'Zia', 'Sashenka', 'ziasashenka@yahoo.com'), (3157, 'Christiana', 'Jeannine', 'christianajeannine@agh.edu.pl'), (3158, 'Julianne', 'Happy', 'juliannehappy@gmail.com'), (3159, 'Annalise', 'Rasia', 'annaliserasia@yahoo.com'), (3160, 'Janeta', 'Junina', 'janetajunina@agh.edu.pl'), (3161, 'Franni', 'Shivers', 'frannishivers@gmail.com'), (3162, 'Myrta', 'Wandy', 'myrtawandy@yahoo.com'), (3163, 'Carley', 'McNully', 'carleymcnully@agh.edu.pl'), (3164, 'Celestia', 'Leake', 'celestialeake@gmail.com'), (3165, 'Beryl', 'Lowndes', 'beryllowndes@agh.edu.pl'), (3166, 'Seline', 'Fonz', 'selinefonz@agh.edu.pl'), (3167, 'Marya', 'Arianie', 'maryaarianie@yahoo.com'), (3168, 'Felicle', 'Lexine', 'feliclelexine@agh.edu.pl'), (3169, 'Myrilla', 'Carlen', 'myrillacarlen@yahoo.com'), (3170, 'Kala', 'Thorrlow', 'kalathorrlow@yahoo.com'), (3171, 'Darcee', 'Barfuss', 'darceebarfuss@agh.edu.pl'), (3172, 'Regina', 'Jamilla', 'reginajamilla@agh.edu.pl'), (3173, 'Devon', 'Menken', 'devonmenken@agh.edu.pl'), (3174, 'Vinni', 'Iredale', 'vinniiredale@agh.edu.pl'), (3175, 'Kylila', 'Latreece', 'kylilalatreece@gmail.com'), (3176, 'Remy', 'Lorette', 'remylorette@gmail.com'), (3177, 'Johnath', 'Legra', 'johnathlegra@agh.edu.pl'), (3178, 'Gay', 'Esch', 'gayesch@gmail.com'), (3179, 'Euphemia', 'Lias', 'euphemialias@gmail.com'), (3180, 'Cornie', 'Tisbee', 'cornietisbee@yahoo.com'), (3181, 'Marni', 'Adiell', 'marniadiell@agh.edu.pl'), (3182, 'Remy', 'Hannover', 'remyhannover@agh.edu.pl'), (3183, 'Olga', 'Angelis', 'olgaangelis@gmail.com'), (3184, 'Pennie', 'Deragon', 'penniederagon@gmail.com'), (3185, 'Mahala', 'Sidell', 'mahalasidell@gmail.com'), (3186, 'Dolley', 'Geri', 'dolleygeri@agh.edu.pl'), (3187, 'Roana', 'Holder', 'roanaholder@yahoo.com'), (3188, 'Latrina', 'Gitlow', 'latrinagitlow@yahoo.com'), (3189, 'Madlin', 'Backler', 'madlinbackler@gmail.com'), (3190, 'Lorianne', 'Gladys', 'loriannegladys@yahoo.com'), (3191, 'Flss', 'Casia', 'flsscasia@yahoo.com'), (3192, 'Riki', 'Amice', 'rikiamice@agh.edu.pl'), (3193, 'Katerine', 'Fachan', 'katerinefachan@gmail.com'), (3194, 'Kellyann', 'Ehlke', 'kellyannehlke@yahoo.com'), (3195, 'Mersey', 'Faires', 'merseyfaires@gmail.com'), (3196, 'Sabrina', 'Sucy', 'sabrinasucy@yahoo.com'), (3197, 'Suzette', 'Meli', 'suzettemeli@agh.edu.pl'), (3198, 'Cleopatra', 'Farlay', 'cleopatrafarlay@yahoo.com'), (3199, 'Elnore', 'Catherin', 'elnorecatherin@yahoo.com'), (3200, 'Candy', 'Saxon', 'candysaxon@gmail.com'), (3201, 'Selie', 'Blatman', 'selieblatman@yahoo.com'), (3202, 'Merralee', 'Dylana', 'merraleedylana@agh.edu.pl'), (3203, 'Olivette', 'Jemmy', 'olivettejemmy@gmail.com'), (3204, 'Ada', 'Marella', 'adamarella@yahoo.com'), (3205, 'Anne', 'Howlyn', 'annehowlyn@agh.edu.pl'), (3206, 'Zilvia', 'Dagny', 'zilviadagny@yahoo.com'), (3207, 'Berget', 'Furnary', 'bergetfurnary@yahoo.com'), (3208, 'Briny', 'Nereen', 'brinynereen@yahoo.com'), (3209, 'Cornela', 'Xeno', 'cornelaxeno@agh.edu.pl'), (3210, 'Georgeanna', 'Shields', 'georgeannashields@agh.edu.pl'), (3211, 'Oliy', 'Silvia', 'oliysilvia@gmail.com'), (3212, 'Aime', 'Thane', 'aimethane@gmail.com'), (3213, 'Leonore', 'Calendre', 'leonorecalendre@gmail.com'), (3214, 'Leshia', 'Petrie', 'leshiapetrie@gmail.com'), (3215, 'Selina', 'Silvain', 'selinasilvain@gmail.com'), (3216, 'Brena', 'Corvin', 'brenacorvin@agh.edu.pl'), (3217, 'Shayne', 'Alva', 'shaynealva@yahoo.com'), (3218, 'Denise', 'Jermayne', 'denisejermayne@agh.edu.pl'), (3219, 'Idaline', 'Adriana', 'idalineadriana@gmail.com'), (3220, 'Mariya', 'Sherill', 'mariyasherill@agh.edu.pl'), (3221, 'Kaela', 'Hunger', 'kaelahunger@gmail.com'), (3222, 'Veronika', 'Ragan', 'veronikaragan@agh.edu.pl'), (3223, 'Cecilla', 'Astor', 'cecillaastor@gmail.com'), (3224, 'Joletta', 'Maisel', 'jolettamaisel@gmail.com'), (3225, 'Daniela', 'Prochoras', 'danielaprochoras@agh.edu.pl'), (3226, 'Thomasa', 'Elva', 'thomasaelva@gmail.com'), (3227, 'Daisy', 'Sylvanus', 'daisysylvanus@gmail.com'), (3228, 'Felicdad', 'Rivi', 'felicdadrivi@yahoo.com'), (3229, 'Doralyn', 'Leigha', 'doralynleigha@agh.edu.pl'), (3230, 'Rachele', 'Rue', 'rachelerue@yahoo.com'), (3231, 'Anica', 'Albin', 'anicaalbin@agh.edu.pl'), (3232, 'Flore', 'Jansen', 'florejansen@yahoo.com'), (3233, 'Opaline', 'Varipapa', 'opalinevaripapa@agh.edu.pl'), (3234, 'Jeanelle', 'Mou', 'jeanellemou@yahoo.com'), (3235, 'Merla', 'Torrlow', 'merlatorrlow@yahoo.com'), (3236, 'Sharron', 'Gowrie', 'sharrongowrie@gmail.com'), (3237, 'Clarette', 'Tayler', 'clarettetayler@agh.edu.pl'), (3238, 'Bette', 'Goldi', 'bettegoldi@yahoo.com'), (3239, 'Kimbra', 'Duncan', 'kimbraduncan@agh.edu.pl'), (3240, 'Stacey', 'Neille', 'staceyneille@gmail.com'), (3241, 'Vyky', 'Errol', 'vykyerrol@yahoo.com'), (3242, 'Vanny', 'Fachan', 'vannyfachan@gmail.com'), (3243, 'Gloriane', 'Lennie', 'glorianelennie@gmail.com'), (3244, 'Aveline', 'Torbart', 'avelinetorbart@gmail.com'), (3245, 'Casandra', 'Mazonson', 'casandramazonson@yahoo.com'), (3246, 'Katine', 'Sutton', 'katinesutton@yahoo.com'), (3247, 'Rosalynd', 'Grishilda', 'rosalyndgrishilda@agh.edu.pl'), (3248, 'Jenilee', 'Juliano', 'jenileejuliano@yahoo.com'), (3249, 'Kellsie', 'Charlene', 'kellsiecharlene@yahoo.com'), (3250, 'Annalee', 'Goodill', 'annaleegoodill@agh.edu.pl'), (3251, 'Katerina', 'Jaala', 'katerinajaala@gmail.com'), (3252, 'Lissa', 'Ernesto', 'lissaernesto@gmail.com'), (3253, 'Darla', 'Wieren', 'darlawieren@yahoo.com'), (3254, 'Merna', 'Feldman', 'mernafeldman@yahoo.com'), (3255, 'Yalonda', 'Alikee', 'yalondaalikee@yahoo.com'), (3256, 'Cherianne', 'Aveline', 'cherianneaveline@agh.edu.pl'), (3257, 'Abra', 'Fairley', 'abrafairley@gmail.com'), (3258, 'Lynnea', 'Suzzy', 'lynneasuzzy@gmail.com'), (3259, 'Carolan', 'Wanids', 'carolanwanids@agh.edu.pl'), (3260, 'Danyelle', 'Dutchman', 'danyelledutchman@yahoo.com'), (3261, 'Gratiana', 'Gilmour', 'gratianagilmour@gmail.com'), (3262, 'Nataline', 'Meras', 'natalinemeras@gmail.com'), (3263, 'Marna', 'Dorothi', 'marnadorothi@agh.edu.pl'), (3264, 'Vanya', 'MacMillan', 'vanyamacmillan@gmail.com'), (3265, 'Mollee', 'Gosselin', 'molleegosselin@yahoo.com'), (3266, 'Kristi', 'Natassia', 'kristinatassia@yahoo.com'), (3267, 'Grissel', 'Faruq', 'grisselfaruq@gmail.com'), (3268, 'Deanne', 'Stromberg', 'deannestromberg@gmail.com'), (3269, 'Hedda', 'Nessie', 'heddanessie@gmail.com'), (3270, 'Marice', 'Brothers', 'maricebrothers@yahoo.com'), (3271, 'Clemence', 'Birgit', 'clemencebirgit@yahoo.com'), (3272, 'Peggi', 'Arelus', 'peggiarelus@yahoo.com'), (3273, 'Lona', 'Madeline', 'lonamadeline@gmail.com'), (3274, 'Shellie', 'Poll', 'shelliepoll@gmail.com'), (3275, 'Reena', 'Fleischer', 'reenafleischer@agh.edu.pl'), (3276, 'Rozelle', 'Ruggiero', 'rozelleruggiero@agh.edu.pl'), (3277, 'Elyse', 'Pazice', 'elysepazice@yahoo.com'), (3278, 'Emilie', 'McAfee', 'emiliemcafee@gmail.com'), (3279, 'Jade', 'Ashely', 'jadeashely@yahoo.com'), (3280, 'Ingeberg', 'Madian', 'ingebergmadian@agh.edu.pl'), (3281, 'Leola', 'Richart', 'leolarichart@gmail.com'), (3282, 'Liana', 'MacEgan', 'lianamacegan@agh.edu.pl'), (3283, 'Esme', 'Ultann', 'esmeultann@yahoo.com'), (3284, 'Merrili', 'Waldemar', 'merriliwaldemar@agh.edu.pl'), (3285, 'Harriette', 'Thenna', 'harriettethenna@yahoo.com'), (3286, 'Crystal', 'Welton', 'crystalwelton@yahoo.com'), (3287, 'Marketa', 'Linis', 'marketalinis@agh.edu.pl'), (3288, 'Marris', 'Murrah', 'marrismurrah@yahoo.com'), (3289, 'Phillida', 'Henrik', 'phillidahenrik@yahoo.com'), (3290, 'Belia', 'Silberman', 'beliasilberman@gmail.com'), (3291, 'Beret', 'Prent', 'beretprent@gmail.com'), (3292, 'Carmelina', 'Collimore', 'carmelinacollimore@gmail.com'), (3293, 'Marylynne', 'Cortney', 'marylynnecortney@yahoo.com'), (3294, 'Vicki', 'Buell', 'vickibuell@gmail.com'), (3295, 'Kamillah', 'Raseda', 'kamillahraseda@gmail.com'), (3296, 'Bebe', 'Malley', 'bebemalley@agh.edu.pl'), (3297, 'Lynett', 'Joab', 'lynettjoab@gmail.com'), (3298, 'Maribeth', 'Aldrich', 'maribethaldrich@agh.edu.pl'), (3299, 'Brier', 'Gregor', 'briergregor@yahoo.com'), (3300, 'Brenna', 'Wellington', 'brennawellington@agh.edu.pl'), (3301, 'Tabbi', 'Nikolia', 'tabbinikolia@agh.edu.pl'), (3302, 'Tammy', 'Klein', 'tammyklein@yahoo.com'), (3303, 'Ros', 'Darce', 'rosdarce@agh.edu.pl'), (3304, 'Caresa', 'Seltzer', 'caresaseltzer@yahoo.com'), (3305, 'Guenevere', 'Petracca', 'gueneverepetracca@yahoo.com'), (3306, 'Olivie', 'Fronniah', 'oliviefronniah@agh.edu.pl'), (3307, 'Tracy', 'Perren', 'tracyperren@agh.edu.pl'), (3308, 'Domini', 'Kaleb', 'dominikaleb@agh.edu.pl'), (3309, 'Page', 'Forrer', 'pageforrer@gmail.com'), (3310, 'Anet', 'McHenry', 'anetmchenry@yahoo.com'), (3311, 'Shanon', 'Ngo', 'shanonngo@agh.edu.pl'), (3312, 'Oona', 'Elsinore', 'oonaelsinore@agh.edu.pl'), (3313, 'Ginevra', 'Morton', 'ginevramorton@agh.edu.pl'), (3314, 'Eustacia', 'Hung', 'eustaciahung@yahoo.com'), (3315, 'Sidonia', 'Goodkin', 'sidoniagoodkin@yahoo.com'), (3316, 'Leia', 'Arv', 'leiaarv@gmail.com'), (3317, 'Annie', 'Helmer', 'anniehelmer@gmail.com'), (3318, 'Mirna', 'Yonita', 'mirnayonita@yahoo.com'), (3319, 'Gabey', 'Iover', 'gabeyiover@gmail.com'), (3320, 'Lorilyn', 'Polak', 'lorilynpolak@gmail.com'), (3321, 'Masha', 'Ioyal', 'mashaioyal@gmail.com'), (3322, 'Lila', 'Sedberry', 'lilasedberry@gmail.com'), (3323, 'Christan', 'Jilli', 'christanjilli@yahoo.com'), (3324, 'Janelle', 'Walter', 'janellewalter@yahoo.com'), (3325, 'Johnette', 'Leonteen', 'johnetteleonteen@agh.edu.pl'), (3326, 'Charlot', 'Rosecan', 'charlotrosecan@gmail.com'), (3327, 'Alika', 'Jeffrey', 'alikajeffrey@yahoo.com'), (3328, 'Chelsy', 'Melburn', 'chelsymelburn@yahoo.com'), (3329, 'Fifine', 'Annabela', 'fifineannabela@yahoo.com'), (3330, 'Tracey', 'Tracay', 'traceytracay@agh.edu.pl'), (3331, 'Theressa', 'Gemmell', 'theressagemmell@gmail.com'), (3332, 'Jonie', 'Pachston', 'joniepachston@agh.edu.pl'), (3333, 'Jamie', 'Chader', 'jamiechader@yahoo.com'), (3334, 'Thia', 'Sarid', 'thiasarid@gmail.com'), (3335, 'Beckie', 'Osrick', 'beckieosrick@gmail.com'), (3336, 'Arlene', 'Vilberg', 'arlenevilberg@yahoo.com'), (3337, 'Joell', 'Leia', 'joellleia@agh.edu.pl'), (3338, 'Lizette', 'Luba', 'lizetteluba@yahoo.com'), (3339, 'Kati', 'Masterson', 'katimasterson@yahoo.com'), (3340, 'Britta', 'Niles', 'brittaniles@agh.edu.pl'), (3341, 'Anne-Marie', 'Corliss', 'anne-mariecorliss@agh.edu.pl'), (3342, 'Carmel', 'Farrah', 'carmelfarrah@agh.edu.pl'), (3343, 'Jandy', 'Wanonah', 'jandywanonah@agh.edu.pl'), (3344, 'Retha', 'Katina', 'rethakatina@yahoo.com'), (3345, 'Clovis', 'Packton', 'clovispackton@agh.edu.pl'), (3346, 'Jenna', 'Hew', 'jennahew@gmail.com'), (3347, 'Ariela', 'Fiora', 'arielafiora@gmail.com'), (3348, 'Bernice', 'Ethelinda', 'berniceethelinda@gmail.com'), (3349, 'Willyt', 'Skiba', 'willytskiba@yahoo.com'), (3350, 'Lula', 'Hendry', 'lulahendry@yahoo.com'), (3351, 'Elyse', 'Harday', 'elyseharday@yahoo.com'), (3352, 'Virgina', 'Hawkins', 'virginahawkins@agh.edu.pl'), (3353, 'Barbabra', 'Ailina', 'barbabraailina@gmail.com'), (3354, 'Jacklin', 'Harp', 'jacklinharp@gmail.com'), (3355, 'Melody', 'Bostow', 'melodybostow@yahoo.com'), (3356, 'Valida', 'Veronike', 'validaveronike@agh.edu.pl'), (3357, 'Ethelda', 'Patrizio', 'etheldapatrizio@yahoo.com'), (3358, 'Willetta', 'Parfitt', 'willettaparfitt@gmail.com'), (3359, 'Nertie', 'Hutton', 'nertiehutton@agh.edu.pl'), (3360, 'Lilian', 'Goodwin', 'liliangoodwin@gmail.com'), (3361, 'Ernestine', 'Shewchuk', 'ernestineshewchuk@gmail.com'), (3362, 'Juline', 'Aguie', 'julineaguie@agh.edu.pl'), (3363, 'Bernetta', 'Joann', 'bernettajoann@gmail.com'), (3364, 'Mandie', 'Loralyn', 'mandieloralyn@yahoo.com'), (3365, 'Bibbye', 'Jany', 'bibbyejany@yahoo.com'), (3366, 'Joelle', 'Kris', 'joellekris@gmail.com'), (3367, 'Cynthy', 'Hermine', 'cynthyhermine@gmail.com'), (3368, 'Sidonia', 'Bria', 'sidoniabria@yahoo.com'), (3369, 'Sissie', 'Achilles', 'sissieachilles@agh.edu.pl'), (3370, 'Trudy', 'Kayley', 'trudykayley@yahoo.com'), (3371, 'Kitti', 'Lipski', 'kittilipski@agh.edu.pl'), (3372, 'Clemmie', 'Marabelle', 'clemmiemarabelle@gmail.com'), (3373, 'Merrill', 'Orvil', 'merrillorvil@agh.edu.pl'), (3374, 'Evvie', 'Evander', 'evvieevander@gmail.com'), (3375, 'Arlyne', 'Elane', 'arlyneelane@agh.edu.pl'), (3376, 'Lexy', 'Jewell', 'lexyjewell@agh.edu.pl'), (3377, 'Ola', 'Leis', 'olaleis@yahoo.com'), (3378, 'Karna', 'Molloy', 'karnamolloy@gmail.com'), (3379, 'Rafa', 'Wootten', 'rafawootten@yahoo.com'), (3380, 'Alyce', 'Drusus', 'alycedrusus@agh.edu.pl'), (3381, 'Shena', 'Jordanna', 'shenajordanna@gmail.com'), (3382, 'Alys', 'Angelique', 'alysangelique@agh.edu.pl'), (3383, 'Clarinda', 'Billat', 'clarindabillat@yahoo.com'), (3384, 'Honor', 'Wie', 'honorwie@yahoo.com'), (3385, 'Cherice', 'Regine', 'chericeregine@gmail.com'), (3386, 'Daune', 'Birch', 'daunebirch@agh.edu.pl'), (3387, 'Hetty', 'Winer', 'hettywiner@gmail.com'), (3388, 'Elie', 'Dunstan', 'eliedunstan@gmail.com'), (3389, 'Leontyne', 'Henn', 'leontynehenn@agh.edu.pl'), (3390, 'Pearle', 'Anuska', 'pearleanuska@yahoo.com'), (3391, 'Catarina', 'Wood', 'catarinawood@agh.edu.pl'), (3392, 'Pris', 'Mazlack', 'prismazlack@yahoo.com'), (3393, 'Genny', 'Varden', 'gennyvarden@yahoo.com'), (3394, 'Britteny', 'Girardo', 'brittenygirardo@yahoo.com'), (3395, 'Joletta', 'Meredithe', 'jolettameredithe@gmail.com'), (3396, 'Diann', 'Havard', 'diannhavard@yahoo.com'), (3397, 'Cariotta', 'Seen', 'cariottaseen@yahoo.com'), (3398, 'Danielle', 'Elinor', 'danielleelinor@yahoo.com'), (3399, 'Odele', 'Faus', 'odelefaus@agh.edu.pl'), (3400, 'Franciska', 'Ruyle', 'franciskaruyle@gmail.com'), (3401, 'Willy', 'Dionysus', 'willydionysus@agh.edu.pl'), (3402, 'Lizabeth', 'Gibb', 'lizabethgibb@agh.edu.pl'), (3403, 'Teddie', 'Wertheimer', 'teddiewertheimer@gmail.com'), (3404, 'Jaynell', 'Criswell', 'jaynellcriswell@yahoo.com'), (3405, 'Meara', 'Virgel', 'mearavirgel@gmail.com'), (3406, 'Shannah', 'Rossuck', 'shannahrossuck@yahoo.com'), (3407, 'Jermaine', 'Wallache', 'jermainewallache@agh.edu.pl'), (3408, 'Genevieve', 'Aenneea', 'genevieveaenneea@agh.edu.pl'), (3409, 'Tommie', 'Frans', 'tommiefrans@gmail.com'), (3410, 'Truda', 'Evy', 'trudaevy@gmail.com'), (3411, 'Tansy', 'Shih', 'tansyshih@gmail.com'), (3412, 'Nedi', 'Randee', 'nedirandee@gmail.com'), (3413, 'Pamela', 'LeCroy', 'pamelalecroy@gmail.com'), (3414, 'Jasmine', 'Kristopher', 'jasminekristopher@agh.edu.pl'), (3415, 'Letitia', 'Zilber', 'letitiazilber@yahoo.com'), (3416, 'Maitilde', 'Zwiebel', 'maitildezwiebel@gmail.com'), (3417, 'Laverna', 'Derman', 'lavernaderman@yahoo.com'), (3418, 'Loni', 'Akerley', 'loniakerley@yahoo.com'), (3419, 'Xena', 'Greenlee', 'xenagreenlee@yahoo.com'), (3420, 'Vinnie', 'Kadner', 'vinniekadner@gmail.com'), (3421, 'Brena', 'Geffner', 'brenageffner@gmail.com'), (3422, 'Zuzana', 'Abrahams', 'zuzanaabrahams@agh.edu.pl'), (3423, 'Lolita', 'Cherri', 'lolitacherri@agh.edu.pl'), (3424, 'Florry', 'Ileane', 'florryileane@gmail.com'), (3425, 'Lilia', 'Saxe', 'liliasaxe@gmail.com'), (3426, 'Delcina', 'Pergrim', 'delcinapergrim@yahoo.com'), (3427, 'Jeanine', 'Borer', 'jeanineborer@gmail.com'), (3428, 'Teressa', 'Rhine', 'teressarhine@yahoo.com'), (3429, 'Petronilla', 'Bouchard', 'petronillabouchard@agh.edu.pl'), (3430, 'Minna', 'Landrum', 'minnalandrum@gmail.com'), (3431, 'Isidora', 'Lassiter', 'isidoralassiter@yahoo.com'), (3432, 'Jolynn', 'De Witt', 'jolynndewitt@yahoo.com'), (3433, 'Phebe', 'Sopher', 'phebesopher@agh.edu.pl'), (3434, 'Reena', 'Shorter', 'reenashorter@yahoo.com'), (3435, 'Vivyanne', 'Millan', 'vivyannemillan@agh.edu.pl'), (3436, 'Mickie', 'Bum', 'mickiebum@agh.edu.pl'), (3437, 'Tiffani', 'Kara', 'tiffanikara@agh.edu.pl'), (3438, 'Ethelyn', 'Zarah', 'ethelynzarah@agh.edu.pl'), (3439, 'Angele', 'Four', 'angelefour@yahoo.com'), (3440, 'Dorian', 'Millman', 'dorianmillman@agh.edu.pl'), (3441, 'Chickie', 'Maurizio', 'chickiemaurizio@agh.edu.pl'), (3442, 'Tarra', 'Cedar', 'tarracedar@gmail.com'), (3443, 'Adria', 'Kalindi', 'adriakalindi@yahoo.com'), (3444, 'Babbie', 'Leahey', 'babbieleahey@agh.edu.pl'), (3445, 'Dominica', 'Kylila', 'dominicakylila@agh.edu.pl'), (3446, 'Carlota', 'Saunder', 'carlotasaunder@agh.edu.pl'), (3447, 'Teriann', 'Cranston', 'terianncranston@agh.edu.pl'), (3448, 'Rozalin', 'Diarmid', 'rozalindiarmid@gmail.com'), (3449, 'Alisun', 'Angelita', 'alisunangelita@agh.edu.pl'), (3450, 'Cordie', 'Tannie', 'cordietannie@agh.edu.pl'), (3451, 'Berni', 'Holub', 'berniholub@agh.edu.pl'), (3452, 'Nadean', 'Meuse', 'nadeanmeuse@gmail.com'), (3453, 'Lauren', 'Natividad', 'laurennatividad@agh.edu.pl'), (3454, 'Krissie', 'Woehick', 'krissiewoehick@agh.edu.pl'), (3455, 'Jordana', 'Ventre', 'jordanaventre@agh.edu.pl'), (3456, 'Carlynn', 'Eurydice', 'carlynneurydice@gmail.com'), (3457, 'Megan', 'Rickie', 'meganrickie@yahoo.com'), (3458, 'Robinett', 'Saltzman', 'robinettsaltzman@agh.edu.pl'), (3459, 'Kathryn', 'Petrine', 'kathrynpetrine@agh.edu.pl'), (3460, 'Leonie', 'Dowell', 'leoniedowell@agh.edu.pl'), (3461, 'Edwina', 'Orola', 'edwinaorola@gmail.com'), (3462, 'Davina', 'Gee', 'davinagee@yahoo.com'), (3463, 'Marcile', 'Montanez', 'marcilemontanez@yahoo.com'), (3464, 'Marena', 'Desmund', 'marenadesmund@agh.edu.pl'), (3465, 'Dorothy', 'Holsworth', 'dorothyholsworth@yahoo.com'), (3466, 'Ofella', 'Lizette', 'ofellalizette@gmail.com'), (3467, 'Vania', 'Den', 'vaniaden@agh.edu.pl'), (3468, 'Selia', 'Melvina', 'seliamelvina@yahoo.com'), (3469, 'Carmelina', 'Gaskins', 'carmelinagaskins@gmail.com'), (3470, 'Dyna', 'Aekerly', 'dynaaekerly@yahoo.com'), (3471, 'Lynnett', 'Mosier', 'lynnettmosier@agh.edu.pl'), (3472, 'Megan', 'Cosenza', 'megancosenza@yahoo.com'), (3473, 'Bernardina', 'Cherice', 'bernardinacherice@gmail.com'), (3474, 'Diane-Marie', 'Corenda', 'diane-mariecorenda@agh.edu.pl'), (3475, 'Martica', 'Brosy', 'marticabrosy@yahoo.com'), (3476, 'Clementine', 'Viviyan', 'clementineviviyan@agh.edu.pl'), (3477, 'Johannah', 'Medarda', 'johannahmedarda@gmail.com'), (3478, 'Dennie', 'Samson', 'denniesamson@agh.edu.pl'), (3479, 'Zara', 'Bradford', 'zarabradford@gmail.com'), (3480, 'Sheri', 'Constance', 'shericonstance@yahoo.com'), (3481, 'Sophi', 'Walling', 'sophiwalling@agh.edu.pl'), (3482, 'Dottie', 'Nepil', 'dottienepil@agh.edu.pl'), (3483, 'Cayla', 'MacGuiness', 'caylamacguiness@agh.edu.pl'), (3484, 'Vittoria', 'Fairbanks', 'vittoriafairbanks@gmail.com'), (3485, 'Mary', 'Orelee', 'maryorelee@gmail.com'), (3486, 'Nerte', 'Mar', 'nertemar@gmail.com'), (3487, 'Sarita', 'Diannne', 'saritadiannne@gmail.com'), (3488, 'Bunnie', 'Claretta', 'bunnieclaretta@agh.edu.pl'), (3489, 'Catharina', 'Areta', 'catharinaareta@gmail.com'), (3490, 'Karia', 'Donetta', 'kariadonetta@yahoo.com'), (3491, 'Jobey', 'Morentz', 'jobeymorentz@gmail.com'), (3492, 'Chiquia', 'Faubion', 'chiquiafaubion@agh.edu.pl'), (3493, 'Evelyn', 'Herrod', 'evelynherrod@gmail.com'), (3494, 'Jena', 'Towland', 'jenatowland@gmail.com'), (3495, 'Sarene', 'Elysha', 'sareneelysha@agh.edu.pl'), (3496, 'Charmion', 'Bo', 'charmionbo@yahoo.com'), (3497, 'Laural', 'Harewood', 'lauralharewood@agh.edu.pl'), (3498, 'Auria', 'Luthanen', 'aurialuthanen@gmail.com'), (3499, 'Fionna', 'Mulderig', 'fionnamulderig@yahoo.com'), (3500, 'Debee', 'Irra', 'debeeirra@yahoo.com'), (3501, 'Helsa', 'Mall', 'helsamall@gmail.com'), (3502, 'Eileen', 'Rance', 'eileenrance@gmail.com'), (3503, 'Seka', 'Teeter', 'sekateeter@yahoo.com'), (3504, 'Mamie', 'Woodsum', 'mamiewoodsum@agh.edu.pl'), (3505, 'Melly', 'Chrisse', 'mellychrisse@yahoo.com'), (3506, 'Nolana', 'Tisha', 'nolanatisha@agh.edu.pl'), (3507, 'Giustina', 'Man', 'giustinaman@gmail.com'), (3508, 'Henrieta', 'Junia', 'henrietajunia@yahoo.com'), (3509, 'Julita', 'Suzann', 'julitasuzann@yahoo.com'), (3510, 'Rebe', 'Murdoch', 'rebemurdoch@gmail.com'), (3511, 'Fidelia', 'Healion', 'fideliahealion@agh.edu.pl'), (3512, 'Rosaleen', 'Meredi', 'rosaleenmeredi@yahoo.com'), (3513, 'Laney', 'Reece', 'laneyreece@yahoo.com'), (3514, 'Elie', 'Lurette', 'elielurette@gmail.com'), (3515, 'Jeannie', 'Tybalt', 'jeannietybalt@gmail.com'), (3516, 'Jacklyn', 'Shenan', 'jacklynshenan@gmail.com'), (3517, 'Dasha', 'Mariel', 'dashamariel@agh.edu.pl'), (3518, 'Ruthann', 'Alegre', 'ruthannalegre@agh.edu.pl'), (3519, 'Alejandrina', 'Melar', 'alejandrinamelar@gmail.com'), (3520, 'Chlo', 'Lidia', 'chlolidia@gmail.com'), (3521, 'Christiana', 'Barlow', 'christianabarlow@yahoo.com'), (3522, 'Mandie', 'Adriell', 'mandieadriell@gmail.com'), (3523, 'Betti', 'Maze', 'bettimaze@agh.edu.pl'), (3524, 'Nolana', 'Stevens', 'nolanastevens@agh.edu.pl'), (3525, 'Torie', 'Keiko', 'toriekeiko@agh.edu.pl'), (3526, 'Abagael', 'Weinreb', 'abagaelweinreb@agh.edu.pl'), (3527, 'Emalee', 'Buehrer', 'emaleebuehrer@agh.edu.pl'), (3528, 'Carlynne', 'Agan', 'carlynneagan@gmail.com'), (3529, 'Cindy', 'Elidad', 'cindyelidad@yahoo.com'), (3530, 'Roseanna', 'Shani', 'roseannashani@yahoo.com'), (3531, 'Oralla', 'Viridis', 'orallaviridis@agh.edu.pl'), (3532, 'Rici', 'Samuelson', 'ricisamuelson@gmail.com'), (3533, 'Jayne', 'Pasol', 'jaynepasol@yahoo.com'), (3534, 'Kalina', 'Ermin', 'kalinaermin@yahoo.com'), (3535, 'Yelena', 'Helena', 'yelenahelena@agh.edu.pl'), (3536, 'Stevena', 'Louella', 'stevenalouella@gmail.com'), (3537, 'Sheela', 'Hayton', 'sheelahayton@agh.edu.pl'), (3538, 'Carlynn', 'Emrich', 'carlynnemrich@yahoo.com'), (3539, 'Willette', 'Golding', 'willettegolding@gmail.com'), (3540, 'Erica', 'Don', 'ericadon@agh.edu.pl'), (3541, 'Betteanne', 'Gabrielson', 'betteannegabrielson@agh.edu.pl'), (3542, 'Jessy', 'Prosper', 'jessyprosper@gmail.com'), (3543, 'Georgeta', 'Dacie', 'georgetadacie@yahoo.com'), (3544, 'Cindie', 'Anderea', 'cindieanderea@yahoo.com'), (3545, 'Melesa', 'Mendive', 'melesamendive@gmail.com'), (3546, 'Marian', 'Moreno', 'marianmoreno@gmail.com'), (3547, 'Shanna', 'Borlow', 'shannaborlow@yahoo.com'), (3548, 'Ardelis', 'Kern', 'ardeliskern@yahoo.com'), (3549, 'Haley', 'Maisey', 'haleymaisey@gmail.com'), (3550, 'Violette', 'Haldis', 'violettehaldis@gmail.com'), (3551, 'Sheba', 'Laveen', 'shebalaveen@gmail.com'), (3552, 'Patti', 'Bernstein', 'pattibernstein@yahoo.com'), (3553, 'Jillayne', 'Doty', 'jillaynedoty@agh.edu.pl'), (3554, 'Vevay', 'Neiman', 'vevayneiman@agh.edu.pl'), (3555, 'Moria', 'Marv', 'moriamarv@yahoo.com'), (3556, 'Maressa', 'Race', 'maressarace@yahoo.com'), (3557, 'Iormina', 'Rexana', 'iorminarexana@yahoo.com'), (3558, 'Agnesse', 'Denver', 'agnessedenver@gmail.com'), (3559, 'Leonanie', 'Buxton', 'leonaniebuxton@agh.edu.pl'), (3560, 'Rianon', 'Tosch', 'rianontosch@gmail.com'), (3561, 'Brittney', 'Berte', 'brittneyberte@yahoo.com'), (3562, 'Shel', 'Abe', 'shelabe@agh.edu.pl'), (3563, 'Harli', 'Waki', 'harliwaki@yahoo.com'), (3564, 'Melinde', 'Roseanne', 'melinderoseanne@agh.edu.pl'), (3565, 'Eloise', 'Rosenblum', 'eloiserosenblum@agh.edu.pl'), (3566, 'Genovera', 'Lindahl', 'genoveralindahl@agh.edu.pl'), (3567, 'Meggi', 'Orvil', 'meggiorvil@gmail.com'), (3568, 'Siobhan', 'Malory', 'siobhanmalory@gmail.com'), (3569, 'Leese', 'Alodi', 'leesealodi@agh.edu.pl'), (3570, 'Merridie', 'Angelico', 'merridieangelico@agh.edu.pl'), (3571, 'Catherine', 'Levine', 'catherinelevine@yahoo.com'), (3572, 'Joanne', 'Den', 'joanneden@yahoo.com'), (3573, 'Aprilette', 'Merchant', 'aprilettemerchant@gmail.com'), (3574, 'Della', 'Othilie', 'dellaothilie@agh.edu.pl'), (3575, 'Evvie', 'Marte', 'evviemarte@gmail.com'), (3576, 'Pansy', 'Valerian', 'pansyvalerian@agh.edu.pl'), (3577, 'Josepha', 'Audris', 'josephaaudris@agh.edu.pl'), (3578, 'Merle', 'Gambrill', 'merlegambrill@yahoo.com'), (3579, 'Marjie', 'Houlberg', 'marjiehoulberg@yahoo.com'), (3580, 'Abby', 'Harvey', 'abbyharvey@agh.edu.pl'), (3581, 'Bill', 'Koblas', 'billkoblas@agh.edu.pl'), (3582, 'Nicholle', 'Corder', 'nichollecorder@gmail.com'), (3583, 'Albertina', 'Coreen', 'albertinacoreen@gmail.com'), (3584, 'Rozelle', 'Breger', 'rozellebreger@yahoo.com'), (3585, 'Edithe', 'Stern', 'edithestern@gmail.com'), (3586, 'Nicolle', 'Barbabas', 'nicollebarbabas@agh.edu.pl'), (3587, 'Jocelin', 'Robinetta', 'jocelinrobinetta@agh.edu.pl'), (3588, 'Elsie', 'Ketchum', 'elsieketchum@gmail.com'), (3589, 'Faith', 'Pence', 'faithpence@yahoo.com'), (3590, 'Janis', 'Bridie', 'janisbridie@gmail.com'), (3591, 'Farica', 'Paris', 'faricaparis@agh.edu.pl'), (3592, 'Alena', 'Cord', 'alenacord@agh.edu.pl'), (3593, 'Dredi', 'Nollie', 'dredinollie@gmail.com'), (3594, 'Barbette', 'Nerita', 'barbettenerita@yahoo.com'), (3595, 'Bibi', 'Cullan', 'bibicullan@gmail.com'), (3596, 'Ira', 'Kinsman', 'irakinsman@agh.edu.pl'), (3597, 'Janeen', 'Verina', 'janeenverina@agh.edu.pl'), (3598, 'Hyacinth', 'Schurman', 'hyacinthschurman@agh.edu.pl'), (3599, 'Teddi', 'Lawson', 'teddilawson@gmail.com'), (3600, 'Vere', 'Abramson', 'vereabramson@yahoo.com')
insert into dbo.registered (registered_id, first_name, last_name, email_address) values (3601, 'Aubrie', 'Towny', 'aubrietowny@yahoo.com'), (3602, 'Bernardine', 'Thamos', 'bernardinethamos@agh.edu.pl'), (3603, 'Tedda', 'Maiah', 'teddamaiah@yahoo.com'), (3604, 'Philly', 'Barb', 'phillybarb@yahoo.com'), (3605, 'Cherlyn', 'Quent', 'cherlynquent@gmail.com'), (3606, 'Cyndy', 'Cadmar', 'cyndycadmar@gmail.com'), (3607, 'Madonna', 'Bowden', 'madonnabowden@agh.edu.pl'), (3608, 'Adoree', 'Elfrieda', 'adoreeelfrieda@gmail.com'), (3609, 'Claude', 'Jarvey', 'claudejarvey@agh.edu.pl'), (3610, 'Jackqueline', 'Woehick', 'jackquelinewoehick@agh.edu.pl'), (3611, 'Eve', 'Elset', 'eveelset@agh.edu.pl'), (3612, 'Mair', 'Neumann', 'mairneumann@yahoo.com'), (3613, 'Audrie', 'Hagai', 'audriehagai@agh.edu.pl'), (3614, 'Ulrika', 'Merrili', 'ulrikamerrili@agh.edu.pl'), (3615, 'May', 'Peltz', 'maypeltz@yahoo.com'), (3616, 'Grier', 'Linda', 'grierlinda@yahoo.com'), (3617, 'Freddy', 'Marys', 'freddymarys@yahoo.com'), (3618, 'Georgeta', 'Oswal', 'georgetaoswal@agh.edu.pl'), (3619, 'Jenna', 'Unders', 'jennaunders@yahoo.com'), (3620, 'Gelya', 'Gussy', 'gelyagussy@yahoo.com'), (3621, 'Britta', 'Shiroma', 'brittashiroma@agh.edu.pl'), (3622, 'Harriott', 'Cheston', 'harriottcheston@agh.edu.pl'), (3623, 'Marylou', 'Gun', 'marylougun@agh.edu.pl'), (3624, 'Robinette', 'Aria', 'robinettearia@yahoo.com'), (3625, 'Janet', 'Joelie', 'janetjoelie@gmail.com'), (3626, 'Letizia', 'Hali', 'letiziahali@yahoo.com'), (3627, 'Piper', 'Morez', 'pipermorez@gmail.com'), (3628, 'Zsazsa', 'Malvie', 'zsazsamalvie@gmail.com'), (3629, 'Livvy', 'Toole', 'livvytoole@yahoo.com'), (3630, 'Dodie', 'Herr', 'dodieherr@agh.edu.pl'), (3631, 'Rosemonde', 'Pylle', 'rosemondepylle@agh.edu.pl'), (3632, 'TEirtza', 'Burford', 'teirtzaburford@agh.edu.pl'), (3633, 'Nelli', 'Aloysia', 'nellialoysia@gmail.com'), (3634, 'Rebekah', 'Cloots', 'rebekahcloots@gmail.com'), (3635, 'Gabie', 'Holcomb', 'gabieholcomb@yahoo.com'), (3636, 'Valentina', 'Malva', 'valentinamalva@gmail.com'), (3637, 'Doris', 'Sayles', 'dorissayles@gmail.com'), (3638, 'Adaline', 'Roehm', 'adalineroehm@yahoo.com'), (3639, 'Bette', 'Vullo', 'bettevullo@gmail.com'), (3640, 'Valerie', 'Bouchier', 'valeriebouchier@gmail.com'), (3641, 'Maggee', 'Yalonda', 'maggeeyalonda@yahoo.com'), (3642, 'Minni', 'Cathryn', 'minnicathryn@agh.edu.pl'), (3643, 'Adelind', 'Vic', 'adelindvic@gmail.com'), (3644, 'Dosi', 'Elma', 'dosielma@agh.edu.pl'), (3645, 'Sonya', 'Jania', 'sonyajania@yahoo.com'), (3646, 'Dani', 'Mariska', 'danimariska@gmail.com'), (3647, 'Rana', 'Grannie', 'ranagrannie@gmail.com'), (3648, 'Josephina', 'Varden', 'josephinavarden@yahoo.com'), (3649, 'Kaylyn', 'Gunner', 'kaylyngunner@agh.edu.pl'), (3650, 'Valaree', 'Dorinda', 'valareedorinda@yahoo.com'), (3651, 'Rosalinde', 'Ladew', 'rosalindeladew@yahoo.com'), (3652, 'Justine', 'Mehta', 'justinemehta@yahoo.com'), (3653, 'Rebecka', 'Berkshire', 'rebeckaberkshire@yahoo.com'), (3654, 'Almeria', 'Magbie', 'almeriamagbie@gmail.com'), (3655, 'Jenda', 'Raybourne', 'jendaraybourne@agh.edu.pl'), (3656, 'Laurel', 'Carrie', 'laurelcarrie@gmail.com'), (3657, 'Sher', 'Rees', 'sherrees@agh.edu.pl'), (3658, 'Carolynn', 'Alban', 'carolynnalban@gmail.com'), (3659, 'Anne', 'Geminius', 'annegeminius@yahoo.com'), (3660, 'Gill', 'Semela', 'gillsemela@gmail.com'), (3661, 'Martelle', 'Weisberg', 'martelleweisberg@gmail.com'), (3662, 'Giovanna', 'Benn', 'giovannabenn@yahoo.com'), (3663, 'Dorrie', 'Nipha', 'dorrienipha@yahoo.com'), (3664, 'Jessamine', 'Aldarcie', 'jessaminealdarcie@yahoo.com'), (3665, 'Electra', 'Gregorius', 'electragregorius@gmail.com'), (3666, 'Nedda', 'Dorolice', 'neddadorolice@yahoo.com'), (3667, 'Thekla', 'Dhu', 'thekladhu@yahoo.com'), (3668, 'Joell', 'Eberhart', 'joelleberhart@yahoo.com'), (3669, 'Eloise', 'Cailly', 'eloisecailly@yahoo.com'), (3670, 'Licha', 'Jewelle', 'lichajewelle@yahoo.com'), (3671, 'Kiersten', 'Tod', 'kierstentod@yahoo.com'), (3672, 'Debora', 'Charlotta', 'deboracharlotta@agh.edu.pl'), (3673, 'Paulina', 'Previdi', 'paulinaprevidi@gmail.com'), (3674, 'Diana', 'Balliol', 'dianaballiol@agh.edu.pl'), (3675, 'Angela', 'Merideth', 'angelamerideth@yahoo.com'), (3676, 'Millie', 'Rose', 'millierose@gmail.com'), (3677, 'Jeanine', 'Noble', 'jeaninenoble@yahoo.com'), (3678, 'Alicia', 'Beal', 'aliciabeal@gmail.com'), (3679, 'Gerri', 'Mackintosh', 'gerrimackintosh@yahoo.com'), (3680, 'Pammy', 'Bradman', 'pammybradman@agh.edu.pl'), (3681, 'Emmalynne', 'Best', 'emmalynnebest@gmail.com'), (3682, 'Ida', 'Kawasaki', 'idakawasaki@agh.edu.pl'), (3683, 'Tabby', 'Oconnor', 'tabbyoconnor@yahoo.com'), (3684, 'Tandy', 'Palmer', 'tandypalmer@gmail.com'), (3685, 'Gwendolin', 'Mallina', 'gwendolinmallina@agh.edu.pl'), (3686, 'Charmion', 'Dorie', 'charmiondorie@yahoo.com'), (3687, 'Alexine', 'Kennie', 'alexinekennie@yahoo.com'), (3688, 'Kalina', 'Hungarian', 'kalinahungarian@gmail.com'), (3689, 'Dido', 'Jemimah', 'didojemimah@agh.edu.pl'), (3690, 'Tommi', 'Kovacev', 'tommikovacev@agh.edu.pl'), (3691, 'Ardyth', 'Marie', 'ardythmarie@yahoo.com'), (3692, 'Jourdan', 'Boigie', 'jourdanboigie@yahoo.com'), (3693, 'Christalle', 'Cristina', 'christallecristina@gmail.com'), (3694, 'Matty', 'Weissmann', 'mattyweissmann@gmail.com'), (3695, 'Avivah', 'Sidwel', 'avivahsidwel@yahoo.com'), (3696, 'Aigneis', 'Ioab', 'aigneisioab@agh.edu.pl'), (3697, 'Melisa', 'Hanfurd', 'melisahanfurd@agh.edu.pl'), (3698, 'Batsheva', 'Cinda', 'batshevacinda@yahoo.com'), (3699, 'Gunilla', 'Chrisse', 'gunillachrisse@gmail.com'), (3700, 'Rosemonde', 'Chud', 'rosemondechud@gmail.com'), (3701, 'Bell', 'Trilby', 'belltrilby@gmail.com'), (3702, 'Peri', 'Egin', 'periegin@yahoo.com'), (3703, 'Kaitlin', 'Ribaudo', 'kaitlinribaudo@agh.edu.pl'), (3704, 'Judie', 'Wendolyn', 'judiewendolyn@agh.edu.pl'), (3705, 'Ivie', 'Jeconiah', 'iviejeconiah@gmail.com'), (3706, 'Vivianne', 'McCourt', 'viviannemccourt@agh.edu.pl'), (3707, 'Crysta', 'Giuditta', 'crystagiuditta@yahoo.com'), (3708, 'Ellyn', 'Claudy', 'ellynclaudy@gmail.com'), (3709, 'Minnaminnie', 'OConner', 'minnaminnieoconner@gmail.com'), (3710, 'Alameda', 'Toscano', 'alamedatoscano@gmail.com'), (3711, 'Hildegarde', 'Pirri', 'hildegardepirri@gmail.com'), (3712, 'Blanch', 'Lala', 'blanchlala@gmail.com'), (3713, 'Domini', 'Nerita', 'domininerita@agh.edu.pl'), (3714, 'Sonnnie', 'Nita', 'sonnnienita@agh.edu.pl'), (3715, 'Carmon', 'Sasnett', 'carmonsasnett@gmail.com'), (3716, 'Ashil', 'Marinelli', 'ashilmarinelli@agh.edu.pl'), (3717, 'Collete', 'Vinnie', 'colletevinnie@gmail.com'), (3718, 'Shayna', 'Keane', 'shaynakeane@gmail.com'), (3719, 'Mariya', 'Bigod', 'mariyabigod@gmail.com'), (3720, 'Marjie', 'Jeroma', 'marjiejeroma@yahoo.com'), (3721, 'Martha', 'Nita', 'marthanita@yahoo.com'), (3722, 'Maurizia', 'Tammie', 'mauriziatammie@gmail.com'), (3723, 'Kassey', 'Kealey', 'kasseykealey@agh.edu.pl'), (3724, 'Charlean', 'Moses', 'charleanmoses@gmail.com'), (3725, 'Alexi', 'Steen', 'alexisteen@yahoo.com'), (3726, 'Sophie', 'Hanway', 'sophiehanway@agh.edu.pl'), (3727, 'Dorie', 'Nathalia', 'dorienathalia@yahoo.com'), (3728, 'Lily', 'Standford', 'lilystandford@yahoo.com'), (3729, 'Allene', 'ODriscoll', 'alleneodriscoll@yahoo.com'), (3730, 'Ramona', 'Trainor', 'ramonatrainor@gmail.com'), (3731, 'Annmarie', 'Lorens', 'annmarielorens@gmail.com'), (3732, 'Annabella', 'Sigfried', 'annabellasigfried@yahoo.com'), (3733, 'Cara', 'Lillie', 'caralillie@yahoo.com'), (3734, 'Channa', 'Melloney', 'channamelloney@yahoo.com'), (3735, 'Amye', 'Blaire', 'amyeblaire@gmail.com'), (3736, 'Berny', 'Blisse', 'bernyblisse@gmail.com'), (3737, 'Jorry', 'Marylin', 'jorrymarylin@gmail.com'), (3738, 'Kiersten', 'Farris', 'kierstenfarris@agh.edu.pl'), (3739, 'Phoebe', 'Iinde', 'phoebeiinde@yahoo.com'), (3740, 'Sallyann', 'Bergwall', 'sallyannbergwall@agh.edu.pl'), (3741, 'Stephana', 'Nerte', 'stephananerte@gmail.com'), (3742, 'Domini', 'Fiske', 'dominifiske@gmail.com'), (3743, 'Concettina', 'Bassett', 'concettinabassett@agh.edu.pl'), (3744, 'Kirstyn', 'Vasilis', 'kirstynvasilis@gmail.com'), (3745, 'Melissa', 'Seltzer', 'melissaseltzer@gmail.com'), (3746, 'Kitty', 'Darrill', 'kittydarrill@agh.edu.pl'), (3747, 'Jacinthe', 'Pampuch', 'jacinthepampuch@yahoo.com'), (3748, 'Odille', 'Shelagh', 'odilleshelagh@agh.edu.pl'), (3749, 'Dixie', 'Parrie', 'dixieparrie@agh.edu.pl'), (3750, 'Cindee', 'Kerrill', 'cindeekerrill@yahoo.com'), (3751, 'Maritsa', 'Bill', 'maritsabill@yahoo.com'), (3752, 'Lonna', 'Wyatt', 'lonnawyatt@agh.edu.pl'), (3753, 'Enriqueta', 'Chuch', 'enriquetachuch@gmail.com'), (3754, 'Rhianon', 'Flore', 'rhianonflore@agh.edu.pl'), (3755, 'Drucill', 'Tedd', 'drucilltedd@agh.edu.pl'), (3756, 'Tate', 'Arleen', 'tatearleen@gmail.com'), (3757, 'Charline', 'Dyche', 'charlinedyche@gmail.com'), (3758, 'Georgetta', 'Raffo', 'georgettaraffo@yahoo.com'), (3759, 'Kass', 'Terzas', 'kassterzas@agh.edu.pl'), (3760, 'Donelle', 'Doig', 'donelledoig@yahoo.com'), (3761, 'Veronike', 'Danie', 'veronikedanie@gmail.com'), (3762, 'Laurianne', 'Gilburt', 'lauriannegilburt@gmail.com'), (3763, 'Abbe', 'Tahmosh', 'abbetahmosh@yahoo.com'), (3764, 'Ailyn', 'Baggott', 'ailynbaggott@yahoo.com'), (3765, 'Sal', 'Charis', 'salcharis@yahoo.com'), (3766, 'Heidie', 'Dorisa', 'heidiedorisa@yahoo.com'), (3767, 'Farrand', 'Serica', 'farrandserica@yahoo.com'), (3768, 'Chantalle', 'Tonya', 'chantalletonya@yahoo.com'), (3769, 'Nollie', 'Gottwald', 'nolliegottwald@yahoo.com'), (3770, 'Caresa', 'Weidner', 'caresaweidner@yahoo.com'), (3771, 'Henrieta', 'Topper', 'henrietatopper@gmail.com'), (3772, 'Leandra', 'Koloski', 'leandrakoloski@agh.edu.pl'), (3773, 'Karry', 'Fatma', 'karryfatma@agh.edu.pl'), (3774, 'Malinde', 'Barnett', 'malindebarnett@yahoo.com'), (3775, 'Stace', 'Girard', 'stacegirard@yahoo.com'), (3776, 'Leann', 'Marteena', 'leannmarteena@yahoo.com'), (3777, 'Marcella', 'Fabrianne', 'marcellafabrianne@yahoo.com'), (3778, 'Amandy', 'Darnell', 'amandydarnell@yahoo.com'), (3779, 'Georgena', 'Corty', 'georgenacorty@gmail.com'), (3780, 'Vinny', 'Vilberg', 'vinnyvilberg@agh.edu.pl'), (3781, 'Gwenneth', 'Brigitta', 'gwennethbrigitta@yahoo.com'), (3782, 'Tomasina', 'Season', 'tomasinaseason@agh.edu.pl'), (3783, 'Randa', 'Clive', 'randaclive@yahoo.com'), (3784, 'Merrile', 'Jezabella', 'merrilejezabella@yahoo.com'), (3785, 'Meryl', 'Sergo', 'merylsergo@agh.edu.pl'), (3786, 'Aliza', 'Thanh', 'alizathanh@yahoo.com'), (3787, 'Valida', 'Romilda', 'validaromilda@yahoo.com'), (3788, 'Grethel', 'Carrol', 'grethelcarrol@agh.edu.pl'), (3789, 'Carey', 'Yaker', 'careyyaker@gmail.com'), (3790, 'Star', 'Susy', 'starsusy@yahoo.com'), (3791, 'Paulette', 'Ammamaria', 'pauletteammamaria@agh.edu.pl'), (3792, 'Chantal', 'Rist', 'chantalrist@gmail.com'), (3793, 'Simone', 'Yetti', 'simoneyetti@gmail.com'), (3794, 'Jacklyn', 'Hluchy', 'jacklynhluchy@agh.edu.pl'), (3795, 'Karlyn', 'Pendleton', 'karlynpendleton@gmail.com'), (3796, 'Ruthy', 'Behre', 'ruthybehre@gmail.com'), (3797, 'Koral', 'Hildegard', 'koralhildegard@yahoo.com'), (3798, 'Maegan', 'Herc', 'maeganherc@gmail.com'), (3799, 'Alvinia', 'Darline', 'alviniadarline@agh.edu.pl'), (3800, 'Fianna', 'Foster', 'fiannafoster@gmail.com'), (3801, 'Netty', 'Anzovin', 'nettyanzovin@yahoo.com'), (3802, 'Nata', 'Alby', 'nataalby@yahoo.com'), (3803, 'Pegeen', 'Kerrison', 'pegeenkerrison@yahoo.com'), (3804, 'Dacie', 'Fauman', 'daciefauman@gmail.com'), (3805, 'Harriott', 'Semmes', 'harriottsemmes@agh.edu.pl'), (3806, 'Quinn', 'Nordin', 'quinnnordin@agh.edu.pl'), (3807, 'Ardra', 'Philbert', 'ardraphilbert@gmail.com'), (3808, 'Ranna', 'Morley', 'rannamorley@yahoo.com'), (3809, 'Mirelle', 'Benjamin', 'mirellebenjamin@gmail.com'), (3810, 'Joey', 'Philips', 'joeyphilips@yahoo.com'), (3811, 'Maryanne', 'Sheehan', 'maryannesheehan@agh.edu.pl'), (3812, 'Lindsy', 'Durkin', 'lindsydurkin@agh.edu.pl'), (3813, 'Indira', 'Halfdan', 'indirahalfdan@yahoo.com'), (3814, 'Vonni', 'Brandie', 'vonnibrandie@yahoo.com'), (3815, 'Cassandry', 'Baskett', 'cassandrybaskett@agh.edu.pl'), (3816, 'Jemie', 'Sayers', 'jemiesayers@gmail.com'), (3817, 'Nessa', 'Rea', 'nessarea@agh.edu.pl'), (3818, 'Philipa', 'Fleta', 'philipafleta@gmail.com'), (3819, 'Doralin', 'Toni', 'doralintoni@yahoo.com'), (3820, 'Sheba', 'Colene', 'shebacolene@agh.edu.pl'), (3821, 'Andie', 'Kurtis', 'andiekurtis@gmail.com'), (3822, 'Lorri', 'Ranger', 'lorriranger@yahoo.com'), (3823, 'Dacie', 'Namara', 'dacienamara@gmail.com'), (3824, 'Meredithe', 'Behlau', 'meredithebehlau@agh.edu.pl'), (3825, 'Marin', 'Dowzall', 'marindowzall@gmail.com'), (3826, 'Torey', 'Septima', 'toreyseptima@yahoo.com'), (3827, 'Agna', 'Fanechka', 'agnafanechka@agh.edu.pl'), (3828, 'Nannie', 'Cutler', 'nanniecutler@gmail.com'), (3829, 'Mehetabel', 'Tal', 'mehetabeltal@gmail.com'), (3830, 'Franciska', 'Wiltz', 'franciskawiltz@gmail.com'), (3831, 'Ame', 'Lise', 'amelise@yahoo.com'), (3832, 'Meara', 'Peri', 'mearaperi@agh.edu.pl'), (3833, 'Eileen', 'Lorrie', 'eileenlorrie@agh.edu.pl'), (3834, 'Katherine', 'Manwell', 'katherinemanwell@yahoo.com'), (3835, 'Agata', 'Deck', 'agatadeck@agh.edu.pl'), (3836, 'Cthrine', 'Biondo', 'cthrinebiondo@gmail.com'), (3837, 'Claribel', 'Beaufert', 'claribelbeaufert@gmail.com'), (3838, 'Yetty', 'Salaidh', 'yettysalaidh@agh.edu.pl'), (3839, 'Mathilda', 'Harbard', 'mathildaharbard@gmail.com'), (3840, 'Ardis', 'Saum', 'ardissaum@gmail.com'), (3841, 'Julietta', 'Rodolfo', 'juliettarodolfo@agh.edu.pl'), (3842, 'Zsazsa', 'Og', 'zsazsaog@agh.edu.pl'), (3843, 'Rycca', 'Brodench', 'ryccabrodench@agh.edu.pl'), (3844, 'Bellina', 'Oribella', 'bellinaoribella@gmail.com'), (3845, 'Kym', 'Aloysius', 'kymaloysius@yahoo.com'), (3846, 'Clair', 'Brandice', 'clairbrandice@agh.edu.pl'), (3847, 'Koo', 'Martin', 'koomartin@agh.edu.pl'), (3848, 'Magdalen', 'Kay', 'magdalenkay@yahoo.com'), (3849, 'Miguelita', 'Cade', 'miguelitacade@yahoo.com'), (3850, 'Devina', 'Denman', 'devinadenman@gmail.com'), (3851, 'Kellie', 'Rogozen', 'kellierogozen@gmail.com'), (3852, 'Ingaberg', 'Genovera', 'ingaberggenovera@gmail.com'), (3853, 'May', 'Arney', 'mayarney@yahoo.com'), (3854, 'Bernadine', 'Beatrice', 'bernadinebeatrice@yahoo.com'), (3855, 'Bell', 'Thatch', 'bellthatch@agh.edu.pl'), (3856, 'Herta', 'Kristal', 'hertakristal@yahoo.com'), (3857, 'Mame', 'Thayne', 'mamethayne@agh.edu.pl'), (3858, 'Marybeth', 'Edholm', 'marybethedholm@yahoo.com'), (3859, 'Cissy', 'Susy', 'cissysusy@agh.edu.pl'), (3860, 'Meara', 'Suzy', 'mearasuzy@yahoo.com'), (3861, 'Nada', 'Faso', 'nadafaso@gmail.com'), (3862, 'Aloise', 'Fiertz', 'aloisefiertz@yahoo.com'), (3863, 'Bernita', 'Keener', 'bernitakeener@yahoo.com'), (3864, 'Gale', 'Hanzelin', 'galehanzelin@gmail.com'), (3865, 'Hannah', 'Marilou', 'hannahmarilou@yahoo.com'), (3866, 'Dolores', 'Antonius', 'doloresantonius@agh.edu.pl'), (3867, 'Kit', 'Gothar', 'kitgothar@yahoo.com'), (3868, 'Lin', 'Roosevelt', 'linroosevelt@agh.edu.pl'), (3869, 'Cornie', 'Albert', 'corniealbert@agh.edu.pl'), (3870, 'Simonne', 'Rozella', 'simonnerozella@yahoo.com'), (3871, 'Odella', 'Romelda', 'odellaromelda@yahoo.com'), (3872, 'Hyacinthe', 'Laine', 'hyacinthelaine@yahoo.com'), (3873, 'Amaleta', 'Wartow', 'amaletawartow@agh.edu.pl'), (3874, 'Carly', 'Burton', 'carlyburton@gmail.com'), (3875, 'Laurella', 'Chrystel', 'laurellachrystel@gmail.com'), (3876, 'Angelica', 'Cohin', 'angelicacohin@yahoo.com'), (3877, 'Jaquelin', 'Rather', 'jaquelinrather@yahoo.com'), (3878, 'Nikolia', 'Elwin', 'nikoliaelwin@agh.edu.pl'), (3879, 'Aurelia', 'Landbert', 'aurelialandbert@yahoo.com'), (3880, 'Felicdad', 'Wilfreda', 'felicdadwilfreda@gmail.com'), (3881, 'Camella', 'Hartley', 'camellahartley@agh.edu.pl'), (3882, 'Albina', 'Leonhard', 'albinaleonhard@yahoo.com'), (3883, 'Siusan', 'Monto', 'siusanmonto@agh.edu.pl'), (3884, 'Ginni', 'Etom', 'ginnietom@gmail.com'), (3885, 'Eirena', 'Weksler', 'eirenaweksler@yahoo.com'), (3886, 'Zelma', 'Fariss', 'zelmafariss@agh.edu.pl'), (3887, 'Brandea', 'Loferski', 'brandealoferski@gmail.com'), (3888, 'Josee', 'Appolonia', 'joseeappolonia@yahoo.com'), (3889, 'Tamera', 'Cherida', 'tameracherida@yahoo.com'), (3890, 'Karalynn', 'Pedaias', 'karalynnpedaias@yahoo.com'), (3891, 'Cissiee', 'Skyla', 'cissieeskyla@yahoo.com'), (3892, 'Sydney', 'Phiona', 'sydneyphiona@gmail.com'), (3893, 'Terry', 'Irwin', 'terryirwin@yahoo.com'), (3894, 'Katinka', 'Stalder', 'katinkastalder@agh.edu.pl'), (3895, 'Dianna', 'Larena', 'diannalarena@yahoo.com'), (3896, 'Clerissa', 'Tallu', 'clerissatallu@agh.edu.pl'), (3897, 'Crin', 'Saidee', 'crinsaidee@yahoo.com'), (3898, 'Rebeca', 'Belanger', 'rebecabelanger@gmail.com'), (3899, 'Analiese', 'Hollenbeck', 'analiesehollenbeck@gmail.com'), (3900, 'Vanny', 'Trumaine', 'vannytrumaine@yahoo.com'), (3901, 'Teresa', 'Schild', 'teresaschild@gmail.com'), (3902, 'Valaree', 'Lizzy', 'valareelizzy@yahoo.com'), (3903, 'Natividad', 'Ardeen', 'natividadardeen@agh.edu.pl'), (3904, 'Sally', 'Fabrianna', 'sallyfabrianna@agh.edu.pl'), (3905, 'Carlynne', 'Lodi', 'carlynnelodi@yahoo.com'), (3906, 'Gilbertine', 'Charry', 'gilbertinecharry@gmail.com'), (3907, 'Marcie', 'Ham', 'marcieham@yahoo.com'), (3908, 'Devan', 'Dorsman', 'devandorsman@yahoo.com'), (3909, 'Marney', 'Sorenson', 'marneysorenson@gmail.com'), (3910, 'Cosette', 'Packer', 'cosettepacker@gmail.com'), (3911, 'Kellsie', 'Bever', 'kellsiebever@agh.edu.pl'), (3912, 'Trina', 'Shannan', 'trinashannan@gmail.com'), (3913, 'Silvie', 'Bluefield', 'silviebluefield@gmail.com'), (3914, 'Peggi', 'Reel', 'peggireel@gmail.com'), (3915, 'Carita', 'Faires', 'caritafaires@gmail.com'), (3916, 'Pearl', 'Ferdinande', 'pearlferdinande@yahoo.com'), (3917, 'Jenine', 'Cyrill', 'jeninecyrill@gmail.com'), (3918, 'Harri', 'Huntlee', 'harrihuntlee@yahoo.com'), (3919, 'Roxie', 'Karena', 'roxiekarena@gmail.com'), (3920, 'Phillis', 'Dane', 'phillisdane@gmail.com'), (3921, 'Linzy', 'Cramer', 'linzycramer@yahoo.com'), (3922, 'Vallie', 'Arnaldo', 'valliearnaldo@yahoo.com'), (3923, 'Janet', 'Carmon', 'janetcarmon@gmail.com'), (3924, 'Eryn', 'Adriano', 'erynadriano@yahoo.com'), (3925, 'Maurizia', 'Leeland', 'maurizialeeland@gmail.com'), (3926, 'Cindi', 'Gilletta', 'cindigilletta@gmail.com'), (3927, 'Raina', 'Reiko', 'rainareiko@yahoo.com'), (3928, 'Ki', 'Neumeyer', 'kineumeyer@yahoo.com'), (3929, 'Thomasa', 'Gildea', 'thomasagildea@gmail.com'), (3930, 'Ezmeralda', 'Cate', 'ezmeraldacate@agh.edu.pl'), (3931, 'Kelli', 'Ofelia', 'kelliofelia@yahoo.com'), (3932, 'Roobbie', 'Alcine', 'roobbiealcine@agh.edu.pl'), (3933, 'Joscelin', 'Carl', 'joscelincarl@agh.edu.pl'), (3934, 'Ollie', 'Greenwood', 'olliegreenwood@yahoo.com'), (3935, 'Fernandina', 'Lidstone', 'fernandinalidstone@yahoo.com'), (3936, 'Gwyn', 'Shira', 'gwynshira@yahoo.com'), (3937, 'Virginia', 'Cassey', 'virginiacassey@agh.edu.pl'), (3938, 'Marice', 'Maurene', 'maricemaurene@yahoo.com'), (3939, 'Beatriz', 'Popele', 'beatrizpopele@yahoo.com'), (3940, 'Anselma', 'Allegra', 'anselmaallegra@gmail.com'), (3941, 'Raquel', 'Lasser', 'raquellasser@yahoo.com'), (3942, 'Kellen', 'Furr', 'kellenfurr@gmail.com'), (3943, 'Claribel', 'Libbie', 'claribellibbie@gmail.com'), (3944, 'Maia', 'Craggy', 'maiacraggy@gmail.com'), (3945, 'Gretna', 'Dareen', 'gretnadareen@agh.edu.pl'), (3946, 'Charlotte', 'Agripina', 'charlotteagripina@agh.edu.pl'), (3947, 'Katerina', 'Gerger', 'katerinagerger@gmail.com'), (3948, 'Harriott', 'Choo', 'harriottchoo@gmail.com'), (3949, 'Olimpia', 'Nobel', 'olimpianobel@gmail.com'), (3950, 'Amii', 'Joleen', 'amiijoleen@gmail.com'), (3951, 'Carmelina', 'Aalst', 'carmelinaaalst@yahoo.com'), (3952, 'Krista', 'Red', 'kristared@agh.edu.pl'), (3953, 'Stacie', 'Polik', 'staciepolik@gmail.com'), (3954, 'Idette', 'Rosenstein', 'idetterosenstein@agh.edu.pl'), (3955, 'Mair', 'Windsor', 'mairwindsor@yahoo.com'), (3956, 'Nina', 'Deborath', 'ninadeborath@yahoo.com'), (3957, 'Rivy', 'Denie', 'rivydenie@gmail.com'), (3958, 'Catha', 'Kohl', 'cathakohl@yahoo.com'), (3959, 'Sharron', 'Evars', 'sharronevars@agh.edu.pl'), (3960, 'Evania', 'Steele', 'evaniasteele@agh.edu.pl'), (3961, 'Lucia', 'Ashli', 'luciaashli@gmail.com'), (3962, 'Aeriel', 'Elyn', 'aerielelyn@agh.edu.pl'), (3963, 'Elita', 'Spitzer', 'elitaspitzer@yahoo.com'), (3964, 'Rozalie', 'Waxman', 'rozaliewaxman@yahoo.com'), (3965, 'Jewell', 'Gytle', 'jewellgytle@agh.edu.pl'), (3966, 'Buffy', 'Brittan', 'buffybrittan@yahoo.com'), (3967, 'Rica', 'Vento', 'ricavento@yahoo.com'), (3968, 'Feliza', 'Candyce', 'felizacandyce@agh.edu.pl'), (3969, 'Edithe', 'Garretson', 'edithegarretson@agh.edu.pl'), (3970, 'Melisent', 'Patterman', 'melisentpatterman@yahoo.com'), (3971, 'Thea', 'Heyes', 'theaheyes@gmail.com'), (3972, 'Kissiah', 'Boatwright', 'kissiahboatwright@agh.edu.pl'), (3973, 'Ulla', 'Zimmerman', 'ullazimmerman@yahoo.com'), (3974, 'Angelina', 'Linsk', 'angelinalinsk@gmail.com'), (3975, 'Jami', 'Neau', 'jamineau@agh.edu.pl'), (3976, 'Marcie', 'Kurtz', 'marciekurtz@agh.edu.pl'), (3977, 'Eleni', 'Sosthina', 'elenisosthina@gmail.com'), (3978, 'Donella', 'Hi', 'donellahi@yahoo.com'), (3979, 'Lenette', 'Manuel', 'lenettemanuel@agh.edu.pl'), (3980, 'Amy', 'Antonina', 'amyantonina@gmail.com'), (3981, 'Amaleta', 'Amir', 'amaletaamir@agh.edu.pl'), (3982, 'Eda', 'Rhyner', 'edarhyner@yahoo.com'), (3983, 'Siana', 'Brocklin', 'sianabrocklin@gmail.com'), (3984, 'Ruthann', 'Kenzie', 'ruthannkenzie@agh.edu.pl'), (3985, 'Demetris', 'Maddock', 'demetrismaddock@agh.edu.pl'), (3986, 'Noellyn', 'Lette', 'noellynlette@gmail.com'), (3987, 'Brittany', 'Conah', 'brittanyconah@agh.edu.pl'), (3988, 'Lib', 'Ritter', 'libritter@yahoo.com'), (3989, 'Lise', 'Morgan', 'lisemorgan@yahoo.com'), (3990, 'Florentia', 'Evie', 'florentiaevie@yahoo.com'), (3991, 'Ivette', 'Neddra', 'ivetteneddra@yahoo.com'), (3992, 'Deloris', 'Uriah', 'delorisuriah@agh.edu.pl'), (3993, 'Rosmunda', 'Clement', 'rosmundaclement@agh.edu.pl'), (3994, 'Brigid', 'Hinda', 'brigidhinda@yahoo.com'), (3995, 'Myrtie', 'Archibold', 'myrtiearchibold@yahoo.com'), (3996, 'Antoinette', 'Winter', 'antoinettewinter@yahoo.com'), (3997, 'Dani', 'Mencher', 'danimencher@agh.edu.pl'), (3998, 'Dory', 'Micah', 'dorymicah@yahoo.com'), (3999, 'Cariotta', 'Monaco', 'cariottamonaco@agh.edu.pl'), (4000, 'Trixie', 'Rockefeller', 'trixierockefeller@gmail.com'), (4001, 'Emilie', 'Bashemeth', 'emiliebashemeth@agh.edu.pl'), (4002, 'Gwendolen', 'Philip', 'gwendolenphilip@agh.edu.pl'), (4003, 'Cathyleen', 'Wurster', 'cathyleenwurster@agh.edu.pl'), (4004, 'Fernanda', 'Neysa', 'fernandaneysa@gmail.com'), (4005, 'Bryana', 'Ilarrold', 'bryanailarrold@gmail.com'), (4006, 'Florida', 'Ulah', 'floridaulah@yahoo.com'), (4007, 'Dorie', 'Lapotin', 'dorielapotin@yahoo.com'), (4008, 'Eveleen', 'Athal', 'eveleenathal@agh.edu.pl'), (4009, 'Odelle', 'Ludovico', 'odelleludovico@gmail.com'), (4010, 'Sherrie', 'Danforth', 'sherriedanforth@gmail.com'), (4011, 'Trisha', 'Tymon', 'trishatymon@gmail.com'), (4012, 'Dahlia', 'Jacquenette', 'dahliajacquenette@yahoo.com'), (4013, 'Casie', 'Wirth', 'casiewirth@gmail.com'), (4014, 'Marcille', 'Seidule', 'marcilleseidule@gmail.com'), (4015, 'Kassie', 'Fitton', 'kassiefitton@agh.edu.pl'), (4016, 'Stefa', 'Sebbie', 'stefasebbie@agh.edu.pl'), (4017, 'Clarissa', 'Johnette', 'clarissajohnette@gmail.com'), (4018, 'Tara', 'Reeta', 'tarareeta@yahoo.com'), (4019, 'Katleen', 'Webber', 'katleenwebber@yahoo.com'), (4020, 'Portia', 'Jock', 'portiajock@agh.edu.pl'), (4021, 'Sheilah', 'Cazzie', 'sheilahcazzie@agh.edu.pl'), (4022, 'Mab', 'Sabian', 'mabsabian@gmail.com'), (4023, 'Magdaia', 'Agostino', 'magdaiaagostino@agh.edu.pl'), (4024, 'Ermengarde', 'Hama', 'ermengardehama@gmail.com'), (4025, 'Lisabeth', 'Cassey', 'lisabethcassey@gmail.com'), (4026, 'Donny', 'Durarte', 'donnydurarte@gmail.com'), (4027, 'Faina', 'Juno', 'fainajuno@gmail.com'), (4028, 'Franni', 'Marj', 'frannimarj@gmail.com'), (4029, 'Christa', 'Lurette', 'christalurette@gmail.com'), (4030, 'Kandace', 'Kletter', 'kandacekletter@gmail.com'), (4031, 'Goldi', 'Evered', 'goldievered@yahoo.com'), (4032, 'Sunshine', 'Stovall', 'sunshinestovall@agh.edu.pl'), (4033, 'Philippine', 'Shepherd', 'philippineshepherd@yahoo.com'), (4034, 'Theresa', 'Kalvin', 'theresakalvin@gmail.com'), (4035, 'Ermina', 'Frannie', 'erminafrannie@gmail.com'), (4036, 'Vivia', 'Jennee', 'viviajennee@agh.edu.pl'), (4037, 'Jena', 'Ebner', 'jenaebner@yahoo.com'), (4038, 'Regine', 'Pergrim', 'reginepergrim@gmail.com'), (4039, 'Kerri', 'Gonzalez', 'kerrigonzalez@yahoo.com'), (4040, 'Dix', 'Elfreda', 'dixelfreda@yahoo.com'), (4041, 'Carolyne', 'Goeselt', 'carolynegoeselt@agh.edu.pl'), (4042, 'Aili', 'Lewendal', 'aililewendal@yahoo.com'), (4043, 'Gusti', 'Stefania', 'gustistefania@agh.edu.pl'), (4044, 'Anestassia', 'Galatea', 'anestassiagalatea@yahoo.com'), (4045, 'Rosina', 'Randal', 'rosinarandal@yahoo.com'), (4046, 'Marlo', 'Amandie', 'marloamandie@yahoo.com'), (4047, 'Babs', 'Verner', 'babsverner@agh.edu.pl'), (4048, 'Evie', 'Danni', 'eviedanni@agh.edu.pl'), (4049, 'Nara', 'Enid', 'naraenid@yahoo.com'), (4050, 'Avril', 'Amin', 'avrilamin@gmail.com'), (4051, 'Bonnie', 'Grayson', 'bonniegrayson@agh.edu.pl'), (4052, 'Prudence', 'Hinkle', 'prudencehinkle@yahoo.com'), (4053, 'Hinda', 'Whorton', 'hindawhorton@gmail.com'), (4054, 'Diana', 'Felike', 'dianafelike@gmail.com'), (4055, 'Almeda', 'Doxia', 'almedadoxia@agh.edu.pl'), (4056, 'Barbi', 'Tremain', 'barbitremain@agh.edu.pl'), (4057, 'Ilyse', 'Hershell', 'ilysehershell@gmail.com'), (4058, 'Toni', 'Scrivings', 'toniscrivings@agh.edu.pl'), (4059, 'Ardelia', 'Quartana', 'ardeliaquartana@agh.edu.pl'), (4060, 'Cherish', 'Edithe', 'cherishedithe@gmail.com'), (4061, 'Corry', 'West', 'corrywest@agh.edu.pl'), (4062, 'Jobye', 'Leopoldine', 'jobyeleopoldine@agh.edu.pl'), (4063, 'Rickie', 'Vipul', 'rickievipul@agh.edu.pl'), (4064, 'Roselin', 'Mabelle', 'roselinmabelle@yahoo.com'), (4065, 'Brande', 'McLyman', 'brandemclyman@gmail.com'), (4066, 'Sadie', 'Daniella', 'sadiedaniella@yahoo.com'), (4067, 'Clovis', 'Demetria', 'clovisdemetria@gmail.com'), (4068, 'Shandy', 'Rianon', 'shandyrianon@gmail.com'), (4069, 'Alexina', 'Schlicher', 'alexinaschlicher@agh.edu.pl'), (4070, 'Aimee', 'Browning', 'aimeebrowning@yahoo.com'), (4071, 'Jenelle', 'Brandea', 'jenellebrandea@gmail.com'), (4072, 'Clarine', 'Jolene', 'clarinejolene@agh.edu.pl'), (4073, 'Cody', 'Petras', 'codypetras@agh.edu.pl'), (4074, 'Cassey', 'Ebsen', 'casseyebsen@yahoo.com'), (4075, 'Annabell', 'Lenna', 'annabelllenna@gmail.com'), (4076, 'Benoite', 'Mollee', 'benoitemollee@yahoo.com'), (4077, 'Rachel', 'Hose', 'rachelhose@yahoo.com'), (4078, 'Valida', 'Barbe', 'validabarbe@gmail.com'), (4079, 'Doralyn', 'Ming', 'doralynming@gmail.com'), (4080, 'Elysia', 'Berkow', 'elysiaberkow@yahoo.com'), (4081, 'Andromache', 'Berstine', 'andromacheberstine@agh.edu.pl'), (4082, 'Maurise', 'Potash', 'maurisepotash@gmail.com'), (4083, 'Rosella', 'Sanyu', 'rosellasanyu@agh.edu.pl'), (4084, 'Ashleigh', 'Lorsung', 'ashleighlorsung@gmail.com'), (4085, 'Georgine', 'Dick', 'georginedick@agh.edu.pl'), (4086, 'Kylynn', 'Seltzer', 'kylynnseltzer@gmail.com'), (4087, 'Oliy', 'Orji', 'oliyorji@agh.edu.pl'), (4088, 'Cyndia', 'Hasty', 'cyndiahasty@gmail.com'), (4089, 'Larine', 'Wixted', 'larinewixted@gmail.com'), (4090, 'Nata', 'Downe', 'natadowne@agh.edu.pl'), (4091, 'Katharine', 'Taam', 'katharinetaam@yahoo.com'), (4092, 'Eulalie', 'Goodrow', 'eulaliegoodrow@gmail.com'), (4093, 'Halie', 'Marou', 'haliemarou@yahoo.com'), (4094, 'Nadia', 'Orest', 'nadiaorest@agh.edu.pl'), (4095, 'Shae', 'Kokoruda', 'shaekokoruda@yahoo.com'), (4096, 'Moina', 'Deragon', 'moinaderagon@yahoo.com'), (4097, 'Kaylee', 'Rik', 'kayleerik@agh.edu.pl'), (4098, 'Dasha', 'Rein', 'dasharein@gmail.com'), (4099, 'Sheba', 'Bee', 'shebabee@yahoo.com'), (4100, 'Cthrine', 'Lebbie', 'cthrinelebbie@yahoo.com'), (4101, 'Netty', 'Tunnell', 'nettytunnell@yahoo.com'), (4102, 'Sisile', 'Dreyer', 'sisiledreyer@yahoo.com'), (4103, 'Rosamond', 'Bobbi', 'rosamondbobbi@gmail.com'), (4104, 'Ronna', 'Coriss', 'ronnacoriss@gmail.com'), (4105, 'Maren', 'Theurich', 'marentheurich@yahoo.com'), (4106, 'Rodi', 'Clementis', 'rodiclementis@yahoo.com'), (4107, 'Sorcha', 'Reld', 'sorchareld@gmail.com'), (4108, 'Janel', 'Farrow', 'janelfarrow@yahoo.com'), (4109, 'Gael', 'Waylen', 'gaelwaylen@agh.edu.pl'), (4110, 'Katya', 'Audrye', 'katyaaudrye@yahoo.com'), (4111, 'Gusta', 'Joe', 'gustajoe@yahoo.com'), (4112, 'Shanta', 'Sebastian', 'shantasebastian@yahoo.com'), (4113, 'Carleen', 'Carine', 'carleencarine@yahoo.com'), (4114, 'Adel', 'Hertz', 'adelhertz@gmail.com'), (4115, 'Brandice', 'Fernandez', 'brandicefernandez@agh.edu.pl'), (4116, 'Ingrid', 'Amitie', 'ingridamitie@gmail.com'), (4117, 'Noni', 'Zailer', 'nonizailer@yahoo.com'), (4118, 'Cristionna', 'Dawn', 'cristionnadawn@gmail.com'), (4119, 'Andriette', 'Hardunn', 'andriettehardunn@yahoo.com'), (4120, 'Seka', 'Phylis', 'sekaphylis@gmail.com'), (4121, 'Shane', 'Trisa', 'shanetrisa@gmail.com'), (4122, 'Shayna', 'Strohl', 'shaynastrohl@gmail.com'), (4123, 'Kimberlyn', 'Kiran', 'kimberlynkiran@yahoo.com'), (4124, 'Christa', 'Sayre', 'christasayre@agh.edu.pl'), (4125, 'Dallas', 'Aurea', 'dallasaurea@agh.edu.pl'), (4126, 'Alysa', 'Hamid', 'alysahamid@gmail.com'), (4127, 'Ariella', 'Barbee', 'ariellabarbee@agh.edu.pl'), (4128, 'Murial', 'Pain', 'murialpain@yahoo.com'), (4129, 'Megen', 'Minne', 'megenminne@gmail.com'), (4130, 'Leonanie', 'Serrell', 'leonanieserrell@gmail.com'), (4131, 'Eleni', 'Hyacinthie', 'elenihyacinthie@agh.edu.pl'), (4132, 'Celestyna', 'Deckert', 'celestynadeckert@agh.edu.pl'), (4133, 'Susy', 'Dodi', 'susydodi@yahoo.com'), (4134, 'Allianora', 'Lonnie', 'allianoralonnie@gmail.com'), (4135, 'Lorianna', 'Maryanne', 'loriannamaryanne@yahoo.com'), (4136, 'Daveta', 'Zolnay', 'davetazolnay@yahoo.com'), (4137, 'Honey', 'Steward', 'honeysteward@yahoo.com'), (4138, 'Maryanna', 'Herb', 'maryannaherb@gmail.com'), (4139, 'Belicia', 'Culosio', 'beliciaculosio@yahoo.com'), (4140, 'Candida', 'Azpurua', 'candidaazpurua@gmail.com'), (4141, 'Vivia', 'Jenelle', 'viviajenelle@yahoo.com'), (4142, 'Brooks', 'Bruyn', 'brooksbruyn@agh.edu.pl'), (4143, 'Merle', 'Allare', 'merleallare@gmail.com'), (4144, 'Abbie', 'Nessie', 'abbienessie@gmail.com'), (4145, 'Melicent', 'Pentheas', 'melicentpentheas@agh.edu.pl'), (4146, 'Gael', 'Gustafson', 'gaelgustafson@yahoo.com'), (4147, 'Sabina', 'Prochora', 'sabinaprochora@yahoo.com'), (4148, 'Tisha', 'Magel', 'tishamagel@gmail.com'), (4149, 'Abbie', 'Palumbo', 'abbiepalumbo@gmail.com'), (4150, 'Juliane', 'Ailene', 'julianeailene@gmail.com'), (4151, 'Ginny', 'Risteau', 'ginnyristeau@yahoo.com'), (4152, 'Mallorie', 'Mooney', 'malloriemooney@gmail.com'), (4153, 'Melloney', 'McClain', 'melloneymcclain@yahoo.com'), (4154, 'Nonna', 'Sheelah', 'nonnasheelah@yahoo.com'), (4155, 'Vonnie', 'Verdi', 'vonnieverdi@agh.edu.pl'), (4156, 'Consuelo', 'Seely', 'consueloseely@agh.edu.pl'), (4157, 'Darelle', 'Nadeau', 'darellenadeau@agh.edu.pl'), (4158, 'Lynnett', 'Annnora', 'lynnettannnora@agh.edu.pl'), (4159, 'Domini', 'Melinde', 'dominimelinde@agh.edu.pl'), (4160, 'Othelia', 'Lili', 'othelialili@gmail.com'), (4161, 'Mella', 'Combes', 'mellacombes@yahoo.com'), (4162, 'Ernaline', 'Panter', 'ernalinepanter@gmail.com'), (4163, 'Haleigh', 'Rigdon', 'haleighrigdon@agh.edu.pl'), (4164, 'Row', 'Tal', 'rowtal@agh.edu.pl'), (4165, 'Moira', 'Eddana', 'moiraeddana@yahoo.com'), (4166, 'Hortensia', 'Mathi', 'hortensiamathi@gmail.com'), (4167, 'Dee Dee', 'Marigold', 'deedeemarigold@gmail.com'), (4168, 'Claire', 'Fillian', 'clairefillian@yahoo.com'), (4169, 'Rickie', 'Minda', 'rickieminda@agh.edu.pl'), (4170, 'Sean', 'Sully', 'seansully@yahoo.com'), (4171, 'Rayshell', 'Leandro', 'rayshellleandro@gmail.com'), (4172, 'Tedi', 'Synn', 'tedisynn@yahoo.com'), (4173, 'Robenia', 'Gasser', 'robeniagasser@yahoo.com'), (4174, 'Randa', 'Uthrop', 'randauthrop@yahoo.com'), (4175, 'Alika', 'Buerger', 'alikabuerger@agh.edu.pl'), (4176, 'Estelle', 'Solberg', 'estellesolberg@yahoo.com'), (4177, 'Gerianne', 'Walling', 'geriannewalling@agh.edu.pl'), (4178, 'Marie', 'Jorin', 'mariejorin@gmail.com'), (4179, 'Davina', 'Ergener', 'davinaergener@gmail.com'), (4180, 'Tilly', 'Horner', 'tillyhorner@yahoo.com'), (4181, 'Jillene', 'Jodi', 'jillenejodi@gmail.com'), (4182, 'Christel', 'Johiah', 'christeljohiah@agh.edu.pl'), (4183, 'Darcee', 'Dalli', 'darceedalli@agh.edu.pl'), (4184, 'Alane', 'Jorie', 'alanejorie@yahoo.com'), (4185, 'Chloe', 'Dulcy', 'chloedulcy@agh.edu.pl'), (4186, 'Vally', 'Rockafellow', 'vallyrockafellow@yahoo.com'), (4187, 'Emmalyn', 'Nordine', 'emmalynnordine@gmail.com'), (4188, 'Ardath', 'Marozik', 'ardathmarozik@agh.edu.pl'), (4189, 'Rosalind', 'Eveline', 'rosalindeveline@yahoo.com'), (4190, 'Doroteya', 'Yuu', 'doroteyayuu@yahoo.com'), (4191, 'Shelley', 'Locklin', 'shelleylocklin@agh.edu.pl'), (4192, 'Jaymee', 'Caresse', 'jaymeecaresse@gmail.com'), (4193, 'Kelsi', 'Germano', 'kelsigermano@gmail.com'), (4194, 'Shandra', 'Roseann', 'shandraroseann@yahoo.com'), (4195, 'Kimmie', 'Hance', 'kimmiehance@agh.edu.pl'), (4196, 'Juli', 'Saideman', 'julisaideman@yahoo.com'), (4197, 'Eugine', 'Spalla', 'euginespalla@agh.edu.pl'), (4198, 'Amber', 'Elbring', 'amberelbring@agh.edu.pl'), (4199, 'Eydie', 'Packton', 'eydiepackton@gmail.com'), (4200, 'Alyda', 'Hildegaard', 'alydahildegaard@gmail.com'), (4201, 'Carrie', 'Boar', 'carrieboar@yahoo.com'), (4202, 'Dasha', 'Schroth', 'dashaschroth@gmail.com'), (4203, 'Cris', 'Kalin', 'criskalin@gmail.com'), (4204, 'Camella', 'Melleta', 'camellamelleta@gmail.com'), (4205, 'Ebony', 'Sieber', 'ebonysieber@yahoo.com'), (4206, 'Eran', 'Lemmueu', 'eranlemmueu@agh.edu.pl'), (4207, 'Lebbie', 'Darwen', 'lebbiedarwen@agh.edu.pl'), (4208, 'Rheta', 'Mike', 'rhetamike@yahoo.com'), (4209, 'Rosalind', 'Slayton', 'rosalindslayton@gmail.com'), (4210, 'Neysa', 'Tacklind', 'neysatacklind@gmail.com'), (4211, 'Michell', 'Aldous', 'michellaldous@agh.edu.pl'), (4212, 'Valentine', 'Lenssen', 'valentinelenssen@gmail.com'), (4213, 'Minnie', 'Shelman', 'minnieshelman@yahoo.com'), (4214, 'Marthena', 'Gazo', 'marthenagazo@gmail.com'), (4215, 'Denys', 'Killigrew', 'denyskilligrew@yahoo.com'), (4216, 'Alexis', 'Williams', 'alexiswilliams@yahoo.com'), (4217, 'Dyana', 'Ketti', 'dyanaketti@yahoo.com'), (4218, 'Grissel', 'Kalin', 'grisselkalin@yahoo.com'), (4219, 'Koressa', 'Santana', 'koressasantana@gmail.com'), (4220, 'Hildagarde', 'Heindrick', 'hildagardeheindrick@agh.edu.pl'), (4221, 'Cinnamon', 'Farra', 'cinnamonfarra@agh.edu.pl'), (4222, 'Antonina', 'Tace', 'antoninatace@agh.edu.pl'), (4223, 'Karmen', 'Nattie', 'karmennattie@gmail.com'), (4224, 'Fiorenze', 'Tanitansy', 'fiorenzetanitansy@agh.edu.pl'), (4225, 'Rayshell', 'Adelpho', 'rayshelladelpho@gmail.com'), (4226, 'Janaya', 'Hyacinthie', 'janayahyacinthie@agh.edu.pl'), (4227, 'Ray', 'Lannie', 'raylannie@yahoo.com'), (4228, 'Anastasie', 'Cynara', 'anastasiecynara@gmail.com'), (4229, 'Ginger', 'Scharf', 'gingerscharf@agh.edu.pl'), (4230, 'Jodi', 'Tav', 'joditav@gmail.com'), (4231, 'Gerhardine', 'Butch', 'gerhardinebutch@gmail.com'), (4232, 'Charo', 'Farah', 'charofarah@gmail.com'), (4233, 'Loren', 'Osborne', 'lorenosborne@yahoo.com'), (4234, 'Fanni', 'Madra', 'fannimadra@yahoo.com'), (4235, 'Aubree', 'Sabino', 'aubreesabino@yahoo.com'), (4236, 'Andy', 'Houlberg', 'andyhoulberg@yahoo.com'), (4237, 'Milicent', 'Lundgren', 'milicentlundgren@agh.edu.pl'), (4238, 'Seline', 'Morgen', 'selinemorgen@gmail.com'), (4239, 'Cassy', 'Raquela', 'cassyraquela@gmail.com'), (4240, 'Ilyssa', 'Farrison', 'ilyssafarrison@yahoo.com'), (4241, 'Binnie', 'Gelasius', 'binniegelasius@agh.edu.pl'), (4242, 'Lorianne', 'Rustice', 'loriannerustice@agh.edu.pl'), (4243, 'Cahra', 'Tatia', 'cahratatia@gmail.com'), (4244, 'Loni', 'Bone', 'lonibone@yahoo.com'), (4245, 'Peggi', 'Kiyohara', 'peggikiyohara@agh.edu.pl'), (4246, 'Jaclin', 'Groves', 'jaclingroves@gmail.com'), (4247, 'Maybelle', 'Gerty', 'maybellegerty@yahoo.com'), (4248, 'Sunny', 'Ro', 'sunnyro@gmail.com'), (4249, 'Valeda', 'Sumerlin', 'valedasumerlin@yahoo.com'), (4250, 'Reina', 'Crowe', 'reinacrowe@yahoo.com'), (4251, 'Reta', 'Tammy', 'retatammy@agh.edu.pl'), (4252, 'Aggie', 'Parish', 'aggieparish@yahoo.com'), (4253, 'Bridgette', 'Gemoets', 'bridgettegemoets@gmail.com'), (4254, 'Ethelin', 'Barmen', 'ethelinbarmen@yahoo.com'), (4255, 'Enid', 'Noami', 'enidnoami@gmail.com'), (4256, 'Chelsae', 'Stone', 'chelsaestone@gmail.com'), (4257, 'Elfrida', 'Rexford', 'elfridarexford@yahoo.com'), (4258, 'Jenni', 'Whipple', 'jenniwhipple@agh.edu.pl'), (4259, 'Maitilde', 'Pelpel', 'maitildepelpel@gmail.com'), (4260, 'Heather', 'Dimond', 'heatherdimond@gmail.com'), (4261, 'Averyl', 'Ardenia', 'averylardenia@agh.edu.pl'), (4262, 'Sheelah', 'Yong', 'sheelahyong@yahoo.com'), (4263, 'Irina', 'Albarran', 'irinaalbarran@yahoo.com'), (4264, 'Lelia', 'Flam', 'leliaflam@agh.edu.pl'), (4265, 'Alanna', 'Brooke', 'alannabrooke@agh.edu.pl'), (4266, 'Winny', 'Oniskey', 'winnyoniskey@agh.edu.pl'), (4267, 'Carole', 'Papagena', 'carolepapagena@yahoo.com'), (4268, 'Stephine', 'Nonnah', 'stephinenonnah@gmail.com'), (4269, 'Rory', 'Geoff', 'rorygeoff@yahoo.com'), (4270, 'Phylis', 'Belanger', 'phylisbelanger@gmail.com'), (4271, 'Brandise', 'Cran', 'brandisecran@yahoo.com'), (4272, 'Celle', 'Burt', 'celleburt@yahoo.com'), (4273, 'Minnie', 'Strait', 'minniestrait@agh.edu.pl'), (4274, 'Salli', 'Zischke', 'sallizischke@gmail.com'), (4275, 'Gillian', 'Adim', 'gillianadim@yahoo.com'), (4276, 'Tommi', 'Dublin', 'tommidublin@agh.edu.pl'), (4277, 'Danya', 'Storz', 'danyastorz@yahoo.com'), (4278, 'Morgen', 'Elisha', 'morgenelisha@agh.edu.pl'), (4279, 'Mag', 'Roze', 'magroze@gmail.com'), (4280, 'Gracie', 'Aldora', 'graciealdora@yahoo.com'), (4281, 'Georgine', 'Fariss', 'georginefariss@yahoo.com'), (4282, 'Nadya', 'Manoff', 'nadyamanoff@gmail.com'), (4283, 'Trix', 'Maloy', 'trixmaloy@agh.edu.pl'), (4284, 'Arluene', 'Voccola', 'arluenevoccola@agh.edu.pl'), (4285, 'Lindsy', 'Roberta', 'lindsyroberta@agh.edu.pl'), (4286, 'Karlen', 'Mandych', 'karlenmandych@yahoo.com'), (4287, 'Elisabet', 'Noemi', 'elisabetnoemi@yahoo.com'), (4288, 'Trudy', 'Bentley', 'trudybentley@agh.edu.pl'), (4289, 'Jolee', 'Eldwon', 'joleeeldwon@gmail.com'), (4290, 'Charmane', 'Gustaf', 'charmanegustaf@yahoo.com'), (4291, 'Jeniece', 'Harl', 'jenieceharl@gmail.com'), (4292, 'Nicky', 'Haden', 'nickyhaden@agh.edu.pl'), (4293, 'Catha', 'Alpers', 'cathaalpers@yahoo.com'), (4294, 'Jackqueline', 'Silverman', 'jackquelinesilverman@agh.edu.pl'), (4295, 'Wanids', 'Itch', 'wanidsitch@agh.edu.pl'), (4296, 'Janith', 'Tapes', 'janithtapes@gmail.com'), (4297, 'Ulla', 'Cathrine', 'ullacathrine@yahoo.com'), (4298, 'Dita', 'London', 'ditalondon@gmail.com'), (4299, 'Nell', 'Bond', 'nellbond@yahoo.com'), (4300, 'Romy', 'Richel', 'romyrichel@gmail.com'), (4301, 'Mickie', 'Rothwell', 'mickierothwell@gmail.com'), (4302, 'Velma', 'Erika', 'velmaerika@gmail.com'), (4303, 'Hildagard', 'Kali', 'hildagardkali@agh.edu.pl'), (4304, 'Jorrie', 'Eckblad', 'jorrieeckblad@agh.edu.pl'), (4305, 'Adriana', 'Gwenette', 'adrianagwenette@gmail.com'), (4306, 'Oralie', 'Cyprio', 'oraliecyprio@gmail.com'), (4307, 'Freda', 'Vitek', 'fredavitek@gmail.com'), (4308, 'Tabbatha', 'Ines', 'tabbathaines@agh.edu.pl'), (4309, 'Lana', 'Courcy', 'lanacourcy@yahoo.com'), (4310, 'Felita', 'Leeke', 'felitaleeke@gmail.com'), (4311, 'Averil', 'Machos', 'averilmachos@gmail.com'), (4312, 'Mady', 'Barrow', 'madybarrow@yahoo.com'), (4313, 'Zahara', 'Mighell', 'zaharamighell@yahoo.com'), (4314, 'Ardella', 'Hum', 'ardellahum@agh.edu.pl'), (4315, 'Barry', 'Heti', 'barryheti@yahoo.com'), (4316, 'Enrika', 'Ruella', 'enrikaruella@agh.edu.pl'), (4317, 'Delphine', 'Lindy', 'delphinelindy@yahoo.com'), (4318, 'Mariska', 'Agata', 'mariskaagata@yahoo.com'), (4319, 'Maiga', 'Teilo', 'maigateilo@yahoo.com'), (4320, 'Agretha', 'Roselane', 'agretharoselane@yahoo.com'), (4321, 'Lucky', 'Rodman', 'luckyrodman@agh.edu.pl'), (4322, 'Shanna', 'Minetta', 'shannaminetta@agh.edu.pl'), (4323, 'Latrina', 'Renato', 'latrinarenato@gmail.com'), (4324, 'Ermentrude', 'Goodden', 'ermentrudegoodden@agh.edu.pl'), (4325, 'Dena', 'Gunn', 'denagunn@yahoo.com'), (4326, 'Sarajane', 'Scevor', 'sarajanescevor@yahoo.com'), (4327, 'Giorgia', 'Cinelli', 'giorgiacinelli@yahoo.com'), (4328, 'Dalenna', 'Jonna', 'dalennajonna@yahoo.com'), (4329, 'Zelda', 'Burnside', 'zeldaburnside@agh.edu.pl'), (4330, 'Stefa', 'Lody', 'stefalody@agh.edu.pl'), (4331, 'Brianna', 'Bent', 'briannabent@agh.edu.pl'), (4332, 'Mabelle', 'Cynera', 'mabellecynera@agh.edu.pl'), (4333, 'Lorita', 'Aeriel', 'loritaaeriel@yahoo.com'), (4334, 'Sheri', 'Curr', 'shericurr@yahoo.com'), (4335, 'Linda', 'Rubbico', 'lindarubbico@yahoo.com'), (4336, 'Cornelia', 'Casimire', 'corneliacasimire@gmail.com'), (4337, 'Lainey', 'Perla', 'laineyperla@yahoo.com'), (4338, 'Latia', 'Cecilius', 'latiacecilius@agh.edu.pl'), (4339, 'Emilie', 'Rasure', 'emilierasure@agh.edu.pl'), (4340, 'Shirlee', 'Mahan', 'shirleemahan@agh.edu.pl'), (4341, 'Danita', 'Bowes', 'danitabowes@yahoo.com'), (4342, 'Sarah', 'Jackson', 'sarahjackson@agh.edu.pl'), (4343, 'Rosetta', 'Cacka', 'rosettacacka@yahoo.com'), (4344, 'Prudi', 'Tima', 'pruditima@agh.edu.pl'), (4345, 'Celestia', 'Ace', 'celestiaace@agh.edu.pl'), (4346, 'Zulema', 'Rotberg', 'zulemarotberg@gmail.com'), (4347, 'Dollie', 'Girardo', 'dolliegirardo@agh.edu.pl'), (4348, 'Hestia', 'Leola', 'hestialeola@gmail.com'), (4349, 'Melania', 'Intisar', 'melaniaintisar@yahoo.com'), (4350, 'Faydra', 'Lexis', 'faydralexis@yahoo.com'), (4351, 'Lynnell', 'Ulberto', 'lynnellulberto@gmail.com'), (4352, 'Katee', 'Marra', 'kateemarra@yahoo.com'), (4353, 'Antoinette', 'Wolf', 'antoinettewolf@agh.edu.pl'), (4354, 'Elli', 'Sutton', 'ellisutton@gmail.com'), (4355, 'Katusha', 'Bullivant', 'katushabullivant@gmail.com'), (4356, 'Kathe', 'Leggat', 'katheleggat@yahoo.com'), (4357, 'Meggy', 'Lefkowitz', 'meggylefkowitz@gmail.com'), (4358, 'Charisse', 'Atwekk', 'charisseatwekk@gmail.com'), (4359, 'Robbin', 'Coleville', 'robbincoleville@yahoo.com'), (4360, 'Susie', 'Gwyn', 'susiegwyn@agh.edu.pl'), (4361, 'Ronnie', 'Louis', 'ronnielouis@gmail.com'), (4362, 'Nikki', 'Rhona', 'nikkirhona@yahoo.com'), (4363, 'Vilhelmina', 'Tybi', 'vilhelminatybi@yahoo.com'), (4364, 'Joana', 'Kenleigh', 'joanakenleigh@gmail.com'), (4365, 'Leah', 'Jaddan', 'leahjaddan@gmail.com'), (4366, 'Seline', 'Sternberg', 'selinesternberg@gmail.com'), (4367, 'Evey', 'Gascony', 'eveygascony@agh.edu.pl'), (4368, 'Allis', 'Valeda', 'allisvaleda@agh.edu.pl'), (4369, 'Cristabel', 'Renate', 'cristabelrenate@gmail.com'), (4370, 'Lane', 'Nick', 'lanenick@gmail.com'), (4371, 'Brittney', 'Marshal', 'brittneymarshal@gmail.com'), (4372, 'Gwynne', 'Erik', 'gwynneerik@gmail.com'), (4373, 'Maryjo', 'Teresa', 'maryjoteresa@yahoo.com'), (4374, 'Jandy', 'Aldon', 'jandyaldon@yahoo.com'), (4375, 'Jana', 'Morris', 'janamorris@gmail.com'), (4376, 'Cayla', 'Chalmer', 'caylachalmer@gmail.com'), (4377, 'Kati', 'Lenox', 'katilenox@agh.edu.pl'), (4378, 'Marci', 'Magree', 'marcimagree@yahoo.com'), (4379, 'Sephira', 'Aubert', 'sephiraaubert@yahoo.com'), (4380, 'Sandra', 'Cychosz', 'sandracychosz@gmail.com'), (4381, 'Roberta', 'Ally', 'robertaally@agh.edu.pl'), (4382, 'Melinda', 'Sisely', 'melindasisely@yahoo.com'), (4383, 'Ricky', 'Eisen', 'rickyeisen@yahoo.com'), (4384, 'Karlee', 'Vannie', 'karleevannie@agh.edu.pl'), (4385, 'Elyssa', 'Phaidra', 'elyssaphaidra@agh.edu.pl'), (4386, 'Carol', 'Monica', 'carolmonica@agh.edu.pl'), (4387, 'Ileana', 'McQuoid', 'ileanamcquoid@agh.edu.pl'), (4388, 'Starr', 'Gracia', 'starrgracia@agh.edu.pl'), (4389, 'Allie', 'Taub', 'allietaub@gmail.com'), (4390, 'Merci', 'Landmeier', 'mercilandmeier@agh.edu.pl'), (4391, 'Theodosia', 'Gillan', 'theodosiagillan@agh.edu.pl'), (4392, 'Persis', 'Hallerson', 'persishallerson@gmail.com'), (4393, 'Coleen', 'Ehrenberg', 'coleenehrenberg@gmail.com'), (4394, 'Shandy', 'Feeley', 'shandyfeeley@gmail.com'), (4395, 'Bonni', 'Karp', 'bonnikarp@agh.edu.pl'), (4396, 'Cherida', 'Gypsy', 'cheridagypsy@gmail.com'), (4397, 'Mercedes', 'Georgena', 'mercedesgeorgena@gmail.com'), (4398, 'Rosalind', 'Chelsy', 'rosalindchelsy@agh.edu.pl'), (4399, 'Kassey', 'Chard', 'kasseychard@gmail.com'), (4400, 'Tobi', 'Bryanty', 'tobibryanty@yahoo.com'), (4401, 'Leona', 'Peppel', 'leonapeppel@agh.edu.pl'), (4402, 'Konstance', 'Dud', 'konstancedud@yahoo.com'), (4403, 'Amaleta', 'Gothar', 'amaletagothar@yahoo.com'), (4404, 'Dell', 'ONeil', 'delloneil@yahoo.com'), (4405, 'Catie', 'Cardew', 'catiecardew@yahoo.com'), (4406, 'Cilka', 'Shewchuk', 'cilkashewchuk@yahoo.com'), (4407, 'Sari', 'Arnon', 'sariarnon@gmail.com'), (4408, 'Philippe', 'Chlo', 'philippechlo@agh.edu.pl'), (4409, 'Eleonore', 'Aleydis', 'eleonorealeydis@yahoo.com'), (4410, 'Caressa', 'Primalia', 'caressaprimalia@yahoo.com'), (4411, 'Brynne', 'Noland', 'brynnenoland@gmail.com'), (4412, 'Felicle', 'Cimah', 'feliclecimah@yahoo.com'), (4413, 'Kellsie', 'Tarrant', 'kellsietarrant@agh.edu.pl'), (4414, 'Mireielle', 'Quennie', 'mireiellequennie@yahoo.com'), (4415, 'Franciska', 'Screens', 'franciskascreens@agh.edu.pl'), (4416, 'Kalli', 'Sissy', 'kallisissy@agh.edu.pl'), (4417, 'Britteny', 'Beitz', 'brittenybeitz@gmail.com'), (4418, 'Ara', 'Deppy', 'aradeppy@yahoo.com'), (4419, 'Marilee', 'Greenwell', 'marileegreenwell@gmail.com'), (4420, 'Rozanne', 'Wamsley', 'rozannewamsley@yahoo.com'), (4421, 'Minnaminnie', 'Sokil', 'minnaminniesokil@agh.edu.pl'), (4422, 'Francine', 'Pickens', 'francinepickens@yahoo.com'), (4423, 'Robinetta', 'Bonine', 'robinettabonine@agh.edu.pl'), (4424, 'Jenn', 'Hirz', 'jennhirz@yahoo.com'), (4425, 'Albertine', 'Greenleaf', 'albertinegreenleaf@agh.edu.pl'), (4426, 'Wendy', 'Vandyke', 'wendyvandyke@yahoo.com'), (4427, 'Zelma', 'Pieter', 'zelmapieter@agh.edu.pl'), (4428, 'Sandra', 'Clift', 'sandraclift@yahoo.com'), (4429, 'Pru', 'Richelle', 'prurichelle@yahoo.com'), (4430, 'Joanne', 'Gussman', 'joannegussman@agh.edu.pl'), (4431, 'Abby', 'Alejandra', 'abbyalejandra@gmail.com'), (4432, 'Viki', 'Boatwright', 'vikiboatwright@agh.edu.pl'), (4433, 'Coretta', 'Pepi', 'corettapepi@yahoo.com'), (4434, 'Crista', 'Snodgrass', 'cristasnodgrass@agh.edu.pl'), (4435, 'Teresita', 'Yard', 'teresitayard@agh.edu.pl'), (4436, 'Zabrina', 'Romeon', 'zabrinaromeon@gmail.com'), (4437, 'Ali', 'Devlin', 'alidevlin@gmail.com'), (4438, 'Kiley', 'Dimond', 'kileydimond@agh.edu.pl'), (4439, 'Antonetta', 'Conard', 'antonettaconard@yahoo.com'), (4440, 'Celestyn', 'Aisha', 'celestynaisha@agh.edu.pl'), (4441, 'Clementia', 'Rothenberg', 'clementiarothenberg@agh.edu.pl'), (4442, 'Elfrieda', 'Charley', 'elfriedacharley@gmail.com'), (4443, 'Emelina', 'Bornstein', 'emelinabornstein@gmail.com'), (4444, 'Danice', 'Northrup', 'danicenorthrup@agh.edu.pl'), (4445, 'Tammie', 'Meadows', 'tammiemeadows@yahoo.com'), (4446, 'Kerstin', 'Beckman', 'kerstinbeckman@yahoo.com'), (4447, 'Valentina', 'Weywadt', 'valentinaweywadt@agh.edu.pl'), (4448, 'Dode', 'Bree', 'dodebree@gmail.com'), (4449, 'Rosemary', 'Radloff', 'rosemaryradloff@yahoo.com'), (4450, 'Melba', 'Meeks', 'melbameeks@yahoo.com'), (4451, 'Lindie', 'Roosevelt', 'lindieroosevelt@yahoo.com'), (4452, 'Paulie', 'Amory', 'paulieamory@agh.edu.pl'), (4453, 'Shaylyn', 'Kuhlman', 'shaylynkuhlman@yahoo.com'), (4454, 'Rachel', 'Evered', 'rachelevered@yahoo.com'), (4455, 'Bekki', 'Gala', 'bekkigala@agh.edu.pl'), (4456, 'Bryna', 'Jim', 'brynajim@yahoo.com'), (4457, 'Lucita', 'Ingham', 'lucitaingham@yahoo.com'), (4458, 'Shirley', 'Issiah', 'shirleyissiah@agh.edu.pl'), (4459, 'Liliane', 'Kalie', 'lilianekalie@gmail.com'), (4460, 'Emmi', 'Izabel', 'emmiizabel@yahoo.com'), (4461, 'Noel', 'Ruhnke', 'noelruhnke@yahoo.com'), (4462, 'Frannie', 'Brand', 'franniebrand@gmail.com'), (4463, 'Ceciley', 'Bezanson', 'cecileybezanson@agh.edu.pl'), (4464, 'Fara', 'Marjana', 'faramarjana@gmail.com'), (4465, 'Feodora', 'Kovacs', 'feodorakovacs@agh.edu.pl'), (4466, 'Gwenette', 'Brelje', 'gwenettebrelje@yahoo.com'), (4467, 'Corabel', 'Stout', 'corabelstout@gmail.com'), (4468, 'Nikolia', 'Linette', 'nikolialinette@yahoo.com'), (4469, 'Ursala', 'Australia', 'ursalaaustralia@yahoo.com'), (4470, 'Jenifer', 'Mari', 'jenifermari@agh.edu.pl'), (4471, 'Hermia', 'Jasisa', 'hermiajasisa@gmail.com'), (4472, 'Nike', 'Palestine', 'nikepalestine@gmail.com'), (4473, 'Nerita', 'Agan', 'neritaagan@gmail.com'), (4474, 'Zilvia', 'Killie', 'zilviakillie@agh.edu.pl'), (4475, 'Ceciley', 'Correy', 'cecileycorrey@yahoo.com'), (4476, 'Sabina', 'Maris', 'sabinamaris@gmail.com'), (4477, 'Tressa', 'Havener', 'tressahavener@yahoo.com'), (4478, 'Shannon', 'Hooper', 'shannonhooper@yahoo.com'), (4479, 'Jemmy', 'Helse', 'jemmyhelse@agh.edu.pl'), (4480, 'Avie', 'Julina', 'aviejulina@agh.edu.pl'), (4481, 'Maudie', 'Rothschild', 'maudierothschild@agh.edu.pl'), (4482, 'Monika', 'Naples', 'monikanaples@agh.edu.pl'), (4483, 'Conni', 'Vyner', 'connivyner@yahoo.com'), (4484, 'Carlyn', 'December', 'carlyndecember@gmail.com'), (4485, 'Lucilia', 'Jacobo', 'luciliajacobo@agh.edu.pl'), (4486, 'Anica', 'Aggie', 'anicaaggie@gmail.com'), (4487, 'Perrine', 'Obelia', 'perrineobelia@yahoo.com'), (4488, 'Jewell', 'Just', 'jewelljust@agh.edu.pl'), (4489, 'Jeanna', 'Bambi', 'jeannabambi@agh.edu.pl'), (4490, 'Marla', 'Mouldon', 'marlamouldon@gmail.com'), (4491, 'Katusha', 'Isman', 'katushaisman@agh.edu.pl'), (4492, 'Dacia', 'Didier', 'daciadidier@yahoo.com'), (4493, 'Jorey', 'Killarney', 'joreykillarney@yahoo.com'), (4494, 'Phillie', 'Catt', 'philliecatt@gmail.com'), (4495, 'Erinna', 'Evadne', 'erinnaevadne@gmail.com'), (4496, 'Steffie', 'Ruddy', 'steffieruddy@yahoo.com'), (4497, 'Effie', 'Tak', 'effietak@yahoo.com'), (4498, 'Theadora', 'Elburt', 'theadoraelburt@yahoo.com'), (4499, 'Kanya', 'Laure', 'kanyalaure@agh.edu.pl'), (4500, 'Riannon', 'Pauly', 'riannonpauly@gmail.com')
insert into dbo.registered (registered_id, first_name, last_name, email_address) values (4501, 'Bari', 'Meaghan', 'barimeaghan@agh.edu.pl'), (4502, 'Letti', 'Hillard', 'lettihillard@gmail.com'), (4503, 'Carmelita', 'Heid', 'carmelitaheid@gmail.com'), (4504, 'Blanca', 'Daren', 'blancadaren@gmail.com'), (4505, 'Jeana', 'Menendez', 'jeanamenendez@yahoo.com'), (4506, 'Yelena', 'Marr', 'yelenamarr@yahoo.com'), (4507, 'Anneliese', 'Ron', 'annelieseron@yahoo.com'), (4508, 'Rea', 'Osithe', 'reaosithe@agh.edu.pl'), (4509, 'Jackqueline', 'Slavic', 'jackquelineslavic@yahoo.com'), (4510, 'Tori', 'Juna', 'torijuna@yahoo.com'), (4511, 'Kerrill', 'Madai', 'kerrillmadai@agh.edu.pl'), (4512, 'Aleece', 'Wendi', 'aleecewendi@agh.edu.pl'), (4513, 'Tana', 'Mozes', 'tanamozes@yahoo.com'), (4514, 'Kathrine', 'Aylmer', 'kathrineaylmer@agh.edu.pl'), (4515, 'Jeni', 'Ertha', 'jeniertha@yahoo.com'), (4516, 'Barbabra', 'Everard', 'barbabraeverard@agh.edu.pl'), (4517, 'Audre', 'Ribble', 'audreribble@agh.edu.pl'), (4518, 'Olive', 'Fortunato', 'olivefortunato@agh.edu.pl'), (4519, 'Giselle', 'Hidie', 'gisellehidie@gmail.com'), (4520, 'Odessa', 'Hutner', 'odessahutner@agh.edu.pl'), (4521, 'Annemarie', 'Jeanne', 'annemariejeanne@gmail.com'), (4522, 'Ekaterina', 'Olenka', 'ekaterinaolenka@yahoo.com'), (4523, 'Valeria', 'Burleigh', 'valeriaburleigh@agh.edu.pl'), (4524, 'Willetta', 'Biagio', 'willettabiagio@gmail.com'), (4525, 'Karrie', 'Nanice', 'karrienanice@agh.edu.pl'), (4526, 'Iona', 'Skardol', 'ionaskardol@gmail.com'), (4527, 'Mab', 'Litch', 'mablitch@gmail.com'), (4528, 'Krystle', 'Furiya', 'krystlefuriya@yahoo.com'), (4529, 'Jeanette', 'Torras', 'jeanettetorras@agh.edu.pl'), (4530, 'Merna', 'Gilliam', 'mernagilliam@yahoo.com'), (4531, 'Shane', 'Klapp', 'shaneklapp@yahoo.com'), (4532, 'Joannes', 'Martelle', 'joannesmartelle@yahoo.com'), (4533, 'Vinni', 'Schonfield', 'vinnischonfield@agh.edu.pl'), (4534, 'Kellina', 'Gawlas', 'kellinagawlas@agh.edu.pl'), (4535, 'Prudy', 'Sigismund', 'prudysigismund@gmail.com'), (4536, 'Bernie', 'Henriha', 'berniehenriha@yahoo.com'), (4537, 'Renata', 'Atalante', 'renataatalante@agh.edu.pl'), (4538, 'Estell', 'Schoening', 'estellschoening@gmail.com'), (4539, 'Felicity', 'Codd', 'felicitycodd@agh.edu.pl'), (4540, 'Karlee', 'Disario', 'karleedisario@yahoo.com'), (4541, 'Amii', 'Lud', 'amiilud@gmail.com'), (4542, 'Stephana', 'Carolee', 'stephanacarolee@gmail.com'), (4543, 'Colline', 'Bullard', 'collinebullard@agh.edu.pl'), (4544, 'Gavrielle', 'Al', 'gavrielleal@agh.edu.pl'), (4545, 'Thomasine', 'Egor', 'thomasineegor@agh.edu.pl'), (4546, 'Ede', 'Corissa', 'edecorissa@gmail.com'), (4547, 'Meredithe', 'Shull', 'mereditheshull@gmail.com'), (4548, 'Bernete', 'Colon', 'bernetecolon@agh.edu.pl'), (4549, 'Jenna', 'Atalante', 'jennaatalante@agh.edu.pl'), (4550, 'Ally', 'Helyn', 'allyhelyn@gmail.com'), (4551, 'Eolande', 'Marder', 'eolandemarder@yahoo.com'), (4552, 'Shani', 'Elsworth', 'shanielsworth@agh.edu.pl'), (4553, 'Prudy', 'Hiroshi', 'prudyhiroshi@yahoo.com'), (4554, 'Jaclin', 'Silvan', 'jaclinsilvan@yahoo.com'), (4555, 'Lisette', 'Farrington', 'lisettefarrington@agh.edu.pl'), (4556, 'Hildagarde', 'Dustie', 'hildagardedustie@yahoo.com'), (4557, 'Kelly', 'Anatol', 'kellyanatol@gmail.com'), (4558, 'Claudetta', 'Clementina', 'claudettaclementina@agh.edu.pl'), (4559, 'Wilmette', 'Younglove', 'wilmetteyounglove@agh.edu.pl'), (4560, 'Zsa Zsa', 'Photima', 'zsazsaphotima@agh.edu.pl'), (4561, 'Mignonne', 'Caroline', 'mignonnecaroline@agh.edu.pl'), (4562, 'Rhodia', 'Stretch', 'rhodiastretch@agh.edu.pl'), (4563, 'Seana', 'Samuella', 'seanasamuella@yahoo.com'), (4564, 'Reggie', 'Daniala', 'reggiedaniala@agh.edu.pl'), (4565, 'Terri', 'Jurkoic', 'terrijurkoic@gmail.com'), (4566, 'Lauraine', 'Wrightson', 'laurainewrightson@yahoo.com'), (4567, 'Roz', 'Alida', 'rozalida@gmail.com'), (4568, 'Sophie', 'Daryle', 'sophiedaryle@agh.edu.pl'), (4569, 'Phillida', 'Elmer', 'phillidaelmer@yahoo.com'), (4570, 'Erna', 'Dedrick', 'ernadedrick@yahoo.com'), (4571, 'Anny', 'Fairman', 'annyfairman@gmail.com'), (4572, 'Klarika', 'Hudnut', 'klarikahudnut@agh.edu.pl'), (4573, 'Lorraine', 'Oria', 'lorraineoria@yahoo.com'), (4574, 'Jasmin', 'Vasta', 'jasminvasta@gmail.com'), (4575, 'Phillis', 'Robi', 'phillisrobi@agh.edu.pl'), (4576, 'Devin', 'Tracie', 'devintracie@agh.edu.pl'), (4577, 'Sashenka', 'Cleavland', 'sashenkacleavland@agh.edu.pl'), (4578, 'Ceciley', 'Lilas', 'cecileylilas@agh.edu.pl'), (4579, 'Benoite', 'Mordy', 'benoitemordy@agh.edu.pl'), (4580, 'Sallyann', 'Hunsinger', 'sallyannhunsinger@gmail.com'), (4581, 'Cordi', 'Broeder', 'cordibroeder@yahoo.com'), (4582, 'Maudie', 'Chang', 'maudiechang@gmail.com'), (4583, 'Tildy', 'Hube', 'tildyhube@agh.edu.pl'), (4584, 'Matilde', 'OMalley', 'matildeomalley@yahoo.com'), (4585, 'Korrie', 'Raab', 'korrieraab@agh.edu.pl'), (4586, 'Alfy', 'Pugh', 'alfypugh@gmail.com'), (4587, 'Tana', 'Noak', 'tananoak@agh.edu.pl'), (4588, 'Del', 'Heimlich', 'delheimlich@gmail.com'), (4589, 'Nikki', 'Stilla', 'nikkistilla@gmail.com'), (4590, 'Hilde', 'Zondra', 'hildezondra@agh.edu.pl'), (4591, 'Billy', 'Ophelie', 'billyophelie@yahoo.com'), (4592, 'Alia', 'Simon', 'aliasimon@agh.edu.pl'), (4593, 'Krissie', 'Petulia', 'krissiepetulia@yahoo.com'), (4594, 'Othella', 'Tarsus', 'othellatarsus@gmail.com'), (4595, 'Carolan', 'Sherr', 'carolansherr@agh.edu.pl'), (4596, 'Nance', 'Dickman', 'nancedickman@yahoo.com'), (4597, 'Sascha', 'Shaikh', 'saschashaikh@gmail.com'), (4598, 'Nady', 'Iverson', 'nadyiverson@yahoo.com'), (4599, 'Kirbie', 'McNamara', 'kirbiemcnamara@agh.edu.pl'), (4600, 'Aurelie', 'Verlie', 'aurelieverlie@gmail.com'), (4601, 'Leda', 'Parthinia', 'ledaparthinia@yahoo.com'), (4602, 'Britteny', 'Guerin', 'brittenyguerin@agh.edu.pl'), (4603, 'Shalne', 'Horbal', 'shalnehorbal@agh.edu.pl'), (4604, 'Hendrika', 'Wolford', 'hendrikawolford@yahoo.com'), (4605, 'Abbey', 'Case', 'abbeycase@agh.edu.pl'), (4606, 'Jazmin', 'Loring', 'jazminloring@agh.edu.pl'), (4607, 'Carree', 'Longmire', 'carreelongmire@agh.edu.pl'), (4608, 'Minnaminnie', 'Dasya', 'minnaminniedasya@agh.edu.pl'), (4609, 'Freida', 'Rhoads', 'freidarhoads@yahoo.com'), (4610, 'Amata', 'Mella', 'amatamella@yahoo.com'), (4611, 'Meagan', 'Christophe', 'meaganchristophe@yahoo.com'), (4612, 'Auberta', 'Kalle', 'aubertakalle@gmail.com'), (4613, 'Pavla', 'Cartan', 'pavlacartan@gmail.com'), (4614, 'Jeannie', 'Ammon', 'jeannieammon@agh.edu.pl'), (4615, 'Janeczka', 'MacEgan', 'janeczkamacegan@agh.edu.pl'), (4616, 'Jean', 'Charron', 'jeancharron@gmail.com'), (4617, 'Eveleen', 'Holsworth', 'eveleenholsworth@gmail.com'), (4618, 'Jodi', 'Carpio', 'jodicarpio@yahoo.com'), (4619, 'Lesli', 'Henryson', 'leslihenryson@yahoo.com'), (4620, 'Phyllys', 'Kline', 'phyllyskline@yahoo.com'), (4621, 'Basia', 'Jamil', 'basiajamil@yahoo.com'), (4622, 'Violet', 'Hartmann', 'violethartmann@gmail.com'), (4623, 'Steffi', 'Slack', 'steffislack@yahoo.com'), (4624, 'Cindi', 'Kendal', 'cindikendal@gmail.com'), (4625, 'Donna', 'Landre', 'donnalandre@agh.edu.pl'), (4626, 'Marga', 'Valida', 'margavalida@gmail.com'), (4627, 'Hana', 'Bevon', 'hanabevon@yahoo.com'), (4628, 'Maddi', 'Sergius', 'maddisergius@yahoo.com'), (4629, 'Norean', 'Ness', 'noreanness@yahoo.com'), (4630, 'Joelie', 'Zanze', 'joeliezanze@agh.edu.pl'), (4631, 'Neysa', 'Sou', 'neysasou@gmail.com'), (4632, 'Tori', 'Fretwell', 'torifretwell@agh.edu.pl'), (4633, 'Giuditta', 'Deppy', 'giudittadeppy@gmail.com'), (4634, 'Ollie', 'Ringler', 'ollieringler@agh.edu.pl'), (4635, 'Kamilah', 'Hailee', 'kamilahhailee@yahoo.com'), (4636, 'Lurlene', 'Morgan', 'lurlenemorgan@gmail.com'), (4637, 'Dorree', 'Cath', 'dorreecath@yahoo.com'), (4638, 'Marylou', 'Silma', 'marylousilma@yahoo.com'), (4639, 'Anne', 'Dworman', 'annedworman@agh.edu.pl'), (4640, 'Colette', 'Banerjee', 'colettebanerjee@yahoo.com'), (4641, 'Norah', 'Wilfrid', 'norahwilfrid@gmail.com'), (4642, 'Shayna', 'Bonne', 'shaynabonne@yahoo.com'), (4643, 'Cathi', 'Mylo', 'cathimylo@gmail.com'), (4644, 'Sibeal', 'Maridel', 'sibealmaridel@agh.edu.pl'), (4645, 'Anette', 'Osy', 'anetteosy@yahoo.com'), (4646, 'Adriaens', 'Leola', 'adriaensleola@gmail.com'), (4647, 'Leandra', 'Jandy', 'leandrajandy@gmail.com'), (4648, 'Malinde', 'Ot', 'malindeot@gmail.com'), (4649, 'Rakel', 'Shaeffer', 'rakelshaeffer@gmail.com'), (4650, 'Nananne', 'Odine', 'nananneodine@gmail.com'), (4651, 'Danna', 'Den', 'dannaden@gmail.com'), (4652, 'Concordia', 'Lucie', 'concordialucie@agh.edu.pl'), (4653, 'Colline', 'Portwin', 'collineportwin@gmail.com'), (4654, 'Timi', 'Kresic', 'timikresic@yahoo.com'), (4655, 'Dido', 'Hardwick', 'didohardwick@gmail.com'), (4656, 'Meghan', 'Thora', 'meghanthora@gmail.com'), (4657, 'Tobey', 'Miquela', 'tobeymiquela@agh.edu.pl'), (4658, 'Lanae', 'Inkster', 'lanaeinkster@yahoo.com'), (4659, 'Ibbie', 'Woodruff', 'ibbiewoodruff@yahoo.com'), (4660, 'Rhea', 'Shue', 'rheashue@agh.edu.pl'), (4661, 'Teresa', 'Esmerolda', 'teresaesmerolda@agh.edu.pl'), (4662, 'Ronny', 'Lois', 'ronnylois@yahoo.com'), (4663, 'Charline', 'Rise', 'charlinerise@yahoo.com'), (4664, 'Ciel', 'Cardon', 'cielcardon@yahoo.com'), (4665, 'Yolanthe', 'Drandell', 'yolanthedrandell@yahoo.com'), (4666, 'Shea', 'Stedt', 'sheastedt@gmail.com'), (4667, 'Loraine', 'Blen', 'loraineblen@yahoo.com'), (4668, 'Jemie', 'Cyma', 'jemiecyma@agh.edu.pl'), (4669, 'Carlina', 'Adey', 'carlinaadey@yahoo.com'), (4670, 'Marillin', 'Azar', 'marillinazar@gmail.com'), (4671, 'Tracey', 'Vaenfila', 'traceyvaenfila@agh.edu.pl'), (4672, 'Wally', 'Delinda', 'wallydelinda@yahoo.com'), (4673, 'Letty', 'Cowen', 'lettycowen@gmail.com'), (4674, 'Christen', 'Miguelita', 'christenmiguelita@agh.edu.pl'), (4675, 'Charity', 'Eliath', 'charityeliath@agh.edu.pl'), (4676, 'Twila', 'Bellaude', 'twilabellaude@agh.edu.pl'), (4677, 'Carlota', 'Peters', 'carlotapeters@agh.edu.pl'), (4678, 'Druci', 'Lotti', 'drucilotti@yahoo.com'), (4679, 'Brande', 'Lal', 'brandelal@yahoo.com'), (4680, 'Clair', 'Ynez', 'clairynez@agh.edu.pl'), (4681, 'Marguerite', 'Biddick', 'margueritebiddick@yahoo.com'), (4682, 'Linda', 'Reid', 'lindareid@yahoo.com'), (4683, 'Rafaela', 'Abdel', 'rafaelaabdel@agh.edu.pl'), (4684, 'Electra', 'Laurent', 'electralaurent@yahoo.com'), (4685, 'Georgette', 'Lunetta', 'georgettelunetta@agh.edu.pl'), (4686, 'Carine', 'Franky', 'carinefranky@yahoo.com'), (4687, 'Coretta', 'Bazil', 'corettabazil@gmail.com'), (4688, 'Rosette', 'Livvie', 'rosettelivvie@yahoo.com'), (4689, 'Kaila', 'Liatrice', 'kailaliatrice@agh.edu.pl'), (4690, 'Sabina', 'Sims', 'sabinasims@agh.edu.pl'), (4691, 'Alis', 'Child', 'alischild@agh.edu.pl'), (4692, 'Ardelle', 'Jarib', 'ardellejarib@gmail.com'), (4693, 'Kipp', 'Matthus', 'kippmatthus@yahoo.com'), (4694, 'Zabrina', 'Delgado', 'zabrinadelgado@gmail.com'), (4695, 'Sharia', 'Allen', 'shariaallen@agh.edu.pl'), (4696, 'Jodee', 'Kragh', 'jodeekragh@gmail.com'), (4697, 'Sindee', 'Buckingham', 'sindeebuckingham@agh.edu.pl'), (4698, 'Abra', 'Cassiani', 'abracassiani@gmail.com'), (4699, 'Kimbra', 'Sindee', 'kimbrasindee@agh.edu.pl'), (4700, 'Sidoney', 'Edgardo', 'sidoneyedgardo@gmail.com'), (4701, 'Erinna', 'Woolson', 'erinnawoolson@yahoo.com'), (4702, 'Dedra', 'Marybelle', 'dedramarybelle@yahoo.com'), (4703, 'Carol', 'Nabal', 'carolnabal@gmail.com'), (4704, 'Marci', 'Prima', 'marciprima@gmail.com'), (4705, 'Lorri', 'Mukerji', 'lorrimukerji@agh.edu.pl'), (4706, 'Cthrine', 'Gagliano', 'cthrinegagliano@yahoo.com'), (4707, 'Beverlee', 'Brendan', 'beverleebrendan@yahoo.com'), (4708, 'Helsa', 'Garrek', 'helsagarrek@yahoo.com'), (4709, 'Nelle', 'Brannon', 'nellebrannon@agh.edu.pl'), (4710, 'Leilah', 'Dominik', 'leilahdominik@yahoo.com'), (4711, 'Hope', 'Urbannal', 'hopeurbannal@gmail.com'), (4712, 'Cindee', 'Blithe', 'cindeeblithe@gmail.com'), (4713, 'Allison', 'Barber', 'allisonbarber@agh.edu.pl'), (4714, 'Elsa', 'Davy', 'elsadavy@yahoo.com'), (4715, 'Maggi', 'Becker', 'maggibecker@gmail.com'), (4716, 'Kari', 'Colwell', 'karicolwell@yahoo.com'), (4717, 'Rikki', 'Sato', 'rikkisato@yahoo.com'), (4718, 'Maryl', 'Siesser', 'marylsiesser@agh.edu.pl'), (4719, 'Kirby', 'Lazes', 'kirbylazes@agh.edu.pl'), (4720, 'Janka', 'Clark', 'jankaclark@yahoo.com'), (4721, 'Ophelia', 'Halsey', 'opheliahalsey@gmail.com'), (4722, 'Rubie', 'Evita', 'rubieevita@gmail.com'), (4723, 'Ilse', 'Meilen', 'ilsemeilen@yahoo.com'), (4724, 'Gavra', 'Wilmott', 'gavrawilmott@yahoo.com'), (4725, 'Clarissa', 'Illona', 'clarissaillona@gmail.com'), (4726, 'Ranice', 'Pancho', 'ranicepancho@agh.edu.pl'), (4727, 'Meghan', 'Reinertson', 'meghanreinertson@agh.edu.pl'), (4728, 'Jennifer', 'Perkin', 'jenniferperkin@gmail.com'), (4729, 'Molly', 'Avruch', 'mollyavruch@agh.edu.pl'), (4730, 'Renae', 'Graig', 'renaegraig@gmail.com'), (4731, 'Willyt', 'Straub', 'willytstraub@agh.edu.pl'), (4732, 'Bobbie', 'Roshelle', 'bobbieroshelle@yahoo.com'), (4733, 'Estell', 'Cleopatre', 'estellcleopatre@yahoo.com'), (4734, 'Babette', 'Isak', 'babetteisak@gmail.com'), (4735, 'Valeria', 'Murage', 'valeriamurage@yahoo.com'), (4736, 'Nady', 'Baptista', 'nadybaptista@gmail.com'), (4737, 'Nadiya', 'Abbey', 'nadiyaabbey@yahoo.com'), (4738, 'Avril', 'Ancel', 'avrilancel@yahoo.com'), (4739, 'Georgeta', 'Anabella', 'georgetaanabella@gmail.com'), (4740, 'Scarlett', 'Gibson', 'scarlettgibson@agh.edu.pl'), (4741, 'Fredericka', 'Trstram', 'frederickatrstram@yahoo.com'), (4742, 'Isis', 'Boleslaw', 'isisboleslaw@agh.edu.pl'), (4743, 'Brittne', 'Sev', 'brittnesev@yahoo.com'), (4744, 'Gwendolen', 'Huston', 'gwendolenhuston@yahoo.com'), (4745, 'Sheela', 'Mauldon', 'sheelamauldon@gmail.com'), (4746, 'Kerianne', 'Yung', 'kerianneyung@gmail.com'), (4747, 'Shalna', 'Adria', 'shalnaadria@gmail.com'), (4748, 'Emiline', 'Festus', 'emilinefestus@yahoo.com'), (4749, 'Misha', 'Birdt', 'mishabirdt@gmail.com'), (4750, 'Genovera', 'Airel', 'genoveraairel@gmail.com'), (4751, 'Gerhardine', 'Deadman', 'gerhardinedeadman@agh.edu.pl'), (4752, 'Laureen', 'Rabassa', 'laureenrabassa@yahoo.com'), (4753, 'Arlyne', 'Martella', 'arlynemartella@yahoo.com'), (4754, 'Ninon', 'Figge', 'ninonfigge@yahoo.com'), (4755, 'Lacy', 'Rufina', 'lacyrufina@agh.edu.pl'), (4756, 'Persis', 'Darci', 'persisdarci@yahoo.com'), (4757, 'Karly', 'Rebhun', 'karlyrebhun@agh.edu.pl'), (4758, 'Stoddard', 'Erik', 'stoddarderik@yahoo.com'), (4759, 'Mirabel', 'Gertrudis', 'mirabelgertrudis@agh.edu.pl'), (4760, 'Raina', 'Powell', 'rainapowell@agh.edu.pl'), (4761, 'Carmel', 'Nenney', 'carmelnenney@gmail.com'), (4762, 'Caroljean', 'Joliet', 'caroljeanjoliet@agh.edu.pl'), (4763, 'Philly', 'Swetiana', 'phillyswetiana@gmail.com'), (4764, 'Loren', 'Cavill', 'lorencavill@gmail.com'), (4765, 'Nadeen', 'Delorenzo', 'nadeendelorenzo@yahoo.com'), (4766, 'Sula', 'Dinerman', 'suladinerman@gmail.com'), (4767, 'Jackelyn', 'Busiek', 'jackelynbusiek@agh.edu.pl'), (4768, 'Jonis', 'Drobman', 'jonisdrobman@agh.edu.pl'), (4769, 'Regina', 'Reiter', 'reginareiter@agh.edu.pl'), (4770, 'Malorie', 'Ridley', 'malorieridley@agh.edu.pl'), (4771, 'Vanni', 'Madden', 'vannimadden@gmail.com'), (4772, 'Johnna', 'Severin', 'johnnaseverin@yahoo.com'), (4773, 'Emily', 'Danby', 'emilydanby@yahoo.com'), (4774, 'Cristal', 'Dich', 'cristaldich@yahoo.com'), (4775, 'Moreen', 'Noonberg', 'moreennoonberg@gmail.com'), (4776, 'Verina', 'Sewoll', 'verinasewoll@agh.edu.pl'), (4777, 'Penni', 'Lesli', 'pennilesli@gmail.com'), (4778, 'Anabel', 'Hudgens', 'anabelhudgens@agh.edu.pl'), (4779, 'Heda', 'Kramer', 'hedakramer@gmail.com'), (4780, 'Wenonah', 'Jaqitsch', 'wenonahjaqitsch@yahoo.com'), (4781, 'Hazel', 'Perkin', 'hazelperkin@gmail.com'), (4782, 'Cynde', 'Bernt', 'cyndebernt@yahoo.com'), (4783, 'Annemarie', 'Januarius', 'annemariejanuarius@yahoo.com'), (4784, 'Melodie', 'Lamrert', 'melodielamrert@agh.edu.pl'), (4785, 'Sharleen', 'Umont', 'sharleenumont@agh.edu.pl'), (4786, 'Elysha', 'Nord', 'elyshanord@yahoo.com'), (4787, 'Rhetta', 'Derwood', 'rhettaderwood@agh.edu.pl'), (4788, 'Gaby', 'Mowbray', 'gabymowbray@yahoo.com'), (4789, 'Eran', 'Virginie', 'eranvirginie@yahoo.com'), (4790, 'Kellia', 'Mattie', 'kelliamattie@yahoo.com'), (4791, 'Mamie', 'Andert', 'mamieandert@yahoo.com'), (4792, 'Gertrudis', 'Cally', 'gertrudiscally@yahoo.com'), (4793, 'Minne', 'Reede', 'minnereede@gmail.com'), (4794, 'Flora', 'Blaseio', 'florablaseio@yahoo.com'), (4795, 'Jackie', 'Antoni', 'jackieantoni@gmail.com'), (4796, 'Clarey', 'Pip', 'clareypip@yahoo.com'), (4797, 'Ammamaria', 'Almeeta', 'ammamariaalmeeta@yahoo.com'), (4798, 'Kaylil', 'Hobey', 'kaylilhobey@gmail.com'), (4799, 'Genovera', 'Kistner', 'genoverakistner@agh.edu.pl'), (4800, 'Loise', 'Penman', 'loisepenman@gmail.com'), (4801, 'Deanne', 'Ronnie', 'deanneronnie@yahoo.com'), (4802, 'Emilie', 'Flanigan', 'emilieflanigan@agh.edu.pl'), (4803, 'Vikki', 'Fabiano', 'vikkifabiano@yahoo.com'), (4804, 'Pia', 'Diandra', 'piadiandra@gmail.com'), (4805, 'Enriqueta', 'Jehiel', 'enriquetajehiel@yahoo.com'), (4806, 'Brenda', 'Orpha', 'brendaorpha@agh.edu.pl'), (4807, 'Marlane', 'Stephannie', 'marlanestephannie@agh.edu.pl'), (4808, 'Ettie', 'Prosperus', 'ettieprosperus@gmail.com'), (4809, 'Rivalee', 'Estele', 'rivaleeestele@agh.edu.pl'), (4810, 'Zilvia', 'Engracia', 'zilviaengracia@yahoo.com'), (4811, 'Shina', 'Homer', 'shinahomer@gmail.com'), (4812, 'Vikki', 'Savitt', 'vikkisavitt@agh.edu.pl'), (4813, 'Ashlan', 'Pike', 'ashlanpike@gmail.com'), (4814, 'Delphine', 'Happ', 'delphinehapp@yahoo.com'), (4815, 'Clemence', 'Docilu', 'clemencedocilu@agh.edu.pl'), (4816, 'Gwenette', 'Flemings', 'gwenetteflemings@agh.edu.pl'), (4817, 'Noell', 'Gena', 'noellgena@agh.edu.pl'), (4818, 'Mair', 'Mavilia', 'mairmavilia@agh.edu.pl'), (4819, 'Leoline', 'Stormy', 'leolinestormy@gmail.com'), (4820, 'Betty', 'Stronski', 'bettystronski@agh.edu.pl'), (4821, 'Cathrine', 'Pendleton', 'cathrinependleton@agh.edu.pl'), (4822, 'Rozelle', 'Kudva', 'rozellekudva@gmail.com'), (4823, 'Bertha', 'Osborn', 'berthaosborn@gmail.com'), (4824, 'Kathryn', 'Thant', 'kathrynthant@yahoo.com'), (4825, 'Cassaundra', 'Obelia', 'cassaundraobelia@yahoo.com'), (4826, 'Pia', 'Xenophon', 'piaxenophon@gmail.com'), (4827, 'Cammi', 'Natika', 'camminatika@gmail.com'), (4828, 'Tillie', 'Canfield', 'tilliecanfield@yahoo.com'), (4829, 'Paige', 'Mich', 'paigemich@yahoo.com'), (4830, 'Riannon', 'Koh', 'riannonkoh@agh.edu.pl'), (4831, 'Janka', 'Yordan', 'jankayordan@gmail.com'), (4832, 'Gabriella', 'Froemming', 'gabriellafroemming@gmail.com'), (4833, 'Keslie', 'Rafe', 'keslierafe@gmail.com'), (4834, 'Maryjane', 'Selwyn', 'maryjaneselwyn@yahoo.com'), (4835, 'Gabriellia', 'Stempson', 'gabrielliastempson@agh.edu.pl'), (4836, 'Donella', 'Yankee', 'donellayankee@agh.edu.pl'), (4837, 'Karyl', 'Hannibal', 'karylhannibal@yahoo.com'), (4838, 'Chickie', 'Adriano', 'chickieadriano@agh.edu.pl'), (4839, 'Jobyna', 'Inglebert', 'jobynainglebert@gmail.com'), (4840, 'Ruby', 'Poler', 'rubypoler@gmail.com'), (4841, 'Gustie', 'Townsend', 'gustietownsend@yahoo.com'), (4842, 'Deborah', 'Obau', 'deborahobau@yahoo.com'), (4843, 'Ariella', 'Rebeka', 'ariellarebeka@yahoo.com'), (4844, 'Kimmy', 'Colvin', 'kimmycolvin@agh.edu.pl'), (4845, 'Antoinette', 'Gorrian', 'antoinettegorrian@agh.edu.pl'), (4846, 'Rhona', 'Domela', 'rhonadomela@agh.edu.pl'), (4847, 'Lena', 'Nettie', 'lenanettie@yahoo.com'), (4848, 'Abbey', 'Ignace', 'abbeyignace@yahoo.com'), (4849, 'Gae', 'Keheley', 'gaekeheley@agh.edu.pl'), (4850, 'Carlie', 'Ora', 'carlieora@gmail.com'), (4851, 'Caresa', 'Conant', 'caresaconant@gmail.com'), (4852, 'Mufinella', 'Barnett', 'mufinellabarnett@gmail.com'), (4853, 'Korie', 'Tiffie', 'korietiffie@yahoo.com'), (4854, 'Danila', 'Sanfred', 'danilasanfred@agh.edu.pl'), (4855, 'Marylynne', 'Lewan', 'marylynnelewan@yahoo.com'), (4856, 'Angelique', 'Ancell', 'angeliqueancell@gmail.com'), (4857, 'Philly', 'Kimbell', 'phillykimbell@agh.edu.pl'), (4858, 'Carley', 'Alisha', 'carleyalisha@gmail.com'), (4859, 'Adelina', 'Dustin', 'adelinadustin@gmail.com'), (4860, 'Agathe', 'Recor', 'agatherecor@yahoo.com'), (4861, 'Bell', 'Downall', 'belldownall@yahoo.com'), (4862, 'Kizzee', 'Adelaida', 'kizzeeadelaida@gmail.com'), (4863, 'Ami', 'Gisele', 'amigisele@agh.edu.pl'), (4864, 'Hayley', 'Hilten', 'hayleyhilten@agh.edu.pl'), (4865, 'Marga', 'Barnabe', 'margabarnabe@gmail.com'), (4866, 'Roana', 'Chew', 'roanachew@yahoo.com'), (4867, 'Angelia', 'Luwana', 'angelialuwana@yahoo.com'), (4868, 'Yoshiko', 'Lais', 'yoshikolais@yahoo.com'), (4869, 'Corliss', 'Coster', 'corlisscoster@agh.edu.pl'), (4870, 'Pier', 'Weiss', 'pierweiss@gmail.com'), (4871, 'Lelia', 'Ermina', 'leliaermina@gmail.com'), (4872, 'Caterina', 'Lothario', 'caterinalothario@gmail.com'), (4873, 'Maribelle', 'Hew', 'maribellehew@agh.edu.pl'), (4874, 'Anya', 'Vahe', 'anyavahe@gmail.com'), (4875, 'Charlena', 'Elyn', 'charlenaelyn@agh.edu.pl'), (4876, 'Aurlie', 'Durkin', 'aurliedurkin@agh.edu.pl'), (4877, 'Pippy', 'Marvin', 'pippymarvin@agh.edu.pl'), (4878, 'Aime', 'Loseff', 'aimeloseff@agh.edu.pl'), (4879, 'Annamarie', 'Beeson', 'annamariebeeson@gmail.com'), (4880, 'Maridel', 'Laureen', 'maridellaureen@yahoo.com'), (4881, 'Tine', 'Amias', 'tineamias@yahoo.com'), (4882, 'Felicia', 'Tricia', 'feliciatricia@gmail.com'), (4883, 'Goldia', 'Corrianne', 'goldiacorrianne@gmail.com'), (4884, 'Leonelle', 'Verdie', 'leonelleverdie@yahoo.com'), (4885, 'Dolorita', 'Lazaro', 'doloritalazaro@yahoo.com'), (4886, 'Lyn', 'Ransom', 'lynransom@gmail.com'), (4887, 'Amalle', 'Landa', 'amallelanda@gmail.com'), (4888, 'Trixy', 'Swane', 'trixyswane@gmail.com'), (4889, 'Reiko', 'Barbey', 'reikobarbey@yahoo.com'), (4890, 'Honoria', 'Golden', 'honoriagolden@yahoo.com'), (4891, 'Hattie', 'Geoffrey', 'hattiegeoffrey@gmail.com'), (4892, 'Imojean', 'Curry', 'imojeancurry@gmail.com'), (4893, 'Rozalie', 'Pietrek', 'rozaliepietrek@gmail.com'), (4894, 'Cathleen', 'Roderica', 'cathleenroderica@gmail.com'), (4895, 'Tillie', 'Broida', 'tilliebroida@agh.edu.pl'), (4896, 'Jemmie', 'Simpson', 'jemmiesimpson@agh.edu.pl'), (4897, 'Nonie', 'Jeramie', 'noniejeramie@yahoo.com'), (4898, 'Cherish', 'Kenti', 'cherishkenti@gmail.com'), (4899, 'Deva', 'Keating', 'devakeating@gmail.com'), (4900, 'Brandise', 'Campos', 'brandisecampos@agh.edu.pl'), (4901, 'Clarette', 'Uzziel', 'claretteuzziel@gmail.com'), (4902, 'Arlyn', 'Gabriel', 'arlyngabriel@gmail.com'), (4903, 'Olimpia', 'Torr', 'olimpiatorr@gmail.com'), (4904, 'Sayre', 'Corene', 'sayrecorene@yahoo.com'), (4905, 'Juditha', 'Munro', 'judithamunro@agh.edu.pl'), (4906, 'Vittoria', 'Chet', 'vittoriachet@gmail.com'), (4907, 'Bobbe', 'Bechler', 'bobbebechler@agh.edu.pl'), (4908, 'Nadya', 'Godwin', 'nadyagodwin@agh.edu.pl'), (4909, 'Karalynn', 'Idette', 'karalynnidette@gmail.com'), (4910, 'Henryetta', 'Liuka', 'henryettaliuka@gmail.com'), (4911, 'Pierrette', 'Hendon', 'pierrettehendon@gmail.com'), (4912, 'Roberta', 'Croft', 'robertacroft@yahoo.com'), (4913, 'Hollie', 'Coral', 'holliecoral@gmail.com'), (4914, 'Lucretia', 'Sathrum', 'lucretiasathrum@yahoo.com'), (4915, 'Aili', 'Leifer', 'ailileifer@gmail.com'), (4916, 'Alexine', 'Martsen', 'alexinemartsen@yahoo.com'), (4917, 'Berte', 'Maritsa', 'bertemaritsa@agh.edu.pl'), (4918, 'Darline', 'Madlen', 'darlinemadlen@yahoo.com'), (4919, 'Amelita', 'Chrystel', 'amelitachrystel@agh.edu.pl'), (4920, 'Cecilla', 'Audri', 'cecillaaudri@agh.edu.pl'), (4921, 'Flss', 'Lilithe', 'flsslilithe@yahoo.com'), (4922, 'Elfreda', 'Pahl', 'elfredapahl@agh.edu.pl'), (4923, 'Damita', 'Donela', 'damitadonela@agh.edu.pl'), (4924, 'Jaquenetta', 'Aleece', 'jaquenettaaleece@yahoo.com'), (4925, 'Bird', 'Jobyna', 'birdjobyna@agh.edu.pl'), (4926, 'Larine', 'Seibold', 'larineseibold@yahoo.com'), (4927, 'Kessiah', 'Anabella', 'kessiahanabella@gmail.com'), (4928, 'Alta', 'Screens', 'altascreens@gmail.com'), (4929, 'Maighdiln', 'Rezzani', 'maighdilnrezzani@gmail.com'), (4930, 'Saraann', 'Mahon', 'saraannmahon@gmail.com'), (4931, 'Sibeal', 'Gyimah', 'sibealgyimah@agh.edu.pl'), (4932, 'Marilee', 'Blancha', 'marileeblancha@gmail.com'), (4933, 'Minda', 'Zina', 'mindazina@gmail.com'), (4934, 'Edithe', 'Ponce', 'editheponce@yahoo.com'), (4935, 'Tamar', 'Coben', 'tamarcoben@gmail.com'), (4936, 'Maurene', 'Fabiano', 'maurenefabiano@yahoo.com'), (4937, 'Bernita', 'Alegre', 'bernitaalegre@yahoo.com'), (4938, 'Berny', 'Wehner', 'bernywehner@gmail.com'), (4939, 'Mira', 'Cohlier', 'miracohlier@agh.edu.pl'), (4940, 'Jayme', 'Meyeroff', 'jaymemeyeroff@yahoo.com'), (4941, 'Rafaelita', 'Mraz', 'rafaelitamraz@gmail.com'), (4942, 'Juline', 'Roxie', 'julineroxie@gmail.com'), (4943, 'Adriaens', 'Bobbie', 'adriaensbobbie@agh.edu.pl'), (4944, 'Ashlan', 'Orit', 'ashlanorit@agh.edu.pl'), (4945, 'Riannon', 'Karlis', 'riannonkarlis@gmail.com'), (4946, 'Anatola', 'Gader', 'anatolagader@yahoo.com'), (4947, 'Inger', 'Yvonne', 'ingeryvonne@yahoo.com'), (4948, 'Elise', 'Heyman', 'eliseheyman@gmail.com'), (4949, 'Luise', 'Trelu', 'luisetrelu@agh.edu.pl'), (4950, 'Garnet', 'Rudy', 'garnetrudy@agh.edu.pl'), (4951, 'Alexina', 'Cesaro', 'alexinacesaro@gmail.com'), (4952, 'Allix', 'Krystin', 'allixkrystin@agh.edu.pl'), (4953, 'Velma', 'Behnken', 'velmabehnken@agh.edu.pl'), (4954, 'Victoria', 'Harcourt', 'victoriaharcourt@yahoo.com'), (4955, 'Dorice', 'Cattier', 'doricecattier@agh.edu.pl'), (4956, 'Melisenda', 'Dexter', 'melisendadexter@gmail.com'), (4957, 'Rayshell', 'Alyss', 'rayshellalyss@gmail.com'), (4958, 'Sara-Ann', 'Owades', 'sara-annowades@yahoo.com'), (4959, 'Eulalie', 'Aribold', 'eulaliearibold@agh.edu.pl'), (4960, 'Charmion', 'Ras', 'charmionras@yahoo.com'), (4961, 'Lorna', 'Karlotta', 'lornakarlotta@gmail.com'), (4962, 'Lianna', 'Reeve', 'liannareeve@gmail.com'), (4963, 'Corissa', 'Haslam', 'corissahaslam@yahoo.com'), (4964, 'Maris', 'Tabbitha', 'maristabbitha@yahoo.com'), (4965, 'Gill', 'Cinda', 'gillcinda@agh.edu.pl'), (4966, 'Tedda', 'Heringer', 'teddaheringer@agh.edu.pl'), (4967, 'Veronika', 'Donall', 'veronikadonall@gmail.com'), (4968, 'Cathy', 'Spense', 'cathyspense@agh.edu.pl'), (4969, 'Althea', 'Che', 'altheache@gmail.com'), (4970, 'Kayle', 'Eduino', 'kayleeduino@yahoo.com'), (4971, 'Fred', 'Yuma', 'fredyuma@yahoo.com'), (4972, 'Dedra', 'Marlee', 'dedramarlee@agh.edu.pl'), (4973, 'Mable', 'Laban', 'mablelaban@yahoo.com'), (4974, 'Bobine', 'Charita', 'bobinecharita@yahoo.com'), (4975, 'Evangelina', 'Mraz', 'evangelinamraz@yahoo.com'), (4976, 'Nada', 'Halvaard', 'nadahalvaard@gmail.com'), (4977, 'Dreddy', 'Gosselin', 'dreddygosselin@yahoo.com'), (4978, 'Marianne', 'Vachill', 'mariannevachill@yahoo.com'), (4979, 'Francesca', 'Teddy', 'francescateddy@agh.edu.pl'), (4980, 'Merrielle', 'Debor', 'merrielledebor@gmail.com'), (4981, 'Filia', 'Vitkun', 'filiavitkun@yahoo.com'), (4982, 'Tiff', 'Syman', 'tiffsyman@gmail.com'), (4983, 'Lela', 'Cirone', 'lelacirone@agh.edu.pl'), (4984, 'Tomasina', 'Johathan', 'tomasinajohathan@yahoo.com'), (4985, 'Anne', 'Elena', 'anneelena@yahoo.com'), (4986, 'Bertina', 'Eachelle', 'bertinaeachelle@gmail.com'), (4987, 'Joline', 'Dosh', 'jolinedosh@yahoo.com'), (4988, 'Jammie', 'Hudgens', 'jammiehudgens@agh.edu.pl'), (4989, 'Ardath', 'Byron', 'ardathbyron@gmail.com'), (4990, 'Shara', 'Geilich', 'sharageilich@gmail.com'), (4991, 'Shirlene', 'Ronny', 'shirleneronny@yahoo.com'), (4992, 'Halimeda', 'Serge', 'halimedaserge@yahoo.com'), (4993, 'Demetra', 'Sullivan', 'demetrasullivan@yahoo.com'), (4994, 'Celinda', 'Folberth', 'celindafolberth@yahoo.com'), (4995, 'Clovis', 'Amalle', 'clovisamalle@yahoo.com'), (4996, 'Thelma', 'Piero', 'thelmapiero@yahoo.com'), (4997, 'Christie', 'Christine', 'christiechristine@agh.edu.pl'), (4998, 'Nonnah', 'Jerrol', 'nonnahjerrol@gmail.com'), (4999, 'Pam', 'Monte', 'pammonte@yahoo.com'), (5000, 'Yoshiko', 'Hjerpe', 'yoshikohjerpe@yahoo.com')
set identity_insert dbo.registered off

go


set identity_insert dbo.addresses on
insert into dbo.addresses (address_id, country, city, postal_code, street, building_number) values (1, 'Germany', 'Taxenbach', '5660', 'Marktstrae', '27'), (2, 'Germany', 'Reichersberg', '4981', 'Fraham', '11'), (3, 'The Netherlands', 'Obertilliach', '9942', 'Rodarm', '59'), (4, 'Switzerland', 'Grogttfritz', '3910', 'Reichers', '68'), (5, 'Switzerland', 'Potzneusiedl', '2473', 'Neubaugasse', '59'), (6, 'Switzerland', 'Hoheneich', '3945', 'Schwalbengasse', '92'), (7, 'The Netherlands', 'Kartitsch', '9941', 'Hollbruck', '100'), (8, 'The Netherlands', 'Heiterwang', '6611', 'Oberdorf', '27'), (9, 'Germany', 'Altheim', '4950', 'Dr.-Weinlechner-Platz', '9'), (10, 'Germany', 'Scharnitz', '6108', 'Lablehner', '85'), (11, 'Switzerland', 'Mureck', '8480', 'Im Gassl', '42'), (12, 'The Netherlands', 'Hochburg-Ach', '5122', 'Unterweitzberg', '88'), (13, 'Germany', 'Schwand im Innkreis', '5134', 'Bachstrae', '11'), (14, 'Germany', 'Kalsdorf bei Graz', '8401', 'Rainweg', '37'), (15, 'The Netherlands', 'Strasshof an der Nordbahn', '2231', 'Oberndorfergasse', '59'), (16, 'Austria', 'Achau', '2481', 'Schulweg', '81'), (17, 'The Netherlands', 'Pernersdorf', '2053', 'Eduard-Kosch-Siedlung', '19'), (18, 'Switzerland', 'Zwlfaxing', '2322', 'Himberger Strae', '49'), (19, 'Germany', 'Groebersdorf', '2203', 'Tannenweg', '6'), (20, 'The Netherlands', 'Echsenbach', '3902', 'Kleinpoppen', '18')
set identity_insert dbo.addresses off

go


set identity_insert dbo.conferences on
insert into dbo.conferences (conference_id, name, description, address_id, base_price, student_discount, launched) values (1, 'Available Piece Conference', 'Really nice conference, everyone should attend.', '4', '854.3', '0.98', 1), (2, 'Best Apply Conference', 'Really nice conference, everyone should attend.', '6', '460.14', '0.13', 1), (3, 'Particular Perfect Conference', 'Really nice conference, everyone should attend.', '16', '435.67', '0.79', 1), (4, 'Programme Jesus Conference', 'Really nice conference, everyone should attend.', '5', '341.67', '0.89', 1), (5, 'Perfect West Conference', 'Really nice conference, everyone should attend.', '2', '326.07', '0.67', 1), (6, 'Excuse Hour Conference', 'Really nice conference, everyone should attend.', '16', '372.03', '0.8', 1), (7, 'Hot Usual Conference', 'Really nice conference, everyone should attend.', '15', '571.4', '0.89', 1), (8, 'Important Date Conference', 'Really nice conference, everyone should attend.', '17', '470.36', '0.08', 1), (9, 'Divide He Conference', 'Really nice conference, everyone should attend.', '10', '175.48', '0.97', 1), (10, 'Drink Fit Conference', 'Really nice conference, everyone should attend.', '4', '235.14', '0.73', 1), (11, 'Present Unit Conference', 'Really nice conference, everyone should attend.', '7', '700.44', '0.54', 1), (12, 'Europe Jesus Conference', 'Really nice conference, everyone should attend.', '12', '302.59', '0.46', 1), (13, 'Fly Clothe Conference', 'Really nice conference, everyone should attend.', '14', '383.89', '0.08', 1), (14, 'Free Thing Conference', 'Really nice conference, everyone should attend.', '17', '642.52', '0.83', 1), (15, 'Top Even Conference', 'Really nice conference, everyone should attend.', '9', '726.02', '0.64', 1), (16, 'Raise From Conference', 'Really nice conference, everyone should attend.', '19', '765.55', '0.72', 1), (17, 'Usual Red Conference', 'Really nice conference, everyone should attend.', '1', '225.77', '0.81', 1), (18, 'Britain Tonight Conference', 'Really nice conference, everyone should attend.', '12', '685.72', '0.78', 1), (19, 'Door Get Conference', 'Really nice conference, everyone should attend.', '16', '882.84', '0.36', 1), (20, 'Thou Propose Conference', 'Really nice conference, everyone should attend.', '16', '888.45', '0.22', 1), (21, 'Big Guy Conference', 'Really nice conference, everyone should attend.', '13', '447.17', '0.76', 1), (22, 'Settle Date Conference', 'Really nice conference, everyone should attend.', '14', '465.66', '0.28', 1), (23, 'Cut Morning Conference', 'Really nice conference, everyone should attend.', '9', '291.47', '0.76', 1), (24, 'Company Single Conference', 'Really nice conference, everyone should attend.', '10', '841.97', '0.8', 1), (25, 'Future Wear Conference', 'Really nice conference, everyone should attend.', '13', '431.0', '0.05', 1), (26, 'Inform Woman Conference', 'Really nice conference, everyone should attend.', '13', '596.85', '0.56', 1), (27, 'Offer Quid Conference', 'Really nice conference, everyone should attend.', '14', '536.43', '0.73', 1), (28, 'System Especial Conference', 'Really nice conference, everyone should attend.', '10', '297.34', '0.3', 1), (29, 'Excuse Main Conference', 'Really nice conference, everyone should attend.', '17', '664.26', '0.46', 1), (30, 'Mrs Please Conference', 'Really nice conference, everyone should attend.', '5', '584.71', '0.27', 1), (31, 'Britain Each Conference', 'Really nice conference, everyone should attend.', '8', '166.81', '0.98', 1), (32, 'Wood Pass Conference', 'Really nice conference, everyone should attend.', '12', '306.59', '0.39', 1), (33, 'Reduce This Conference', 'Really nice conference, everyone should attend.', '3', '244.38', '0.58', 1), (34, 'Expect With Conference', 'Really nice conference, everyone should attend.', '13', '849.62', '0.6', 1), (35, 'Trust Line Conference', 'Really nice conference, everyone should attend.', '16', '377.51', '0.43', 1), (36, 'Country Document Conference', 'Really nice conference, everyone should attend.', '15', '794.05', '0.9', 1), (37, 'Feel Both Conference', 'Really nice conference, everyone should attend.', '16', '347.59', '0.25', 1), (38, 'Over Politic Conference', 'Really nice conference, everyone should attend.', '20', '647.61', '0.19', 1), (39, 'Wonder Give Conference', 'Really nice conference, everyone should attend.', '2', '579.2', '0.12', 1), (40, 'Member Hand Conference', 'Really nice conference, everyone should attend.', '16', '641.9', '0.68', 1), (41, 'Science Pretty Conference', 'Really nice conference, everyone should attend.', '17', '971.92', '0.08', 1), (42, 'Station Public Conference', 'Really nice conference, everyone should attend.', '13', '621.96', '0.52', 1), (43, 'Think Beauty Conference', 'Really nice conference, everyone should attend.', '10', '254.34', '0.73', 1), (44, 'Income Count Conference', 'Really nice conference, everyone should attend.', '12', '288.63', '0.27', 1), (45, 'Ought Sun Conference', 'Really nice conference, everyone should attend.', '18', '875.6', '0.05', 1), (46, 'Interest Wish Conference', 'Really nice conference, everyone should attend.', '12', '441.31', '0.94', 1), (47, 'Let Square Conference', 'Really nice conference, everyone should attend.', '4', '373.71', '0.02', 1), (48, 'Shoe Expense Conference', 'Really nice conference, everyone should attend.', '8', '229.53', '0.59', 1), (49, 'Research Than Conference', 'Really nice conference, everyone should attend.', '9', '750.88', '0.98', 1), (50, 'Few Toward Conference', 'Really nice conference, everyone should attend.', '7', '440.99', '0.22', 1), (51, 'Measure Size Conference', 'Really nice conference, everyone should attend.', '15', '492.33', '0.35', 1), (52, 'Try Stage Conference', 'Really nice conference, everyone should attend.', '12', '698.28', '0.86', 1), (53, 'Twelve Evening Conference', 'Really nice conference, everyone should attend.', '8', '821.58', '0.53', 1), (54, 'Need Twelve Conference', 'Really nice conference, everyone should attend.', '18', '270.54', '0.34', 1), (55, 'Worse Create Conference', 'Really nice conference, everyone should attend.', '17', '354.42', '0.37', 1), (56, 'Whole Major Conference', 'Really nice conference, everyone should attend.', '11', '588.12', '0.76', 1), (57, 'Wait Future Conference', 'Really nice conference, everyone should attend.', '19', '240.61', '0.08', 1), (58, 'Transport Woman Conference', 'Really nice conference, everyone should attend.', '18', '869.54', '0.77', 1), (59, 'Exist Believe Conference', 'Really nice conference, everyone should attend.', '1', '464.14', '0.53', 1), (60, 'Britain Department Conference', 'Really nice conference, everyone should attend.', '7', '906.31', '0.72', 1), (61, 'News Fire Conference', 'Really nice conference, everyone should attend.', '1', '518.58', '0.78', 1), (62, 'Tonight Address Conference', 'Really nice conference, everyone should attend.', '15', '889.23', '0.12', 1), (63, 'After They Conference', 'Really nice conference, everyone should attend.', '2', '734.13', '0.86', 1), (64, 'Amount Travel Conference', 'Really nice conference, everyone should attend.', '8', '162.36', '0.21', 1), (65, 'Brief Question Conference', 'Really nice conference, everyone should attend.', '4', '227.85', '0.32', 1), (66, 'Understand But Conference', 'Really nice conference, everyone should attend.', '13', '418.13', '0.49', 1), (67, 'Lord Wood Conference', 'Really nice conference, everyone should attend.', '14', '309.67', '0.93', 1), (68, 'Nice Other Conference', 'Really nice conference, everyone should attend.', '5', '365.67', '0.11', 1), (69, 'Save Step Conference', 'Really nice conference, everyone should attend.', '16', '535.17', '0.09', 1), (70, 'Box Instead Conference', 'Really nice conference, everyone should attend.', '20', '268.0', '0.15', 1)
set identity_insert dbo.conferences off

go



set identity_insert dbo.price_levels on
insert into dbo.price_levels (price_level_id, conference_id, discount, date_from) values (1,1,0.16666666666666666, '2017-12-12'), (2,1,0.3333333333333333, '2017-12-05'), (3,1,0.5, '2017-11-28'), (4,1,0.6666666666666666, '2017-11-21'), (5,1,0.8333333333333333, '2017-11-14')
set identity_insert dbo.price_levels off

go

set identity_insert dbo.conference_days on
insert into dbo.conference_days (conference_day_id, conference_id, date, attendees_day_max) values (1, 1, '2017-12-19', 112), (2, 1, '2017-12-20', 237), (3, 1, '2017-12-21', 497)
set identity_insert dbo.conference_days off

go


set identity_insert dbo.price_levels on
insert into dbo.price_levels (price_level_id, conference_id, discount, date_from) values (6,2,0.25, '2019-05-19'), (7,2,0.5, '2019-05-12'), (8,2,0.75, '2019-05-05')
set identity_insert dbo.price_levels off

go

set identity_insert dbo.conference_days on
insert into dbo.conference_days (conference_day_id, conference_id, date, attendees_day_max) values (4, 2, '2019-05-26', 250), (5, 2, '2019-05-27', 208)
set identity_insert dbo.conference_days off

go


set identity_insert dbo.price_levels on
insert into dbo.price_levels (price_level_id, conference_id, discount, date_from) values (9,3,0.25, '2018-07-06'), (10,3,0.5, '2018-06-29'), (11,3,0.75, '2018-06-22')
set identity_insert dbo.price_levels off

go

set identity_insert dbo.conference_days on
insert into dbo.conference_days (conference_day_id, conference_id, date, attendees_day_max) values (6, 3, '2018-07-13', 299), (7, 3, '2018-07-14', 362)
set identity_insert dbo.conference_days off

go


set identity_insert dbo.price_levels on
insert into dbo.price_levels (price_level_id, conference_id, discount, date_from) values (12,4,0.25, '2017-01-03'), (13,4,0.5, '2016-12-27'), (14,4,0.75, '2016-12-20')
set identity_insert dbo.price_levels off

go

set identity_insert dbo.conference_days on
insert into dbo.conference_days (conference_day_id, conference_id, date, attendees_day_max) values (8, 4, '2017-01-10', 481), (9, 4, '2017-01-11', 266)
set identity_insert dbo.conference_days off

go


set identity_insert dbo.price_levels on
insert into dbo.price_levels (price_level_id, conference_id, discount, date_from) values (15,5,0.25, '2017-04-02'), (16,5,0.5, '2017-03-26'), (17,5,0.75, '2017-03-19')
set identity_insert dbo.price_levels off

go

set identity_insert dbo.conference_days on
insert into dbo.conference_days (conference_day_id, conference_id, date, attendees_day_max) values (10, 5, '2017-04-09', 353), (11, 5, '2017-04-10', 190)
set identity_insert dbo.conference_days off

go


set identity_insert dbo.price_levels on
insert into dbo.price_levels (price_level_id, conference_id, discount, date_from) values (18,6,0.16666666666666666, '2018-03-21'), (19,6,0.3333333333333333, '2018-03-14'), (20,6,0.5, '2018-03-07'), (21,6,0.6666666666666666, '2018-02-28'), (22,6,0.8333333333333333, '2018-02-21')
set identity_insert dbo.price_levels off

go

set identity_insert dbo.conference_days on
insert into dbo.conference_days (conference_day_id, conference_id, date, attendees_day_max) values (12, 6, '2018-03-28', 206)
set identity_insert dbo.conference_days off

go


set identity_insert dbo.price_levels on
insert into dbo.price_levels (price_level_id, conference_id, discount, date_from) values (23,7,0.5, '2019-06-02')
set identity_insert dbo.price_levels off

go

set identity_insert dbo.conference_days on
insert into dbo.conference_days (conference_day_id, conference_id, date, attendees_day_max) values (13, 7, '2019-06-09', 436)
set identity_insert dbo.conference_days off

go


set identity_insert dbo.price_levels on
insert into dbo.price_levels (price_level_id, conference_id, discount, date_from) values (24,8,0.125, '2017-10-09'), (25,8,0.25, '2017-10-02'), (26,8,0.375, '2017-09-25'), (27,8,0.5, '2017-09-18'), (28,8,0.625, '2017-09-11'), (29,8,0.75, '2017-09-04'), (30,8,0.875, '2017-08-28')
set identity_insert dbo.price_levels off

go

set identity_insert dbo.conference_days on
insert into dbo.conference_days (conference_day_id, conference_id, date, attendees_day_max) values (14, 8, '2017-10-16', 156), (15, 8, '2017-10-17', 405)
set identity_insert dbo.conference_days off

go


set identity_insert dbo.price_levels on
insert into dbo.price_levels (price_level_id, conference_id, discount, date_from) values (31,9,0.125, '2017-12-04'), (32,9,0.25, '2017-11-27'), (33,9,0.375, '2017-11-20'), (34,9,0.5, '2017-11-13'), (35,9,0.625, '2017-11-06'), (36,9,0.75, '2017-10-30'), (37,9,0.875, '2017-10-23')
set identity_insert dbo.price_levels off

go

set identity_insert dbo.conference_days on
insert into dbo.conference_days (conference_day_id, conference_id, date, attendees_day_max) values (16, 9, '2017-12-11', 354), (17, 9, '2017-12-12', 152)
set identity_insert dbo.conference_days off

go


set identity_insert dbo.price_levels on
insert into dbo.price_levels (price_level_id, conference_id, discount, date_from) values (38,10,0.2, '2019-01-30'), (39,10,0.4, '2019-01-23'), (40,10,0.6000000000000001, '2019-01-16'), (41,10,0.8, '2019-01-09')
set identity_insert dbo.price_levels off

go

set identity_insert dbo.conference_days on
insert into dbo.conference_days (conference_day_id, conference_id, date, attendees_day_max) values (18, 10, '2019-02-06', 176), (19, 10, '2019-02-07', 440), (20, 10, '2019-02-08', 278)
set identity_insert dbo.conference_days off

go


set identity_insert dbo.price_levels on
insert into dbo.price_levels (price_level_id, conference_id, discount, date_from) values (42,11,0.2, '2019-02-02'), (43,11,0.4, '2019-01-26'), (44,11,0.6000000000000001, '2019-01-19'), (45,11,0.8, '2019-01-12')
set identity_insert dbo.price_levels off

go

set identity_insert dbo.conference_days on
insert into dbo.conference_days (conference_day_id, conference_id, date, attendees_day_max) values (21, 11, '2019-02-09', 113), (22, 11, '2019-02-10', 217)
set identity_insert dbo.conference_days off

go


set identity_insert dbo.price_levels on
insert into dbo.price_levels (price_level_id, conference_id, discount, date_from) values (46,12,0.16666666666666666, '2017-10-27'), (47,12,0.3333333333333333, '2017-10-20'), (48,12,0.5, '2017-10-13'), (49,12,0.6666666666666666, '2017-10-06'), (50,12,0.8333333333333333, '2017-09-29')
set identity_insert dbo.price_levels off

go

set identity_insert dbo.conference_days on
insert into dbo.conference_days (conference_day_id, conference_id, date, attendees_day_max) values (23, 12, '2017-11-03', 412), (24, 12, '2017-11-04', 410), (25, 12, '2017-11-05', 407)
set identity_insert dbo.conference_days off

go


set identity_insert dbo.price_levels on
insert into dbo.price_levels (price_level_id, conference_id, discount, date_from) values (51,13,0.2, '2019-05-02'), (52,13,0.4, '2019-04-25'), (53,13,0.6000000000000001, '2019-04-18'), (54,13,0.8, '2019-04-11')
set identity_insert dbo.price_levels off

go

set identity_insert dbo.conference_days on
insert into dbo.conference_days (conference_day_id, conference_id, date, attendees_day_max) values (26, 13, '2019-05-09', 349), (27, 13, '2019-05-10', 297), (28, 13, '2019-05-11', 102)
set identity_insert dbo.conference_days off

go


set identity_insert dbo.price_levels on
insert into dbo.price_levels (price_level_id, conference_id, discount, date_from) values (55,14,0.14285714285714285, '2019-02-07'), (56,14,0.2857142857142857, '2019-01-31'), (57,14,0.42857142857142855, '2019-01-24'), (58,14,0.5714285714285714, '2019-01-17'), (59,14,0.7142857142857142, '2019-01-10'), (60,14,0.857142857142857, '2019-01-03')
set identity_insert dbo.price_levels off

go

set identity_insert dbo.conference_days on
insert into dbo.conference_days (conference_day_id, conference_id, date, attendees_day_max) values (29, 14, '2019-02-14', 428), (30, 14, '2019-02-15', 105)
set identity_insert dbo.conference_days off

go


set identity_insert dbo.price_levels on
insert into dbo.price_levels (price_level_id, conference_id, discount, date_from) values (61,15,0.14285714285714285, '2018-04-11'), (62,15,0.2857142857142857, '2018-04-04'), (63,15,0.42857142857142855, '2018-03-28'), (64,15,0.5714285714285714, '2018-03-21'), (65,15,0.7142857142857142, '2018-03-14'), (66,15,0.857142857142857, '2018-03-07')
set identity_insert dbo.price_levels off

go

set identity_insert dbo.conference_days on
insert into dbo.conference_days (conference_day_id, conference_id, date, attendees_day_max) values (31, 15, '2018-04-18', 167), (32, 15, '2018-04-19', 300)
set identity_insert dbo.conference_days off

go


set identity_insert dbo.price_levels on
insert into dbo.price_levels (price_level_id, conference_id, discount, date_from) values (67,16,0.125, '2019-01-16'), (68,16,0.25, '2019-01-09'), (69,16,0.375, '2019-01-02'), (70,16,0.5, '2018-12-26'), (71,16,0.625, '2018-12-19'), (72,16,0.75, '2018-12-12'), (73,16,0.875, '2018-12-05')
set identity_insert dbo.price_levels off

go

set identity_insert dbo.conference_days on
insert into dbo.conference_days (conference_day_id, conference_id, date, attendees_day_max) values (33, 16, '2019-01-23', 139), (34, 16, '2019-01-24', 324), (35, 16, '2019-01-25', 416)
set identity_insert dbo.conference_days off

go


set identity_insert dbo.price_levels on
insert into dbo.price_levels (price_level_id, conference_id, discount, date_from) values (74,17,0.125, '2018-01-14'), (75,17,0.25, '2018-01-07'), (76,17,0.375, '2017-12-31'), (77,17,0.5, '2017-12-24'), (78,17,0.625, '2017-12-17'), (79,17,0.75, '2017-12-10'), (80,17,0.875, '2017-12-03')
set identity_insert dbo.price_levels off

go

set identity_insert dbo.conference_days on
insert into dbo.conference_days (conference_day_id, conference_id, date, attendees_day_max) values (36, 17, '2018-01-21', 293), (37, 17, '2018-01-22', 145)
set identity_insert dbo.conference_days off

go


set identity_insert dbo.price_levels on
insert into dbo.price_levels (price_level_id, conference_id, discount, date_from) values (81,18,0.5, '2017-06-24')
set identity_insert dbo.price_levels off

go

set identity_insert dbo.conference_days on
insert into dbo.conference_days (conference_day_id, conference_id, date, attendees_day_max) values (38, 18, '2017-07-01', 104)
set identity_insert dbo.conference_days off

go


set identity_insert dbo.price_levels on
insert into dbo.price_levels (price_level_id, conference_id, discount, date_from) values (82,19,0.16666666666666666, '2018-10-13'), (83,19,0.3333333333333333, '2018-10-06'), (84,19,0.5, '2018-09-29'), (85,19,0.6666666666666666, '2018-09-22'), (86,19,0.8333333333333333, '2018-09-15')
set identity_insert dbo.price_levels off

go

set identity_insert dbo.conference_days on
insert into dbo.conference_days (conference_day_id, conference_id, date, attendees_day_max) values (39, 19, '2018-10-20', 423), (40, 19, '2018-10-21', 117)
set identity_insert dbo.conference_days off

go


set identity_insert dbo.price_levels on
insert into dbo.price_levels (price_level_id, conference_id, discount, date_from) values (87,20,0.14285714285714285, '2018-09-16'), (88,20,0.2857142857142857, '2018-09-09'), (89,20,0.42857142857142855, '2018-09-02'), (90,20,0.5714285714285714, '2018-08-26'), (91,20,0.7142857142857142, '2018-08-19'), (92,20,0.857142857142857, '2018-08-12')
set identity_insert dbo.price_levels off

go

set identity_insert dbo.conference_days on
insert into dbo.conference_days (conference_day_id, conference_id, date, attendees_day_max) values (41, 20, '2018-09-23', 232), (42, 20, '2018-09-24', 266)
set identity_insert dbo.conference_days off

go


set identity_insert dbo.price_levels on
insert into dbo.price_levels (price_level_id, conference_id, discount, date_from) values (93,21,0.14285714285714285, '2017-09-10'), (94,21,0.2857142857142857, '2017-09-03'), (95,21,0.42857142857142855, '2017-08-27'), (96,21,0.5714285714285714, '2017-08-20'), (97,21,0.7142857142857142, '2017-08-13'), (98,21,0.857142857142857, '2017-08-06')
set identity_insert dbo.price_levels off

go

set identity_insert dbo.conference_days on
insert into dbo.conference_days (conference_day_id, conference_id, date, attendees_day_max) values (43, 21, '2017-09-17', 415), (44, 21, '2017-09-18', 255)
set identity_insert dbo.conference_days off

go


set identity_insert dbo.price_levels on
insert into dbo.price_levels (price_level_id, conference_id, discount, date_from) values (99,22,0.25, '2019-03-28'), (100,22,0.5, '2019-03-21'), (101,22,0.75, '2019-03-14')
set identity_insert dbo.price_levels off

go

set identity_insert dbo.conference_days on
insert into dbo.conference_days (conference_day_id, conference_id, date, attendees_day_max) values (45, 22, '2019-04-04', 477), (46, 22, '2019-04-05', 428), (47, 22, '2019-04-06', 106)
set identity_insert dbo.conference_days off

go


set identity_insert dbo.price_levels on
insert into dbo.price_levels (price_level_id, conference_id, discount, date_from) values (102,23,0.25, '2017-05-19'), (103,23,0.5, '2017-05-12'), (104,23,0.75, '2017-05-05')
set identity_insert dbo.price_levels off

go

set identity_insert dbo.conference_days on
insert into dbo.conference_days (conference_day_id, conference_id, date, attendees_day_max) values (48, 23, '2017-05-26', 237), (49, 23, '2017-05-27', 439), (50, 23, '2017-05-28', 307)
set identity_insert dbo.conference_days off

go


set identity_insert dbo.price_levels on
insert into dbo.price_levels (price_level_id, conference_id, discount, date_from) values (105,24,0.2, '2018-07-15'), (106,24,0.4, '2018-07-08'), (107,24,0.6000000000000001, '2018-07-01'), (108,24,0.8, '2018-06-24')
set identity_insert dbo.price_levels off

go

set identity_insert dbo.conference_days on
insert into dbo.conference_days (conference_day_id, conference_id, date, attendees_day_max) values (51, 24, '2018-07-22', 228), (52, 24, '2018-07-23', 483)
set identity_insert dbo.conference_days off

go


set identity_insert dbo.price_levels on
insert into dbo.price_levels (price_level_id, conference_id, discount, date_from) values (109,25,0.16666666666666666, '2019-12-03'), (110,25,0.3333333333333333, '2019-11-26'), (111,25,0.5, '2019-11-19'), (112,25,0.6666666666666666, '2019-11-12'), (113,25,0.8333333333333333, '2019-11-05')
set identity_insert dbo.price_levels off

go

set identity_insert dbo.conference_days on
insert into dbo.conference_days (conference_day_id, conference_id, date, attendees_day_max) values (53, 25, '2019-12-10', 103), (54, 25, '2019-12-11', 301), (55, 25, '2019-12-12', 110), (56, 25, '2019-12-13', 437)
set identity_insert dbo.conference_days off

go


set identity_insert dbo.price_levels on
insert into dbo.price_levels (price_level_id, conference_id, discount, date_from) values (114,26,0.25, '2018-03-26'), (115,26,0.5, '2018-03-19'), (116,26,0.75, '2018-03-12')
set identity_insert dbo.price_levels off

go

set identity_insert dbo.conference_days on
insert into dbo.conference_days (conference_day_id, conference_id, date, attendees_day_max) values (57, 26, '2018-04-02', 459), (58, 26, '2018-04-03', 378), (59, 26, '2018-04-04', 451)
set identity_insert dbo.conference_days off

go


set identity_insert dbo.price_levels on
insert into dbo.price_levels (price_level_id, conference_id, discount, date_from) values (117,27,0.14285714285714285, '2019-07-09'), (118,27,0.2857142857142857, '2019-07-02'), (119,27,0.42857142857142855, '2019-06-25'), (120,27,0.5714285714285714, '2019-06-18'), (121,27,0.7142857142857142, '2019-06-11'), (122,27,0.857142857142857, '2019-06-04')
set identity_insert dbo.price_levels off

go

set identity_insert dbo.conference_days on
insert into dbo.conference_days (conference_day_id, conference_id, date, attendees_day_max) values (60, 27, '2019-07-16', 163), (61, 27, '2019-07-17', 365), (62, 27, '2019-07-18', 209)
set identity_insert dbo.conference_days off

go


set identity_insert dbo.price_levels on
insert into dbo.price_levels (price_level_id, conference_id, discount, date_from) values (123,28,0.2, '2018-07-14'), (124,28,0.4, '2018-07-07'), (125,28,0.6000000000000001, '2018-06-30'), (126,28,0.8, '2018-06-23')
set identity_insert dbo.price_levels off

go

set identity_insert dbo.conference_days on
insert into dbo.conference_days (conference_day_id, conference_id, date, attendees_day_max) values (63, 28, '2018-07-21', 240), (64, 28, '2018-07-22', 444), (65, 28, '2018-07-23', 226)
set identity_insert dbo.conference_days off

go


set identity_insert dbo.price_levels on
insert into dbo.price_levels (price_level_id, conference_id, discount, date_from) values (127,29,0.125, '2019-06-21'), (128,29,0.25, '2019-06-14'), (129,29,0.375, '2019-06-07'), (130,29,0.5, '2019-05-31'), (131,29,0.625, '2019-05-24'), (132,29,0.75, '2019-05-17'), (133,29,0.875, '2019-05-10')
set identity_insert dbo.price_levels off

go

set identity_insert dbo.conference_days on
insert into dbo.conference_days (conference_day_id, conference_id, date, attendees_day_max) values (66, 29, '2019-06-28', 165), (67, 29, '2019-06-29', 106)
set identity_insert dbo.conference_days off

go


set identity_insert dbo.price_levels on
insert into dbo.price_levels (price_level_id, conference_id, discount, date_from) values (134,30,0.3333333333333333, '2018-02-06'), (135,30,0.6666666666666666, '2018-01-30')
set identity_insert dbo.price_levels off

go

set identity_insert dbo.conference_days on
insert into dbo.conference_days (conference_day_id, conference_id, date, attendees_day_max) values (68, 30, '2018-02-13', 158)
set identity_insert dbo.conference_days off

go


set identity_insert dbo.price_levels on
insert into dbo.price_levels (price_level_id, conference_id, discount, date_from) values (136,31,0.25, '2018-09-26'), (137,31,0.5, '2018-09-19'), (138,31,0.75, '2018-09-12')
set identity_insert dbo.price_levels off

go

set identity_insert dbo.conference_days on
insert into dbo.conference_days (conference_day_id, conference_id, date, attendees_day_max) values (69, 31, '2018-10-03', 430), (70, 31, '2018-10-04', 427)
set identity_insert dbo.conference_days off

go


set identity_insert dbo.price_levels on
insert into dbo.price_levels (price_level_id, conference_id, discount, date_from) values (139,32,0.14285714285714285, '2017-06-03'), (140,32,0.2857142857142857, '2017-05-27'), (141,32,0.42857142857142855, '2017-05-20'), (142,32,0.5714285714285714, '2017-05-13'), (143,32,0.7142857142857142, '2017-05-06'), (144,32,0.857142857142857, '2017-04-29')
set identity_insert dbo.price_levels off

go

set identity_insert dbo.conference_days on
insert into dbo.conference_days (conference_day_id, conference_id, date, attendees_day_max) values (71, 32, '2017-06-10', 216), (72, 32, '2017-06-11', 385)
set identity_insert dbo.conference_days off

go


set identity_insert dbo.price_levels on
insert into dbo.price_levels (price_level_id, conference_id, discount, date_from) values (145,33,0.14285714285714285, '2019-06-14'), (146,33,0.2857142857142857, '2019-06-07'), (147,33,0.42857142857142855, '2019-05-31'), (148,33,0.5714285714285714, '2019-05-24'), (149,33,0.7142857142857142, '2019-05-17'), (150,33,0.857142857142857, '2019-05-10')
set identity_insert dbo.price_levels off

go

set identity_insert dbo.conference_days on
insert into dbo.conference_days (conference_day_id, conference_id, date, attendees_day_max) values (73, 33, '2019-06-21', 355), (74, 33, '2019-06-22', 324), (75, 33, '2019-06-23', 458)
set identity_insert dbo.conference_days off

go


set identity_insert dbo.price_levels on
insert into dbo.price_levels (price_level_id, conference_id, discount, date_from) values (151,34,0.125, '2019-10-01'), (152,34,0.25, '2019-09-24'), (153,34,0.375, '2019-09-17'), (154,34,0.5, '2019-09-10'), (155,34,0.625, '2019-09-03'), (156,34,0.75, '2019-08-27'), (157,34,0.875, '2019-08-20')
set identity_insert dbo.price_levels off

go

set identity_insert dbo.conference_days on
insert into dbo.conference_days (conference_day_id, conference_id, date, attendees_day_max) values (76, 34, '2019-10-08', 291)
set identity_insert dbo.conference_days off

go


set identity_insert dbo.price_levels on
insert into dbo.price_levels (price_level_id, conference_id, discount, date_from) values (158,35,0.25, '2018-02-14'), (159,35,0.5, '2018-02-07'), (160,35,0.75, '2018-01-31')
set identity_insert dbo.price_levels off

go

set identity_insert dbo.conference_days on
insert into dbo.conference_days (conference_day_id, conference_id, date, attendees_day_max) values (77, 35, '2018-02-21', 122), (78, 35, '2018-02-22', 399)
set identity_insert dbo.conference_days off

go


set identity_insert dbo.price_levels on
insert into dbo.price_levels (price_level_id, conference_id, discount, date_from) values (161,36,0.16666666666666666, '2019-09-07'), (162,36,0.3333333333333333, '2019-08-31'), (163,36,0.5, '2019-08-24'), (164,36,0.6666666666666666, '2019-08-17'), (165,36,0.8333333333333333, '2019-08-10')
set identity_insert dbo.price_levels off

go

set identity_insert dbo.conference_days on
insert into dbo.conference_days (conference_day_id, conference_id, date, attendees_day_max) values (79, 36, '2019-09-14', 160)
set identity_insert dbo.conference_days off

go


set identity_insert dbo.price_levels on
insert into dbo.price_levels (price_level_id, conference_id, discount, date_from) values (166,37,0.16666666666666666, '2019-07-16'), (167,37,0.3333333333333333, '2019-07-09'), (168,37,0.5, '2019-07-02'), (169,37,0.6666666666666666, '2019-06-25'), (170,37,0.8333333333333333, '2019-06-18')
set identity_insert dbo.price_levels off

go

set identity_insert dbo.conference_days on
insert into dbo.conference_days (conference_day_id, conference_id, date, attendees_day_max) values (80, 37, '2019-07-23', 163)
set identity_insert dbo.conference_days off

go


set identity_insert dbo.price_levels on
insert into dbo.price_levels (price_level_id, conference_id, discount, date_from) values (171,38,0.2, '2018-06-18'), (172,38,0.4, '2018-06-11'), (173,38,0.6000000000000001, '2018-06-04'), (174,38,0.8, '2018-05-28')
set identity_insert dbo.price_levels off

go

set identity_insert dbo.conference_days on
insert into dbo.conference_days (conference_day_id, conference_id, date, attendees_day_max) values (81, 38, '2018-06-25', 426), (82, 38, '2018-06-26', 307), (83, 38, '2018-06-27', 166)
set identity_insert dbo.conference_days off

go


set identity_insert dbo.price_levels on
insert into dbo.price_levels (price_level_id, conference_id, discount, date_from) values (175,39,0.2, '2017-05-26'), (176,39,0.4, '2017-05-19'), (177,39,0.6000000000000001, '2017-05-12'), (178,39,0.8, '2017-05-05')
set identity_insert dbo.price_levels off

go

set identity_insert dbo.conference_days on
insert into dbo.conference_days (conference_day_id, conference_id, date, attendees_day_max) values (84, 39, '2017-06-02', 450), (85, 39, '2017-06-03', 211)
set identity_insert dbo.conference_days off

go


set identity_insert dbo.price_levels on
insert into dbo.price_levels (price_level_id, conference_id, discount, date_from) values (179,40,0.25, '2019-06-24'), (180,40,0.5, '2019-06-17'), (181,40,0.75, '2019-06-10')
set identity_insert dbo.price_levels off

go

set identity_insert dbo.conference_days on
insert into dbo.conference_days (conference_day_id, conference_id, date, attendees_day_max) values (86, 40, '2019-07-01', 139)
set identity_insert dbo.conference_days off

go


set identity_insert dbo.price_levels on
insert into dbo.price_levels (price_level_id, conference_id, discount, date_from) values (182,41,0.2, '2019-02-23'), (183,41,0.4, '2019-02-16'), (184,41,0.6000000000000001, '2019-02-09'), (185,41,0.8, '2019-02-02')
set identity_insert dbo.price_levels off

go

set identity_insert dbo.conference_days on
insert into dbo.conference_days (conference_day_id, conference_id, date, attendees_day_max) values (87, 41, '2019-03-02', 137)
set identity_insert dbo.conference_days off

go


set identity_insert dbo.price_levels on
insert into dbo.price_levels (price_level_id, conference_id, discount, date_from) values (186,42,0.14285714285714285, '2018-01-16'), (187,42,0.2857142857142857, '2018-01-09'), (188,42,0.42857142857142855, '2018-01-02'), (189,42,0.5714285714285714, '2017-12-26'), (190,42,0.7142857142857142, '2017-12-19'), (191,42,0.857142857142857, '2017-12-12')
set identity_insert dbo.price_levels off

go

set identity_insert dbo.conference_days on
insert into dbo.conference_days (conference_day_id, conference_id, date, attendees_day_max) values (88, 42, '2018-01-23', 248), (89, 42, '2018-01-24', 111), (90, 42, '2018-01-25', 148)
set identity_insert dbo.conference_days off

go


set identity_insert dbo.price_levels on
insert into dbo.price_levels (price_level_id, conference_id, discount, date_from) values (192,43,0.14285714285714285, '2018-10-30'), (193,43,0.2857142857142857, '2018-10-23'), (194,43,0.42857142857142855, '2018-10-16'), (195,43,0.5714285714285714, '2018-10-09'), (196,43,0.7142857142857142, '2018-10-02'), (197,43,0.857142857142857, '2018-09-25')
set identity_insert dbo.price_levels off

go

set identity_insert dbo.conference_days on
insert into dbo.conference_days (conference_day_id, conference_id, date, attendees_day_max) values (91, 43, '2018-11-06', 373), (92, 43, '2018-11-07', 354)
set identity_insert dbo.conference_days off

go


set identity_insert dbo.price_levels on
insert into dbo.price_levels (price_level_id, conference_id, discount, date_from) values (198,44,0.3333333333333333, '2017-05-31'), (199,44,0.6666666666666666, '2017-05-24')
set identity_insert dbo.price_levels off

go

set identity_insert dbo.conference_days on
insert into dbo.conference_days (conference_day_id, conference_id, date, attendees_day_max) values (93, 44, '2017-06-07', 373), (94, 44, '2017-06-08', 221), (95, 44, '2017-06-09', 138), (96, 44, '2017-06-10', 120)
set identity_insert dbo.conference_days off

go


set identity_insert dbo.price_levels on
insert into dbo.price_levels (price_level_id, conference_id, discount, date_from) values (200,45,0.2, '2019-04-09'), (201,45,0.4, '2019-04-02'), (202,45,0.6000000000000001, '2019-03-26'), (203,45,0.8, '2019-03-19')
set identity_insert dbo.price_levels off

go

set identity_insert dbo.conference_days on
insert into dbo.conference_days (conference_day_id, conference_id, date, attendees_day_max) values (97, 45, '2019-04-16', 162), (98, 45, '2019-04-17', 494), (99, 45, '2019-04-18', 153)
set identity_insert dbo.conference_days off

go


set identity_insert dbo.price_levels on
insert into dbo.price_levels (price_level_id, conference_id, discount, date_from) values (204,46,0.2, '2019-11-26'), (205,46,0.4, '2019-11-19'), (206,46,0.6000000000000001, '2019-11-12'), (207,46,0.8, '2019-11-05')
set identity_insert dbo.price_levels off

go

set identity_insert dbo.conference_days on
insert into dbo.conference_days (conference_day_id, conference_id, date, attendees_day_max) values (100, 46, '2019-12-03', 447)
set identity_insert dbo.conference_days off

go


set identity_insert dbo.price_levels on
insert into dbo.price_levels (price_level_id, conference_id, discount, date_from) values (208,47,0.2, '2018-02-12'), (209,47,0.4, '2018-02-05'), (210,47,0.6000000000000001, '2018-01-29'), (211,47,0.8, '2018-01-22')
set identity_insert dbo.price_levels off

go

set identity_insert dbo.conference_days on
insert into dbo.conference_days (conference_day_id, conference_id, date, attendees_day_max) values (101, 47, '2018-02-19', 138), (102, 47, '2018-02-20', 432), (103, 47, '2018-02-21', 430), (104, 47, '2018-02-22', 437)
set identity_insert dbo.conference_days off

go


set identity_insert dbo.price_levels on
insert into dbo.price_levels (price_level_id, conference_id, discount, date_from) values (212,48,0.2, '2018-07-12'), (213,48,0.4, '2018-07-05'), (214,48,0.6000000000000001, '2018-06-28'), (215,48,0.8, '2018-06-21')
set identity_insert dbo.price_levels off

go

set identity_insert dbo.conference_days on
insert into dbo.conference_days (conference_day_id, conference_id, date, attendees_day_max) values (105, 48, '2018-07-19', 133), (106, 48, '2018-07-20', 495), (107, 48, '2018-07-21', 171), (108, 48, '2018-07-22', 336)
set identity_insert dbo.conference_days off

go


set identity_insert dbo.price_levels on
insert into dbo.price_levels (price_level_id, conference_id, discount, date_from) values (216,49,0.125, '2017-04-20'), (217,49,0.25, '2017-04-13'), (218,49,0.375, '2017-04-06'), (219,49,0.5, '2017-03-30'), (220,49,0.625, '2017-03-23'), (221,49,0.75, '2017-03-16'), (222,49,0.875, '2017-03-09')
set identity_insert dbo.price_levels off

go

set identity_insert dbo.conference_days on
insert into dbo.conference_days (conference_day_id, conference_id, date, attendees_day_max) values (109, 49, '2017-04-27', 311)
set identity_insert dbo.conference_days off

go


set identity_insert dbo.price_levels on
insert into dbo.price_levels (price_level_id, conference_id, discount, date_from) values (223,50,0.125, '2017-12-31'), (224,50,0.25, '2017-12-24'), (225,50,0.375, '2017-12-17'), (226,50,0.5, '2017-12-10'), (227,50,0.625, '2017-12-03'), (228,50,0.75, '2017-11-26'), (229,50,0.875, '2017-11-19')
set identity_insert dbo.price_levels off

go

set identity_insert dbo.conference_days on
insert into dbo.conference_days (conference_day_id, conference_id, date, attendees_day_max) values (110, 50, '2018-01-07', 456)
set identity_insert dbo.conference_days off

go


set identity_insert dbo.price_levels on
insert into dbo.price_levels (price_level_id, conference_id, discount, date_from) values (230,51,0.16666666666666666, '2017-03-04'), (231,51,0.3333333333333333, '2017-02-25'), (232,51,0.5, '2017-02-18'), (233,51,0.6666666666666666, '2017-02-11'), (234,51,0.8333333333333333, '2017-02-04')
set identity_insert dbo.price_levels off

go

set identity_insert dbo.conference_days on
insert into dbo.conference_days (conference_day_id, conference_id, date, attendees_day_max) values (111, 51, '2017-03-11', 138), (112, 51, '2017-03-12', 420), (113, 51, '2017-03-13', 299), (114, 51, '2017-03-14', 187)
set identity_insert dbo.conference_days off

go


set identity_insert dbo.price_levels on
insert into dbo.price_levels (price_level_id, conference_id, discount, date_from) values (235,52,0.25, '2019-01-30'), (236,52,0.5, '2019-01-23'), (237,52,0.75, '2019-01-16')
set identity_insert dbo.price_levels off

go

set identity_insert dbo.conference_days on
insert into dbo.conference_days (conference_day_id, conference_id, date, attendees_day_max) values (115, 52, '2019-02-06', 126), (116, 52, '2019-02-07', 404), (117, 52, '2019-02-08', 250)
set identity_insert dbo.conference_days off

go


set identity_insert dbo.price_levels on
insert into dbo.price_levels (price_level_id, conference_id, discount, date_from) values (238,53,0.125, '2018-01-04'), (239,53,0.25, '2017-12-28'), (240,53,0.375, '2017-12-21'), (241,53,0.5, '2017-12-14'), (242,53,0.625, '2017-12-07'), (243,53,0.75, '2017-11-30'), (244,53,0.875, '2017-11-23')
set identity_insert dbo.price_levels off

go

set identity_insert dbo.conference_days on
insert into dbo.conference_days (conference_day_id, conference_id, date, attendees_day_max) values (118, 53, '2018-01-11', 393), (119, 53, '2018-01-12', 233), (120, 53, '2018-01-13', 396)
set identity_insert dbo.conference_days off

go


set identity_insert dbo.price_levels on
insert into dbo.price_levels (price_level_id, conference_id, discount, date_from) values (245,54,0.3333333333333333, '2019-01-13'), (246,54,0.6666666666666666, '2019-01-06')
set identity_insert dbo.price_levels off

go

set identity_insert dbo.conference_days on
insert into dbo.conference_days (conference_day_id, conference_id, date, attendees_day_max) values (121, 54, '2019-01-20', 183)
set identity_insert dbo.conference_days off

go


set identity_insert dbo.price_levels on
insert into dbo.price_levels (price_level_id, conference_id, discount, date_from) values (247,55,0.125, '2018-03-16'), (248,55,0.25, '2018-03-09'), (249,55,0.375, '2018-03-02'), (250,55,0.5, '2018-02-23'), (251,55,0.625, '2018-02-16'), (252,55,0.75, '2018-02-09'), (253,55,0.875, '2018-02-02')
set identity_insert dbo.price_levels off

go

set identity_insert dbo.conference_days on
insert into dbo.conference_days (conference_day_id, conference_id, date, attendees_day_max) values (122, 55, '2018-03-23', 179), (123, 55, '2018-03-24', 269), (124, 55, '2018-03-25', 211), (125, 55, '2018-03-26', 488)
set identity_insert dbo.conference_days off

go


set identity_insert dbo.price_levels on
insert into dbo.price_levels (price_level_id, conference_id, discount, date_from) values (254,56,0.14285714285714285, '2017-10-06'), (255,56,0.2857142857142857, '2017-09-29'), (256,56,0.42857142857142855, '2017-09-22'), (257,56,0.5714285714285714, '2017-09-15'), (258,56,0.7142857142857142, '2017-09-08'), (259,56,0.857142857142857, '2017-09-01')
set identity_insert dbo.price_levels off

go

set identity_insert dbo.conference_days on
insert into dbo.conference_days (conference_day_id, conference_id, date, attendees_day_max) values (126, 56, '2017-10-13', 178), (127, 56, '2017-10-14', 292), (128, 56, '2017-10-15', 101), (129, 56, '2017-10-16', 190)
set identity_insert dbo.conference_days off

go


set identity_insert dbo.price_levels on
insert into dbo.price_levels (price_level_id, conference_id, discount, date_from) values (260,57,0.16666666666666666, '2018-07-20'), (261,57,0.3333333333333333, '2018-07-13'), (262,57,0.5, '2018-07-06'), (263,57,0.6666666666666666, '2018-06-29'), (264,57,0.8333333333333333, '2018-06-22')
set identity_insert dbo.price_levels off

go

set identity_insert dbo.conference_days on
insert into dbo.conference_days (conference_day_id, conference_id, date, attendees_day_max) values (130, 57, '2018-07-27', 276), (131, 57, '2018-07-28', 253)
set identity_insert dbo.conference_days off

go


set identity_insert dbo.price_levels on
insert into dbo.price_levels (price_level_id, conference_id, discount, date_from) values (265,58,0.14285714285714285, '2019-03-15'), (266,58,0.2857142857142857, '2019-03-08'), (267,58,0.42857142857142855, '2019-03-01'), (268,58,0.5714285714285714, '2019-02-22'), (269,58,0.7142857142857142, '2019-02-15'), (270,58,0.857142857142857, '2019-02-08')
set identity_insert dbo.price_levels off

go

set identity_insert dbo.conference_days on
insert into dbo.conference_days (conference_day_id, conference_id, date, attendees_day_max) values (132, 58, '2019-03-22', 365), (133, 58, '2019-03-23', 453), (134, 58, '2019-03-24', 472), (135, 58, '2019-03-25', 172)
set identity_insert dbo.conference_days off

go


set identity_insert dbo.price_levels on
insert into dbo.price_levels (price_level_id, conference_id, discount, date_from) values (271,59,0.5, '2017-01-09')
set identity_insert dbo.price_levels off

go

set identity_insert dbo.conference_days on
insert into dbo.conference_days (conference_day_id, conference_id, date, attendees_day_max) values (136, 59, '2017-01-16', 104), (137, 59, '2017-01-17', 181), (138, 59, '2017-01-18', 395), (139, 59, '2017-01-19', 298)
set identity_insert dbo.conference_days off

go


set identity_insert dbo.price_levels on
insert into dbo.price_levels (price_level_id, conference_id, discount, date_from) values (272,60,0.14285714285714285, '2019-08-13'), (273,60,0.2857142857142857, '2019-08-06'), (274,60,0.42857142857142855, '2019-07-30'), (275,60,0.5714285714285714, '2019-07-23'), (276,60,0.7142857142857142, '2019-07-16'), (277,60,0.857142857142857, '2019-07-09')
set identity_insert dbo.price_levels off

go

set identity_insert dbo.conference_days on
insert into dbo.conference_days (conference_day_id, conference_id, date, attendees_day_max) values (140, 60, '2019-08-20', 182), (141, 60, '2019-08-21', 401)
set identity_insert dbo.conference_days off

go


set identity_insert dbo.price_levels on
insert into dbo.price_levels (price_level_id, conference_id, discount, date_from) values (278,61,0.125, '2019-02-18'), (279,61,0.25, '2019-02-11'), (280,61,0.375, '2019-02-04'), (281,61,0.5, '2019-01-28'), (282,61,0.625, '2019-01-21'), (283,61,0.75, '2019-01-14'), (284,61,0.875, '2019-01-07')
set identity_insert dbo.price_levels off

go

set identity_insert dbo.conference_days on
insert into dbo.conference_days (conference_day_id, conference_id, date, attendees_day_max) values (142, 61, '2019-02-25', 355), (143, 61, '2019-02-26', 306)
set identity_insert dbo.conference_days off

go


set identity_insert dbo.price_levels on
insert into dbo.price_levels (price_level_id, conference_id, discount, date_from) values (285,62,0.25, '2019-03-20'), (286,62,0.5, '2019-03-13'), (287,62,0.75, '2019-03-06')
set identity_insert dbo.price_levels off

go

set identity_insert dbo.conference_days on
insert into dbo.conference_days (conference_day_id, conference_id, date, attendees_day_max) values (144, 62, '2019-03-27', 144), (145, 62, '2019-03-28', 394), (146, 62, '2019-03-29', 147), (147, 62, '2019-03-30', 280)
set identity_insert dbo.conference_days off

go


set identity_insert dbo.price_levels on
insert into dbo.price_levels (price_level_id, conference_id, discount, date_from) values (288,63,0.125, '2017-04-24'), (289,63,0.25, '2017-04-17'), (290,63,0.375, '2017-04-10'), (291,63,0.5, '2017-04-03'), (292,63,0.625, '2017-03-27'), (293,63,0.75, '2017-03-20'), (294,63,0.875, '2017-03-13')
set identity_insert dbo.price_levels off

go

set identity_insert dbo.conference_days on
insert into dbo.conference_days (conference_day_id, conference_id, date, attendees_day_max) values (148, 63, '2017-05-01', 168), (149, 63, '2017-05-02', 222)
set identity_insert dbo.conference_days off

go


set identity_insert dbo.price_levels on
insert into dbo.price_levels (price_level_id, conference_id, discount, date_from) values (295,64,0.5, '2018-11-27')
set identity_insert dbo.price_levels off

go

set identity_insert dbo.conference_days on
insert into dbo.conference_days (conference_day_id, conference_id, date, attendees_day_max) values (150, 64, '2018-12-04', 156), (151, 64, '2018-12-05', 113)
set identity_insert dbo.conference_days off

go


set identity_insert dbo.price_levels on
insert into dbo.price_levels (price_level_id, conference_id, discount, date_from) values (296,65,0.2, '2018-09-07'), (297,65,0.4, '2018-08-31'), (298,65,0.6000000000000001, '2018-08-24'), (299,65,0.8, '2018-08-17')
set identity_insert dbo.price_levels off

go

set identity_insert dbo.conference_days on
insert into dbo.conference_days (conference_day_id, conference_id, date, attendees_day_max) values (152, 65, '2018-09-14', 415), (153, 65, '2018-09-15', 214), (154, 65, '2018-09-16', 311), (155, 65, '2018-09-17', 129)
set identity_insert dbo.conference_days off

go


set identity_insert dbo.price_levels on
insert into dbo.price_levels (price_level_id, conference_id, discount, date_from) values (300,66,0.14285714285714285, '2018-07-02'), (301,66,0.2857142857142857, '2018-06-25'), (302,66,0.42857142857142855, '2018-06-18'), (303,66,0.5714285714285714, '2018-06-11'), (304,66,0.7142857142857142, '2018-06-04'), (305,66,0.857142857142857, '2018-05-28')
set identity_insert dbo.price_levels off

go

set identity_insert dbo.conference_days on
insert into dbo.conference_days (conference_day_id, conference_id, date, attendees_day_max) values (156, 66, '2018-07-09', 247), (157, 66, '2018-07-10', 277), (158, 66, '2018-07-11', 189), (159, 66, '2018-07-12', 169)
set identity_insert dbo.conference_days off

go


set identity_insert dbo.price_levels on
insert into dbo.price_levels (price_level_id, conference_id, discount, date_from) values (306,67,0.14285714285714285, '2018-11-04'), (307,67,0.2857142857142857, '2018-10-28'), (308,67,0.42857142857142855, '2018-10-21'), (309,67,0.5714285714285714, '2018-10-14'), (310,67,0.7142857142857142, '2018-10-07'), (311,67,0.857142857142857, '2018-09-30')
set identity_insert dbo.price_levels off

go

set identity_insert dbo.conference_days on
insert into dbo.conference_days (conference_day_id, conference_id, date, attendees_day_max) values (160, 67, '2018-11-11', 382), (161, 67, '2018-11-12', 276), (162, 67, '2018-11-13', 218), (163, 67, '2018-11-14', 134)
set identity_insert dbo.conference_days off

go


set identity_insert dbo.price_levels on
insert into dbo.price_levels (price_level_id, conference_id, discount, date_from) values (312,68,0.14285714285714285, '2017-05-20'), (313,68,0.2857142857142857, '2017-05-13'), (314,68,0.42857142857142855, '2017-05-06'), (315,68,0.5714285714285714, '2017-04-29'), (316,68,0.7142857142857142, '2017-04-22'), (317,68,0.857142857142857, '2017-04-15')
set identity_insert dbo.price_levels off

go

set identity_insert dbo.conference_days on
insert into dbo.conference_days (conference_day_id, conference_id, date, attendees_day_max) values (164, 68, '2017-05-27', 395), (165, 68, '2017-05-28', 303), (166, 68, '2017-05-29', 366), (167, 68, '2017-05-30', 312)
set identity_insert dbo.conference_days off

go


set identity_insert dbo.price_levels on
insert into dbo.price_levels (price_level_id, conference_id, discount, date_from) values (318,69,0.2, '2019-08-10'), (319,69,0.4, '2019-08-03'), (320,69,0.6000000000000001, '2019-07-27'), (321,69,0.8, '2019-07-20')
set identity_insert dbo.price_levels off

go

set identity_insert dbo.conference_days on
insert into dbo.conference_days (conference_day_id, conference_id, date, attendees_day_max) values (168, 69, '2019-08-17', 437), (169, 69, '2019-08-18', 169), (170, 69, '2019-08-19', 346), (171, 69, '2019-08-20', 407)
set identity_insert dbo.conference_days off

go


set identity_insert dbo.price_levels on
insert into dbo.price_levels (price_level_id, conference_id, discount, date_from) values (322,70,0.125, '2019-07-26'), (323,70,0.25, '2019-07-19'), (324,70,0.375, '2019-07-12'), (325,70,0.5, '2019-07-05'), (326,70,0.625, '2019-06-28'), (327,70,0.75, '2019-06-21'), (328,70,0.875, '2019-06-14')
set identity_insert dbo.price_levels off

go

set identity_insert dbo.conference_days on
insert into dbo.conference_days (conference_day_id, conference_id, date, attendees_day_max) values (172, 70, '2019-08-02', 246), (173, 70, '2019-08-03', 476), (174, 70, '2019-08-04', 348)
set identity_insert dbo.conference_days off

go


set identity_insert dbo.customers on
insert into dbo.customers (customer_id, phone_number, email_address) values (1, '54829536', 'zondabenioff@yahoo.com')

set identity_insert dbo.customers off

set identity_insert dbo.individual_customers on
insert into dbo.individual_customers (individual_customer_id, first_name, last_name, customer_id) values (1, 'Zonda', 'Benioff', 1)
set identity_insert dbo.individual_customers off


set identity_insert dbo.customers on
insert into dbo.customers (customer_id, phone_number, email_address) values (2, '+1095821152', 'brinnmarjie@yahoo.com')

set identity_insert dbo.customers off

set identity_insert dbo.individual_customers on
insert into dbo.individual_customers (individual_customer_id, first_name, last_name, customer_id) values (2, 'Brinn', 'Marjie', 2)
set identity_insert dbo.individual_customers off


set identity_insert dbo.customers on
insert into dbo.customers (customer_id, phone_number, email_address) values (3, '+54663446', 'annmariahirza@gmail.com')

set identity_insert dbo.customers off

set identity_insert dbo.individual_customers on
insert into dbo.individual_customers (individual_customer_id, first_name, last_name, customer_id) values (3, 'Annmaria', 'Hirza', 3)
set identity_insert dbo.individual_customers off


set identity_insert dbo.customers on
insert into dbo.customers (customer_id, phone_number, email_address) values (4, '+6709730429', 'piagallagher@gmail.com')

set identity_insert dbo.customers off

set identity_insert dbo.individual_customers on
insert into dbo.individual_customers (individual_customer_id, first_name, last_name, customer_id) values (4, 'Pia', 'Gallagher', 4)
set identity_insert dbo.individual_customers off


set identity_insert dbo.customers on
insert into dbo.customers (customer_id, phone_number, email_address) values (5, '+0361142338', 'likely@agh.edu.pl')

set identity_insert dbo.customers off

set identity_insert dbo.companies on
insert into dbo.companies (company_id, company_name, customer_id) values (1, 'Likely', 5)
set identity_insert dbo.companies off


set identity_insert dbo.customers on
insert into dbo.customers (customer_id, phone_number, email_address) values (6, '2852542999', 'landenterprise@yahoo.com')

set identity_insert dbo.customers off

set identity_insert dbo.companies on
insert into dbo.companies (company_id, company_name, customer_id) values (2, 'Land Enterprise', 6)
set identity_insert dbo.companies off


set identity_insert dbo.customers on
insert into dbo.customers (customer_id, phone_number, email_address) values (7, '+104068736', 'triciakathryne@agh.edu.pl')

set identity_insert dbo.customers off

set identity_insert dbo.individual_customers on
insert into dbo.individual_customers (individual_customer_id, first_name, last_name, customer_id) values (5, 'Tricia', 'Kathryne', 7)
set identity_insert dbo.individual_customers off


set identity_insert dbo.customers on
insert into dbo.customers (customer_id, phone_number, email_address) values (8, '635981205', 'reporttechnology@agh.edu.pl')

set identity_insert dbo.customers off

set identity_insert dbo.companies on
insert into dbo.companies (company_id, company_name, customer_id) values (3, 'Report Technology', 8)
set identity_insert dbo.companies off


set identity_insert dbo.customers on
insert into dbo.customers (customer_id, phone_number, email_address) values (9, '3518628706', 'lietechnology@gmail.com')

set identity_insert dbo.customers off

set identity_insert dbo.companies on
insert into dbo.companies (company_id, company_name, customer_id) values (4, 'Lie Technology', 9)
set identity_insert dbo.companies off


set identity_insert dbo.customers on
insert into dbo.customers (customer_id, phone_number, email_address) values (10, '3709655828', 'idalinapelletier@yahoo.com')

set identity_insert dbo.customers off

set identity_insert dbo.individual_customers on
insert into dbo.individual_customers (individual_customer_id, first_name, last_name, customer_id) values (6, 'Idalina', 'Pelletier', 10)
set identity_insert dbo.individual_customers off


set identity_insert dbo.customers on
insert into dbo.customers (customer_id, phone_number, email_address) values (11, '+89506814', 'tatummacknair@yahoo.com')

set identity_insert dbo.customers off

set identity_insert dbo.individual_customers on
insert into dbo.individual_customers (individual_customer_id, first_name, last_name, customer_id) values (7, 'Tatum', 'Macknair', 11)
set identity_insert dbo.individual_customers off


set identity_insert dbo.customers on
insert into dbo.customers (customer_id, phone_number, email_address) values (12, '4162182452', 'auriliako@yahoo.com')

set identity_insert dbo.customers off

set identity_insert dbo.individual_customers on
insert into dbo.individual_customers (individual_customer_id, first_name, last_name, customer_id) values (8, 'Aurilia', 'Ko', 12)
set identity_insert dbo.individual_customers off


set identity_insert dbo.customers on
insert into dbo.customers (customer_id, phone_number, email_address) values (13, '+62702668', 'document@yahoo.com')

set identity_insert dbo.customers off

set identity_insert dbo.companies on
insert into dbo.companies (company_id, company_name, customer_id) values (5, 'Document', 13)
set identity_insert dbo.companies off


set identity_insert dbo.customers on
insert into dbo.customers (customer_id, phone_number, email_address) values (14, '907977745', 'jo-annealejandra@gmail.com')

set identity_insert dbo.customers off

set identity_insert dbo.individual_customers on
insert into dbo.individual_customers (individual_customer_id, first_name, last_name, customer_id) values (9, 'Jo-Anne', 'Alejandra', 14)
set identity_insert dbo.individual_customers off


set identity_insert dbo.customers on
insert into dbo.customers (customer_id, phone_number, email_address) values (15, '+148284191', 'jeniclifford@gmail.com')

set identity_insert dbo.customers off

set identity_insert dbo.individual_customers on
insert into dbo.individual_customers (individual_customer_id, first_name, last_name, customer_id) values (10, 'Jeni', 'Clifford', 15)
set identity_insert dbo.individual_customers off


set identity_insert dbo.customers on
insert into dbo.customers (customer_id, phone_number, email_address) values (16, '+7783369898', 'ailenebeltran@agh.edu.pl')

set identity_insert dbo.customers off

set identity_insert dbo.individual_customers on
insert into dbo.individual_customers (individual_customer_id, first_name, last_name, customer_id) values (11, 'Ailene', 'Beltran', 16)
set identity_insert dbo.individual_customers off


set identity_insert dbo.customers on
insert into dbo.customers (customer_id, phone_number, email_address) values (17, '+3473837399', 'senatisdale@yahoo.com')

set identity_insert dbo.customers off

set identity_insert dbo.individual_customers on
insert into dbo.individual_customers (individual_customer_id, first_name, last_name, customer_id) values (12, 'Sena', 'Tisdale', 17)
set identity_insert dbo.individual_customers off


set identity_insert dbo.customers on
insert into dbo.customers (customer_id, phone_number, email_address) values (18, '4895011054', 'brineyalyworth@gmail.com')

set identity_insert dbo.customers off

set identity_insert dbo.individual_customers on
insert into dbo.individual_customers (individual_customer_id, first_name, last_name, customer_id) values (13, 'Briney', 'Alyworth', 18)
set identity_insert dbo.individual_customers off


set identity_insert dbo.customers on
insert into dbo.customers (customer_id, phone_number, email_address) values (19, '968272029', 'self@yahoo.com')

set identity_insert dbo.customers off

set identity_insert dbo.companies on
insert into dbo.companies (company_id, company_name, customer_id) values (6, 'Self', 19)
set identity_insert dbo.companies off


set identity_insert dbo.customers on
insert into dbo.customers (customer_id, phone_number, email_address) values (20, '7538673850', 'carlinapacificas@agh.edu.pl')

set identity_insert dbo.customers off

set identity_insert dbo.individual_customers on
insert into dbo.individual_customers (individual_customer_id, first_name, last_name, customer_id) values (14, 'Carlina', 'Pacificas', 20)
set identity_insert dbo.individual_customers off


set identity_insert dbo.customers on
insert into dbo.customers (customer_id, phone_number, email_address) values (21, '+828036335', 'unionenterprise@agh.edu.pl')

set identity_insert dbo.customers off

set identity_insert dbo.companies on
insert into dbo.companies (company_id, company_name, customer_id) values (7, 'Union Enterprise', 21)
set identity_insert dbo.companies off


set identity_insert dbo.customers on
insert into dbo.customers (customer_id, phone_number, email_address) values (22, '+0091286404', 'franciskadory@agh.edu.pl')

set identity_insert dbo.customers off

set identity_insert dbo.individual_customers on
insert into dbo.individual_customers (individual_customer_id, first_name, last_name, customer_id) values (15, 'Franciska', 'Dory', 22)
set identity_insert dbo.individual_customers off


set identity_insert dbo.customers on
insert into dbo.customers (customer_id, phone_number, email_address) values (23, '072881788', 'futureenterprise@yahoo.com')

set identity_insert dbo.customers off

set identity_insert dbo.companies on
insert into dbo.companies (company_id, company_name, customer_id) values (8, 'Future Enterprise', 23)
set identity_insert dbo.companies off


set identity_insert dbo.customers on
insert into dbo.customers (customer_id, phone_number, email_address) values (24, '245063572', 'charmiankohler@yahoo.com')

set identity_insert dbo.customers off

set identity_insert dbo.individual_customers on
insert into dbo.individual_customers (individual_customer_id, first_name, last_name, customer_id) values (16, 'Charmian', 'Kohler', 24)
set identity_insert dbo.individual_customers off


set identity_insert dbo.customers on
insert into dbo.customers (customer_id, phone_number, email_address) values (25, '9021662864', 'detailtechnology@agh.edu.pl')

set identity_insert dbo.customers off

set identity_insert dbo.companies on
insert into dbo.companies (company_id, company_name, customer_id) values (9, 'Detail Technology', 25)
set identity_insert dbo.companies off


set identity_insert dbo.customers on
insert into dbo.customers (customer_id, phone_number, email_address) values (26, '215212890', 'doubletechnology@gmail.com')

set identity_insert dbo.customers off

set identity_insert dbo.companies on
insert into dbo.companies (company_id, company_name, customer_id) values (10, 'Double Technology', 26)
set identity_insert dbo.companies off


set identity_insert dbo.customers on
insert into dbo.customers (customer_id, phone_number, email_address) values (27, '612269604', 'valuetechnology@yahoo.com')

set identity_insert dbo.customers off

set identity_insert dbo.companies on
insert into dbo.companies (company_id, company_name, customer_id) values (11, 'Value Technology', 27)
set identity_insert dbo.companies off


set identity_insert dbo.customers on
insert into dbo.customers (customer_id, phone_number, email_address) values (28, '+417290579', 'teach@agh.edu.pl')

set identity_insert dbo.customers off

set identity_insert dbo.companies on
insert into dbo.companies (company_id, company_name, customer_id) values (12, 'Teach', 28)
set identity_insert dbo.companies off


set identity_insert dbo.customers on
insert into dbo.customers (customer_id, phone_number, email_address) values (29, '885961214', 'roselinbrantley@agh.edu.pl')

set identity_insert dbo.customers off

set identity_insert dbo.individual_customers on
insert into dbo.individual_customers (individual_customer_id, first_name, last_name, customer_id) values (17, 'Roselin', 'Brantley', 29)
set identity_insert dbo.individual_customers off


set identity_insert dbo.customers on
insert into dbo.customers (customer_id, phone_number, email_address) values (30, '+3827617571', 'katherinefilberto@agh.edu.pl')

set identity_insert dbo.customers off

set identity_insert dbo.individual_customers on
insert into dbo.individual_customers (individual_customer_id, first_name, last_name, customer_id) values (18, 'Katherine', 'Filberto', 30)
set identity_insert dbo.individual_customers off


go


set identity_insert dbo.workshops on
insert into dbo.workshops (workshop_id, conference_day_id, workshop_title, workshop_description, attendees_workshop_max, price, start_time, end_time) values (1, 1, 'Line Workshop', 'Really great workshop, you have to take part in.', 65, 58.96, '18:29:00', '19:59:00'), (2, 1, 'Touch Workshop', 'Really great workshop, you have to take part in.', 28, 43.64, '11:36:00', '12:36:00'), (3, 1, 'Colleague Workshop', 'Really great workshop, you have to take part in.', 81, 90.42, '10:13:00', '11:13:00'), (4, 1, 'Cross Workshop', 'Really great workshop, you have to take part in.', 109, 68.16, '00:27:00', '01:27:00'), (5, 1, 'Absolute Workshop', 'Really great workshop, you have to take part in.', 80, 93.79, '12:54:00', '13:39:00'), (6, 2, 'Air Workshop', 'Really great workshop, you have to take part in.', 150, 75.79, '04:34:00', '06:34:00'), (7, 2, 'Head Workshop', 'Really great workshop, you have to take part in.', 99, 49.46, '15:38:00', '16:38:00'), (8, 2, 'Join Workshop', 'Really great workshop, you have to take part in.', 26, 83.7, '14:11:00', '15:41:00'), (9, 3, 'Union Workshop', 'Really great workshop, you have to take part in.', 70, 54.93, '10:27:00', '11:12:00'), (10, 3, 'Heat Workshop', 'Really great workshop, you have to take part in.', 122, 40.94, '03:44:00', '04:29:00'), (11, 3, 'Sort Workshop', 'Really great workshop, you have to take part in.', 173, 30.79, '19:46:00', '21:46:00'), (12, 4, 'Environment Workshop', 'Really great workshop, you have to take part in.', 25, 45.7, '13:41:00', '14:26:00'), (13, 4, 'Moment Workshop', 'Really great workshop, you have to take part in.', 208, 39.62, '06:11:00', '07:41:00'), (14, 4, 'Secretary Workshop', 'Really great workshop, you have to take part in.', 28, 37.61, '02:34:00', '04:04:00'), (15, 4, 'Take Workshop', 'Really great workshop, you have to take part in.', 113, 33.85, '18:58:00', '20:58:00'), (16, 4, 'Teach Workshop', 'Really great workshop, you have to take part in.', 233, 68.39, '20:39:00', '22:09:00'), (17, 5, 'Reckon Workshop', 'Really great workshop, you have to take part in.', 154, 20.55, '01:11:00', '02:41:00'), (18, 5, 'Box Workshop', 'Really great workshop, you have to take part in.', 170, 10.68, '15:48:00', '17:18:00'), (19, 5, 'Type Workshop', 'Really great workshop, you have to take part in.', 35, 27.41, '16:05:00', '17:35:00'), (20, 5, 'Mister Workshop', 'Really great workshop, you have to take part in.', 118, 47.49, '14:36:00', '16:06:00'), (21, 5, 'Coffee Workshop', 'Really great workshop, you have to take part in.', 99, 15.31, '10:41:00', '12:11:00'), (22, 6, 'Weigh Workshop', 'Really great workshop, you have to take part in.', 287, 73.63, '15:28:00', '16:13:00'), (23, 6, 'Alright Workshop', 'Really great workshop, you have to take part in.', 151, 35.95, '09:48:00', '10:48:00'), (24, 6, 'Heat Workshop', 'Really great workshop, you have to take part in.', 197, 58.67, '15:09:00', '17:09:00'), (25, 6, 'Put Workshop', 'Really great workshop, you have to take part in.', 77, 58.17, '10:33:00', '12:33:00'), (26, 6, 'Meaning Workshop', 'Really great workshop, you have to take part in.', 214, 73.96, '04:51:00', '06:21:00'), (27, 7, 'Marry Workshop', 'Really great workshop, you have to take part in.', 359, 23.17, '01:19:00', '02:19:00'), (28, 7, 'Die Workshop', 'Really great workshop, you have to take part in.', 344, 82.97, '08:50:00', '09:50:00'), (29, 7, 'Three Workshop', 'Really great workshop, you have to take part in.', 278, 27.13, '08:35:00', '09:20:00'), (30, 7, 'Record Workshop', 'Really great workshop, you have to take part in.', 298, 97.29, '15:32:00', '16:32:00'), (31, 8, 'Less Workshop', 'Really great workshop, you have to take part in.', 450, 75.9, '14:48:00', '16:18:00'), (32, 8, 'Dinner Workshop', 'Really great workshop, you have to take part in.', 92, 34.52, '15:06:00', '16:36:00'), (33, 8, 'Respect Workshop', 'Really great workshop, you have to take part in.', 134, 95.04, '04:03:00', '05:03:00'), (34, 8, 'Wood Workshop', 'Really great workshop, you have to take part in.', 180, 25.75, '10:48:00', '11:48:00'), (35, 8, 'Inform Workshop', 'Really great workshop, you have to take part in.', 26, 89.18, '16:59:00', '18:29:00'), (36, 9, 'Dry Workshop', 'Really great workshop, you have to take part in.', 58, 66.61, '06:14:00', '07:14:00'), (37, 9, 'Park Workshop', 'Really great workshop, you have to take part in.', 135, 96.91, '06:56:00', '07:41:00'), (38, 9, 'Type Workshop', 'Really great workshop, you have to take part in.', 111, 54.92, '20:55:00', '22:25:00'), (39, 10, 'Win Workshop', 'Really great workshop, you have to take part in.', 294, 34.68, '13:39:00', '14:39:00'), (40, 10, 'Boat Workshop', 'Really great workshop, you have to take part in.', 246, 42.35, '09:28:00', '11:28:00'), (41, 10, 'Clock Workshop', 'Really great workshop, you have to take part in.', 215, 83.16, '16:04:00', '18:04:00'), (42, 10, 'Receive Workshop', 'Really great workshop, you have to take part in.', 195, 42.95, '04:33:00', '06:03:00'), (43, 10, 'Fit Workshop', 'Really great workshop, you have to take part in.', 118, 70.5, '09:37:00', '10:22:00'), (44, 11, 'Excuse Workshop', 'Really great workshop, you have to take part in.', 97, 74.82, '19:11:00', '21:11:00'), (45, 11, 'He Workshop', 'Really great workshop, you have to take part in.', 159, 96.79, '11:50:00', '13:50:00'), (46, 11, 'Purpose Workshop', 'Really great workshop, you have to take part in.', 92, 42.6, '14:23:00', '15:23:00'), (47, 11, 'Shut Workshop', 'Really great workshop, you have to take part in.', 42, 59.32, '05:57:00', '07:57:00'), (48, 11, 'Instead Workshop', 'Really great workshop, you have to take part in.', 104, 84.51, '10:29:00', '11:59:00'), (49, 12, 'Set Workshop', 'Really great workshop, you have to take part in.', 130, 22.93, '05:36:00', '06:36:00'), (50, 12, 'Educate Workshop', 'Really great workshop, you have to take part in.', 164, 79.62, '09:16:00', '11:16:00'), (51, 12, 'The Workshop', 'Really great workshop, you have to take part in.', 31, 76.76, '03:06:00', '04:06:00'), (52, 12, 'Double Workshop', 'Really great workshop, you have to take part in.', 150, 92.31, '07:40:00', '09:10:00'), (53, 13, 'Six Workshop', 'Really great workshop, you have to take part in.', 173, 91.22, '08:12:00', '10:12:00'), (54, 13, 'Wee Workshop', 'Really great workshop, you have to take part in.', 59, 22.84, '11:17:00', '12:02:00'), (55, 13, 'Kill Workshop', 'Really great workshop, you have to take part in.', 61, 93.38, '05:23:00', '06:23:00'), (56, 13, 'Street Workshop', 'Really great workshop, you have to take part in.', 395, 73.22, '19:28:00', '21:28:00'), (57, 13, 'Product Workshop', 'Really great workshop, you have to take part in.', 136, 44.65, '20:27:00', '21:27:00'), (58, 14, 'Print Workshop', 'Really great workshop, you have to take part in.', 25, 53.84, '15:10:00', '17:10:00'), (59, 14, 'Need Workshop', 'Really great workshop, you have to take part in.', 37, 64.3, '15:07:00', '17:07:00'), (60, 14, 'Bar Workshop', 'Really great workshop, you have to take part in.', 55, 19.76, '19:23:00', '20:23:00'), (61, 15, 'Number Workshop', 'Really great workshop, you have to take part in.', 181, 47.89, '15:51:00', '17:21:00'), (62, 15, 'Tuesday Workshop', 'Really great workshop, you have to take part in.', 267, 72.01, '04:08:00', '06:08:00'), (63, 15, 'Alright Workshop', 'Really great workshop, you have to take part in.', 89, 77.37, '20:37:00', '21:37:00'), (64, 15, 'Pension Workshop', 'Really great workshop, you have to take part in.', 99, 19.33, '19:16:00', '20:01:00'), (65, 15, 'Let Workshop', 'Really great workshop, you have to take part in.', 280, 56.21, '15:59:00', '17:29:00'), (66, 16, 'High Workshop', 'Really great workshop, you have to take part in.', 143, 62.4, '06:02:00', '06:47:00'), (67, 16, 'Terrible Workshop', 'Really great workshop, you have to take part in.', 11, 15.69, '09:02:00', '11:02:00'), (68, 16, 'Bag Workshop', 'Really great workshop, you have to take part in.', 203, 39.26, '13:49:00', '14:34:00'), (69, 16, 'Heat Workshop', 'Really great workshop, you have to take part in.', 179, 89.73, '07:04:00', '09:04:00'), (70, 16, 'Create Workshop', 'Really great workshop, you have to take part in.', 223, 18.42, '17:50:00', '19:50:00'), (71, 17, 'Whole Workshop', 'Really great workshop, you have to take part in.', 61, 12.48, '17:42:00', '19:42:00'), (72, 17, 'Grow Workshop', 'Really great workshop, you have to take part in.', 104, 99.99, '19:14:00', '20:44:00'), (73, 17, 'Closes Workshop', 'Really great workshop, you have to take part in.', 58, 24.25, '00:18:00', '01:03:00'), (74, 17, 'Because Workshop', 'Really great workshop, you have to take part in.', 40, 24.3, '19:52:00', '21:22:00'), (75, 18, 'Even Workshop', 'Really great workshop, you have to take part in.', 106, 15.16, '14:56:00', '16:26:00'), (76, 18, 'Choice Workshop', 'Really great workshop, you have to take part in.', 85, 89.53, '07:44:00', '09:14:00'), (77, 18, 'Person Workshop', 'Really great workshop, you have to take part in.', 104, 78.35, '08:36:00', '09:36:00'), (78, 18, 'Sunday Workshop', 'Really great workshop, you have to take part in.', 14, 34.36, '05:24:00', '07:24:00'), (79, 18, 'Once Workshop', 'Really great workshop, you have to take part in.', 28, 69.28, '03:49:00', '04:49:00'), (80, 19, 'Club Workshop', 'Really great workshop, you have to take part in.', 435, 95.22, '15:30:00', '17:30:00'), (81, 19, 'Twenty Workshop', 'Really great workshop, you have to take part in.', 126, 99.64, '14:40:00', '16:10:00'), (82, 19, 'Agent Workshop', 'Really great workshop, you have to take part in.', 375, 71.62, '04:03:00', '06:03:00'), (83, 20, 'Heavy Workshop', 'Really great workshop, you have to take part in.', 76, 18.99, '06:32:00', '07:32:00'), (84, 20, 'Excuse Workshop', 'Really great workshop, you have to take part in.', 265, 92.63, '12:53:00', '13:38:00'), (85, 20, 'Other Workshop', 'Really great workshop, you have to take part in.', 68, 47.32, '20:45:00', '22:45:00'), (86, 20, 'Round Workshop', 'Really great workshop, you have to take part in.', 264, 56.57, '16:32:00', '18:02:00'), (87, 20, 'Against Workshop', 'Really great workshop, you have to take part in.', 159, 94.36, '13:48:00', '15:48:00'), (88, 21, 'Record Workshop', 'Really great workshop, you have to take part in.', 108, 71.96, '13:46:00', '14:46:00'), (89, 21, 'Pension Workshop', 'Really great workshop, you have to take part in.', 51, 84.71, '17:35:00', '18:35:00'), (90, 21, 'Term Workshop', 'Really great workshop, you have to take part in.', 24, 26.79, '04:39:00', '05:39:00'), (91, 21, 'Small Workshop', 'Really great workshop, you have to take part in.', 105, 10.66, '16:35:00', '17:35:00'), (92, 22, 'Mrs Workshop', 'Really great workshop, you have to take part in.', 88, 97.05, '20:29:00', '22:29:00'), (93, 22, 'Field Workshop', 'Really great workshop, you have to take part in.', 54, 82.51, '03:32:00', '05:32:00'), (94, 22, 'Plus Workshop', 'Really great workshop, you have to take part in.', 99, 14.91, '15:26:00', '16:26:00'), (95, 22, 'Together Workshop', 'Really great workshop, you have to take part in.', 94, 33.71, '03:14:00', '03:59:00'), (96, 23, 'Hundred Workshop', 'Really great workshop, you have to take part in.', 343, 32.58, '04:03:00', '05:33:00'), (97, 23, 'Terrible Workshop', 'Really great workshop, you have to take part in.', 377, 81.74, '05:55:00', '06:40:00'), (98, 23, 'Other Workshop', 'Really great workshop, you have to take part in.', 282, 70.12, '19:40:00', '20:25:00'), (99, 23, 'Support Workshop', 'Really great workshop, you have to take part in.', 97, 45.16, '16:13:00', '17:43:00'), (100, 23, 'Poor Workshop', 'Really great workshop, you have to take part in.', 349, 76.18, '18:36:00', '19:36:00'), (101, 24, 'Subject Workshop', 'Really great workshop, you have to take part in.', 23, 59.83, '18:44:00', '19:29:00'), (102, 24, 'Extra Workshop', 'Really great workshop, you have to take part in.', 330, 54.76, '15:12:00', '16:12:00'), (103, 24, 'Check Workshop', 'Really great workshop, you have to take part in.', 95, 24.68, '17:29:00', '18:59:00'), (104, 24, 'Condition Workshop', 'Really great workshop, you have to take part in.', 175, 65.24, '12:01:00', '13:31:00'), (105, 24, 'Private Workshop', 'Really great workshop, you have to take part in.', 320, 44.0, '09:56:00', '10:41:00'), (106, 25, 'Clear Workshop', 'Really great workshop, you have to take part in.', 398, 53.94, '06:22:00', '07:52:00'), (107, 25, 'Dead Workshop', 'Really great workshop, you have to take part in.', 273, 73.84, '12:13:00', '13:13:00'), (108, 25, 'Water Workshop', 'Really great workshop, you have to take part in.', 223, 89.43, '07:05:00', '09:05:00'), (109, 25, 'Stay Workshop', 'Really great workshop, you have to take part in.', 336, 96.99, '20:40:00', '22:10:00'), (110, 26, 'Light Workshop', 'Really great workshop, you have to take part in.', 96, 28.37, '06:27:00', '07:12:00'), (111, 26, 'Treat Workshop', 'Really great workshop, you have to take part in.', 216, 48.02, '03:57:00', '05:27:00'), (112, 26, 'Book Workshop', 'Really great workshop, you have to take part in.', 170, 71.37, '07:18:00', '08:18:00'), (113, 26, 'Young Workshop', 'Really great workshop, you have to take part in.', 150, 52.56, '20:51:00', '22:21:00'), (114, 27, 'Value Workshop', 'Really great workshop, you have to take part in.', 19, 72.95, '03:49:00', '04:34:00'), (115, 27, 'Term Workshop', 'Really great workshop, you have to take part in.', 82, 21.2, '08:22:00', '09:07:00'), (116, 27, 'Week Workshop', 'Really great workshop, you have to take part in.', 253, 73.57, '09:06:00', '11:06:00'), (117, 27, 'Grow Workshop', 'Really great workshop, you have to take part in.', 213, 40.86, '16:31:00', '18:01:00'), (118, 28, 'Pension Workshop', 'Really great workshop, you have to take part in.', 34, 85.15, '05:09:00', '06:09:00'), (119, 28, 'Wear Workshop', 'Really great workshop, you have to take part in.', 94, 25.62, '09:46:00', '10:31:00'), (120, 28, 'Brilliant Workshop', 'Really great workshop, you have to take part in.', 28, 59.25, '13:34:00', '14:34:00'), (121, 28, 'Link Workshop', 'Really great workshop, you have to take part in.', 48, 97.59, '04:32:00', '05:32:00'), (122, 29, 'Structure Workshop', 'Really great workshop, you have to take part in.', 391, 21.2, '15:28:00', '16:13:00'), (123, 29, 'Begin Workshop', 'Really great workshop, you have to take part in.', 248, 53.44, '01:40:00', '02:25:00'), (124, 29, 'Should Workshop', 'Really great workshop, you have to take part in.', 235, 42.94, '01:07:00', '03:07:00'), (125, 30, 'The Workshop', 'Really great workshop, you have to take part in.', 80, 98.13, '14:25:00', '15:25:00'), (126, 30, 'Feel Workshop', 'Really great workshop, you have to take part in.', 87, 81.14, '01:40:00', '02:25:00'), (127, 30, 'Sheet Workshop', 'Really great workshop, you have to take part in.', 38, 14.1, '19:50:00', '20:35:00'), (128, 31, 'No Workshop', 'Really great workshop, you have to take part in.', 47, 69.89, '12:59:00', '13:44:00'), (129, 31, 'Control Workshop', 'Really great workshop, you have to take part in.', 38, 16.92, '01:47:00', '02:32:00'), (130, 31, 'Resource Workshop', 'Really great workshop, you have to take part in.', 141, 41.18, '05:59:00', '06:59:00'), (131, 31, 'Therefore Workshop', 'Really great workshop, you have to take part in.', 13, 30.04, '09:44:00', '10:44:00'), (132, 32, 'Case Workshop', 'Really great workshop, you have to take part in.', 284, 47.82, '08:22:00', '09:07:00'), (133, 32, 'Christ Workshop', 'Really great workshop, you have to take part in.', 204, 20.66, '00:11:00', '01:11:00'), (134, 32, 'Shall Workshop', 'Really great workshop, you have to take part in.', 238, 21.29, '12:01:00', '14:01:00'), (135, 32, 'Million Workshop', 'Really great workshop, you have to take part in.', 107, 61.21, '03:06:00', '03:51:00'), (136, 33, 'Course Workshop', 'Really great workshop, you have to take part in.', 72, 95.86, '16:49:00', '17:34:00'), (137, 33, 'Street Workshop', 'Really great workshop, you have to take part in.', 47, 69.68, '16:59:00', '18:59:00'), (138, 33, 'Half Workshop', 'Really great workshop, you have to take part in.', 77, 58.2, '12:08:00', '14:08:00'), (139, 33, 'Film Workshop', 'Really great workshop, you have to take part in.', 100, 55.08, '18:04:00', '19:34:00'), (140, 34, 'Equal Workshop', 'Really great workshop, you have to take part in.', 106, 11.5, '11:16:00', '12:46:00'), (141, 34, 'Bottom Workshop', 'Really great workshop, you have to take part in.', 322, 13.68, '06:05:00', '06:50:00'), (142, 34, 'Travel Workshop', 'Really great workshop, you have to take part in.', 270, 46.99, '05:37:00', '06:22:00'), (143, 35, 'Step Workshop', 'Really great workshop, you have to take part in.', 237, 32.81, '00:29:00', '01:59:00'), (144, 35, 'Confer Workshop', 'Really great workshop, you have to take part in.', 105, 81.8, '14:03:00', '15:33:00'), (145, 35, 'Succeed Workshop', 'Really great workshop, you have to take part in.', 27, 75.91, '07:05:00', '09:05:00'), (146, 36, 'Wednesday Workshop', 'Really great workshop, you have to take part in.', 66, 83.92, '00:24:00', '02:24:00'), (147, 36, 'Young Workshop', 'Really great workshop, you have to take part in.', 248, 54.95, '08:09:00', '08:54:00'), (148, 36, 'Programme Workshop', 'Really great workshop, you have to take part in.', 107, 17.29, '10:11:00', '11:41:00'), (149, 37, 'Responsible Workshop', 'Really great workshop, you have to take part in.', 58, 81.35, '00:07:00', '01:07:00'), (150, 37, 'Actual Workshop', 'Really great workshop, you have to take part in.', 39, 49.29, '13:08:00', '15:08:00'), (151, 37, 'Tape Workshop', 'Really great workshop, you have to take part in.', 77, 51.85, '10:48:00', '11:48:00'), (152, 38, 'Complete Workshop', 'Really great workshop, you have to take part in.', 77, 71.63, '05:34:00', '07:34:00'), (153, 38, 'Basis Workshop', 'Really great workshop, you have to take part in.', 87, 99.33, '14:51:00', '15:51:00'), (154, 38, 'Encourage Workshop', 'Really great workshop, you have to take part in.', 13, 29.88, '20:19:00', '21:19:00'), (155, 38, 'Miss Workshop', 'Really great workshop, you have to take part in.', 99, 25.44, '01:24:00', '02:09:00'), (156, 38, 'White Workshop', 'Really great workshop, you have to take part in.', 85, 94.75, '20:10:00', '21:40:00'), (157, 39, 'Class Workshop', 'Really great workshop, you have to take part in.', 415, 79.89, '20:55:00', '22:25:00'), (158, 39, 'Away Workshop', 'Really great workshop, you have to take part in.', 325, 92.61, '01:11:00', '01:56:00'), (159, 39, 'Woman Workshop', 'Really great workshop, you have to take part in.', 248, 85.9, '11:48:00', '13:48:00'), (160, 39, 'Trust Workshop', 'Really great workshop, you have to take part in.', 139, 40.72, '08:55:00', '09:40:00'), (161, 40, 'Wife Workshop', 'Really great workshop, you have to take part in.', 37, 34.05, '03:03:00', '05:03:00'), (162, 40, 'Economy Workshop', 'Really great workshop, you have to take part in.', 60, 26.32, '15:56:00', '17:26:00'), (163, 40, 'Twelve Workshop', 'Really great workshop, you have to take part in.', 56, 83.9, '17:49:00', '19:19:00'), (164, 40, 'Excuse Workshop', 'Really great workshop, you have to take part in.', 115, 22.08, '16:27:00', '18:27:00'), (165, 41, 'Teach Workshop', 'Really great workshop, you have to take part in.', 27, 88.63, '20:34:00', '21:19:00'), (166, 41, 'Quiet Workshop', 'Really great workshop, you have to take part in.', 83, 41.38, '00:36:00', '01:36:00'), (167, 41, 'Likely Workshop', 'Really great workshop, you have to take part in.', 187, 12.07, '08:31:00', '09:31:00'), (168, 42, 'We Workshop', 'Really great workshop, you have to take part in.', 107, 19.89, '02:44:00', '03:44:00'), (169, 42, 'Issue Workshop', 'Really great workshop, you have to take part in.', 174, 39.99, '14:50:00', '16:20:00'), (170, 42, 'Telephone Workshop', 'Really great workshop, you have to take part in.', 42, 94.32, '12:55:00', '14:55:00'), (171, 43, 'Bank Workshop', 'Really great workshop, you have to take part in.', 65, 78.13, '09:38:00', '11:08:00'), (172, 43, 'Process Workshop', 'Really great workshop, you have to take part in.', 102, 99.81, '04:22:00', '06:22:00'), (173, 43, 'Suggest Workshop', 'Really great workshop, you have to take part in.', 187, 54.53, '02:15:00', '03:45:00'), (174, 44, 'Probable Workshop', 'Really great workshop, you have to take part in.', 74, 88.23, '09:58:00', '11:28:00'), (175, 44, 'Pretty Workshop', 'Really great workshop, you have to take part in.', 104, 49.63, '09:18:00', '11:18:00'), (176, 44, 'Thirteen Workshop', 'Really great workshop, you have to take part in.', 106, 88.81, '07:52:00', '08:37:00'), (177, 44, 'Rail Workshop', 'Really great workshop, you have to take part in.', 236, 87.94, '02:33:00', '04:33:00'), (178, 45, 'Build Workshop', 'Really great workshop, you have to take part in.', 377, 49.33, '11:32:00', '13:02:00'), (179, 45, 'Turn Workshop', 'Really great workshop, you have to take part in.', 405, 44.63, '20:20:00', '21:05:00'), (180, 45, 'Secretary Workshop', 'Really great workshop, you have to take part in.', 148, 50.32, '19:20:00', '20:20:00'), (181, 45, 'Elect Workshop', 'Really great workshop, you have to take part in.', 30, 77.58, '17:59:00', '19:29:00'), (182, 46, 'Exercise Workshop', 'Really great workshop, you have to take part in.', 384, 27.79, '20:51:00', '21:51:00'), (183, 46, 'Sir Workshop', 'Really great workshop, you have to take part in.', 127, 95.7, '01:33:00', '03:33:00'), (184, 46, 'Amount Workshop', 'Really great workshop, you have to take part in.', 361, 35.31, '02:41:00', '04:41:00'), (185, 47, 'Organize Workshop', 'Really great workshop, you have to take part in.', 99, 12.75, '01:48:00', '02:48:00'), (186, 47, 'Full Workshop', 'Really great workshop, you have to take part in.', 15, 41.89, '18:58:00', '20:58:00'), (187, 47, 'North Workshop', 'Really great workshop, you have to take part in.', 43, 85.53, '11:52:00', '13:22:00'), (188, 48, 'Send Workshop', 'Really great workshop, you have to take part in.', 227, 19.82, '07:05:00', '09:05:00'), (189, 48, 'Visit Workshop', 'Really great workshop, you have to take part in.', 72, 20.04, '10:46:00', '11:46:00'), (190, 48, 'Listen Workshop', 'Really great workshop, you have to take part in.', 170, 33.35, '12:39:00', '14:09:00'), (191, 49, 'Doctor Workshop', 'Really great workshop, you have to take part in.', 217, 85.9, '04:15:00', '06:15:00'), (192, 49, 'Wall Workshop', 'Really great workshop, you have to take part in.', 250, 47.44, '01:27:00', '02:27:00'), (193, 49, 'Industry Workshop', 'Really great workshop, you have to take part in.', 333, 92.39, '00:05:00', '01:35:00'), (194, 49, 'Every Workshop', 'Really great workshop, you have to take part in.', 114, 52.62, '10:55:00', '12:55:00'), (195, 49, 'Find Workshop', 'Really great workshop, you have to take part in.', 326, 78.83, '20:46:00', '22:16:00'), (196, 50, 'She Workshop', 'Really great workshop, you have to take part in.', 215, 76.68, '16:38:00', '18:08:00'), (197, 50, 'Project Workshop', 'Really great workshop, you have to take part in.', 106, 53.13, '15:42:00', '16:27:00'), (198, 50, 'Exist Workshop', 'Really great workshop, you have to take part in.', 199, 83.23, '01:58:00', '02:58:00'), (199, 51, 'Operate Workshop', 'Really great workshop, you have to take part in.', 193, 98.57, '08:35:00', '10:35:00'), (200, 51, 'Act Workshop', 'Really great workshop, you have to take part in.', 131, 63.31, '03:53:00', '04:53:00'), (201, 51, 'Should Workshop', 'Really great workshop, you have to take part in.', 83, 26.83, '05:20:00', '06:50:00'), (202, 52, 'University Workshop', 'Really great workshop, you have to take part in.', 205, 53.88, '00:30:00', '01:15:00'), (203, 52, 'Blood Workshop', 'Really great workshop, you have to take part in.', 30, 91.13, '12:51:00', '13:36:00'), (204, 52, 'Apart Workshop', 'Really great workshop, you have to take part in.', 169, 12.21, '11:46:00', '12:46:00'), (205, 53, 'Month Workshop', 'Really great workshop, you have to take part in.', 40, 61.04, '14:15:00', '15:00:00'), (206, 53, 'Do Workshop', 'Really great workshop, you have to take part in.', 79, 93.12, '15:35:00', '17:05:00'), (207, 53, 'Woman Workshop', 'Really great workshop, you have to take part in.', 74, 48.86, '11:04:00', '12:34:00'), (208, 53, 'Group Workshop', 'Really great workshop, you have to take part in.', 26, 84.01, '15:03:00', '16:33:00'), (209, 53, 'Smoke Workshop', 'Really great workshop, you have to take part in.', 62, 22.48, '03:05:00', '04:05:00'), (210, 54, 'Write Workshop', 'Really great workshop, you have to take part in.', 199, 35.68, '15:47:00', '16:32:00'), (211, 54, 'Sudden Workshop', 'Really great workshop, you have to take part in.', 254, 92.37, '04:15:00', '06:15:00'), (212, 54, 'There Workshop', 'Really great workshop, you have to take part in.', 246, 81.81, '03:03:00', '04:03:00'), (213, 55, 'Switch Workshop', 'Really great workshop, you have to take part in.', 15, 25.81, '04:36:00', '06:06:00'), (214, 55, 'Hand Workshop', 'Really great workshop, you have to take part in.', 25, 51.26, '13:15:00', '14:00:00'), (215, 55, 'Propose Workshop', 'Really great workshop, you have to take part in.', 14, 94.41, '20:31:00', '22:01:00'), (216, 55, 'Shall Workshop', 'Really great workshop, you have to take part in.', 45, 90.07, '00:44:00', '01:29:00'), (217, 56, 'Woman Workshop', 'Really great workshop, you have to take part in.', 25, 49.95, '15:45:00', '17:45:00'), (218, 56, 'Seven Workshop', 'Really great workshop, you have to take part in.', 417, 21.91, '16:43:00', '17:28:00'), (219, 56, 'Join Workshop', 'Really great workshop, you have to take part in.', 201, 75.83, '07:53:00', '08:53:00'), (220, 57, 'Behind Workshop', 'Really great workshop, you have to take part in.', 249, 30.86, '17:02:00', '18:02:00'), (221, 57, 'Allow Workshop', 'Really great workshop, you have to take part in.', 166, 71.23, '17:20:00', '18:05:00'), (222, 57, 'Correct Workshop', 'Really great workshop, you have to take part in.', 450, 89.0, '09:35:00', '10:20:00'), (223, 57, 'Cut Workshop', 'Really great workshop, you have to take part in.', 436, 18.95, '09:53:00', '11:53:00'), (224, 57, 'Heat Workshop', 'Really great workshop, you have to take part in.', 438, 56.77, '15:12:00', '16:42:00'), (225, 58, 'Stay Workshop', 'Really great workshop, you have to take part in.', 174, 93.21, '00:00:00', '00:45:00'), (226, 58, 'Sense Workshop', 'Really great workshop, you have to take part in.', 42, 36.51, '06:17:00', '07:47:00'), (227, 58, 'Own Workshop', 'Really great workshop, you have to take part in.', 309, 66.31, '02:37:00', '03:37:00'), (228, 59, 'Side Workshop', 'Really great workshop, you have to take part in.', 206, 25.36, '20:57:00', '21:57:00'), (229, 59, 'Very Workshop', 'Really great workshop, you have to take part in.', 356, 51.16, '15:08:00', '15:53:00'), (230, 59, 'Continue Workshop', 'Really great workshop, you have to take part in.', 140, 91.46, '05:16:00', '06:16:00'), (231, 60, 'Due Workshop', 'Really great workshop, you have to take part in.', 99, 16.97, '06:04:00', '07:04:00'), (232, 60, 'Sick Workshop', 'Really great workshop, you have to take part in.', 140, 15.88, '15:37:00', '17:07:00'), (233, 60, 'Price Workshop', 'Really great workshop, you have to take part in.', 113, 21.79, '07:54:00', '08:39:00'), (234, 60, 'Safe Workshop', 'Really great workshop, you have to take part in.', 67, 40.53, '01:37:00', '02:22:00'), (235, 60, 'Such Workshop', 'Really great workshop, you have to take part in.', 104, 95.81, '02:18:00', '03:48:00'), (236, 61, 'History Workshop', 'Really great workshop, you have to take part in.', 289, 76.45, '02:59:00', '03:59:00'), (237, 61, 'Strong Workshop', 'Really great workshop, you have to take part in.', 315, 35.71, '18:38:00', '20:38:00'), (238, 61, 'Enough Workshop', 'Really great workshop, you have to take part in.', 219, 80.54, '20:07:00', '21:37:00'), (239, 61, 'Exist Workshop', 'Really great workshop, you have to take part in.', 64, 55.35, '14:54:00', '15:39:00'), (240, 62, 'Print Workshop', 'Really great workshop, you have to take part in.', 204, 60.98, '04:38:00', '06:38:00'), (241, 62, 'Hit Workshop', 'Really great workshop, you have to take part in.', 88, 23.08, '04:07:00', '05:37:00'), (242, 62, 'Enough Workshop', 'Really great workshop, you have to take part in.', 203, 57.8, '03:00:00', '03:45:00'), (243, 62, 'If Workshop', 'Really great workshop, you have to take part in.', 89, 19.99, '14:05:00', '14:50:00'), (244, 63, 'Before Workshop', 'Really great workshop, you have to take part in.', 38, 16.42, '17:20:00', '18:50:00'), (245, 63, 'Continue Workshop', 'Really great workshop, you have to take part in.', 239, 74.92, '03:54:00', '05:24:00'), (246, 63, 'Ten Workshop', 'Really great workshop, you have to take part in.', 180, 94.18, '10:22:00', '12:22:00'), (247, 64, 'Mother Workshop', 'Really great workshop, you have to take part in.', 386, 14.49, '11:12:00', '11:57:00'), (248, 64, 'Mind Workshop', 'Really great workshop, you have to take part in.', 276, 27.87, '03:30:00', '04:15:00'), (249, 64, 'Sing Workshop', 'Really great workshop, you have to take part in.', 369, 88.14, '04:50:00', '05:35:00'), (250, 65, 'Small Workshop', 'Really great workshop, you have to take part in.', 139, 55.24, '15:01:00', '16:01:00'), (251, 65, 'Deep Workshop', 'Really great workshop, you have to take part in.', 173, 64.55, '14:23:00', '15:53:00'), (252, 65, 'Fact Workshop', 'Really great workshop, you have to take part in.', 13, 37.33, '04:41:00', '06:41:00'), (253, 65, 'Case Workshop', 'Really great workshop, you have to take part in.', 33, 47.9, '14:26:00', '15:26:00'), (254, 65, 'Describe Workshop', 'Really great workshop, you have to take part in.', 17, 76.17, '06:03:00', '07:33:00'), (255, 66, 'Bottom Workshop', 'Really great workshop, you have to take part in.', 126, 90.56, '11:47:00', '13:47:00'), (256, 66, 'Child Workshop', 'Really great workshop, you have to take part in.', 67, 35.21, '11:45:00', '13:15:00'), (257, 66, 'Goodbye Workshop', 'Really great workshop, you have to take part in.', 52, 33.2, '06:18:00', '07:48:00'), (258, 66, 'Watch Workshop', 'Really great workshop, you have to take part in.', 26, 93.6, '16:09:00', '18:09:00'), (259, 67, 'Throw Workshop', 'Really great workshop, you have to take part in.', 94, 26.74, '15:47:00', '16:32:00'), (260, 67, 'Committee Workshop', 'Really great workshop, you have to take part in.', 79, 75.03, '03:34:00', '04:19:00'), (261, 67, 'System Workshop', 'Really great workshop, you have to take part in.', 16, 39.91, '05:41:00', '07:11:00'), (262, 67, 'Drive Workshop', 'Really great workshop, you have to take part in.', 83, 65.84, '12:34:00', '14:34:00'), (263, 68, 'Every Workshop', 'Really great workshop, you have to take part in.', 69, 23.99, '03:06:00', '05:06:00'), (264, 68, 'Document Workshop', 'Really great workshop, you have to take part in.', 156, 15.17, '17:24:00', '19:24:00'), (265, 68, 'Original Workshop', 'Really great workshop, you have to take part in.', 120, 40.4, '02:44:00', '04:44:00'), (266, 68, 'Serve Workshop', 'Really great workshop, you have to take part in.', 56, 27.64, '05:54:00', '07:54:00'), (267, 68, 'Office Workshop', 'Really great workshop, you have to take part in.', 73, 58.63, '01:56:00', '03:56:00'), (268, 69, 'Air Workshop', 'Really great workshop, you have to take part in.', 247, 93.05, '06:40:00', '07:40:00'), (269, 69, 'Of Workshop', 'Really great workshop, you have to take part in.', 16, 35.19, '16:15:00', '17:15:00'), (270, 69, 'And Workshop', 'Really great workshop, you have to take part in.', 220, 67.22, '01:35:00', '02:35:00'), (271, 69, 'Specific Workshop', 'Really great workshop, you have to take part in.', 248, 44.84, '00:32:00', '02:32:00'), (272, 69, 'Down Workshop', 'Really great workshop, you have to take part in.', 35, 91.1, '11:20:00', '12:20:00'), (273, 70, 'Telephone Workshop', 'Really great workshop, you have to take part in.', 363, 94.72, '05:14:00', '06:44:00'), (274, 70, 'Law Workshop', 'Really great workshop, you have to take part in.', 271, 35.54, '09:57:00', '10:42:00'), (275, 70, 'Item Workshop', 'Really great workshop, you have to take part in.', 300, 59.6, '03:55:00', '04:40:00'), (276, 70, 'Many Workshop', 'Really great workshop, you have to take part in.', 84, 18.47, '14:37:00', '15:37:00'), (277, 70, 'Either Workshop', 'Really great workshop, you have to take part in.', 349, 90.06, '05:15:00', '06:00:00'), (278, 71, 'Such Workshop', 'Really great workshop, you have to take part in.', 25, 61.75, '01:25:00', '03:25:00'), (279, 71, 'Eleven Workshop', 'Really great workshop, you have to take part in.', 183, 14.06, '13:20:00', '14:20:00'), (280, 71, 'Wednesday Workshop', 'Really great workshop, you have to take part in.', 164, 92.27, '10:18:00', '12:18:00'), (281, 71, 'Set Workshop', 'Really great workshop, you have to take part in.', 63, 15.51, '06:42:00', '08:12:00'), (282, 72, 'Tree Workshop', 'Really great workshop, you have to take part in.', 354, 10.78, '03:47:00', '04:32:00'), (283, 72, 'Would Workshop', 'Really great workshop, you have to take part in.', 94, 81.55, '17:36:00', '18:36:00'), (284, 72, 'Friday Workshop', 'Really great workshop, you have to take part in.', 71, 19.83, '01:44:00', '03:44:00'), (285, 72, 'Score Workshop', 'Really great workshop, you have to take part in.', 198, 46.34, '16:11:00', '18:11:00'), (286, 72, 'Man Workshop', 'Really great workshop, you have to take part in.', 23, 42.3, '17:59:00', '18:59:00'), (287, 73, 'Respect Workshop', 'Really great workshop, you have to take part in.', 134, 55.6, '04:13:00', '05:43:00'), (288, 73, 'Age Workshop', 'Really great workshop, you have to take part in.', 36, 44.07, '14:54:00', '15:39:00'), (289, 73, 'Twelve Workshop', 'Really great workshop, you have to take part in.', 183, 23.56, '02:29:00', '03:14:00'), (290, 73, 'Special Workshop', 'Really great workshop, you have to take part in.', 92, 11.99, '12:48:00', '13:33:00'), (291, 74, 'Load Workshop', 'Really great workshop, you have to take part in.', 253, 36.98, '02:31:00', '04:01:00'), (292, 74, 'Represent Workshop', 'Really great workshop, you have to take part in.', 256, 59.52, '05:44:00', '06:44:00'), (293, 74, 'Union Workshop', 'Really great workshop, you have to take part in.', 81, 66.28, '08:07:00', '09:37:00'), (294, 74, 'Late Workshop', 'Really great workshop, you have to take part in.', 40, 12.6, '17:36:00', '18:21:00'), (295, 74, 'Effect Workshop', 'Really great workshop, you have to take part in.', 96, 51.14, '07:08:00', '09:08:00'), (296, 75, 'Nature Workshop', 'Really great workshop, you have to take part in.', 268, 21.93, '14:35:00', '15:35:00'), (297, 75, 'Wind Workshop', 'Really great workshop, you have to take part in.', 142, 48.48, '03:17:00', '04:02:00'), (298, 75, 'Minister Workshop', 'Really great workshop, you have to take part in.', 258, 75.66, '20:05:00', '21:35:00'), (299, 75, 'Major Workshop', 'Really great workshop, you have to take part in.', 224, 51.31, '08:21:00', '09:51:00'), (300, 75, 'Due Workshop', 'Really great workshop, you have to take part in.', 436, 49.13, '01:28:00', '02:58:00'), (301, 76, 'Each Workshop', 'Really great workshop, you have to take part in.', 60, 87.98, '17:03:00', '18:03:00'), (302, 76, 'Notice Workshop', 'Really great workshop, you have to take part in.', 43, 76.66, '14:01:00', '14:46:00'), (303, 76, 'Treat Workshop', 'Really great workshop, you have to take part in.', 274, 82.8, '01:02:00', '02:32:00'), (304, 77, 'Rail Workshop', 'Really great workshop, you have to take part in.', 93, 30.1, '15:11:00', '15:56:00'), (305, 77, 'City Workshop', 'Really great workshop, you have to take part in.', 111, 34.98, '19:22:00', '21:22:00'), (306, 77, 'Inside Workshop', 'Really great workshop, you have to take part in.', 101, 58.96, '20:04:00', '21:04:00'), (307, 78, 'Respect Workshop', 'Really great workshop, you have to take part in.', 245, 67.42, '09:41:00', '11:41:00'), (308, 78, 'Similar Workshop', 'Really great workshop, you have to take part in.', 282, 66.7, '04:29:00', '06:29:00'), (309, 78, 'Hear Workshop', 'Really great workshop, you have to take part in.', 243, 49.72, '20:44:00', '22:44:00'), (310, 78, 'Trade Workshop', 'Really great workshop, you have to take part in.', 43, 12.69, '01:05:00', '01:50:00'), (311, 79, 'Quality Workshop', 'Really great workshop, you have to take part in.', 106, 60.45, '13:55:00', '14:55:00'), (312, 79, 'Mrs Workshop', 'Really great workshop, you have to take part in.', 22, 60.31, '14:09:00', '16:09:00'), (313, 79, 'Go Workshop', 'Really great workshop, you have to take part in.', 29, 29.94, '12:53:00', '14:53:00'), (314, 79, 'Germany Workshop', 'Really great workshop, you have to take part in.', 119, 36.57, '16:44:00', '18:14:00'), (315, 79, 'Price Workshop', 'Really great workshop, you have to take part in.', 107, 30.73, '02:42:00', '03:42:00'), (316, 80, 'Reason Workshop', 'Really great workshop, you have to take part in.', 153, 72.96, '11:57:00', '13:57:00'), (317, 80, 'Instead Workshop', 'Really great workshop, you have to take part in.', 82, 17.69, '01:16:00', '03:16:00'), (318, 80, 'Read Workshop', 'Really great workshop, you have to take part in.', 70, 23.1, '17:05:00', '19:05:00'), (319, 80, 'America Workshop', 'Really great workshop, you have to take part in.', 61, 68.19, '15:33:00', '17:03:00'), (320, 81, 'Various Workshop', 'Really great workshop, you have to take part in.', 140, 13.13, '16:55:00', '18:55:00'), (321, 81, 'Study Workshop', 'Really great workshop, you have to take part in.', 289, 17.82, '17:55:00', '19:25:00'), (322, 81, 'Document Workshop', 'Really great workshop, you have to take part in.', 262, 67.03, '18:07:00', '19:07:00'), (323, 81, 'Blood Workshop', 'Really great workshop, you have to take part in.', 365, 69.95, '01:55:00', '03:25:00'), (324, 82, 'Slow Workshop', 'Really great workshop, you have to take part in.', 293, 55.49, '00:51:00', '02:21:00'), (325, 82, 'Region Workshop', 'Really great workshop, you have to take part in.', 263, 53.99, '15:31:00', '17:31:00'), (326, 82, 'Write Workshop', 'Really great workshop, you have to take part in.', 87, 96.53, '14:06:00', '15:06:00'), (327, 82, 'Reason Workshop', 'Really great workshop, you have to take part in.', 183, 61.88, '01:14:00', '02:14:00'), (328, 83, 'Lose Workshop', 'Really great workshop, you have to take part in.', 133, 12.24, '01:20:00', '02:05:00'), (329, 83, 'Politic Workshop', 'Really great workshop, you have to take part in.', 141, 58.86, '14:09:00', '15:39:00'), (330, 83, 'Buy Workshop', 'Really great workshop, you have to take part in.', 157, 45.83, '05:16:00', '06:16:00'), (331, 83, 'Here Workshop', 'Really great workshop, you have to take part in.', 165, 31.72, '11:51:00', '13:51:00'), (332, 83, 'True Workshop', 'Really great workshop, you have to take part in.', 140, 53.69, '09:51:00', '10:51:00'), (333, 84, 'Lose Workshop', 'Really great workshop, you have to take part in.', 298, 65.69, '02:59:00', '03:44:00'), (334, 84, 'France Workshop', 'Really great workshop, you have to take part in.', 72, 12.83, '03:55:00', '04:40:00'), (335, 84, 'Drink Workshop', 'Really great workshop, you have to take part in.', 158, 30.15, '08:17:00', '09:02:00'), (336, 84, 'Fair Workshop', 'Really great workshop, you have to take part in.', 112, 50.46, '04:54:00', '06:24:00'), (337, 85, 'Exact Workshop', 'Really great workshop, you have to take part in.', 71, 21.42, '05:07:00', '05:52:00'), (338, 85, 'Fine Workshop', 'Really great workshop, you have to take part in.', 118, 73.65, '12:56:00', '14:56:00'), (339, 85, 'Brilliant Workshop', 'Really great workshop, you have to take part in.', 84, 83.47, '13:45:00', '14:45:00'), (340, 86, 'Motion Workshop', 'Really great workshop, you have to take part in.', 97, 34.23, '01:42:00', '03:42:00'), (341, 86, 'Sex Workshop', 'Really great workshop, you have to take part in.', 78, 73.28, '04:35:00', '05:35:00'), (342, 86, 'Respect Workshop', 'Really great workshop, you have to take part in.', 98, 61.7, '09:56:00', '10:56:00'), (343, 86, 'Company Workshop', 'Really great workshop, you have to take part in.', 111, 46.62, '14:15:00', '15:15:00'), (344, 86, 'Heavy Workshop', 'Really great workshop, you have to take part in.', 21, 72.18, '02:13:00', '03:13:00'), (345, 87, 'Figure Workshop', 'Really great workshop, you have to take part in.', 113, 76.95, '18:27:00', '19:27:00'), (346, 87, 'No Workshop', 'Really great workshop, you have to take part in.', 46, 58.57, '19:51:00', '20:51:00'), (347, 87, 'Need Workshop', 'Really great workshop, you have to take part in.', 107, 22.23, '19:33:00', '21:03:00'), (348, 87, 'Excuse Workshop', 'Really great workshop, you have to take part in.', 33, 89.97, '00:33:00', '02:33:00'), (349, 88, 'Expect Workshop', 'Really great workshop, you have to take part in.', 238, 59.74, '11:50:00', '13:20:00'), (350, 88, 'Form Workshop', 'Really great workshop, you have to take part in.', 31, 27.25, '14:36:00', '16:06:00'), (351, 88, 'Expense Workshop', 'Really great workshop, you have to take part in.', 229, 83.56, '06:01:00', '06:46:00'), (352, 88, 'Converse Workshop', 'Really great workshop, you have to take part in.', 218, 47.15, '14:12:00', '14:57:00'), (353, 88, 'Afternoon Workshop', 'Really great workshop, you have to take part in.', 168, 48.28, '00:46:00', '01:46:00'), (354, 89, 'Difference Workshop', 'Really great workshop, you have to take part in.', 50, 25.98, '01:15:00', '02:45:00'), (355, 89, 'Maybe Workshop', 'Really great workshop, you have to take part in.', 30, 49.87, '07:00:00', '07:45:00'), (356, 89, 'Area Workshop', 'Really great workshop, you have to take part in.', 63, 75.76, '06:23:00', '08:23:00'), (357, 89, 'Wonder Workshop', 'Really great workshop, you have to take part in.', 11, 79.67, '19:03:00', '19:48:00'), (358, 89, 'Speed Workshop', 'Really great workshop, you have to take part in.', 94, 44.76, '06:39:00', '08:09:00'), (359, 90, 'Hate Workshop', 'Really great workshop, you have to take part in.', 52, 90.71, '15:22:00', '17:22:00'), (360, 90, 'Together Workshop', 'Really great workshop, you have to take part in.', 11, 65.35, '14:16:00', '15:01:00'), (361, 90, 'Happy Workshop', 'Really great workshop, you have to take part in.', 53, 49.02, '10:50:00', '12:50:00'), (362, 91, 'Stand Workshop', 'Really great workshop, you have to take part in.', 343, 10.22, '03:39:00', '05:09:00'), (363, 91, 'King Workshop', 'Really great workshop, you have to take part in.', 369, 78.17, '17:01:00', '18:01:00'), (364, 91, 'And Workshop', 'Really great workshop, you have to take part in.', 36, 97.92, '20:31:00', '22:01:00'), (365, 91, 'Machine Workshop', 'Really great workshop, you have to take part in.', 345, 97.79, '14:50:00', '16:20:00'), (366, 92, 'Favour Workshop', 'Really great workshop, you have to take part in.', 23, 22.75, '16:16:00', '18:16:00'), (367, 92, 'Space Workshop', 'Really great workshop, you have to take part in.', 235, 99.41, '17:36:00', '18:21:00'), (368, 92, 'Speak Workshop', 'Really great workshop, you have to take part in.', 14, 20.56, '00:31:00', '02:01:00'), (369, 92, 'Express Workshop', 'Really great workshop, you have to take part in.', 25, 46.63, '06:26:00', '07:11:00'), (370, 93, 'Express Workshop', 'Really great workshop, you have to take part in.', 149, 55.27, '08:50:00', '09:50:00'), (371, 93, 'Double Workshop', 'Really great workshop, you have to take part in.', 285, 43.86, '12:23:00', '14:23:00'), (372, 93, 'Son Workshop', 'Really great workshop, you have to take part in.', 189, 67.28, '10:47:00', '12:17:00'), (373, 94, 'Although Workshop', 'Really great workshop, you have to take part in.', 74, 91.16, '10:51:00', '12:21:00'), (374, 94, 'Food Workshop', 'Really great workshop, you have to take part in.', 184, 78.95, '15:23:00', '16:08:00'), (375, 94, 'Imagine Workshop', 'Really great workshop, you have to take part in.', 145, 66.66, '07:21:00', '08:51:00'), (376, 94, 'Game Workshop', 'Really great workshop, you have to take part in.', 212, 81.34, '02:57:00', '03:57:00'), (377, 94, 'Return Workshop', 'Really great workshop, you have to take part in.', 126, 66.3, '17:17:00', '18:47:00'), (378, 95, 'Friend Workshop', 'Really great workshop, you have to take part in.', 53, 65.7, '08:06:00', '08:51:00'), (379, 95, 'Grow Workshop', 'Really great workshop, you have to take part in.', 118, 90.39, '00:30:00', '01:15:00'), (380, 95, 'What Workshop', 'Really great workshop, you have to take part in.', 76, 72.55, '10:57:00', '12:27:00'), (381, 95, 'Cook Workshop', 'Really great workshop, you have to take part in.', 30, 92.46, '15:17:00', '17:17:00'), (382, 96, 'Nice Workshop', 'Really great workshop, you have to take part in.', 22, 82.25, '08:18:00', '09:18:00'), (383, 96, 'Role Workshop', 'Really great workshop, you have to take part in.', 47, 66.79, '18:15:00', '20:15:00'), (384, 96, 'Relation Workshop', 'Really great workshop, you have to take part in.', 47, 78.82, '14:39:00', '16:09:00'), (385, 97, 'Budget Workshop', 'Really great workshop, you have to take part in.', 10, 20.08, '12:24:00', '13:24:00'), (386, 97, 'Electric Workshop', 'Really great workshop, you have to take part in.', 153, 28.77, '17:50:00', '18:50:00'), (387, 97, 'Flat Workshop', 'Really great workshop, you have to take part in.', 57, 95.85, '14:50:00', '16:50:00'), (388, 97, 'Group Workshop', 'Really great workshop, you have to take part in.', 93, 10.37, '13:03:00', '13:48:00'), (389, 98, 'Effect Workshop', 'Really great workshop, you have to take part in.', 438, 67.45, '05:27:00', '06:27:00'), (390, 98, 'Recent Workshop', 'Really great workshop, you have to take part in.', 92, 76.64, '00:41:00', '01:41:00'), (391, 98, 'Radio Workshop', 'Really great workshop, you have to take part in.', 325, 92.92, '14:34:00', '15:34:00'), (392, 99, 'Improve Workshop', 'Really great workshop, you have to take part in.', 100, 26.19, '04:10:00', '05:10:00'), (393, 99, 'Situate Workshop', 'Really great workshop, you have to take part in.', 38, 62.0, '03:25:00', '04:10:00'), (394, 99, 'Hall Workshop', 'Really great workshop, you have to take part in.', 53, 82.86, '07:38:00', '08:23:00'), (395, 99, 'Record Workshop', 'Really great workshop, you have to take part in.', 127, 76.53, '08:32:00', '10:32:00'), (396, 100, 'Put Workshop', 'Really great workshop, you have to take part in.', 16, 40.27, '19:15:00', '21:15:00'), (397, 100, 'Good Workshop', 'Really great workshop, you have to take part in.', 228, 60.01, '20:58:00', '22:58:00'), (398, 100, 'Machine Workshop', 'Really great workshop, you have to take part in.', 198, 36.77, '18:57:00', '19:42:00'), (399, 100, 'Hell Workshop', 'Really great workshop, you have to take part in.', 202, 18.78, '08:05:00', '10:05:00'), (400, 101, 'Fill Workshop', 'Really great workshop, you have to take part in.', 36, 62.13, '20:48:00', '22:18:00'), (401, 101, 'You Workshop', 'Really great workshop, you have to take part in.', 133, 62.55, '02:28:00', '03:13:00'), (402, 101, 'Control Workshop', 'Really great workshop, you have to take part in.', 115, 52.36, '02:24:00', '04:24:00'), (403, 102, 'Way Workshop', 'Really great workshop, you have to take part in.', 385, 93.57, '00:17:00', '01:02:00'), (404, 102, 'Speed Workshop', 'Really great workshop, you have to take part in.', 257, 43.48, '00:03:00', '01:33:00'), (405, 102, 'Wednesday Workshop', 'Really great workshop, you have to take part in.', 270, 63.22, '11:58:00', '12:43:00'), (406, 103, 'General Workshop', 'Really great workshop, you have to take part in.', 115, 22.37, '12:08:00', '13:08:00'), (407, 103, 'Step Workshop', 'Really great workshop, you have to take part in.', 370, 98.65, '07:28:00', '09:28:00'), (408, 103, 'Full Workshop', 'Really great workshop, you have to take part in.', 373, 66.03, '07:42:00', '08:42:00'), (409, 103, 'Book Workshop', 'Really great workshop, you have to take part in.', 407, 34.49, '13:07:00', '15:07:00'), (410, 103, 'Listen Workshop', 'Really great workshop, you have to take part in.', 165, 43.47, '02:13:00', '04:13:00'), (411, 104, 'Than Workshop', 'Really great workshop, you have to take part in.', 277, 43.5, '20:06:00', '20:51:00'), (412, 104, 'Surprise Workshop', 'Really great workshop, you have to take part in.', 74, 91.59, '12:37:00', '13:37:00'), (413, 104, 'Compute Workshop', 'Really great workshop, you have to take part in.', 111, 64.59, '14:13:00', '15:43:00'), (414, 104, 'Matter Workshop', 'Really great workshop, you have to take part in.', 155, 94.95, '20:47:00', '22:17:00'), (415, 105, 'Difficult Workshop', 'Really great workshop, you have to take part in.', 21, 60.94, '08:28:00', '10:28:00'), (416, 105, 'Hear Workshop', 'Really great workshop, you have to take part in.', 50, 36.57, '18:39:00', '20:09:00'), (417, 105, 'Public Workshop', 'Really great workshop, you have to take part in.', 20, 63.97, '01:33:00', '03:33:00'), (418, 106, 'Hell Workshop', 'Really great workshop, you have to take part in.', 138, 42.93, '09:11:00', '11:11:00'), (419, 106, 'Both Workshop', 'Really great workshop, you have to take part in.', 182, 82.95, '08:02:00', '09:32:00'), (420, 106, 'Pressure Workshop', 'Really great workshop, you have to take part in.', 13, 90.02, '09:14:00', '11:14:00'), (421, 107, 'Lose Workshop', 'Really great workshop, you have to take part in.', 140, 24.78, '18:53:00', '19:53:00'), (422, 107, 'Age Workshop', 'Really great workshop, you have to take part in.', 19, 26.61, '17:44:00', '19:44:00'), (423, 107, 'Cat Workshop', 'Really great workshop, you have to take part in.', 64, 76.44, '15:38:00', '17:08:00'), (424, 107, 'Match Workshop', 'Really great workshop, you have to take part in.', 47, 69.41, '13:55:00', '14:55:00'), (425, 107, 'Traffic Workshop', 'Really great workshop, you have to take part in.', 50, 66.01, '03:22:00', '04:07:00'), (426, 108, 'Note Workshop', 'Really great workshop, you have to take part in.', 264, 58.84, '14:13:00', '14:58:00'), (427, 108, 'Before Workshop', 'Really great workshop, you have to take part in.', 186, 93.21, '03:33:00', '04:18:00'), (428, 108, 'Document Workshop', 'Really great workshop, you have to take part in.', 81, 10.57, '11:46:00', '13:16:00'), (429, 109, 'Summer Workshop', 'Really great workshop, you have to take part in.', 115, 21.04, '17:54:00', '19:24:00'), (430, 109, 'Express Workshop', 'Really great workshop, you have to take part in.', 267, 35.58, '13:09:00', '15:09:00'), (431, 109, 'Farm Workshop', 'Really great workshop, you have to take part in.', 70, 78.66, '11:34:00', '12:34:00'), (432, 109, 'North Workshop', 'Really great workshop, you have to take part in.', 243, 53.34, '02:25:00', '03:55:00'), (433, 109, 'Suggest Workshop', 'Really great workshop, you have to take part in.', 155, 99.62, '15:01:00', '16:01:00'), (434, 110, 'Dear Workshop', 'Really great workshop, you have to take part in.', 156, 44.25, '19:09:00', '21:09:00'), (435, 110, 'King Workshop', 'Really great workshop, you have to take part in.', 40, 19.26, '17:52:00', '19:22:00'), (436, 110, 'Face Workshop', 'Really great workshop, you have to take part in.', 118, 16.55, '09:49:00', '10:49:00'), (437, 111, 'Child Workshop', 'Really great workshop, you have to take part in.', 14, 83.94, '05:23:00', '06:08:00'), (438, 111, 'Relation Workshop', 'Really great workshop, you have to take part in.', 61, 67.22, '02:01:00', '04:01:00'), (439, 111, 'Fight Workshop', 'Really great workshop, you have to take part in.', 49, 61.38, '10:24:00', '11:54:00'), (440, 111, 'Friday Workshop', 'Really great workshop, you have to take part in.', 83, 56.62, '00:00:00', '02:00:00'), (441, 112, 'Converse Workshop', 'Really great workshop, you have to take part in.', 303, 30.48, '11:55:00', '13:55:00'), (442, 112, 'Ought Workshop', 'Really great workshop, you have to take part in.', 37, 57.06, '19:48:00', '20:33:00'), (443, 112, 'Debate Workshop', 'Really great workshop, you have to take part in.', 345, 48.92, '01:36:00', '03:36:00'), (444, 113, 'Leave Workshop', 'Really great workshop, you have to take part in.', 153, 46.51, '02:15:00', '03:15:00'), (445, 113, 'Shall Workshop', 'Really great workshop, you have to take part in.', 199, 47.24, '04:28:00', '05:58:00'), (446, 113, 'Enough Workshop', 'Really great workshop, you have to take part in.', 154, 48.71, '06:22:00', '07:52:00'), (447, 114, 'Music Workshop', 'Really great workshop, you have to take part in.', 47, 64.33, '09:19:00', '11:19:00'), (448, 114, 'Because Workshop', 'Really great workshop, you have to take part in.', 95, 50.66, '10:50:00', '11:35:00'), (449, 114, 'Private Workshop', 'Really great workshop, you have to take part in.', 117, 61.15, '07:23:00', '08:08:00'), (450, 114, 'Thing Workshop', 'Really great workshop, you have to take part in.', 122, 85.55, '00:55:00', '02:55:00'), (451, 114, 'Face Workshop', 'Really great workshop, you have to take part in.', 93, 70.98, '16:45:00', '18:15:00'), (452, 115, 'Common Workshop', 'Really great workshop, you have to take part in.', 10, 39.42, '02:38:00', '04:38:00'), (453, 115, 'While Workshop', 'Really great workshop, you have to take part in.', 13, 18.13, '20:51:00', '22:51:00'), (454, 115, 'Twenty Workshop', 'Really great workshop, you have to take part in.', 120, 35.3, '16:20:00', '17:20:00'), (455, 115, 'Explain Workshop', 'Really great workshop, you have to take part in.', 47, 42.46, '10:30:00', '12:30:00'), (456, 115, 'Danger Workshop', 'Really great workshop, you have to take part in.', 50, 64.91, '09:18:00', '11:18:00'), (457, 116, 'Stuff Workshop', 'Really great workshop, you have to take part in.', 51, 33.13, '04:49:00', '05:49:00'), (458, 116, 'Equal Workshop', 'Really great workshop, you have to take part in.', 216, 29.19, '07:07:00', '09:07:00'), (459, 116, 'Amount Workshop', 'Really great workshop, you have to take part in.', 248, 57.75, '01:32:00', '02:17:00'), (460, 116, 'On Workshop', 'Really great workshop, you have to take part in.', 395, 29.65, '19:08:00', '19:53:00'), (461, 117, 'Poor Workshop', 'Really great workshop, you have to take part in.', 85, 50.99, '09:07:00', '10:07:00'), (462, 117, 'Toward Workshop', 'Really great workshop, you have to take part in.', 158, 38.28, '15:03:00', '17:03:00'), (463, 117, 'Affect Workshop', 'Really great workshop, you have to take part in.', 219, 63.55, '01:13:00', '02:43:00'), (464, 117, 'Kitchen Workshop', 'Really great workshop, you have to take part in.', 47, 52.31, '17:53:00', '18:38:00'), (465, 117, 'Labour Workshop', 'Really great workshop, you have to take part in.', 33, 65.18, '01:38:00', '02:23:00'), (466, 118, 'Do Workshop', 'Really great workshop, you have to take part in.', 372, 69.63, '20:49:00', '22:19:00'), (467, 118, 'Know Workshop', 'Really great workshop, you have to take part in.', 190, 24.43, '18:08:00', '18:53:00'), (468, 118, 'London Workshop', 'Really great workshop, you have to take part in.', 238, 61.44, '00:48:00', '02:48:00'), (469, 118, 'Paint Workshop', 'Really great workshop, you have to take part in.', 24, 95.9, '13:08:00', '14:08:00'), (470, 118, 'Certain Workshop', 'Really great workshop, you have to take part in.', 256, 10.84, '13:21:00', '14:51:00'), (471, 119, 'Current Workshop', 'Really great workshop, you have to take part in.', 68, 54.31, '00:41:00', '02:11:00'), (472, 119, 'Face Workshop', 'Really great workshop, you have to take part in.', 86, 63.1, '06:30:00', '08:00:00'), (473, 119, 'General Workshop', 'Really great workshop, you have to take part in.', 195, 85.51, '07:32:00', '09:02:00'), (474, 120, 'Poor Workshop', 'Really great workshop, you have to take part in.', 362, 58.94, '13:15:00', '14:15:00'), (475, 120, 'Either Workshop', 'Really great workshop, you have to take part in.', 380, 53.34, '07:52:00', '08:37:00'), (476, 120, 'Cook Workshop', 'Really great workshop, you have to take part in.', 359, 79.16, '05:48:00', '07:18:00'), (477, 120, 'Unit Workshop', 'Really great workshop, you have to take part in.', 357, 52.38, '16:47:00', '18:47:00'), (478, 121, 'Table Workshop', 'Really great workshop, you have to take part in.', 158, 27.73, '16:26:00', '17:11:00'), (479, 121, 'Invest Workshop', 'Really great workshop, you have to take part in.', 67, 12.7, '19:48:00', '20:33:00'), (480, 121, 'Commit Workshop', 'Really great workshop, you have to take part in.', 124, 61.62, '15:20:00', '16:05:00'), (481, 121, 'Green Workshop', 'Really great workshop, you have to take part in.', 102, 74.36, '11:43:00', '12:28:00'), (482, 121, 'Write Workshop', 'Really great workshop, you have to take part in.', 57, 50.98, '17:28:00', '19:28:00'), (483, 122, 'Blood Workshop', 'Really great workshop, you have to take part in.', 68, 54.4, '01:17:00', '02:47:00'), (484, 122, 'Bus Workshop', 'Really great workshop, you have to take part in.', 103, 36.25, '04:59:00', '06:59:00'), (485, 122, 'Difference Workshop', 'Really great workshop, you have to take part in.', 59, 69.09, '07:50:00', '09:20:00'), (486, 122, 'See Workshop', 'Really great workshop, you have to take part in.', 150, 27.57, '14:56:00', '16:56:00'), (487, 123, 'Holiday Workshop', 'Really great workshop, you have to take part in.', 89, 53.95, '13:57:00', '15:27:00'), (488, 123, 'While Workshop', 'Really great workshop, you have to take part in.', 261, 79.14, '19:49:00', '20:34:00'), (489, 123, 'Heart Workshop', 'Really great workshop, you have to take part in.', 103, 10.57, '12:39:00', '13:39:00'), (490, 123, 'Lunch Workshop', 'Really great workshop, you have to take part in.', 44, 13.91, '10:52:00', '12:52:00'), (491, 124, 'Wash Workshop', 'Really great workshop, you have to take part in.', 125, 66.32, '03:26:00', '04:56:00'), (492, 124, 'Home Workshop', 'Really great workshop, you have to take part in.', 138, 50.01, '10:40:00', '12:10:00'), (493, 124, 'Will Workshop', 'Really great workshop, you have to take part in.', 136, 19.58, '17:03:00', '18:03:00'), (494, 124, 'Doctor Workshop', 'Really great workshop, you have to take part in.', 40, 79.87, '14:07:00', '16:07:00'), (495, 125, 'Trouble Workshop', 'Really great workshop, you have to take part in.', 186, 66.63, '01:31:00', '03:31:00'), (496, 125, 'Note Workshop', 'Really great workshop, you have to take part in.', 172, 28.55, '08:30:00', '10:30:00'), (497, 125, 'Sale Workshop', 'Really great workshop, you have to take part in.', 396, 93.14, '05:30:00', '07:00:00'), (498, 126, 'Come Workshop', 'Really great workshop, you have to take part in.', 41, 19.9, '06:20:00', '08:20:00'), (499, 126, 'Date Workshop', 'Really great workshop, you have to take part in.', 11, 17.54, '16:17:00', '17:17:00'), (500, 126, 'Live Workshop', 'Really great workshop, you have to take part in.', 168, 47.46, '02:58:00', '03:43:00'), (501, 126, 'Appoint Workshop', 'Really great workshop, you have to take part in.', 42, 12.59, '14:48:00', '15:33:00'), (502, 126, 'Tend Workshop', 'Really great workshop, you have to take part in.', 18, 87.44, '12:16:00', '13:46:00'), (503, 127, 'Door Workshop', 'Really great workshop, you have to take part in.', 84, 20.08, '05:44:00', '07:14:00'), (504, 127, 'Note Workshop', 'Really great workshop, you have to take part in.', 101, 71.7, '12:36:00', '14:06:00'), (505, 127, 'Heavy Workshop', 'Really great workshop, you have to take part in.', 114, 48.42, '16:17:00', '18:17:00'), (506, 127, 'Switch Workshop', 'Really great workshop, you have to take part in.', 278, 78.09, '08:59:00', '09:44:00'), (507, 127, 'Course Workshop', 'Really great workshop, you have to take part in.', 276, 37.31, '15:39:00', '17:39:00'), (508, 128, 'Inform Workshop', 'Really great workshop, you have to take part in.', 87, 49.26, '03:25:00', '04:10:00'), (509, 128, 'Send Workshop', 'Really great workshop, you have to take part in.', 50, 39.44, '17:39:00', '18:39:00'), (510, 128, 'Jesus Workshop', 'Really great workshop, you have to take part in.', 54, 34.63, '17:06:00', '19:06:00'), (511, 129, 'Sure Workshop', 'Really great workshop, you have to take part in.', 148, 53.84, '08:26:00', '09:56:00'), (512, 129, 'Issue Workshop', 'Really great workshop, you have to take part in.', 130, 77.46, '10:46:00', '12:46:00'), (513, 129, 'Rather Workshop', 'Really great workshop, you have to take part in.', 140, 38.48, '14:55:00', '16:25:00'), (514, 129, 'Push Workshop', 'Really great workshop, you have to take part in.', 102, 86.9, '10:19:00', '12:19:00'), (515, 130, 'Main Workshop', 'Really great workshop, you have to take part in.', 231, 24.52, '19:15:00', '20:45:00'), (516, 130, 'Now Workshop', 'Really great workshop, you have to take part in.', 221, 61.04, '02:43:00', '03:43:00'), (517, 130, 'Fortune Workshop', 'Really great workshop, you have to take part in.', 36, 76.74, '19:07:00', '20:37:00'), (518, 131, 'Throw Workshop', 'Really great workshop, you have to take part in.', 207, 80.57, '02:13:00', '04:13:00'), (519, 131, 'Easy Workshop', 'Really great workshop, you have to take part in.', 14, 33.02, '18:40:00', '19:25:00'), (520, 131, 'Game Workshop', 'Really great workshop, you have to take part in.', 70, 52.71, '20:15:00', '22:15:00'), (521, 131, 'War Workshop', 'Really great workshop, you have to take part in.', 182, 80.71, '19:27:00', '20:57:00'), (522, 132, 'Office Workshop', 'Really great workshop, you have to take part in.', 160, 57.56, '02:50:00', '04:50:00'), (523, 132, 'Mother Workshop', 'Really great workshop, you have to take part in.', 120, 18.69, '17:38:00', '19:38:00'), (524, 132, 'Stop Workshop', 'Really great workshop, you have to take part in.', 341, 45.8, '20:05:00', '20:50:00'), (525, 133, 'Ball Workshop', 'Really great workshop, you have to take part in.', 241, 38.53, '15:29:00', '16:59:00'), (526, 133, 'Strong Workshop', 'Really great workshop, you have to take part in.', 242, 34.1, '13:18:00', '15:18:00'), (527, 133, 'Market Workshop', 'Really great workshop, you have to take part in.', 375, 55.81, '13:40:00', '14:25:00'), (528, 134, 'Brilliant Workshop', 'Really great workshop, you have to take part in.', 153, 98.35, '09:35:00', '10:20:00'), (529, 134, 'Private Workshop', 'Really great workshop, you have to take part in.', 291, 89.78, '13:08:00', '13:53:00'), (530, 134, 'Fire Workshop', 'Really great workshop, you have to take part in.', 53, 25.37, '07:09:00', '08:39:00'), (531, 134, 'Show Workshop', 'Really great workshop, you have to take part in.', 359, 80.6, '05:54:00', '07:24:00'), (532, 134, 'Want Workshop', 'Really great workshop, you have to take part in.', 55, 25.25, '09:25:00', '11:25:00'), (533, 135, 'Pull Workshop', 'Really great workshop, you have to take part in.', 21, 88.63, '02:50:00', '04:50:00'), (534, 135, 'Spend Workshop', 'Really great workshop, you have to take part in.', 53, 93.85, '10:17:00', '11:02:00'), (535, 135, 'You Workshop', 'Really great workshop, you have to take part in.', 133, 80.5, '07:38:00', '09:08:00'), (536, 136, 'Straight Workshop', 'Really great workshop, you have to take part in.', 54, 87.58, '02:53:00', '03:38:00'), (537, 136, 'Get Workshop', 'Really great workshop, you have to take part in.', 57, 53.1, '19:37:00', '20:37:00'), (538, 136, 'At Workshop', 'Really great workshop, you have to take part in.', 73, 29.08, '15:25:00', '16:10:00'), (539, 136, 'Shall Workshop', 'Really great workshop, you have to take part in.', 19, 10.12, '07:30:00', '08:15:00'), (540, 136, 'Reduce Workshop', 'Really great workshop, you have to take part in.', 103, 32.15, '03:26:00', '04:56:00'), (541, 137, 'Sister Workshop', 'Really great workshop, you have to take part in.', 175, 72.92, '16:46:00', '17:31:00'), (542, 137, 'Rate Workshop', 'Really great workshop, you have to take part in.', 33, 97.64, '10:23:00', '12:23:00'), (543, 137, 'Jump Workshop', 'Really great workshop, you have to take part in.', 134, 83.13, '06:02:00', '06:47:00'), (544, 137, 'Due Workshop', 'Really great workshop, you have to take part in.', 112, 98.03, '11:58:00', '13:58:00'), (545, 138, 'Score Workshop', 'Really great workshop, you have to take part in.', 65, 18.32, '15:09:00', '15:54:00'), (546, 138, 'Drink Workshop', 'Really great workshop, you have to take part in.', 307, 86.72, '03:02:00', '04:02:00'), (547, 138, 'Saturday Workshop', 'Really great workshop, you have to take part in.', 384, 92.07, '02:13:00', '03:43:00'), (548, 138, 'Bring Workshop', 'Really great workshop, you have to take part in.', 146, 19.87, '04:13:00', '06:13:00'), (549, 139, 'Number Workshop', 'Really great workshop, you have to take part in.', 190, 20.31, '00:28:00', '01:13:00'), (550, 139, 'Politic Workshop', 'Really great workshop, you have to take part in.', 70, 13.64, '00:45:00', '01:30:00'), (551, 139, 'Home Workshop', 'Really great workshop, you have to take part in.', 215, 99.91, '07:01:00', '08:31:00'), (552, 140, 'Throw Workshop', 'Really great workshop, you have to take part in.', 151, 13.98, '19:31:00', '21:01:00'), (553, 140, 'Future Workshop', 'Really great workshop, you have to take part in.', 101, 27.78, '02:49:00', '03:34:00'), (554, 140, 'Leg Workshop', 'Really great workshop, you have to take part in.', 79, 65.53, '07:37:00', '09:37:00'), (555, 140, 'Term Workshop', 'Really great workshop, you have to take part in.', 15, 92.01, '19:41:00', '20:41:00'), (556, 140, 'Print Workshop', 'Really great workshop, you have to take part in.', 41, 29.32, '00:30:00', '02:00:00'), (557, 141, 'Slow Workshop', 'Really great workshop, you have to take part in.', 57, 27.59, '08:47:00', '10:47:00'), (558, 141, 'Job Workshop', 'Really great workshop, you have to take part in.', 63, 35.13, '18:53:00', '19:38:00'), (559, 141, 'World Workshop', 'Really great workshop, you have to take part in.', 171, 18.44, '02:01:00', '02:46:00'), (560, 142, 'Tell Workshop', 'Really great workshop, you have to take part in.', 163, 58.35, '15:18:00', '16:03:00'), (561, 142, 'Jump Workshop', 'Really great workshop, you have to take part in.', 27, 20.04, '01:11:00', '01:56:00'), (562, 142, 'For Workshop', 'Really great workshop, you have to take part in.', 92, 34.25, '10:58:00', '12:28:00'), (563, 143, 'To Workshop', 'Really great workshop, you have to take part in.', 124, 94.02, '03:54:00', '04:39:00'), (564, 143, 'Afford Workshop', 'Really great workshop, you have to take part in.', 200, 49.68, '06:11:00', '07:41:00'), (565, 143, 'Clear Workshop', 'Really great workshop, you have to take part in.', 283, 33.12, '11:47:00', '12:32:00'), (566, 144, 'Much Workshop', 'Really great workshop, you have to take part in.', 41, 31.68, '04:05:00', '04:50:00'), (567, 144, 'When Workshop', 'Really great workshop, you have to take part in.', 134, 97.63, '18:04:00', '18:49:00'), (568, 144, 'Possible Workshop', 'Really great workshop, you have to take part in.', 25, 15.05, '07:41:00', '09:11:00'), (569, 144, 'Client Workshop', 'Really great workshop, you have to take part in.', 19, 59.92, '17:56:00', '19:56:00'), (570, 145, 'Return Workshop', 'Really great workshop, you have to take part in.', 303, 70.73, '15:15:00', '17:15:00'), (571, 145, 'Boat Workshop', 'Really great workshop, you have to take part in.', 78, 30.81, '01:59:00', '02:59:00'), (572, 145, 'Egg Workshop', 'Really great workshop, you have to take part in.', 78, 74.88, '08:04:00', '10:04:00'), (573, 146, 'Clean Workshop', 'Really great workshop, you have to take part in.', 53, 53.04, '07:42:00', '08:42:00'), (574, 146, 'Car Workshop', 'Really great workshop, you have to take part in.', 67, 29.3, '16:39:00', '18:39:00'), (575, 146, 'Cross Workshop', 'Really great workshop, you have to take part in.', 108, 70.29, '18:15:00', '19:45:00'), (576, 147, 'Apparent Workshop', 'Really great workshop, you have to take part in.', 261, 78.66, '12:42:00', '14:12:00'), (577, 147, 'Minute Workshop', 'Really great workshop, you have to take part in.', 237, 90.97, '11:54:00', '12:54:00'), (578, 147, 'Video Workshop', 'Really great workshop, you have to take part in.', 231, 83.73, '16:42:00', '18:42:00'), (579, 147, 'Arm Workshop', 'Really great workshop, you have to take part in.', 197, 46.74, '01:34:00', '02:34:00'), (580, 147, 'Another Workshop', 'Really great workshop, you have to take part in.', 130, 57.33, '08:11:00', '09:11:00'), (581, 148, 'Really Workshop', 'Really great workshop, you have to take part in.', 168, 54.33, '13:52:00', '15:22:00'), (582, 148, 'Self Workshop', 'Really great workshop, you have to take part in.', 161, 64.4, '09:43:00', '11:43:00'), (583, 148, 'Use Workshop', 'Really great workshop, you have to take part in.', 52, 47.85, '10:12:00', '12:12:00'), (584, 149, 'Minister Workshop', 'Really great workshop, you have to take part in.', 66, 90.63, '16:00:00', '18:00:00'), (585, 149, 'Four Workshop', 'Really great workshop, you have to take part in.', 63, 42.02, '09:17:00', '11:17:00'), (586, 149, 'They Workshop', 'Really great workshop, you have to take part in.', 102, 58.92, '07:25:00', '09:25:00'), (587, 150, 'Sense Workshop', 'Really great workshop, you have to take part in.', 33, 97.19, '04:23:00', '06:23:00'), (588, 150, 'Choice Workshop', 'Really great workshop, you have to take part in.', 120, 34.05, '16:31:00', '18:01:00'), (589, 150, 'Fly Workshop', 'Really great workshop, you have to take part in.', 42, 32.66, '17:32:00', '19:32:00'), (590, 151, 'Minute Workshop', 'Really great workshop, you have to take part in.', 47, 44.3, '11:12:00', '13:12:00'), (591, 151, 'Practise Workshop', 'Really great workshop, you have to take part in.', 98, 57.09, '12:54:00', '13:39:00'), (592, 151, 'Watch Workshop', 'Really great workshop, you have to take part in.', 41, 31.56, '07:57:00', '09:27:00'), (593, 151, 'Effect Workshop', 'Really great workshop, you have to take part in.', 91, 94.41, '02:57:00', '04:27:00'), (594, 151, 'Cut Workshop', 'Really great workshop, you have to take part in.', 73, 85.18, '16:08:00', '18:08:00'), (595, 152, 'Further Workshop', 'Really great workshop, you have to take part in.', 122, 32.09, '15:33:00', '16:18:00'), (596, 152, 'Standard Workshop', 'Really great workshop, you have to take part in.', 394, 63.28, '13:26:00', '14:11:00'), (597, 152, 'Almost Workshop', 'Really great workshop, you have to take part in.', 241, 74.36, '06:32:00', '07:32:00'), (598, 152, 'Feel Workshop', 'Really great workshop, you have to take part in.', 35, 60.29, '01:08:00', '01:53:00'), (599, 153, 'Bar Workshop', 'Really great workshop, you have to take part in.', 194, 92.24, '13:36:00', '15:36:00'), (600, 153, 'Charge Workshop', 'Really great workshop, you have to take part in.', 191, 80.34, '20:35:00', '22:35:00'), (601, 153, 'Hope Workshop', 'Really great workshop, you have to take part in.', 110, 22.26, '14:00:00', '14:45:00'), (602, 154, 'Exact Workshop', 'Really great workshop, you have to take part in.', 142, 50.35, '02:05:00', '03:05:00'), (603, 154, 'Design Workshop', 'Really great workshop, you have to take part in.', 165, 36.97, '05:41:00', '06:41:00'), (604, 154, 'Imagine Workshop', 'Really great workshop, you have to take part in.', 234, 83.34, '10:12:00', '11:42:00'), (605, 154, 'Guess Workshop', 'Really great workshop, you have to take part in.', 267, 37.46, '03:10:00', '03:55:00'), (606, 155, 'Size Workshop', 'Really great workshop, you have to take part in.', 30, 14.9, '13:58:00', '15:28:00'), (607, 155, 'See Workshop', 'Really great workshop, you have to take part in.', 68, 82.18, '05:16:00', '06:46:00'), (608, 155, 'Bed Workshop', 'Really great workshop, you have to take part in.', 17, 87.05, '07:21:00', '08:21:00'), (609, 155, 'Time Workshop', 'Really great workshop, you have to take part in.', 22, 56.6, '15:53:00', '16:53:00'), (610, 155, 'Push Workshop', 'Really great workshop, you have to take part in.', 80, 94.57, '07:35:00', '09:35:00'), (611, 156, 'Chap Workshop', 'Really great workshop, you have to take part in.', 73, 76.52, '07:14:00', '09:14:00'), (612, 156, 'Minister Workshop', 'Really great workshop, you have to take part in.', 22, 29.08, '17:51:00', '19:51:00'), (613, 156, 'Result Workshop', 'Really great workshop, you have to take part in.', 233, 83.94, '20:18:00', '21:18:00'), (614, 156, 'Pressure Workshop', 'Really great workshop, you have to take part in.', 200, 45.28, '16:32:00', '18:32:00'), (615, 157, 'Front Workshop', 'Really great workshop, you have to take part in.', 209, 18.12, '02:22:00', '04:22:00'), (616, 157, 'Term Workshop', 'Really great workshop, you have to take part in.', 105, 87.13, '14:45:00', '15:45:00'), (617, 157, 'Door Workshop', 'Really great workshop, you have to take part in.', 269, 41.63, '13:44:00', '15:44:00'), (618, 157, 'Top Workshop', 'Really great workshop, you have to take part in.', 155, 97.77, '15:49:00', '17:19:00'), (619, 157, 'Continue Workshop', 'Really great workshop, you have to take part in.', 81, 33.47, '00:44:00', '01:44:00'), (620, 158, 'Describe Workshop', 'Really great workshop, you have to take part in.', 68, 83.09, '03:48:00', '05:18:00'), (621, 158, 'Cent Workshop', 'Really great workshop, you have to take part in.', 34, 47.35, '03:17:00', '05:17:00'), (622, 158, 'And Workshop', 'Really great workshop, you have to take part in.', 40, 66.59, '11:00:00', '12:00:00'), (623, 158, 'Time Workshop', 'Really great workshop, you have to take part in.', 55, 61.96, '07:01:00', '09:01:00'), (624, 159, 'Law Workshop', 'Really great workshop, you have to take part in.', 125, 92.72, '15:24:00', '17:24:00'), (625, 159, 'Enough Workshop', 'Really great workshop, you have to take part in.', 36, 38.6, '09:07:00', '10:37:00'), (626, 159, 'Here Workshop', 'Really great workshop, you have to take part in.', 40, 67.15, '18:19:00', '19:49:00'), (627, 160, 'Monday Workshop', 'Really great workshop, you have to take part in.', 250, 28.18, '06:44:00', '08:44:00'), (628, 160, 'Basis Workshop', 'Really great workshop, you have to take part in.', 207, 96.28, '18:59:00', '20:29:00'), (629, 160, 'Arm Workshop', 'Really great workshop, you have to take part in.', 338, 94.31, '20:13:00', '20:58:00'), (630, 160, 'Approach Workshop', 'Really great workshop, you have to take part in.', 215, 67.99, '15:56:00', '17:56:00'), (631, 161, 'Organize Workshop', 'Really great workshop, you have to take part in.', 258, 78.21, '07:15:00', '08:15:00'), (632, 161, 'Walk Workshop', 'Really great workshop, you have to take part in.', 61, 92.59, '04:57:00', '05:42:00'), (633, 161, 'Drive Workshop', 'Really great workshop, you have to take part in.', 218, 89.8, '20:29:00', '21:14:00'), (634, 161, 'Find Workshop', 'Really great workshop, you have to take part in.', 189, 36.58, '16:41:00', '18:11:00'), (635, 161, 'Home Workshop', 'Really great workshop, you have to take part in.', 43, 47.54, '01:25:00', '02:25:00'), (636, 162, 'Wood Workshop', 'Really great workshop, you have to take part in.', 87, 52.6, '02:34:00', '03:19:00'), (637, 162, 'Warm Workshop', 'Really great workshop, you have to take part in.', 66, 44.26, '15:04:00', '15:49:00'), (638, 162, 'Print Workshop', 'Really great workshop, you have to take part in.', 192, 70.87, '16:20:00', '17:50:00'), (639, 162, 'Share Workshop', 'Really great workshop, you have to take part in.', 203, 62.92, '01:17:00', '03:17:00'), (640, 162, 'Produce Workshop', 'Really great workshop, you have to take part in.', 84, 79.12, '11:54:00', '12:39:00'), (641, 163, 'Machine Workshop', 'Really great workshop, you have to take part in.', 124, 37.49, '02:34:00', '03:34:00'), (642, 163, 'Who Workshop', 'Really great workshop, you have to take part in.', 60, 32.56, '19:12:00', '20:12:00'), (643, 163, 'Farm Workshop', 'Really great workshop, you have to take part in.', 40, 68.61, '00:01:00', '02:01:00'), (644, 163, 'Tomorrow Workshop', 'Really great workshop, you have to take part in.', 37, 92.52, '14:09:00', '14:54:00'), (645, 164, 'Measure Workshop', 'Really great workshop, you have to take part in.', 259, 43.68, '04:18:00', '05:18:00'), (646, 164, 'Always Workshop', 'Really great workshop, you have to take part in.', 209, 28.72, '06:21:00', '07:51:00'), (647, 164, 'Structure Workshop', 'Really great workshop, you have to take part in.', 388, 40.7, '11:37:00', '12:37:00'), (648, 164, 'Group Workshop', 'Really great workshop, you have to take part in.', 81, 58.21, '18:17:00', '19:02:00'), (649, 165, 'Post Workshop', 'Really great workshop, you have to take part in.', 148, 61.51, '05:53:00', '06:38:00'), (650, 165, 'Find Workshop', 'Really great workshop, you have to take part in.', 110, 90.06, '13:34:00', '14:19:00'), (651, 165, 'Sound Workshop', 'Really great workshop, you have to take part in.', 235, 37.01, '13:51:00', '15:51:00'), (652, 165, 'Should Workshop', 'Really great workshop, you have to take part in.', 261, 18.01, '06:54:00', '08:24:00'), (653, 165, 'Against Workshop', 'Really great workshop, you have to take part in.', 203, 87.0, '00:42:00', '02:12:00'), (654, 166, 'Individual Workshop', 'Really great workshop, you have to take part in.', 257, 69.69, '08:53:00', '09:38:00'), (655, 166, 'Almost Workshop', 'Really great workshop, you have to take part in.', 25, 69.47, '08:52:00', '09:37:00'), (656, 166, 'Thank Workshop', 'Really great workshop, you have to take part in.', 270, 87.63, '13:07:00', '14:07:00'), (657, 167, 'Step Workshop', 'Really great workshop, you have to take part in.', 47, 38.64, '16:41:00', '18:11:00'), (658, 167, 'Use Workshop', 'Really great workshop, you have to take part in.', 44, 15.75, '14:34:00', '16:04:00'), (659, 167, 'Major Workshop', 'Really great workshop, you have to take part in.', 158, 35.64, '10:17:00', '11:17:00'), (660, 167, 'Water Workshop', 'Really great workshop, you have to take part in.', 112, 43.98, '03:24:00', '04:54:00'), (661, 167, 'Supply Workshop', 'Really great workshop, you have to take part in.', 190, 37.8, '10:08:00', '10:53:00'), (662, 168, 'Plus Workshop', 'Really great workshop, you have to take part in.', 283, 19.15, '04:31:00', '06:31:00'), (663, 168, 'Appoint Workshop', 'Really great workshop, you have to take part in.', 239, 93.95, '18:27:00', '19:27:00'), (664, 168, 'Available Workshop', 'Really great workshop, you have to take part in.', 325, 75.76, '20:46:00', '22:46:00'), (665, 169, 'Argue Workshop', 'Really great workshop, you have to take part in.', 41, 23.82, '04:58:00', '06:58:00'), (666, 169, 'Safe Workshop', 'Really great workshop, you have to take part in.', 143, 22.91, '02:43:00', '04:43:00'), (667, 169, 'Three Workshop', 'Really great workshop, you have to take part in.', 37, 59.26, '10:21:00', '11:06:00'), (668, 169, 'Water Workshop', 'Really great workshop, you have to take part in.', 54, 17.06, '14:11:00', '16:11:00'), (669, 170, 'Excuse Workshop', 'Really great workshop, you have to take part in.', 22, 46.54, '14:35:00', '16:05:00'), (670, 170, 'Could Workshop', 'Really great workshop, you have to take part in.', 157, 97.61, '04:22:00', '06:22:00'), (671, 170, 'Strike Workshop', 'Really great workshop, you have to take part in.', 119, 12.65, '20:44:00', '22:44:00'), (672, 170, 'About Workshop', 'Really great workshop, you have to take part in.', 223, 87.27, '07:05:00', '08:35:00'), (673, 170, 'Left Workshop', 'Really great workshop, you have to take part in.', 14, 44.44, '04:36:00', '06:36:00'), (674, 171, 'Actual Workshop', 'Really great workshop, you have to take part in.', 116, 79.47, '09:09:00', '11:09:00'), (675, 171, 'Before Workshop', 'Really great workshop, you have to take part in.', 399, 64.97, '07:20:00', '09:20:00'), (676, 171, 'Try Workshop', 'Really great workshop, you have to take part in.', 209, 95.86, '15:13:00', '15:58:00'), (677, 171, 'Degree Workshop', 'Really great workshop, you have to take part in.', 252, 55.05, '00:15:00', '01:15:00'), (678, 172, 'Kill Workshop', 'Really great workshop, you have to take part in.', 168, 62.21, '07:41:00', '08:41:00'), (679, 172, 'Yes Workshop', 'Really great workshop, you have to take part in.', 111, 98.51, '01:59:00', '03:59:00'), (680, 172, 'Wide Workshop', 'Really great workshop, you have to take part in.', 109, 99.22, '04:03:00', '05:33:00'), (681, 172, 'Draw Workshop', 'Really great workshop, you have to take part in.', 160, 31.62, '01:09:00', '01:54:00'), (682, 173, 'Monday Workshop', 'Really great workshop, you have to take part in.', 380, 54.43, '19:30:00', '21:00:00'), (683, 173, 'History Workshop', 'Really great workshop, you have to take part in.', 472, 74.5, '20:48:00', '22:18:00'), (684, 173, 'Issue Workshop', 'Really great workshop, you have to take part in.', 366, 14.93, '09:52:00', '10:52:00'), (685, 173, 'Point Workshop', 'Really great workshop, you have to take part in.', 396, 81.36, '15:42:00', '16:27:00'), (686, 174, 'Think Workshop', 'Really great workshop, you have to take part in.', 212, 23.19, '11:59:00', '13:29:00'), (687, 174, 'Small Workshop', 'Really great workshop, you have to take part in.', 307, 16.63, '17:14:00', '18:44:00'), (688, 174, 'Bear Workshop', 'Really great workshop, you have to take part in.', 307, 30.4, '13:56:00', '15:56:00'), (689, 174, 'Old Workshop', 'Really great workshop, you have to take part in.', 90, 62.38, '14:10:00', '15:10:00')
set identity_insert dbo.workshops off

go
