delete from dbo.workshop_attendees
delete from dbo.workshop_reservations
delete from dbo.payments
delete from dbo.conference_day_attendees
delete from dbo.conference_day_reservations
delete from dbo.reservations
delete from dbo.price_levels
delete from dbo.workshops
delete from dbo.individual_customers
delete from dbo.companies
delete from dbo.customers
delete from dbo.conference_days
delete from dbo.conferences
delete from dbo.addresses
delete from dbo.registered

set identity_insert dbo.registered on
insert into dbo.registered (registered_id, first_name, last_name, email_address) values (1, 'Albina', 'Gobert', 'albinagobert@yahoo.com'), (2, 'Susannah', 'Cardie', 'susannahcardie@agh.edu.pl'), (3, 'Mollie', 'Easter', 'mollieeaster@gmail.com'), (4, 'Laurene', 'Nella', 'laurenenella@gmail.com'), (5, 'Clio', 'Alfons', 'clioalfons@gmail.com'), (6, 'Annmarie', 'Seebeck', 'annmarieseebeck@yahoo.com'), (7, 'Vallie', 'Clarisse', 'vallieclarisse@gmail.com'), (8, 'Briney', 'Roche', 'brineyroche@agh.edu.pl'), (9, 'Bernadine', 'Keelia', 'bernadinekeelia@gmail.com'), (10, 'Lorrie', 'Mathilde', 'lorriemathilde@gmail.com'), (11, 'Zelma', 'Intyre', 'zelmaintyre@gmail.com'), (12, 'Emiline', 'Marlowe', 'emilinemarlowe@agh.edu.pl'), (13, 'Tybi', 'Telfer', 'tybitelfer@gmail.com'), (14, 'Edith', 'Mellen', 'edithmellen@agh.edu.pl'), (15, 'Courtnay', 'Nyhagen', 'courtnaynyhagen@agh.edu.pl'), (16, 'Deborah', 'Emelina', 'deborahemelina@agh.edu.pl'), (17, 'Brynne', 'Hutchings', 'brynnehutchings@agh.edu.pl'), (18, 'Reta', 'Hrutkay', 'retahrutkay@agh.edu.pl'), (19, 'Deanne', 'Cornwell', 'deannecornwell@gmail.com'), (20, 'Augustine', 'Frankie', 'augustinefrankie@gmail.com'), (21, 'Millisent', 'Drucy', 'millisentdrucy@yahoo.com'), (22, 'Malena', 'Joni', 'malenajoni@agh.edu.pl'), (23, 'Alison', 'Yelmene', 'alisonyelmene@yahoo.com'), (24, 'Dayle', 'Bethanne', 'daylebethanne@yahoo.com'), (25, 'Stevana', 'Brannon', 'stevanabrannon@agh.edu.pl'), (26, 'Gayle', 'Bellda', 'gaylebellda@yahoo.com'), (27, 'Jacquelynn', 'Tuppeny', 'jacquelynntuppeny@agh.edu.pl'), (28, 'Rosaline', 'Celinda', 'rosalinecelinda@agh.edu.pl'), (29, 'Cory', 'Aliber', 'coryaliber@yahoo.com'), (30, 'Liana', 'Ferd', 'lianaferd@gmail.com'), (31, 'Latisha', 'Zoarah', 'latishazoarah@agh.edu.pl'), (32, 'Stephani', 'Kane', 'stephanikane@gmail.com'), (33, 'Manon', 'Chaim', 'manonchaim@gmail.com'), (34, 'Fulvia', 'Hoebart', 'fulviahoebart@gmail.com'), (35, 'Ericha', 'Godfry', 'erichagodfry@agh.edu.pl'), (36, 'Viva', 'Kano', 'vivakano@agh.edu.pl'), (37, 'Irina', 'Yurt', 'irinayurt@agh.edu.pl'), (38, 'Othella', 'Pennington', 'othellapennington@agh.edu.pl'), (39, 'Keelia', 'Hepza', 'keeliahepza@gmail.com'), (40, 'Carrissa', 'Dorkus', 'carrissadorkus@gmail.com'), (41, 'Dru', 'Marela', 'drumarela@gmail.com'), (42, 'Dayle', 'Tse', 'dayletse@agh.edu.pl'), (43, 'Marci', 'Partridge', 'marcipartridge@gmail.com'), (44, 'Marieann', 'Kaylil', 'marieannkaylil@yahoo.com'), (45, 'Joane', 'Jeni', 'joanejeni@yahoo.com'), (46, 'Belia', 'Allsopp', 'beliaallsopp@gmail.com'), (47, 'Clovis', 'Adolphus', 'clovisadolphus@agh.edu.pl'), (48, 'Leola', 'Chaney', 'leolachaney@yahoo.com'), (49, 'Cristen', 'Noby', 'cristennoby@agh.edu.pl'), (50, 'Coral', 'Tecla', 'coraltecla@yahoo.com')
set identity_insert dbo.registered off


set identity_insert dbo.addresses on
insert into dbo.addresses (address_id, country, city, postal_code, street, building_number) values (1, 'Austria', 'Gaschurn', '6794', 'Partenen', '17'), (2, 'Germany', 'Gries im Sellrain', '6182', 'Gries', '2'), (3, 'The Netherlands', 'Großraming', '4463', 'Mitterweg', '75'), (4, 'Switzerland', 'Pfons', '6143', 'Sankt Nikolaus Siedlung', '4'), (5, 'Germany', 'Laussa', '4461', 'Brunngraben', '52'), (6, 'Germany', 'Zeltweg', '8740', 'Flatschacherweg', '11'), (7, 'The Netherlands', 'Kirchberg ob der Donau', '4131', 'Witzersdorf', '55'), (8, 'Switzerland', 'Kolsass', '6114', 'Peter-Haider-Weg', '30'), (9, 'The Netherlands', 'Krensdorf', '7031', 'Hirmer Straße', '91'), (10, 'Switzerland', 'Schwarzenberg', '6867', 'Buchstock', '38'), (11, 'Germany', 'Nußdorf ob der Traisen', '3134', 'Neumühleweg', '26'), (12, 'Switzerland', 'Großmürbisch', '7540', 'Großmürbisch', '2'), (13, 'Austria', 'Gaubitsch', '2154', 'Wiesenweg', '91'), (14, 'The Netherlands', 'Pilgersdorf', '7441', 'Augasse', '49'), (15, 'Switzerland', 'Alkoven', '4072', 'Tieffeldstraße', '55'), (16, 'Austria', 'Pöttelsdorf', '7023', 'Triftgasse', '67'), (17, 'Germany', 'Weppersdorf', '7331', 'Neugasse (Weppersdorf)', '75'), (18, 'The Netherlands', 'Vorau', '8250', 'Riegersbach', '61'), (19, 'Austria', 'Weitersfelden', '4272', 'Ritzenedt', '91'), (20, 'Austria', 'Thörl', '8621', 'Fölz', '61')
set identity_insert dbo.addresses off


set identity_insert dbo.conferences on
insert into dbo.conferences (conference_id, name, description, address_id, base_price, student_discount, launched) values (1, 'Bill Whether Conference', 'Really nice conference, everyone should attend.', '17', '993.7', '0.18', 1), (2, 'Allow Find Conference', 'Really nice conference, everyone should attend.', '11', '399.7', '0.18', 1), (3, 'Begin Cook Conference', 'Really nice conference, everyone should attend.', '18', '184.28', '0.08', 1), (4, 'Lead Word Conference', 'Really nice conference, everyone should attend.', '1', '326.33', '0.68', 1), (5, 'Stuff Sister Conference', 'Really nice conference, everyone should attend.', '3', '248.91', '0.84', 1), (6, 'Touch Game Conference', 'Really nice conference, everyone should attend.', '8', '226.15', '0.72', 1), (7, 'Afford France Conference', 'Really nice conference, everyone should attend.', '7', '281.61', '0.36', 1), (8, 'University Upon Conference', 'Really nice conference, everyone should attend.', '4', '264.71', '0.62', 1), (9, 'Weigh Develop Conference', 'Really nice conference, everyone should attend.', '13', '643.7', '0.38', 1), (10, 'Create Win Conference', 'Really nice conference, everyone should attend.', '20', '528.69', '0.21', 1), (11, 'Thing Policy Conference', 'Really nice conference, everyone should attend.', '13', '103.56', '0.92', 1), (12, 'Bad Art Conference', 'Really nice conference, everyone should attend.', '18', '717.53', '0.12', 1), (13, 'Imagine Sense Conference', 'Really nice conference, everyone should attend.', '20', '159.68', '0.51', 1), (14, 'Life Paint Conference', 'Really nice conference, everyone should attend.', '7', '284.96', '0.53', 1), (15, 'Possible Village Conference', 'Really nice conference, everyone should attend.', '11', '485.19', '0.85', 1), (16, 'Pension Matter Conference', 'Really nice conference, everyone should attend.', '5', '419.22', '0.94', 1), (17, 'Work Private Conference', 'Really nice conference, everyone should attend.', '1', '202.63', '0.4', 1), (18, 'Appear Stop Conference', 'Really nice conference, everyone should attend.', '4', '622.63', '0.62', 1), (19, 'After Accept Conference', 'Really nice conference, everyone should attend.', '11', '519.97', '0.92', 1), (20, 'Suppose Operate Conference', 'Really nice conference, everyone should attend.', '15', '291.51', '0.4', 1), (21, 'Kitchen Current Conference', 'Really nice conference, everyone should attend.', '8', '737.88', '0.84', 1), (22, 'Through Off Conference', 'Really nice conference, everyone should attend.', '17', '330.94', '0.36', 1), (23, 'Extra Son Conference', 'Really nice conference, everyone should attend.', '1', '116.27', '0.68', 1), (24, 'Video Final Conference', 'Really nice conference, everyone should attend.', '8', '675.1', '0.9', 1), (25, 'Night Man Conference', 'Really nice conference, everyone should attend.', '6', '849.33', '0.56', 1), (26, 'Past Power Conference', 'Really nice conference, everyone should attend.', '12', '152.3', '0.47', 1), (27, 'Fast Obvious Conference', 'Really nice conference, everyone should attend.', '16', '875.0', '0.55', 1), (28, 'Detail Would Conference', 'Really nice conference, everyone should attend.', '20', '187.73', '0.86', 1), (29, 'Seem Opportunity Conference', 'Really nice conference, everyone should attend.', '4', '273.49', '0.79', 1), (30, 'Pair Ask Conference', 'Really nice conference, everyone should attend.', '5', '981.7', '0.78', 1), (31, 'Wash Mrs Conference', 'Really nice conference, everyone should attend.', '19', '816.03', '0.3', 1), (32, 'Arm Other Conference', 'Really nice conference, everyone should attend.', '14', '142.53', '0.95', 1), (33, 'May Dinner Conference', 'Really nice conference, everyone should attend.', '14', '840.95', '0.39', 1), (34, 'We Month Conference', 'Really nice conference, everyone should attend.', '17', '785.17', '0.52', 1), (35, 'Tonight Bother Conference', 'Really nice conference, everyone should attend.', '1', '817.8', '0.77', 1), (36, 'Kind None Conference', 'Really nice conference, everyone should attend.', '20', '218.62', '0.62', 1), (37, 'Perfect Ten Conference', 'Really nice conference, everyone should attend.', '12', '137.66', '0.84', 1), (38, 'Minus Wide Conference', 'Really nice conference, everyone should attend.', '13', '668.59', '0.64', 1), (39, 'Warm Sudden Conference', 'Really nice conference, everyone should attend.', '14', '109.81', '0.76', 1), (40, 'Stage Deep Conference', 'Really nice conference, everyone should attend.', '7', '559.17', '0.35', 1), (41, 'Perfect Pull Conference', 'Really nice conference, everyone should attend.', '14', '387.44', '0.07', 1), (42, 'Oppose Research Conference', 'Really nice conference, everyone should attend.', '2', '179.26', '0.63', 1), (43, 'Quid Stay Conference', 'Really nice conference, everyone should attend.', '6', '834.3', '0.76', 1), (44, 'Unit Nine Conference', 'Really nice conference, everyone should attend.', '2', '480.26', '0.06', 1), (45, 'By Into Conference', 'Really nice conference, everyone should attend.', '16', '305.58', '0.99', 1), (46, 'Business Benefit Conference', 'Really nice conference, everyone should attend.', '5', '998.5', '0.54', 1), (47, 'Hate Pension Conference', 'Really nice conference, everyone should attend.', '20', '761.96', '0.39', 1), (48, 'Piece Foot Conference', 'Really nice conference, everyone should attend.', '12', '900.09', '0.41', 1), (49, 'Glass Door Conference', 'Really nice conference, everyone should attend.', '19', '648.94', '0.03', 1), (50, 'Dress Ought Conference', 'Really nice conference, everyone should attend.', '3', '217.35', '0.61', 1), (51, 'Mark Fight Conference', 'Really nice conference, everyone should attend.', '4', '336.5', '0.61', 1), (52, 'Parent Yesterday Conference', 'Really nice conference, everyone should attend.', '10', '328.2', '0.04', 1), (53, 'Around Husband Conference', 'Really nice conference, everyone should attend.', '7', '696.42', '0.15', 1), (54, 'Will Little Conference', 'Really nice conference, everyone should attend.', '11', '682.66', '0.44', 1), (55, 'Family Decision Conference', 'Really nice conference, everyone should attend.', '5', '153.5', '0.61', 1), (56, 'Increase Honest Conference', 'Really nice conference, everyone should attend.', '18', '468.7', '0.19', 1), (57, 'Normal Keep Conference', 'Really nice conference, everyone should attend.', '16', '881.46', '0.77', 1), (58, 'Straight Plan Conference', 'Really nice conference, everyone should attend.', '14', '364.43', '0.44', 1), (59, 'Rail Shoe Conference', 'Really nice conference, everyone should attend.', '5', '545.64', '0.63', 1), (60, 'Address Exact Conference', 'Really nice conference, everyone should attend.', '3', '178.62', '0.13', 1), (61, 'Why Example Conference', 'Really nice conference, everyone should attend.', '16', '323.12', '0.1', 1), (62, 'Union Friend Conference', 'Really nice conference, everyone should attend.', '12', '656.4', '0.31', 1), (63, 'Win Strategy Conference', 'Really nice conference, everyone should attend.', '2', '481.37', '0.1', 1), (64, 'Love Appoint Conference', 'Really nice conference, everyone should attend.', '4', '783.24', '0.29', 1), (65, 'Indeed Colleague Conference', 'Really nice conference, everyone should attend.', '19', '735.15', '0.21', 1), (66, 'Eight Document Conference', 'Really nice conference, everyone should attend.', '6', '621.62', '0.87', 1), (67, 'Benefit If Conference', 'Really nice conference, everyone should attend.', '10', '313.4', '0.63', 1), (68, 'Hang Warm Conference', 'Really nice conference, everyone should attend.', '5', '169.14', '0.92', 1), (69, 'Record Fortune Conference', 'Really nice conference, everyone should attend.', '14', '278.37', '0.57', 1), (70, 'Danger Expense Conference', 'Really nice conference, everyone should attend.', '1', '689.68', '0.11', 1), (71, 'Load Rate Conference', 'Really nice conference, everyone should attend.', '8', '894.13', '0.21', 1), (72, 'Town Receive Conference', 'Really nice conference, everyone should attend.', '5', '528.59', '0.38', 1), (73, 'Pay Such Conference', 'Really nice conference, everyone should attend.', '19', '231.42', '0.75', 1), (74, 'Main Sick Conference', 'Really nice conference, everyone should attend.', '14', '183.28', '0.33', 1), (75, 'Draw Enough Conference', 'Really nice conference, everyone should attend.', '19', '265.02', '0.42', 1), (76, 'Welcome Friday Conference', 'Really nice conference, everyone should attend.', '9', '942.97', '0.04', 1), (77, 'Both Believe Conference', 'Really nice conference, everyone should attend.', '20', '592.25', '0.6', 1), (78, 'Monday Miss Conference', 'Really nice conference, everyone should attend.', '9', '389.95', '0.54', 1), (79, 'Choose High Conference', 'Really nice conference, everyone should attend.', '8', '746.21', '0.33', 1), (80, 'Field Tend Conference', 'Really nice conference, everyone should attend.', '4', '183.89', '0.99', 1), (81, 'Might Lie Conference', 'Really nice conference, everyone should attend.', '2', '559.95', '0.48', 1), (82, 'Single Minute Conference', 'Really nice conference, everyone should attend.', '16', '594.33', '0.34', 1), (83, 'Every Possible Conference', 'Really nice conference, everyone should attend.', '20', '331.02', '0.51', 1), (84, 'Understand Health Conference', 'Really nice conference, everyone should attend.', '15', '244.0', '0.39', 1), (85, 'Cat Income Conference', 'Really nice conference, everyone should attend.', '8', '714.08', '0.28', 1), (86, 'Speed Thirteen Conference', 'Really nice conference, everyone should attend.', '8', '494.08', '0.54', 1), (87, 'Glass Lose Conference', 'Really nice conference, everyone should attend.', '5', '246.7', '0.2', 1), (88, 'Let Gas Conference', 'Really nice conference, everyone should attend.', '14', '480.87', '0.13', 1), (89, 'Away Drink Conference', 'Really nice conference, everyone should attend.', '14', '292.65', '0.49', 1), (90, 'Quite Bar Conference', 'Really nice conference, everyone should attend.', '8', '712.73', '0.32', 1), (91, 'Door Full Conference', 'Really nice conference, everyone should attend.', '3', '600.72', '0.93', 1), (92, 'Ago School Conference', 'Really nice conference, everyone should attend.', '9', '426.45', '0.88', 1), (93, 'Kitchen Matter Conference', 'Really nice conference, everyone should attend.', '20', '491.87', '0.1', 1), (94, 'With Under Conference', 'Really nice conference, everyone should attend.', '4', '290.48', '0.67', 1), (95, 'Start Page Conference', 'Really nice conference, everyone should attend.', '1', '892.4', '0.23', 1), (96, 'Appropriate By Conference', 'Really nice conference, everyone should attend.', '9', '893.42', '0.66', 1), (97, 'Small Educate Conference', 'Really nice conference, everyone should attend.', '8', '410.21', '0.12', 1), (98, 'Shall Wood Conference', 'Really nice conference, everyone should attend.', '7', '760.92', '0.09', 1), (99, 'Town Radio Conference', 'Really nice conference, everyone should attend.', '14', '413.45', '0.44', 1), (100, 'Chair Positive Conference', 'Really nice conference, everyone should attend.', '17', '394.88', '0.49', 1)
set identity_insert dbo.conferences off



set identity_insert dbo.price_levels on
insert into dbo.price_levels (price_level_id, conference_id, discount, date_from) values (1,1,0.2, '2018-01-15'), (2,1,0.4, '2018-01-08'), (3,1,0.6000000000000001, '2018-01-01'), (4,1,0.8, '2017-12-25')
set identity_insert dbo.price_levels off


set identity_insert dbo.conference_days on
insert into dbo.conference_days (conference_day_id, conference_id, date, attendees_day_max) values (1, 1, '2018-01-22', 198), (2, 1, '2018-01-23', 413), (3, 1, '2018-01-24', 215), (4, 1, '2018-01-25', 145), (5, 1, '2018-01-26', 238)
set identity_insert dbo.conference_days off


set identity_insert dbo.price_levels on
insert into dbo.price_levels (price_level_id, conference_id, discount, date_from) values (5,2,0.5, '2019-06-20')
set identity_insert dbo.price_levels off


set identity_insert dbo.conference_days on
insert into dbo.conference_days (conference_day_id, conference_id, date, attendees_day_max) values (6, 2, '2019-06-27', 369), (7, 2, '2019-06-28', 103), (8, 2, '2019-06-29', 488)
set identity_insert dbo.conference_days off


set identity_insert dbo.price_levels on
insert into dbo.price_levels (price_level_id, conference_id, discount, date_from) values (6,3,0.2, '2018-02-24'), (7,3,0.4, '2018-02-17'), (8,3,0.6000000000000001, '2018-02-10'), (9,3,0.8, '2018-02-03')
set identity_insert dbo.price_levels off


set identity_insert dbo.conference_days on
insert into dbo.conference_days (conference_day_id, conference_id, date, attendees_day_max) values (9, 3, '2018-03-03', 151), (10, 3, '2018-03-04', 186), (11, 3, '2018-03-05', 233), (12, 3, '2018-03-06', 235), (13, 3, '2018-03-07', 160)
set identity_insert dbo.conference_days off


set identity_insert dbo.price_levels on
insert into dbo.price_levels (price_level_id, conference_id, discount, date_from) values (10,4,0.16666666666666666, '2017-07-15'), (11,4,0.3333333333333333, '2017-07-08'), (12,4,0.5, '2017-07-01'), (13,4,0.6666666666666666, '2017-06-24'), (14,4,0.8333333333333333, '2017-06-17')
set identity_insert dbo.price_levels off


set identity_insert dbo.conference_days on
insert into dbo.conference_days (conference_day_id, conference_id, date, attendees_day_max) values (14, 4, '2017-07-22', 195), (15, 4, '2017-07-23', 119), (16, 4, '2017-07-24', 289), (17, 4, '2017-07-25', 447), (18, 4, '2017-07-26', 453)
set identity_insert dbo.conference_days off


set identity_insert dbo.price_levels on
insert into dbo.price_levels (price_level_id, conference_id, discount, date_from) values (15,5,0.5, '2019-09-15')
set identity_insert dbo.price_levels off


set identity_insert dbo.conference_days on
insert into dbo.conference_days (conference_day_id, conference_id, date, attendees_day_max) values (19, 5, '2019-09-22', 401), (20, 5, '2019-09-23', 405), (21, 5, '2019-09-24', 378)
set identity_insert dbo.conference_days off


set identity_insert dbo.price_levels on
insert into dbo.price_levels (price_level_id, conference_id, discount, date_from) values (16,6,0.5, '2018-03-06')
set identity_insert dbo.price_levels off


set identity_insert dbo.conference_days on
insert into dbo.conference_days (conference_day_id, conference_id, date, attendees_day_max) values (22, 6, '2018-03-13', 109)
set identity_insert dbo.conference_days off


set identity_insert dbo.price_levels on
insert into dbo.price_levels (price_level_id, conference_id, discount, date_from) values (17,7,0.125, '2019-06-01'), (18,7,0.25, '2019-05-25'), (19,7,0.375, '2019-05-18'), (20,7,0.5, '2019-05-11'), (21,7,0.625, '2019-05-04'), (22,7,0.75, '2019-04-27'), (23,7,0.875, '2019-04-20')
set identity_insert dbo.price_levels off


set identity_insert dbo.conference_days on
insert into dbo.conference_days (conference_day_id, conference_id, date, attendees_day_max) values (23, 7, '2019-06-08', 376), (24, 7, '2019-06-09', 199), (25, 7, '2019-06-10', 368)
set identity_insert dbo.conference_days off


set identity_insert dbo.price_levels on
insert into dbo.price_levels (price_level_id, conference_id, discount, date_from) values (24,8,0.5, '2018-03-31')
set identity_insert dbo.price_levels off


set identity_insert dbo.conference_days on
insert into dbo.conference_days (conference_day_id, conference_id, date, attendees_day_max) values (26, 8, '2018-04-07', 409), (27, 8, '2018-04-08', 170), (28, 8, '2018-04-09', 177), (29, 8, '2018-04-10', 423)
set identity_insert dbo.conference_days off


set identity_insert dbo.price_levels on
insert into dbo.price_levels (price_level_id, conference_id, discount, date_from) values (25,9,0.25, '2019-04-29'), (26,9,0.5, '2019-04-22'), (27,9,0.75, '2019-04-15')
set identity_insert dbo.price_levels off


set identity_insert dbo.conference_days on
insert into dbo.conference_days (conference_day_id, conference_id, date, attendees_day_max) values (30, 9, '2019-05-06', 421), (31, 9, '2019-05-07', 487), (32, 9, '2019-05-08', 326), (33, 9, '2019-05-09', 352)
set identity_insert dbo.conference_days off


set identity_insert dbo.price_levels on
insert into dbo.price_levels (price_level_id, conference_id, discount, date_from) values (28,10,0.125, '2017-09-01'), (29,10,0.25, '2017-08-25'), (30,10,0.375, '2017-08-18'), (31,10,0.5, '2017-08-11'), (32,10,0.625, '2017-08-04'), (33,10,0.75, '2017-07-28'), (34,10,0.875, '2017-07-21')
set identity_insert dbo.price_levels off


set identity_insert dbo.conference_days on
insert into dbo.conference_days (conference_day_id, conference_id, date, attendees_day_max) values (34, 10, '2017-09-08', 358), (35, 10, '2017-09-09', 144), (36, 10, '2017-09-10', 373), (37, 10, '2017-09-11', 154)
set identity_insert dbo.conference_days off


set identity_insert dbo.price_levels on
insert into dbo.price_levels (price_level_id, conference_id, discount, date_from) values (35,11,0.14285714285714285, '2017-04-13'), (36,11,0.2857142857142857, '2017-04-06'), (37,11,0.42857142857142855, '2017-03-30'), (38,11,0.5714285714285714, '2017-03-23'), (39,11,0.7142857142857142, '2017-03-16'), (40,11,0.857142857142857, '2017-03-09')
set identity_insert dbo.price_levels off


set identity_insert dbo.conference_days on
insert into dbo.conference_days (conference_day_id, conference_id, date, attendees_day_max) values (38, 11, '2017-04-20', 308), (39, 11, '2017-04-21', 322), (40, 11, '2017-04-22', 354), (41, 11, '2017-04-23', 411)
set identity_insert dbo.conference_days off


set identity_insert dbo.price_levels on
insert into dbo.price_levels (price_level_id, conference_id, discount, date_from) values (41,12,0.3333333333333333, '2017-07-17'), (42,12,0.6666666666666666, '2017-07-10')
set identity_insert dbo.price_levels off


set identity_insert dbo.conference_days on
insert into dbo.conference_days (conference_day_id, conference_id, date, attendees_day_max) values (42, 12, '2017-07-24', 490)
set identity_insert dbo.conference_days off


set identity_insert dbo.price_levels on
insert into dbo.price_levels (price_level_id, conference_id, discount, date_from) values (43,13,0.16666666666666666, '2018-10-06'), (44,13,0.3333333333333333, '2018-09-29'), (45,13,0.5, '2018-09-22'), (46,13,0.6666666666666666, '2018-09-15'), (47,13,0.8333333333333333, '2018-09-08')
set identity_insert dbo.price_levels off


set identity_insert dbo.conference_days on
insert into dbo.conference_days (conference_day_id, conference_id, date, attendees_day_max) values (43, 13, '2018-10-13', 302), (44, 13, '2018-10-14', 400), (45, 13, '2018-10-15', 195)
set identity_insert dbo.conference_days off


set identity_insert dbo.price_levels on
insert into dbo.price_levels (price_level_id, conference_id, discount, date_from) values (48,14,0.16666666666666666, '2017-08-21'), (49,14,0.3333333333333333, '2017-08-14'), (50,14,0.5, '2017-08-07'), (51,14,0.6666666666666666, '2017-07-31'), (52,14,0.8333333333333333, '2017-07-24')
set identity_insert dbo.price_levels off


set identity_insert dbo.conference_days on
insert into dbo.conference_days (conference_day_id, conference_id, date, attendees_day_max) values (46, 14, '2017-08-28', 151), (47, 14, '2017-08-29', 207), (48, 14, '2017-08-30', 388)
set identity_insert dbo.conference_days off


set identity_insert dbo.price_levels on
insert into dbo.price_levels (price_level_id, conference_id, discount, date_from) values (53,15,0.16666666666666666, '2018-11-27'), (54,15,0.3333333333333333, '2018-11-20'), (55,15,0.5, '2018-11-13'), (56,15,0.6666666666666666, '2018-11-06'), (57,15,0.8333333333333333, '2018-10-30')
set identity_insert dbo.price_levels off


set identity_insert dbo.conference_days on
insert into dbo.conference_days (conference_day_id, conference_id, date, attendees_day_max) values (49, 15, '2018-12-04', 205), (50, 15, '2018-12-05', 117)
set identity_insert dbo.conference_days off


set identity_insert dbo.price_levels on
insert into dbo.price_levels (price_level_id, conference_id, discount, date_from) values (58,16,0.25, '2018-02-25'), (59,16,0.5, '2018-02-18'), (60,16,0.75, '2018-02-11')
set identity_insert dbo.price_levels off


set identity_insert dbo.conference_days on
insert into dbo.conference_days (conference_day_id, conference_id, date, attendees_day_max) values (51, 16, '2018-03-04', 468), (52, 16, '2018-03-05', 239)
set identity_insert dbo.conference_days off


set identity_insert dbo.price_levels on
insert into dbo.price_levels (price_level_id, conference_id, discount, date_from) values (61,17,0.2, '2016-12-26'), (62,17,0.4, '2016-12-19'), (63,17,0.6000000000000001, '2016-12-12'), (64,17,0.8, '2016-12-05')
set identity_insert dbo.price_levels off


set identity_insert dbo.conference_days on
insert into dbo.conference_days (conference_day_id, conference_id, date, attendees_day_max) values (53, 17, '2017-01-02', 297)
set identity_insert dbo.conference_days off


set identity_insert dbo.price_levels on
insert into dbo.price_levels (price_level_id, conference_id, discount, date_from) values (65,18,0.14285714285714285, '2018-12-06'), (66,18,0.2857142857142857, '2018-11-29'), (67,18,0.42857142857142855, '2018-11-22'), (68,18,0.5714285714285714, '2018-11-15'), (69,18,0.7142857142857142, '2018-11-08'), (70,18,0.857142857142857, '2018-11-01')
set identity_insert dbo.price_levels off


set identity_insert dbo.conference_days on
insert into dbo.conference_days (conference_day_id, conference_id, date, attendees_day_max) values (54, 18, '2018-12-13', 408), (55, 18, '2018-12-14', 154), (56, 18, '2018-12-15', 343), (57, 18, '2018-12-16', 259)
set identity_insert dbo.conference_days off


set identity_insert dbo.price_levels on
insert into dbo.price_levels (price_level_id, conference_id, discount, date_from) values (71,19,0.16666666666666666, '2017-10-03'), (72,19,0.3333333333333333, '2017-09-26'), (73,19,0.5, '2017-09-19'), (74,19,0.6666666666666666, '2017-09-12'), (75,19,0.8333333333333333, '2017-09-05')
set identity_insert dbo.price_levels off


set identity_insert dbo.conference_days on
insert into dbo.conference_days (conference_day_id, conference_id, date, attendees_day_max) values (58, 19, '2017-10-10', 251), (59, 19, '2017-10-11', 481), (60, 19, '2017-10-12', 429)
set identity_insert dbo.conference_days off


set identity_insert dbo.price_levels on
insert into dbo.price_levels (price_level_id, conference_id, discount, date_from) values (76,20,0.16666666666666666, '2019-03-10'), (77,20,0.3333333333333333, '2019-03-03'), (78,20,0.5, '2019-02-24'), (79,20,0.6666666666666666, '2019-02-17'), (80,20,0.8333333333333333, '2019-02-10')
set identity_insert dbo.price_levels off


set identity_insert dbo.conference_days on
insert into dbo.conference_days (conference_day_id, conference_id, date, attendees_day_max) values (61, 20, '2019-03-17', 474), (62, 20, '2019-03-18', 156)
set identity_insert dbo.conference_days off


set identity_insert dbo.price_levels on
insert into dbo.price_levels (price_level_id, conference_id, discount, date_from) values (81,21,0.16666666666666666, '2017-11-08'), (82,21,0.3333333333333333, '2017-11-01'), (83,21,0.5, '2017-10-25'), (84,21,0.6666666666666666, '2017-10-18'), (85,21,0.8333333333333333, '2017-10-11')
set identity_insert dbo.price_levels off


set identity_insert dbo.conference_days on
insert into dbo.conference_days (conference_day_id, conference_id, date, attendees_day_max) values (63, 21, '2017-11-15', 237), (64, 21, '2017-11-16', 143), (65, 21, '2017-11-17', 479)
set identity_insert dbo.conference_days off


set identity_insert dbo.price_levels on
insert into dbo.price_levels (price_level_id, conference_id, discount, date_from) values (86,22,0.3333333333333333, '2017-01-13'), (87,22,0.6666666666666666, '2017-01-06')
set identity_insert dbo.price_levels off


set identity_insert dbo.conference_days on
insert into dbo.conference_days (conference_day_id, conference_id, date, attendees_day_max) values (66, 22, '2017-01-20', 445), (67, 22, '2017-01-21', 184), (68, 22, '2017-01-22', 368), (69, 22, '2017-01-23', 409)
set identity_insert dbo.conference_days off


set identity_insert dbo.price_levels on
insert into dbo.price_levels (price_level_id, conference_id, discount, date_from) values (88,23,0.3333333333333333, '2018-09-19'), (89,23,0.6666666666666666, '2018-09-12')
set identity_insert dbo.price_levels off


set identity_insert dbo.conference_days on
insert into dbo.conference_days (conference_day_id, conference_id, date, attendees_day_max) values (70, 23, '2018-09-26', 333), (71, 23, '2018-09-27', 289), (72, 23, '2018-09-28', 236), (73, 23, '2018-09-29', 486), (74, 23, '2018-09-30', 184)
set identity_insert dbo.conference_days off


set identity_insert dbo.price_levels on
insert into dbo.price_levels (price_level_id, conference_id, discount, date_from) values (90,24,0.125, '2017-11-20'), (91,24,0.25, '2017-11-13'), (92,24,0.375, '2017-11-06'), (93,24,0.5, '2017-10-30'), (94,24,0.625, '2017-10-23'), (95,24,0.75, '2017-10-16'), (96,24,0.875, '2017-10-09')
set identity_insert dbo.price_levels off


set identity_insert dbo.conference_days on
insert into dbo.conference_days (conference_day_id, conference_id, date, attendees_day_max) values (75, 24, '2017-11-27', 178), (76, 24, '2017-11-28', 211), (77, 24, '2017-11-29', 389), (78, 24, '2017-11-30', 437), (79, 24, '2017-12-01', 392)
set identity_insert dbo.conference_days off


set identity_insert dbo.price_levels on
insert into dbo.price_levels (price_level_id, conference_id, discount, date_from) values (97,25,0.3333333333333333, '2017-11-27'), (98,25,0.6666666666666666, '2017-11-20')
set identity_insert dbo.price_levels off


set identity_insert dbo.conference_days on
insert into dbo.conference_days (conference_day_id, conference_id, date, attendees_day_max) values (80, 25, '2017-12-04', 192), (81, 25, '2017-12-05', 207), (82, 25, '2017-12-06', 242)
set identity_insert dbo.conference_days off


set identity_insert dbo.price_levels on
insert into dbo.price_levels (price_level_id, conference_id, discount, date_from) values (99,26,0.14285714285714285, '2019-11-21'), (100,26,0.2857142857142857, '2019-11-14'), (101,26,0.42857142857142855, '2019-11-07'), (102,26,0.5714285714285714, '2019-10-31'), (103,26,0.7142857142857142, '2019-10-24'), (104,26,0.857142857142857, '2019-10-17')
set identity_insert dbo.price_levels off


set identity_insert dbo.conference_days on
insert into dbo.conference_days (conference_day_id, conference_id, date, attendees_day_max) values (83, 26, '2019-11-28', 359)
set identity_insert dbo.conference_days off


set identity_insert dbo.price_levels on
insert into dbo.price_levels (price_level_id, conference_id, discount, date_from) values (105,27,0.3333333333333333, '2019-05-21'), (106,27,0.6666666666666666, '2019-05-14')
set identity_insert dbo.price_levels off


set identity_insert dbo.conference_days on
insert into dbo.conference_days (conference_day_id, conference_id, date, attendees_day_max) values (84, 27, '2019-05-28', 118), (85, 27, '2019-05-29', 335), (86, 27, '2019-05-30', 128), (87, 27, '2019-05-31', 254)
set identity_insert dbo.conference_days off


set identity_insert dbo.price_levels on
insert into dbo.price_levels (price_level_id, conference_id, discount, date_from) values (107,28,0.14285714285714285, '2018-02-16'), (108,28,0.2857142857142857, '2018-02-09'), (109,28,0.42857142857142855, '2018-02-02'), (110,28,0.5714285714285714, '2018-01-26'), (111,28,0.7142857142857142, '2018-01-19'), (112,28,0.857142857142857, '2018-01-12')
set identity_insert dbo.price_levels off


set identity_insert dbo.conference_days on
insert into dbo.conference_days (conference_day_id, conference_id, date, attendees_day_max) values (88, 28, '2018-02-23', 391), (89, 28, '2018-02-24', 142)
set identity_insert dbo.conference_days off


set identity_insert dbo.price_levels on
insert into dbo.price_levels (price_level_id, conference_id, discount, date_from) values (113,29,0.14285714285714285, '2018-09-15'), (114,29,0.2857142857142857, '2018-09-08'), (115,29,0.42857142857142855, '2018-09-01'), (116,29,0.5714285714285714, '2018-08-25'), (117,29,0.7142857142857142, '2018-08-18'), (118,29,0.857142857142857, '2018-08-11')
set identity_insert dbo.price_levels off


set identity_insert dbo.conference_days on
insert into dbo.conference_days (conference_day_id, conference_id, date, attendees_day_max) values (90, 29, '2018-09-22', 163)
set identity_insert dbo.conference_days off


set identity_insert dbo.price_levels on
insert into dbo.price_levels (price_level_id, conference_id, discount, date_from) values (119,30,0.125, '2019-11-27'), (120,30,0.25, '2019-11-20'), (121,30,0.375, '2019-11-13'), (122,30,0.5, '2019-11-06'), (123,30,0.625, '2019-10-30'), (124,30,0.75, '2019-10-23'), (125,30,0.875, '2019-10-16')
set identity_insert dbo.price_levels off


set identity_insert dbo.conference_days on
insert into dbo.conference_days (conference_day_id, conference_id, date, attendees_day_max) values (91, 30, '2019-12-04', 133), (92, 30, '2019-12-05', 453), (93, 30, '2019-12-06', 229), (94, 30, '2019-12-07', 295)
set identity_insert dbo.conference_days off


set identity_insert dbo.price_levels on
insert into dbo.price_levels (price_level_id, conference_id, discount, date_from) values (126,31,0.5, '2019-09-10')
set identity_insert dbo.price_levels off


set identity_insert dbo.conference_days on
insert into dbo.conference_days (conference_day_id, conference_id, date, attendees_day_max) values (95, 31, '2019-09-17', 313), (96, 31, '2019-09-18', 175), (97, 31, '2019-09-19', 325), (98, 31, '2019-09-20', 261), (99, 31, '2019-09-21', 428)
set identity_insert dbo.conference_days off


set identity_insert dbo.price_levels on
insert into dbo.price_levels (price_level_id, conference_id, discount, date_from) values (127,32,0.2, '2018-07-19'), (128,32,0.4, '2018-07-12'), (129,32,0.6000000000000001, '2018-07-05'), (130,32,0.8, '2018-06-28')
set identity_insert dbo.price_levels off


set identity_insert dbo.conference_days on
insert into dbo.conference_days (conference_day_id, conference_id, date, attendees_day_max) values (100, 32, '2018-07-26', 320)
set identity_insert dbo.conference_days off


set identity_insert dbo.price_levels on
insert into dbo.price_levels (price_level_id, conference_id, discount, date_from) values (131,33,0.25, '2019-12-13'), (132,33,0.5, '2019-12-06'), (133,33,0.75, '2019-11-29')
set identity_insert dbo.price_levels off


set identity_insert dbo.conference_days on
insert into dbo.conference_days (conference_day_id, conference_id, date, attendees_day_max) values (101, 33, '2019-12-20', 299), (102, 33, '2019-12-21', 220), (103, 33, '2019-12-22', 359)
set identity_insert dbo.conference_days off


set identity_insert dbo.price_levels on
insert into dbo.price_levels (price_level_id, conference_id, discount, date_from) values (134,34,0.25, '2017-08-27'), (135,34,0.5, '2017-08-20'), (136,34,0.75, '2017-08-13')
set identity_insert dbo.price_levels off


set identity_insert dbo.conference_days on
insert into dbo.conference_days (conference_day_id, conference_id, date, attendees_day_max) values (104, 34, '2017-09-03', 189)
set identity_insert dbo.conference_days off


set identity_insert dbo.price_levels on
insert into dbo.price_levels (price_level_id, conference_id, discount, date_from) values (137,35,0.16666666666666666, '2019-05-01'), (138,35,0.3333333333333333, '2019-04-24'), (139,35,0.5, '2019-04-17'), (140,35,0.6666666666666666, '2019-04-10'), (141,35,0.8333333333333333, '2019-04-03')
set identity_insert dbo.price_levels off


set identity_insert dbo.conference_days on
insert into dbo.conference_days (conference_day_id, conference_id, date, attendees_day_max) values (105, 35, '2019-05-08', 167)
set identity_insert dbo.conference_days off


set identity_insert dbo.price_levels on
insert into dbo.price_levels (price_level_id, conference_id, discount, date_from) values (142,36,0.25, '2019-04-01'), (143,36,0.5, '2019-03-25'), (144,36,0.75, '2019-03-18')
set identity_insert dbo.price_levels off


set identity_insert dbo.conference_days on
insert into dbo.conference_days (conference_day_id, conference_id, date, attendees_day_max) values (106, 36, '2019-04-08', 220), (107, 36, '2019-04-09', 171)
set identity_insert dbo.conference_days off


set identity_insert dbo.price_levels on
insert into dbo.price_levels (price_level_id, conference_id, discount, date_from) values (145,37,0.125, '2019-01-25'), (146,37,0.25, '2019-01-18'), (147,37,0.375, '2019-01-11'), (148,37,0.5, '2019-01-04'), (149,37,0.625, '2018-12-28'), (150,37,0.75, '2018-12-21'), (151,37,0.875, '2018-12-14')
set identity_insert dbo.price_levels off


set identity_insert dbo.conference_days on
insert into dbo.conference_days (conference_day_id, conference_id, date, attendees_day_max) values (108, 37, '2019-02-01', 373), (109, 37, '2019-02-02', 353)
set identity_insert dbo.conference_days off


set identity_insert dbo.price_levels on
insert into dbo.price_levels (price_level_id, conference_id, discount, date_from) values (152,38,0.3333333333333333, '2019-02-05'), (153,38,0.6666666666666666, '2019-01-29')
set identity_insert dbo.price_levels off


set identity_insert dbo.conference_days on
insert into dbo.conference_days (conference_day_id, conference_id, date, attendees_day_max) values (110, 38, '2019-02-12', 111), (111, 38, '2019-02-13', 481)
set identity_insert dbo.conference_days off


set identity_insert dbo.price_levels on
insert into dbo.price_levels (price_level_id, conference_id, discount, date_from) values (154,39,0.14285714285714285, '2019-08-03'), (155,39,0.2857142857142857, '2019-07-27'), (156,39,0.42857142857142855, '2019-07-20'), (157,39,0.5714285714285714, '2019-07-13'), (158,39,0.7142857142857142, '2019-07-06'), (159,39,0.857142857142857, '2019-06-29')
set identity_insert dbo.price_levels off


set identity_insert dbo.conference_days on
insert into dbo.conference_days (conference_day_id, conference_id, date, attendees_day_max) values (112, 39, '2019-08-10', 205), (113, 39, '2019-08-11', 387), (114, 39, '2019-08-12', 493), (115, 39, '2019-08-13', 144), (116, 39, '2019-08-14', 134)
set identity_insert dbo.conference_days off


set identity_insert dbo.price_levels on
insert into dbo.price_levels (price_level_id, conference_id, discount, date_from) values (160,40,0.125, '2019-06-26'), (161,40,0.25, '2019-06-19'), (162,40,0.375, '2019-06-12'), (163,40,0.5, '2019-06-05'), (164,40,0.625, '2019-05-29'), (165,40,0.75, '2019-05-22'), (166,40,0.875, '2019-05-15')
set identity_insert dbo.price_levels off


set identity_insert dbo.conference_days on
insert into dbo.conference_days (conference_day_id, conference_id, date, attendees_day_max) values (117, 40, '2019-07-03', 368), (118, 40, '2019-07-04', 168), (119, 40, '2019-07-05', 199), (120, 40, '2019-07-06', 142)
set identity_insert dbo.conference_days off


set identity_insert dbo.price_levels on
insert into dbo.price_levels (price_level_id, conference_id, discount, date_from) values (167,41,0.125, '2017-05-10'), (168,41,0.25, '2017-05-03'), (169,41,0.375, '2017-04-26'), (170,41,0.5, '2017-04-19'), (171,41,0.625, '2017-04-12'), (172,41,0.75, '2017-04-05'), (173,41,0.875, '2017-03-29')
set identity_insert dbo.price_levels off


set identity_insert dbo.conference_days on
insert into dbo.conference_days (conference_day_id, conference_id, date, attendees_day_max) values (121, 41, '2017-05-17', 121), (122, 41, '2017-05-18', 337), (123, 41, '2017-05-19', 314), (124, 41, '2017-05-20', 302)
set identity_insert dbo.conference_days off


set identity_insert dbo.price_levels on
insert into dbo.price_levels (price_level_id, conference_id, discount, date_from) values (174,42,0.125, '2017-01-12'), (175,42,0.25, '2017-01-05'), (176,42,0.375, '2016-12-29'), (177,42,0.5, '2016-12-22'), (178,42,0.625, '2016-12-15'), (179,42,0.75, '2016-12-08'), (180,42,0.875, '2016-12-01')
set identity_insert dbo.price_levels off


set identity_insert dbo.conference_days on
insert into dbo.conference_days (conference_day_id, conference_id, date, attendees_day_max) values (125, 42, '2017-01-19', 301), (126, 42, '2017-01-20', 463)
set identity_insert dbo.conference_days off


set identity_insert dbo.price_levels on
insert into dbo.price_levels (price_level_id, conference_id, discount, date_from) values (181,43,0.5, '2017-06-11')
set identity_insert dbo.price_levels off


set identity_insert dbo.conference_days on
insert into dbo.conference_days (conference_day_id, conference_id, date, attendees_day_max) values (127, 43, '2017-06-18', 333), (128, 43, '2017-06-19', 262)
set identity_insert dbo.conference_days off


set identity_insert dbo.price_levels on
insert into dbo.price_levels (price_level_id, conference_id, discount, date_from) values (182,44,0.25, '2019-01-27'), (183,44,0.5, '2019-01-20'), (184,44,0.75, '2019-01-13')
set identity_insert dbo.price_levels off


set identity_insert dbo.conference_days on
insert into dbo.conference_days (conference_day_id, conference_id, date, attendees_day_max) values (129, 44, '2019-02-03', 277), (130, 44, '2019-02-04', 126), (131, 44, '2019-02-05', 382)
set identity_insert dbo.conference_days off


set identity_insert dbo.price_levels on
insert into dbo.price_levels (price_level_id, conference_id, discount, date_from) values (185,45,0.25, '2018-05-04'), (186,45,0.5, '2018-04-27'), (187,45,0.75, '2018-04-20')
set identity_insert dbo.price_levels off


set identity_insert dbo.conference_days on
insert into dbo.conference_days (conference_day_id, conference_id, date, attendees_day_max) values (132, 45, '2018-05-11', 462), (133, 45, '2018-05-12', 295), (134, 45, '2018-05-13', 145)
set identity_insert dbo.conference_days off


set identity_insert dbo.price_levels on
insert into dbo.price_levels (price_level_id, conference_id, discount, date_from) values (188,46,0.25, '2017-08-31'), (189,46,0.5, '2017-08-24'), (190,46,0.75, '2017-08-17')
set identity_insert dbo.price_levels off


set identity_insert dbo.conference_days on
insert into dbo.conference_days (conference_day_id, conference_id, date, attendees_day_max) values (135, 46, '2017-09-07', 317), (136, 46, '2017-09-08', 241)
set identity_insert dbo.conference_days off


set identity_insert dbo.price_levels on
insert into dbo.price_levels (price_level_id, conference_id, discount, date_from) values (191,47,0.5, '2018-11-12')
set identity_insert dbo.price_levels off


set identity_insert dbo.conference_days on
insert into dbo.conference_days (conference_day_id, conference_id, date, attendees_day_max) values (137, 47, '2018-11-19', 200), (138, 47, '2018-11-20', 478), (139, 47, '2018-11-21', 400), (140, 47, '2018-11-22', 386)
set identity_insert dbo.conference_days off


set identity_insert dbo.price_levels on
insert into dbo.price_levels (price_level_id, conference_id, discount, date_from) values (192,48,0.16666666666666666, '2019-06-05'), (193,48,0.3333333333333333, '2019-05-29'), (194,48,0.5, '2019-05-22'), (195,48,0.6666666666666666, '2019-05-15'), (196,48,0.8333333333333333, '2019-05-08')
set identity_insert dbo.price_levels off


set identity_insert dbo.conference_days on
insert into dbo.conference_days (conference_day_id, conference_id, date, attendees_day_max) values (141, 48, '2019-06-12', 302)
set identity_insert dbo.conference_days off


set identity_insert dbo.price_levels on
insert into dbo.price_levels (price_level_id, conference_id, discount, date_from) values (197,49,0.5, '2018-09-16')
set identity_insert dbo.price_levels off


set identity_insert dbo.conference_days on
insert into dbo.conference_days (conference_day_id, conference_id, date, attendees_day_max) values (142, 49, '2018-09-23', 247)
set identity_insert dbo.conference_days off


set identity_insert dbo.price_levels on
insert into dbo.price_levels (price_level_id, conference_id, discount, date_from) values (198,50,0.14285714285714285, '2018-05-30'), (199,50,0.2857142857142857, '2018-05-23'), (200,50,0.42857142857142855, '2018-05-16'), (201,50,0.5714285714285714, '2018-05-09'), (202,50,0.7142857142857142, '2018-05-02'), (203,50,0.857142857142857, '2018-04-25')
set identity_insert dbo.price_levels off


set identity_insert dbo.conference_days on
insert into dbo.conference_days (conference_day_id, conference_id, date, attendees_day_max) values (143, 50, '2018-06-06', 479), (144, 50, '2018-06-07', 138), (145, 50, '2018-06-08', 235), (146, 50, '2018-06-09', 480)
set identity_insert dbo.conference_days off


set identity_insert dbo.price_levels on
insert into dbo.price_levels (price_level_id, conference_id, discount, date_from) values (204,51,0.3333333333333333, '2019-04-26'), (205,51,0.6666666666666666, '2019-04-19')
set identity_insert dbo.price_levels off


set identity_insert dbo.conference_days on
insert into dbo.conference_days (conference_day_id, conference_id, date, attendees_day_max) values (147, 51, '2019-05-03', 482)
set identity_insert dbo.conference_days off


set identity_insert dbo.price_levels on
insert into dbo.price_levels (price_level_id, conference_id, discount, date_from) values (206,52,0.16666666666666666, '2018-09-28'), (207,52,0.3333333333333333, '2018-09-21'), (208,52,0.5, '2018-09-14'), (209,52,0.6666666666666666, '2018-09-07'), (210,52,0.8333333333333333, '2018-08-31')
set identity_insert dbo.price_levels off


set identity_insert dbo.conference_days on
insert into dbo.conference_days (conference_day_id, conference_id, date, attendees_day_max) values (148, 52, '2018-10-05', 212), (149, 52, '2018-10-06', 204), (150, 52, '2018-10-07', 445)
set identity_insert dbo.conference_days off


set identity_insert dbo.price_levels on
insert into dbo.price_levels (price_level_id, conference_id, discount, date_from) values (211,53,0.25, '2018-11-29'), (212,53,0.5, '2018-11-22'), (213,53,0.75, '2018-11-15')
set identity_insert dbo.price_levels off


set identity_insert dbo.conference_days on
insert into dbo.conference_days (conference_day_id, conference_id, date, attendees_day_max) values (151, 53, '2018-12-06', 328), (152, 53, '2018-12-07', 250)
set identity_insert dbo.conference_days off


set identity_insert dbo.price_levels on
insert into dbo.price_levels (price_level_id, conference_id, discount, date_from) values (214,54,0.2, '2018-12-01'), (215,54,0.4, '2018-11-24'), (216,54,0.6000000000000001, '2018-11-17'), (217,54,0.8, '2018-11-10')
set identity_insert dbo.price_levels off


set identity_insert dbo.conference_days on
insert into dbo.conference_days (conference_day_id, conference_id, date, attendees_day_max) values (153, 54, '2018-12-08', 233), (154, 54, '2018-12-09', 340), (155, 54, '2018-12-10', 233)
set identity_insert dbo.conference_days off


set identity_insert dbo.price_levels on
insert into dbo.price_levels (price_level_id, conference_id, discount, date_from) values (218,55,0.5, '2017-07-20')
set identity_insert dbo.price_levels off


set identity_insert dbo.conference_days on
insert into dbo.conference_days (conference_day_id, conference_id, date, attendees_day_max) values (156, 55, '2017-07-27', 374), (157, 55, '2017-07-28', 487), (158, 55, '2017-07-29', 415), (159, 55, '2017-07-30', 365)
set identity_insert dbo.conference_days off


set identity_insert dbo.price_levels on
insert into dbo.price_levels (price_level_id, conference_id, discount, date_from) values (219,56,0.2, '2016-12-27'), (220,56,0.4, '2016-12-20'), (221,56,0.6000000000000001, '2016-12-13'), (222,56,0.8, '2016-12-06')
set identity_insert dbo.price_levels off


set identity_insert dbo.conference_days on
insert into dbo.conference_days (conference_day_id, conference_id, date, attendees_day_max) values (160, 56, '2017-01-03', 369)
set identity_insert dbo.conference_days off


set identity_insert dbo.price_levels on
insert into dbo.price_levels (price_level_id, conference_id, discount, date_from) values (223,57,0.5, '2019-02-03')
set identity_insert dbo.price_levels off


set identity_insert dbo.conference_days on
insert into dbo.conference_days (conference_day_id, conference_id, date, attendees_day_max) values (161, 57, '2019-02-10', 457), (162, 57, '2019-02-11', 433)
set identity_insert dbo.conference_days off


set identity_insert dbo.price_levels on
insert into dbo.price_levels (price_level_id, conference_id, discount, date_from) values (224,58,0.25, '2017-11-24'), (225,58,0.5, '2017-11-17'), (226,58,0.75, '2017-11-10')
set identity_insert dbo.price_levels off


set identity_insert dbo.conference_days on
insert into dbo.conference_days (conference_day_id, conference_id, date, attendees_day_max) values (163, 58, '2017-12-01', 250), (164, 58, '2017-12-02', 367), (165, 58, '2017-12-03', 314), (166, 58, '2017-12-04', 309)
set identity_insert dbo.conference_days off


set identity_insert dbo.price_levels on
insert into dbo.price_levels (price_level_id, conference_id, discount, date_from) values (227,59,0.16666666666666666, '2017-11-27'), (228,59,0.3333333333333333, '2017-11-20'), (229,59,0.5, '2017-11-13'), (230,59,0.6666666666666666, '2017-11-06'), (231,59,0.8333333333333333, '2017-10-30')
set identity_insert dbo.price_levels off


set identity_insert dbo.conference_days on
insert into dbo.conference_days (conference_day_id, conference_id, date, attendees_day_max) values (167, 59, '2017-12-04', 337), (168, 59, '2017-12-05', 184)
set identity_insert dbo.conference_days off


set identity_insert dbo.price_levels on
insert into dbo.price_levels (price_level_id, conference_id, discount, date_from) values (232,60,0.25, '2018-02-04'), (233,60,0.5, '2018-01-28'), (234,60,0.75, '2018-01-21')
set identity_insert dbo.price_levels off


set identity_insert dbo.conference_days on
insert into dbo.conference_days (conference_day_id, conference_id, date, attendees_day_max) values (169, 60, '2018-02-11', 136), (170, 60, '2018-02-12', 499), (171, 60, '2018-02-13', 301)
set identity_insert dbo.conference_days off


set identity_insert dbo.price_levels on
insert into dbo.price_levels (price_level_id, conference_id, discount, date_from) values (235,61,0.16666666666666666, '2017-12-05'), (236,61,0.3333333333333333, '2017-11-28'), (237,61,0.5, '2017-11-21'), (238,61,0.6666666666666666, '2017-11-14'), (239,61,0.8333333333333333, '2017-11-07')
set identity_insert dbo.price_levels off


set identity_insert dbo.conference_days on
insert into dbo.conference_days (conference_day_id, conference_id, date, attendees_day_max) values (172, 61, '2017-12-12', 277), (173, 61, '2017-12-13', 380), (174, 61, '2017-12-14', 225), (175, 61, '2017-12-15', 483)
set identity_insert dbo.conference_days off


set identity_insert dbo.price_levels on
insert into dbo.price_levels (price_level_id, conference_id, discount, date_from) values (240,62,0.2, '2019-10-30'), (241,62,0.4, '2019-10-23'), (242,62,0.6000000000000001, '2019-10-16'), (243,62,0.8, '2019-10-09')
set identity_insert dbo.price_levels off


set identity_insert dbo.conference_days on
insert into dbo.conference_days (conference_day_id, conference_id, date, attendees_day_max) values (176, 62, '2019-11-06', 320), (177, 62, '2019-11-07', 194)
set identity_insert dbo.conference_days off


set identity_insert dbo.price_levels on
insert into dbo.price_levels (price_level_id, conference_id, discount, date_from) values (244,63,0.5, '2018-04-10')
set identity_insert dbo.price_levels off


set identity_insert dbo.conference_days on
insert into dbo.conference_days (conference_day_id, conference_id, date, attendees_day_max) values (178, 63, '2018-04-17', 329), (179, 63, '2018-04-18', 422)
set identity_insert dbo.conference_days off


set identity_insert dbo.price_levels on
insert into dbo.price_levels (price_level_id, conference_id, discount, date_from) values (245,64,0.25, '2018-01-29'), (246,64,0.5, '2018-01-22'), (247,64,0.75, '2018-01-15')
set identity_insert dbo.price_levels off


set identity_insert dbo.conference_days on
insert into dbo.conference_days (conference_day_id, conference_id, date, attendees_day_max) values (180, 64, '2018-02-05', 484), (181, 64, '2018-02-06', 369)
set identity_insert dbo.conference_days off


set identity_insert dbo.price_levels on
insert into dbo.price_levels (price_level_id, conference_id, discount, date_from) values (248,65,0.125, '2017-04-25'), (249,65,0.25, '2017-04-18'), (250,65,0.375, '2017-04-11'), (251,65,0.5, '2017-04-04'), (252,65,0.625, '2017-03-28'), (253,65,0.75, '2017-03-21'), (254,65,0.875, '2017-03-14')
set identity_insert dbo.price_levels off


set identity_insert dbo.conference_days on
insert into dbo.conference_days (conference_day_id, conference_id, date, attendees_day_max) values (182, 65, '2017-05-02', 311)
set identity_insert dbo.conference_days off


set identity_insert dbo.price_levels on
insert into dbo.price_levels (price_level_id, conference_id, discount, date_from) values (255,66,0.2, '2019-02-05'), (256,66,0.4, '2019-01-29'), (257,66,0.6000000000000001, '2019-01-22'), (258,66,0.8, '2019-01-15')
set identity_insert dbo.price_levels off


set identity_insert dbo.conference_days on
insert into dbo.conference_days (conference_day_id, conference_id, date, attendees_day_max) values (183, 66, '2019-02-12', 467), (184, 66, '2019-02-13', 127), (185, 66, '2019-02-14', 290), (186, 66, '2019-02-15', 207)
set identity_insert dbo.conference_days off


set identity_insert dbo.price_levels on
insert into dbo.price_levels (price_level_id, conference_id, discount, date_from) values (259,67,0.3333333333333333, '2018-07-08'), (260,67,0.6666666666666666, '2018-07-01')
set identity_insert dbo.price_levels off


set identity_insert dbo.conference_days on
insert into dbo.conference_days (conference_day_id, conference_id, date, attendees_day_max) values (187, 67, '2018-07-15', 372)
set identity_insert dbo.conference_days off


set identity_insert dbo.price_levels on
insert into dbo.price_levels (price_level_id, conference_id, discount, date_from) values (261,68,0.2, '2019-11-01'), (262,68,0.4, '2019-10-25'), (263,68,0.6000000000000001, '2019-10-18'), (264,68,0.8, '2019-10-11')
set identity_insert dbo.price_levels off


set identity_insert dbo.conference_days on
insert into dbo.conference_days (conference_day_id, conference_id, date, attendees_day_max) values (188, 68, '2019-11-08', 149), (189, 68, '2019-11-09', 455), (190, 68, '2019-11-10', 137), (191, 68, '2019-11-11', 343), (192, 68, '2019-11-12', 418)
set identity_insert dbo.conference_days off


set identity_insert dbo.price_levels on
insert into dbo.price_levels (price_level_id, conference_id, discount, date_from) values (265,69,0.16666666666666666, '2018-11-12'), (266,69,0.3333333333333333, '2018-11-05'), (267,69,0.5, '2018-10-29'), (268,69,0.6666666666666666, '2018-10-22'), (269,69,0.8333333333333333, '2018-10-15')
set identity_insert dbo.price_levels off


set identity_insert dbo.conference_days on
insert into dbo.conference_days (conference_day_id, conference_id, date, attendees_day_max) values (193, 69, '2018-11-19', 121), (194, 69, '2018-11-20', 399), (195, 69, '2018-11-21', 226), (196, 69, '2018-11-22', 332), (197, 69, '2018-11-23', 167)
set identity_insert dbo.conference_days off


set identity_insert dbo.price_levels on
insert into dbo.price_levels (price_level_id, conference_id, discount, date_from) values (270,70,0.16666666666666666, '2018-04-03'), (271,70,0.3333333333333333, '2018-03-27'), (272,70,0.5, '2018-03-20'), (273,70,0.6666666666666666, '2018-03-13'), (274,70,0.8333333333333333, '2018-03-06')
set identity_insert dbo.price_levels off


set identity_insert dbo.conference_days on
insert into dbo.conference_days (conference_day_id, conference_id, date, attendees_day_max) values (198, 70, '2018-04-10', 358), (199, 70, '2018-04-11', 112)
set identity_insert dbo.conference_days off


set identity_insert dbo.price_levels on
insert into dbo.price_levels (price_level_id, conference_id, discount, date_from) values (275,71,0.3333333333333333, '2018-03-11'), (276,71,0.6666666666666666, '2018-03-04')
set identity_insert dbo.price_levels off


set identity_insert dbo.conference_days on
insert into dbo.conference_days (conference_day_id, conference_id, date, attendees_day_max) values (200, 71, '2018-03-18', 479), (201, 71, '2018-03-19', 225), (202, 71, '2018-03-20', 296), (203, 71, '2018-03-21', 155)
set identity_insert dbo.conference_days off


set identity_insert dbo.price_levels on
insert into dbo.price_levels (price_level_id, conference_id, discount, date_from) values (277,72,0.25, '2017-03-25'), (278,72,0.5, '2017-03-18'), (279,72,0.75, '2017-03-11')
set identity_insert dbo.price_levels off


set identity_insert dbo.conference_days on
insert into dbo.conference_days (conference_day_id, conference_id, date, attendees_day_max) values (204, 72, '2017-04-01', 439), (205, 72, '2017-04-02', 392), (206, 72, '2017-04-03', 323), (207, 72, '2017-04-04', 114), (208, 72, '2017-04-05', 371)
set identity_insert dbo.conference_days off


set identity_insert dbo.price_levels on
insert into dbo.price_levels (price_level_id, conference_id, discount, date_from) values (280,73,0.5, '2018-03-27')
set identity_insert dbo.price_levels off


set identity_insert dbo.conference_days on
insert into dbo.conference_days (conference_day_id, conference_id, date, attendees_day_max) values (209, 73, '2018-04-03', 126), (210, 73, '2018-04-04', 455), (211, 73, '2018-04-05', 382), (212, 73, '2018-04-06', 284), (213, 73, '2018-04-07', 119)
set identity_insert dbo.conference_days off


set identity_insert dbo.price_levels on
insert into dbo.price_levels (price_level_id, conference_id, discount, date_from) values (281,74,0.16666666666666666, '2018-12-16'), (282,74,0.3333333333333333, '2018-12-09'), (283,74,0.5, '2018-12-02'), (284,74,0.6666666666666666, '2018-11-25'), (285,74,0.8333333333333333, '2018-11-18')
set identity_insert dbo.price_levels off


set identity_insert dbo.conference_days on
insert into dbo.conference_days (conference_day_id, conference_id, date, attendees_day_max) values (214, 74, '2018-12-23', 178), (215, 74, '2018-12-24', 401)
set identity_insert dbo.conference_days off


set identity_insert dbo.price_levels on
insert into dbo.price_levels (price_level_id, conference_id, discount, date_from) values (286,75,0.25, '2017-11-08'), (287,75,0.5, '2017-11-01'), (288,75,0.75, '2017-10-25')
set identity_insert dbo.price_levels off


set identity_insert dbo.conference_days on
insert into dbo.conference_days (conference_day_id, conference_id, date, attendees_day_max) values (216, 75, '2017-11-15', 169), (217, 75, '2017-11-16', 199), (218, 75, '2017-11-17', 184), (219, 75, '2017-11-18', 265)
set identity_insert dbo.conference_days off


set identity_insert dbo.price_levels on
insert into dbo.price_levels (price_level_id, conference_id, discount, date_from) values (289,76,0.3333333333333333, '2018-02-15'), (290,76,0.6666666666666666, '2018-02-08')
set identity_insert dbo.price_levels off


set identity_insert dbo.conference_days on
insert into dbo.conference_days (conference_day_id, conference_id, date, attendees_day_max) values (220, 76, '2018-02-22', 217), (221, 76, '2018-02-23', 483), (222, 76, '2018-02-24', 133), (223, 76, '2018-02-25', 368)
set identity_insert dbo.conference_days off


set identity_insert dbo.price_levels on
insert into dbo.price_levels (price_level_id, conference_id, discount, date_from) values (291,77,0.125, '2019-03-14'), (292,77,0.25, '2019-03-07'), (293,77,0.375, '2019-02-28'), (294,77,0.5, '2019-02-21'), (295,77,0.625, '2019-02-14'), (296,77,0.75, '2019-02-07'), (297,77,0.875, '2019-01-31')
set identity_insert dbo.price_levels off


set identity_insert dbo.conference_days on
insert into dbo.conference_days (conference_day_id, conference_id, date, attendees_day_max) values (224, 77, '2019-03-21', 423)
set identity_insert dbo.conference_days off


set identity_insert dbo.price_levels on
insert into dbo.price_levels (price_level_id, conference_id, discount, date_from) values (298,78,0.16666666666666666, '2017-01-15'), (299,78,0.3333333333333333, '2017-01-08'), (300,78,0.5, '2017-01-01'), (301,78,0.6666666666666666, '2016-12-25'), (302,78,0.8333333333333333, '2016-12-18')
set identity_insert dbo.price_levels off


set identity_insert dbo.conference_days on
insert into dbo.conference_days (conference_day_id, conference_id, date, attendees_day_max) values (225, 78, '2017-01-22', 476), (226, 78, '2017-01-23', 481), (227, 78, '2017-01-24', 372), (228, 78, '2017-01-25', 111), (229, 78, '2017-01-26', 298)
set identity_insert dbo.conference_days off


set identity_insert dbo.price_levels on
insert into dbo.price_levels (price_level_id, conference_id, discount, date_from) values (303,79,0.3333333333333333, '2019-05-08'), (304,79,0.6666666666666666, '2019-05-01')
set identity_insert dbo.price_levels off


set identity_insert dbo.conference_days on
insert into dbo.conference_days (conference_day_id, conference_id, date, attendees_day_max) values (230, 79, '2019-05-15', 260)
set identity_insert dbo.conference_days off


set identity_insert dbo.price_levels on
insert into dbo.price_levels (price_level_id, conference_id, discount, date_from) values (305,80,0.2, '2018-01-03'), (306,80,0.4, '2017-12-27'), (307,80,0.6000000000000001, '2017-12-20'), (308,80,0.8, '2017-12-13')
set identity_insert dbo.price_levels off


set identity_insert dbo.conference_days on
insert into dbo.conference_days (conference_day_id, conference_id, date, attendees_day_max) values (231, 80, '2018-01-10', 305), (232, 80, '2018-01-11', 269)
set identity_insert dbo.conference_days off


set identity_insert dbo.price_levels on
insert into dbo.price_levels (price_level_id, conference_id, discount, date_from) values (309,81,0.14285714285714285, '2018-12-30'), (310,81,0.2857142857142857, '2018-12-23'), (311,81,0.42857142857142855, '2018-12-16'), (312,81,0.5714285714285714, '2018-12-09'), (313,81,0.7142857142857142, '2018-12-02'), (314,81,0.857142857142857, '2018-11-25')
set identity_insert dbo.price_levels off


set identity_insert dbo.conference_days on
insert into dbo.conference_days (conference_day_id, conference_id, date, attendees_day_max) values (233, 81, '2019-01-06', 376)
set identity_insert dbo.conference_days off


set identity_insert dbo.price_levels on
insert into dbo.price_levels (price_level_id, conference_id, discount, date_from) values (315,82,0.25, '2018-05-12'), (316,82,0.5, '2018-05-05'), (317,82,0.75, '2018-04-28')
set identity_insert dbo.price_levels off


set identity_insert dbo.conference_days on
insert into dbo.conference_days (conference_day_id, conference_id, date, attendees_day_max) values (234, 82, '2018-05-19', 347), (235, 82, '2018-05-20', 380), (236, 82, '2018-05-21', 328)
set identity_insert dbo.conference_days off


set identity_insert dbo.price_levels on
insert into dbo.price_levels (price_level_id, conference_id, discount, date_from) values (318,83,0.3333333333333333, '2018-05-21'), (319,83,0.6666666666666666, '2018-05-14')
set identity_insert dbo.price_levels off


set identity_insert dbo.conference_days on
insert into dbo.conference_days (conference_day_id, conference_id, date, attendees_day_max) values (237, 83, '2018-05-28', 474), (238, 83, '2018-05-29', 400), (239, 83, '2018-05-30', 463), (240, 83, '2018-05-31', 242), (241, 83, '2018-06-01', 175)
set identity_insert dbo.conference_days off


set identity_insert dbo.price_levels on
insert into dbo.price_levels (price_level_id, conference_id, discount, date_from) values (320,84,0.5, '2017-08-27')
set identity_insert dbo.price_levels off


set identity_insert dbo.conference_days on
insert into dbo.conference_days (conference_day_id, conference_id, date, attendees_day_max) values (242, 84, '2017-09-03', 373), (243, 84, '2017-09-04', 177), (244, 84, '2017-09-05', 314), (245, 84, '2017-09-06', 355)
set identity_insert dbo.conference_days off


set identity_insert dbo.price_levels on
insert into dbo.price_levels (price_level_id, conference_id, discount, date_from) values (321,85,0.25, '2017-02-25'), (322,85,0.5, '2017-02-18'), (323,85,0.75, '2017-02-11')
set identity_insert dbo.price_levels off


set identity_insert dbo.conference_days on
insert into dbo.conference_days (conference_day_id, conference_id, date, attendees_day_max) values (246, 85, '2017-03-04', 267), (247, 85, '2017-03-05', 162)
set identity_insert dbo.conference_days off


set identity_insert dbo.price_levels on
insert into dbo.price_levels (price_level_id, conference_id, discount, date_from) values (324,86,0.5, '2018-11-05')
set identity_insert dbo.price_levels off


set identity_insert dbo.conference_days on
insert into dbo.conference_days (conference_day_id, conference_id, date, attendees_day_max) values (248, 86, '2018-11-12', 280), (249, 86, '2018-11-13', 380), (250, 86, '2018-11-14', 281), (251, 86, '2018-11-15', 265), (252, 86, '2018-11-16', 100)
set identity_insert dbo.conference_days off


set identity_insert dbo.price_levels on
insert into dbo.price_levels (price_level_id, conference_id, discount, date_from) values (325,87,0.25, '2019-10-26'), (326,87,0.5, '2019-10-19'), (327,87,0.75, '2019-10-12')
set identity_insert dbo.price_levels off


set identity_insert dbo.conference_days on
insert into dbo.conference_days (conference_day_id, conference_id, date, attendees_day_max) values (253, 87, '2019-11-02', 252), (254, 87, '2019-11-03', 218), (255, 87, '2019-11-04', 489)
set identity_insert dbo.conference_days off


set identity_insert dbo.price_levels on
insert into dbo.price_levels (price_level_id, conference_id, discount, date_from) values (328,88,0.16666666666666666, '2018-01-09'), (329,88,0.3333333333333333, '2018-01-02'), (330,88,0.5, '2017-12-26'), (331,88,0.6666666666666666, '2017-12-19'), (332,88,0.8333333333333333, '2017-12-12')
set identity_insert dbo.price_levels off


set identity_insert dbo.conference_days on
insert into dbo.conference_days (conference_day_id, conference_id, date, attendees_day_max) values (256, 88, '2018-01-16', 142)
set identity_insert dbo.conference_days off


set identity_insert dbo.price_levels on
insert into dbo.price_levels (price_level_id, conference_id, discount, date_from) values (333,89,0.5, '2018-05-15')
set identity_insert dbo.price_levels off


set identity_insert dbo.conference_days on
insert into dbo.conference_days (conference_day_id, conference_id, date, attendees_day_max) values (257, 89, '2018-05-22', 351), (258, 89, '2018-05-23', 274), (259, 89, '2018-05-24', 494), (260, 89, '2018-05-25', 303), (261, 89, '2018-05-26', 111)
set identity_insert dbo.conference_days off


set identity_insert dbo.price_levels on
insert into dbo.price_levels (price_level_id, conference_id, discount, date_from) values (334,90,0.14285714285714285, '2017-06-10'), (335,90,0.2857142857142857, '2017-06-03'), (336,90,0.42857142857142855, '2017-05-27'), (337,90,0.5714285714285714, '2017-05-20'), (338,90,0.7142857142857142, '2017-05-13'), (339,90,0.857142857142857, '2017-05-06')
set identity_insert dbo.price_levels off


set identity_insert dbo.conference_days on
insert into dbo.conference_days (conference_day_id, conference_id, date, attendees_day_max) values (262, 90, '2017-06-17', 163), (263, 90, '2017-06-18', 438), (264, 90, '2017-06-19', 170)
set identity_insert dbo.conference_days off


set identity_insert dbo.price_levels on
insert into dbo.price_levels (price_level_id, conference_id, discount, date_from) values (340,91,0.2, '2018-04-07'), (341,91,0.4, '2018-03-31'), (342,91,0.6000000000000001, '2018-03-24'), (343,91,0.8, '2018-03-17')
set identity_insert dbo.price_levels off


set identity_insert dbo.conference_days on
insert into dbo.conference_days (conference_day_id, conference_id, date, attendees_day_max) values (265, 91, '2018-04-14', 247), (266, 91, '2018-04-15', 223)
set identity_insert dbo.conference_days off


set identity_insert dbo.price_levels on
insert into dbo.price_levels (price_level_id, conference_id, discount, date_from) values (344,92,0.125, '2019-07-31'), (345,92,0.25, '2019-07-24'), (346,92,0.375, '2019-07-17'), (347,92,0.5, '2019-07-10'), (348,92,0.625, '2019-07-03'), (349,92,0.75, '2019-06-26'), (350,92,0.875, '2019-06-19')
set identity_insert dbo.price_levels off


set identity_insert dbo.conference_days on
insert into dbo.conference_days (conference_day_id, conference_id, date, attendees_day_max) values (267, 92, '2019-08-07', 222)
set identity_insert dbo.conference_days off


set identity_insert dbo.price_levels on
insert into dbo.price_levels (price_level_id, conference_id, discount, date_from) values (351,93,0.16666666666666666, '2017-10-30'), (352,93,0.3333333333333333, '2017-10-23'), (353,93,0.5, '2017-10-16'), (354,93,0.6666666666666666, '2017-10-09'), (355,93,0.8333333333333333, '2017-10-02')
set identity_insert dbo.price_levels off


set identity_insert dbo.conference_days on
insert into dbo.conference_days (conference_day_id, conference_id, date, attendees_day_max) values (268, 93, '2017-11-06', 181), (269, 93, '2017-11-07', 289), (270, 93, '2017-11-08', 295)
set identity_insert dbo.conference_days off


set identity_insert dbo.price_levels on
insert into dbo.price_levels (price_level_id, conference_id, discount, date_from) values (356,94,0.14285714285714285, '2017-10-11'), (357,94,0.2857142857142857, '2017-10-04'), (358,94,0.42857142857142855, '2017-09-27'), (359,94,0.5714285714285714, '2017-09-20'), (360,94,0.7142857142857142, '2017-09-13'), (361,94,0.857142857142857, '2017-09-06')
set identity_insert dbo.price_levels off


set identity_insert dbo.conference_days on
insert into dbo.conference_days (conference_day_id, conference_id, date, attendees_day_max) values (271, 94, '2017-10-18', 104), (272, 94, '2017-10-19', 398), (273, 94, '2017-10-20', 317), (274, 94, '2017-10-21', 388), (275, 94, '2017-10-22', 410)
set identity_insert dbo.conference_days off


set identity_insert dbo.price_levels on
insert into dbo.price_levels (price_level_id, conference_id, discount, date_from) values (362,95,0.125, '2017-05-18'), (363,95,0.25, '2017-05-11'), (364,95,0.375, '2017-05-04'), (365,95,0.5, '2017-04-27'), (366,95,0.625, '2017-04-20'), (367,95,0.75, '2017-04-13'), (368,95,0.875, '2017-04-06')
set identity_insert dbo.price_levels off


set identity_insert dbo.conference_days on
insert into dbo.conference_days (conference_day_id, conference_id, date, attendees_day_max) values (276, 95, '2017-05-25', 265), (277, 95, '2017-05-26', 179), (278, 95, '2017-05-27', 461), (279, 95, '2017-05-28', 255)
set identity_insert dbo.conference_days off


set identity_insert dbo.price_levels on
insert into dbo.price_levels (price_level_id, conference_id, discount, date_from) values (369,96,0.5, '2019-12-07')
set identity_insert dbo.price_levels off


set identity_insert dbo.conference_days on
insert into dbo.conference_days (conference_day_id, conference_id, date, attendees_day_max) values (280, 96, '2019-12-14', 411)
set identity_insert dbo.conference_days off


set identity_insert dbo.price_levels on
insert into dbo.price_levels (price_level_id, conference_id, discount, date_from) values (370,97,0.25, '2017-03-27'), (371,97,0.5, '2017-03-20'), (372,97,0.75, '2017-03-13')
set identity_insert dbo.price_levels off


set identity_insert dbo.conference_days on
insert into dbo.conference_days (conference_day_id, conference_id, date, attendees_day_max) values (281, 97, '2017-04-03', 259), (282, 97, '2017-04-04', 376)
set identity_insert dbo.conference_days off


set identity_insert dbo.price_levels on
insert into dbo.price_levels (price_level_id, conference_id, discount, date_from) values (373,98,0.2, '2019-12-07'), (374,98,0.4, '2019-11-30'), (375,98,0.6000000000000001, '2019-11-23'), (376,98,0.8, '2019-11-16')
set identity_insert dbo.price_levels off


set identity_insert dbo.conference_days on
insert into dbo.conference_days (conference_day_id, conference_id, date, attendees_day_max) values (283, 98, '2019-12-14', 246)
set identity_insert dbo.conference_days off


set identity_insert dbo.price_levels on
insert into dbo.price_levels (price_level_id, conference_id, discount, date_from) values (377,99,0.5, '2017-09-18')
set identity_insert dbo.price_levels off


set identity_insert dbo.conference_days on
insert into dbo.conference_days (conference_day_id, conference_id, date, attendees_day_max) values (284, 99, '2017-09-25', 108), (285, 99, '2017-09-26', 390)
set identity_insert dbo.conference_days off


set identity_insert dbo.price_levels on
insert into dbo.price_levels (price_level_id, conference_id, discount, date_from) values (378,100,0.125, '2018-11-16'), (379,100,0.25, '2018-11-09'), (380,100,0.375, '2018-11-02'), (381,100,0.5, '2018-10-26'), (382,100,0.625, '2018-10-19'), (383,100,0.75, '2018-10-12'), (384,100,0.875, '2018-10-05')
set identity_insert dbo.price_levels off


set identity_insert dbo.conference_days on
insert into dbo.conference_days (conference_day_id, conference_id, date, attendees_day_max) values (286, 100, '2018-11-23', 457), (287, 100, '2018-11-24', 446)
set identity_insert dbo.conference_days off


set identity_insert dbo.customers on
insert into dbo.customers (customer_id, phone_number, email_address) values (1, '+27169283', 'recognizecompany@agh.edu.pl')

set identity_insert dbo.customers off

set identity_insert dbo.companies on
insert into dbo.companies (company_id, company_name, customer_id) values (1, 'Recognize Company', 1)
set identity_insert dbo.companies off


set identity_insert dbo.customers on
insert into dbo.customers (customer_id, phone_number, email_address) values (2, '+8978629270', 'waste@yahoo.com')

set identity_insert dbo.customers off

set identity_insert dbo.companies on
insert into dbo.companies (company_id, company_name, customer_id) values (2, 'Waste', 2)
set identity_insert dbo.companies off


set identity_insert dbo.customers on
insert into dbo.customers (customer_id, phone_number, email_address) values (3, '9330142954', 'any@gmail.com')

set identity_insert dbo.customers off

set identity_insert dbo.companies on
insert into dbo.companies (company_id, company_name, customer_id) values (3, 'Any', 3)
set identity_insert dbo.companies off


set identity_insert dbo.customers on
insert into dbo.customers (customer_id, phone_number, email_address) values (4, '+7258081379', 'maybellehyacintha@gmail.com')

set identity_insert dbo.customers off

set identity_insert dbo.individual_customers on
insert into dbo.individual_customers (individual_customer_id, first_name, last_name, customer_id) values (1, 'Maybelle', 'Hyacintha', 4)
set identity_insert dbo.individual_customers off


set identity_insert dbo.customers on
insert into dbo.customers (customer_id, phone_number, email_address) values (5, '+638450889', 'allyngarceau@yahoo.com')

set identity_insert dbo.customers off

set identity_insert dbo.individual_customers on
insert into dbo.individual_customers (individual_customer_id, first_name, last_name, customer_id) values (2, 'Allyn', 'Garceau', 5)
set identity_insert dbo.individual_customers off


set identity_insert dbo.customers on
insert into dbo.customers (customer_id, phone_number, email_address) values (6, '+975246442', 'tomorrowcompany@yahoo.com')

set identity_insert dbo.customers off

set identity_insert dbo.companies on
insert into dbo.companies (company_id, company_name, customer_id) values (4, 'Tomorrow Company', 6)
set identity_insert dbo.companies off


set identity_insert dbo.customers on
insert into dbo.customers (customer_id, phone_number, email_address) values (7, '+50988727', 'mabelemanuele@yahoo.com')

set identity_insert dbo.customers off

set identity_insert dbo.individual_customers on
insert into dbo.individual_customers (individual_customer_id, first_name, last_name, customer_id) values (3, 'Mabel', 'Emanuele', 7)
set identity_insert dbo.individual_customers off


set identity_insert dbo.customers on
insert into dbo.customers (customer_id, phone_number, email_address) values (8, '+484521688', 'katigrunberg@agh.edu.pl')

set identity_insert dbo.customers off

set identity_insert dbo.individual_customers on
insert into dbo.individual_customers (individual_customer_id, first_name, last_name, customer_id) values (4, 'Kati', 'Grunberg', 8)
set identity_insert dbo.individual_customers off


set identity_insert dbo.customers on
insert into dbo.customers (customer_id, phone_number, email_address) values (9, '+038782538', 'lucindastannwood@agh.edu.pl')

set identity_insert dbo.customers off

set identity_insert dbo.individual_customers on
insert into dbo.individual_customers (individual_customer_id, first_name, last_name, customer_id) values (5, 'Lucinda', 'Stannwood', 9)
set identity_insert dbo.individual_customers off


set identity_insert dbo.customers on
insert into dbo.customers (customer_id, phone_number, email_address) values (10, '+923579126', 'myrahmissy@yahoo.com')

set identity_insert dbo.customers off

set identity_insert dbo.individual_customers on
insert into dbo.individual_customers (individual_customer_id, first_name, last_name, customer_id) values (6, 'Myrah', 'Missy', 10)
set identity_insert dbo.individual_customers off


set identity_insert dbo.customers on
insert into dbo.customers (customer_id, phone_number, email_address) values (11, '8728897411', 'outenterprise@yahoo.com')

set identity_insert dbo.customers off

set identity_insert dbo.companies on
insert into dbo.companies (company_id, company_name, customer_id) values (5, 'Out Enterprise', 11)
set identity_insert dbo.companies off


set identity_insert dbo.customers on
insert into dbo.customers (customer_id, phone_number, email_address) values (12, '28202059', 'astraberk@yahoo.com')

set identity_insert dbo.customers off

set identity_insert dbo.individual_customers on
insert into dbo.individual_customers (individual_customer_id, first_name, last_name, customer_id) values (7, 'Astra', 'Berk', 12)
set identity_insert dbo.individual_customers off


set identity_insert dbo.customers on
insert into dbo.customers (customer_id, phone_number, email_address) values (13, '+61875633', 'lottamyrtie@agh.edu.pl')

set identity_insert dbo.customers off

set identity_insert dbo.individual_customers on
insert into dbo.individual_customers (individual_customer_id, first_name, last_name, customer_id) values (8, 'Lotta', 'Myrtie', 13)
set identity_insert dbo.individual_customers off


set identity_insert dbo.customers on
insert into dbo.customers (customer_id, phone_number, email_address) values (14, '+7023774153', 'naomihereld@gmail.com')

set identity_insert dbo.customers off

set identity_insert dbo.individual_customers on
insert into dbo.individual_customers (individual_customer_id, first_name, last_name, customer_id) values (9, 'Naomi', 'Hereld', 14)
set identity_insert dbo.individual_customers off


set identity_insert dbo.customers on
insert into dbo.customers (customer_id, phone_number, email_address) values (15, '+85622872', 'sleepenterprise@yahoo.com')

set identity_insert dbo.customers off

set identity_insert dbo.companies on
insert into dbo.companies (company_id, company_name, customer_id) values (6, 'Sleep Enterprise', 15)
set identity_insert dbo.companies off


set identity_insert dbo.customers on
insert into dbo.customers (customer_id, phone_number, email_address) values (16, '95615037', 'girlcompany@agh.edu.pl')

set identity_insert dbo.customers off

set identity_insert dbo.companies on
insert into dbo.companies (company_id, company_name, customer_id) values (7, 'Girl Company', 16)
set identity_insert dbo.companies off


set identity_insert dbo.customers on
insert into dbo.customers (customer_id, phone_number, email_address) values (17, '+077395797', 'chapcompany@yahoo.com')

set identity_insert dbo.customers off

set identity_insert dbo.companies on
insert into dbo.companies (company_id, company_name, customer_id) values (8, 'Chap Company', 17)
set identity_insert dbo.companies off


set identity_insert dbo.customers on
insert into dbo.customers (customer_id, phone_number, email_address) values (18, '80287784', 'present@yahoo.com')

set identity_insert dbo.customers off

set identity_insert dbo.companies on
insert into dbo.companies (company_id, company_name, customer_id) values (9, 'Present', 18)
set identity_insert dbo.companies off


set identity_insert dbo.customers on
insert into dbo.customers (customer_id, phone_number, email_address) values (19, '+3451581089', 'loutitiaskier@agh.edu.pl')

set identity_insert dbo.customers off

set identity_insert dbo.individual_customers on
insert into dbo.individual_customers (individual_customer_id, first_name, last_name, customer_id) values (10, 'Loutitia', 'Skier', 19)
set identity_insert dbo.individual_customers off


set identity_insert dbo.customers on
insert into dbo.customers (customer_id, phone_number, email_address) values (20, '+5107055845', 'aynkristie@gmail.com')

set identity_insert dbo.customers off

set identity_insert dbo.individual_customers on
insert into dbo.individual_customers (individual_customer_id, first_name, last_name, customer_id) values (11, 'Ayn', 'Kristie', 20)
set identity_insert dbo.individual_customers off


set identity_insert dbo.customers on
insert into dbo.customers (customer_id, phone_number, email_address) values (21, '+68393216', 'zandramatthus@agh.edu.pl')

set identity_insert dbo.customers off

set identity_insert dbo.individual_customers on
insert into dbo.individual_customers (individual_customer_id, first_name, last_name, customer_id) values (12, 'Zandra', 'Matthus', 21)
set identity_insert dbo.individual_customers off


set identity_insert dbo.customers on
insert into dbo.customers (customer_id, phone_number, email_address) values (22, '37801995', 'ablecompany@yahoo.com')

set identity_insert dbo.customers off

set identity_insert dbo.companies on
insert into dbo.companies (company_id, company_name, customer_id) values (10, 'Able Company', 22)
set identity_insert dbo.companies off


set identity_insert dbo.customers on
insert into dbo.customers (customer_id, phone_number, email_address) values (23, '37963889', 'issiealdon@yahoo.com')

set identity_insert dbo.customers off

set identity_insert dbo.individual_customers on
insert into dbo.individual_customers (individual_customer_id, first_name, last_name, customer_id) values (13, 'Issie', 'Aldon', 23)
set identity_insert dbo.individual_customers off


set identity_insert dbo.customers on
insert into dbo.customers (customer_id, phone_number, email_address) values (24, '+43782564', 'phaidraannabel@agh.edu.pl')

set identity_insert dbo.customers off

set identity_insert dbo.individual_customers on
insert into dbo.individual_customers (individual_customer_id, first_name, last_name, customer_id) values (14, 'Phaidra', 'Annabel', 24)
set identity_insert dbo.individual_customers off


set identity_insert dbo.customers on
insert into dbo.customers (customer_id, phone_number, email_address) values (25, '+045201789', 'detailcompany@agh.edu.pl')

set identity_insert dbo.customers off

set identity_insert dbo.companies on
insert into dbo.companies (company_id, company_name, customer_id) values (11, 'Detail Company', 25)
set identity_insert dbo.companies off


set identity_insert dbo.customers on
insert into dbo.customers (customer_id, phone_number, email_address) values (26, '5966765817', 'flomalcah@agh.edu.pl')

set identity_insert dbo.customers off

set identity_insert dbo.individual_customers on
insert into dbo.individual_customers (individual_customer_id, first_name, last_name, customer_id) values (15, 'Flo', 'Malcah', 26)
set identity_insert dbo.individual_customers off


set identity_insert dbo.customers on
insert into dbo.customers (customer_id, phone_number, email_address) values (27, '694807905', 'clock@yahoo.com')

set identity_insert dbo.customers off

set identity_insert dbo.companies on
insert into dbo.companies (company_id, company_name, customer_id) values (12, 'Clock', 27)
set identity_insert dbo.companies off


set identity_insert dbo.customers on
insert into dbo.customers (customer_id, phone_number, email_address) values (28, '472609358', 'gladkiersten@gmail.com')

set identity_insert dbo.customers off

set identity_insert dbo.individual_customers on
insert into dbo.individual_customers (individual_customer_id, first_name, last_name, customer_id) values (16, 'Glad', 'Kiersten', 28)
set identity_insert dbo.individual_customers off


set identity_insert dbo.customers on
insert into dbo.customers (customer_id, phone_number, email_address) values (29, '802811904', 'backenterprise@gmail.com')

set identity_insert dbo.customers off

set identity_insert dbo.companies on
insert into dbo.companies (company_id, company_name, customer_id) values (13, 'Back Enterprise', 29)
set identity_insert dbo.companies off


set identity_insert dbo.customers on
insert into dbo.customers (customer_id, phone_number, email_address) values (30, '4467416270', 'fanmaroney@gmail.com')

set identity_insert dbo.customers off

set identity_insert dbo.individual_customers on
insert into dbo.individual_customers (individual_customer_id, first_name, last_name, customer_id) values (17, 'Fan', 'Maroney', 30)
set identity_insert dbo.individual_customers off

set identity_insert dbo.workshops on
insert into dbo.workshops (workshop_id, conference_day_id, workshop_title, workshop_description, attendees_workshop_max, price, start_time, end_time) values (1, 1, 'Music Workshop', 'Really great workshop, you have to take part in.', 136, 13.72, '00:21:00', '01:21:00'), (2, 1, 'Mile Workshop', 'Really great workshop, you have to take part in.', 153, 72.12, '01:24:00', '02:24:00'), (3, 1, 'Rail Workshop', 'Really great workshop, you have to take part in.', 160, 11.99, '15:30:00', '17:30:00'), (4, 1, 'Twenty Workshop', 'Really great workshop, you have to take part in.', 176, 46.61, '17:55:00', '18:40:00'), (5, 1, 'Dress Workshop', 'Really great workshop, you have to take part in.', 36, 39.13, '00:52:00', '01:37:00'), (6, 1, 'Friend Workshop', 'Really great workshop, you have to take part in.', 18, 95.8, '06:50:00', '08:50:00'), (7, 2, 'Service Workshop', 'Really great workshop, you have to take part in.', 375, 56.99, '05:50:00', '06:35:00'), (8, 2, 'Waste Workshop', 'Really great workshop, you have to take part in.', 93, 71.74, '05:14:00', '06:14:00'), (9, 2, 'Love Workshop', 'Really great workshop, you have to take part in.', 384, 93.41, '12:03:00', '13:33:00'), (10, 2, 'Land Workshop', 'Really great workshop, you have to take part in.', 13, 30.49, '13:48:00', '15:48:00'), (11, 2, 'Clothe Workshop', 'Really great workshop, you have to take part in.', 105, 55.1, '02:53:00', '04:23:00'), (12, 2, 'Most Workshop', 'Really great workshop, you have to take part in.', 404, 85.02, '12:07:00', '13:37:00'), (13, 2, 'Improve Workshop', 'Really great workshop, you have to take part in.', 94, 32.38, '13:55:00', '14:55:00'), (14, 2, 'Hair Workshop', 'Really great workshop, you have to take part in.', 227, 98.13, '03:18:00', '05:18:00'), (15, 2, 'Cook Workshop', 'Really great workshop, you have to take part in.', 255, 91.09, '04:58:00', '05:43:00'), (16, 3, 'Per Workshop', 'Really great workshop, you have to take part in.', 106, 88.65, '03:31:00', '04:16:00'), (17, 3, 'Wear Workshop', 'Really great workshop, you have to take part in.', 207, 36.81, '14:26:00', '15:11:00'), (18, 3, 'Budget Workshop', 'Really great workshop, you have to take part in.', 71, 14.53, '13:22:00', '15:22:00'), (19, 4, 'Serious Workshop', 'Really great workshop, you have to take part in.', 52, 93.26, '10:24:00', '12:24:00'), (20, 4, 'Coffee Workshop', 'Really great workshop, you have to take part in.', 29, 14.35, '10:44:00', '12:44:00'), (21, 4, 'Foot Workshop', 'Really great workshop, you have to take part in.', 91, 80.6, '09:20:00', '10:50:00'), (22, 4, 'Pack Workshop', 'Really great workshop, you have to take part in.', 61, 60.32, '09:29:00', '10:29:00'), (23, 4, 'Between Workshop', 'Really great workshop, you have to take part in.', 10, 12.35, '18:20:00', '20:20:00'), (24, 4, 'Egg Workshop', 'Really great workshop, you have to take part in.', 66, 32.35, '15:45:00', '17:15:00'), (25, 5, 'Recommend Workshop', 'Really great workshop, you have to take part in.', 88, 11.42, '09:37:00', '11:07:00'), (26, 6, 'She Workshop', 'Really great workshop, you have to take part in.', 160, 76.96, '14:44:00', '15:29:00'), (27, 6, 'Cent Workshop', 'Really great workshop, you have to take part in.', 173, 56.71, '14:52:00', '15:52:00'), (28, 6, 'Two Workshop', 'Really great workshop, you have to take part in.', 86, 88.22, '15:02:00', '16:02:00'), (29, 6, 'Beauty Workshop', 'Really great workshop, you have to take part in.', 313, 13.54, '16:38:00', '17:23:00'), (30, 6, 'Serious Workshop', 'Really great workshop, you have to take part in.', 204, 11.2, '08:25:00', '09:55:00'), (31, 8, 'Which Workshop', 'Really great workshop, you have to take part in.', 120, 56.77, '11:16:00', '12:01:00'), (32, 8, 'Hold Workshop', 'Really great workshop, you have to take part in.', 175, 38.62, '07:45:00', '09:45:00'), (33, 8, 'Prepare Workshop', 'Really great workshop, you have to take part in.', 13, 89.69, '15:59:00', '16:44:00'), (34, 8, 'Record Workshop', 'Really great workshop, you have to take part in.', 393, 23.63, '20:36:00', '22:06:00'), (35, 9, 'Bus Workshop', 'Really great workshop, you have to take part in.', 76, 61.69, '17:12:00', '18:42:00'), (36, 9, 'Increase Workshop', 'Really great workshop, you have to take part in.', 70, 36.35, '19:16:00', '20:16:00'), (37, 9, 'Press Workshop', 'Really great workshop, you have to take part in.', 34, 31.19, '13:27:00', '14:12:00'), (38, 9, 'Poor Workshop', 'Really great workshop, you have to take part in.', 27, 99.26, '07:49:00', '09:19:00'), (39, 9, 'Reason Workshop', 'Really great workshop, you have to take part in.', 97, 81.9, '12:13:00', '14:13:00'), (40, 9, 'Ask Workshop', 'Really great workshop, you have to take part in.', 52, 95.44, '00:55:00', '01:40:00'), (41, 10, 'Large Workshop', 'Really great workshop, you have to take part in.', 127, 49.01, '00:56:00', '01:56:00'), (42, 10, 'Case Workshop', 'Really great workshop, you have to take part in.', 131, 31.97, '10:25:00', '12:25:00'), (43, 10, 'Proper Workshop', 'Really great workshop, you have to take part in.', 43, 57.89, '11:10:00', '12:40:00'), (44, 11, 'Whole Workshop', 'Really great workshop, you have to take part in.', 55, 90.07, '10:40:00', '11:25:00'), (45, 11, 'Offer Workshop', 'Really great workshop, you have to take part in.', 102, 68.98, '05:36:00', '06:36:00'), (46, 11, 'War Workshop', 'Really great workshop, you have to take part in.', 70, 83.0, '06:31:00', '08:31:00'), (47, 13, 'Thing Workshop', 'Really great workshop, you have to take part in.', 122, 59.38, '07:59:00', '08:59:00'), (48, 13, 'Lord Workshop', 'Really great workshop, you have to take part in.', 124, 84.46, '19:34:00', '20:19:00'), (49, 13, 'Long Workshop', 'Really great workshop, you have to take part in.', 107, 83.45, '13:54:00', '14:39:00'), (50, 13, 'Europe Workshop', 'Really great workshop, you have to take part in.', 43, 97.29, '17:33:00', '18:33:00'), (51, 13, 'Enough Workshop', 'Really great workshop, you have to take part in.', 98, 59.13, '02:37:00', '04:07:00'), (52, 13, 'Talk Workshop', 'Really great workshop, you have to take part in.', 106, 32.91, '07:29:00', '09:29:00'), (53, 13, 'Strategy Workshop', 'Really great workshop, you have to take part in.', 15, 79.04, '18:08:00', '20:08:00'), (54, 13, 'Respect Workshop', 'Really great workshop, you have to take part in.', 83, 32.19, '09:56:00', '11:26:00'), (55, 13, 'Vote Workshop', 'Really great workshop, you have to take part in.', 155, 80.5, '04:34:00', '06:34:00'), (56, 13, 'Well Workshop', 'Really great workshop, you have to take part in.', 100, 72.77, '05:41:00', '06:26:00'), (57, 14, 'Carry Workshop', 'Really great workshop, you have to take part in.', 179, 22.59, '05:54:00', '07:24:00'), (58, 14, 'Last Workshop', 'Really great workshop, you have to take part in.', 91, 38.64, '13:11:00', '15:11:00'), (59, 14, 'Oppose Workshop', 'Really great workshop, you have to take part in.', 89, 96.31, '08:32:00', '10:02:00'), (60, 15, 'Five Workshop', 'Really great workshop, you have to take part in.', 79, 74.16, '10:33:00', '12:03:00'), (61, 15, 'Explain Workshop', 'Really great workshop, you have to take part in.', 65, 19.91, '18:00:00', '19:00:00'), (62, 15, 'Relation Workshop', 'Really great workshop, you have to take part in.', 110, 59.15, '03:07:00', '03:52:00'), (63, 15, 'Address Workshop', 'Really great workshop, you have to take part in.', 115, 20.07, '04:46:00', '06:46:00'), (64, 15, 'But Workshop', 'Really great workshop, you have to take part in.', 79, 40.56, '15:50:00', '16:35:00'), (65, 15, 'Extra Workshop', 'Really great workshop, you have to take part in.', 81, 25.89, '13:06:00', '15:06:00'), (66, 16, 'Quite Workshop', 'Really great workshop, you have to take part in.', 28, 34.27, '13:11:00', '13:56:00'), (67, 16, 'Sing Workshop', 'Really great workshop, you have to take part in.', 182, 15.87, '15:50:00', '17:50:00'), (68, 16, 'Positive Workshop', 'Really great workshop, you have to take part in.', 153, 47.83, '17:00:00', '18:00:00'), (69, 16, 'Tax Workshop', 'Really great workshop, you have to take part in.', 73, 25.93, '09:11:00', '11:11:00'), (70, 16, 'Direct Workshop', 'Really great workshop, you have to take part in.', 94, 93.19, '12:04:00', '12:49:00'), (71, 16, 'Local Workshop', 'Really great workshop, you have to take part in.', 83, 74.42, '16:27:00', '17:57:00'), (72, 16, 'Similar Workshop', 'Really great workshop, you have to take part in.', 270, 34.04, '17:01:00', '17:46:00'), (73, 16, 'Corner Workshop', 'Really great workshop, you have to take part in.', 125, 90.8, '19:26:00', '20:56:00'), (74, 17, 'Own Workshop', 'Really great workshop, you have to take part in.', 22, 51.8, '05:28:00', '07:28:00'), (75, 17, 'Worth Workshop', 'Really great workshop, you have to take part in.', 68, 97.83, '06:17:00', '08:17:00'), (76, 18, 'Bear Workshop', 'Really great workshop, you have to take part in.', 438, 79.77, '09:11:00', '11:11:00'), (77, 18, 'Deal Workshop', 'Really great workshop, you have to take part in.', 324, 41.81, '19:39:00', '20:39:00'), (78, 18, 'Fire Workshop', 'Really great workshop, you have to take part in.', 257, 65.08, '16:36:00', '18:06:00'), (79, 18, 'Encourage Workshop', 'Really great workshop, you have to take part in.', 376, 28.31, '10:02:00', '11:32:00'), (80, 18, 'Research Workshop', 'Really great workshop, you have to take part in.', 27, 98.03, '06:10:00', '07:40:00'), (81, 19, 'Short Workshop', 'Really great workshop, you have to take part in.', 146, 11.89, '19:11:00', '19:56:00'), (82, 20, 'Sort Workshop', 'Really great workshop, you have to take part in.', 146, 21.06, '10:58:00', '12:58:00'), (83, 20, 'Equal Workshop', 'Really great workshop, you have to take part in.', 382, 68.39, '04:10:00', '06:10:00'), (84, 20, 'Son Workshop', 'Really great workshop, you have to take part in.', 327, 79.55, '01:45:00', '03:45:00'), (85, 20, 'Art Workshop', 'Really great workshop, you have to take part in.', 108, 77.87, '01:36:00', '02:21:00'), (86, 20, 'Year Workshop', 'Really great workshop, you have to take part in.', 130, 33.87, '19:14:00', '21:14:00'), (87, 20, 'Air Workshop', 'Really great workshop, you have to take part in.', 264, 36.36, '02:20:00', '03:50:00'), (88, 20, 'Public Workshop', 'Really great workshop, you have to take part in.', 141, 26.11, '02:07:00', '03:37:00'), (89, 21, 'Closes Workshop', 'Really great workshop, you have to take part in.', 281, 25.94, '10:43:00', '11:43:00'), (90, 21, 'Non Workshop', 'Really great workshop, you have to take part in.', 177, 78.96, '00:04:00', '01:04:00'), (91, 22, 'Pressure Workshop', 'Really great workshop, you have to take part in.', 102, 75.24, '18:31:00', '20:31:00'), (92, 22, 'Lead Workshop', 'Really great workshop, you have to take part in.', 101, 36.92, '15:53:00', '17:23:00'), (93, 23, 'Size Workshop', 'Really great workshop, you have to take part in.', 146, 33.34, '19:20:00', '21:20:00'), (94, 24, 'Knock Workshop', 'Really great workshop, you have to take part in.', 165, 67.2, '03:04:00', '05:04:00'), (95, 24, 'Serve Workshop', 'Really great workshop, you have to take part in.', 148, 12.76, '11:14:00', '11:59:00'), (96, 24, 'Show Workshop', 'Really great workshop, you have to take part in.', 140, 93.44, '19:13:00', '20:43:00'), (97, 24, 'Monday Workshop', 'Really great workshop, you have to take part in.', 162, 57.82, '04:50:00', '05:50:00'), (98, 24, 'Fact Workshop', 'Really great workshop, you have to take part in.', 112, 50.41, '15:35:00', '17:35:00'), (99, 24, 'Low Workshop', 'Really great workshop, you have to take part in.', 116, 63.81, '16:05:00', '16:50:00'), (100, 24, 'Receive Workshop', 'Really great workshop, you have to take part in.', 182, 73.5, '08:19:00', '09:49:00'), (101, 24, 'Level Workshop', 'Really great workshop, you have to take part in.', 122, 28.73, '07:41:00', '08:41:00'), (102, 24, 'Chap Workshop', 'Really great workshop, you have to take part in.', 194, 99.54, '19:07:00', '21:07:00'), (103, 24, 'Reason Workshop', 'Really great workshop, you have to take part in.', 187, 48.0, '02:34:00', '04:34:00'), (104, 25, 'Goodbye Workshop', 'Really great workshop, you have to take part in.', 354, 51.88, '07:33:00', '09:03:00'), (105, 25, 'Normal Workshop', 'Really great workshop, you have to take part in.', 269, 21.52, '18:11:00', '19:11:00'), (106, 25, 'Save Workshop', 'Really great workshop, you have to take part in.', 243, 56.75, '08:26:00', '09:56:00'), (107, 25, 'Cost Workshop', 'Really great workshop, you have to take part in.', 21, 80.59, '06:56:00', '07:41:00'), (108, 25, 'Thou Workshop', 'Really great workshop, you have to take part in.', 291, 85.43, '17:54:00', '19:24:00'), (109, 25, 'Assume Workshop', 'Really great workshop, you have to take part in.', 18, 97.49, '19:04:00', '21:04:00'), (110, 25, 'Against Workshop', 'Really great workshop, you have to take part in.', 216, 12.53, '12:12:00', '12:57:00'), (111, 25, 'End Workshop', 'Really great workshop, you have to take part in.', 157, 94.13, '05:10:00', '07:10:00'), (112, 26, 'Flat Workshop', 'Really great workshop, you have to take part in.', 272, 36.24, '19:53:00', '20:53:00'), (113, 26, 'Cake Workshop', 'Really great workshop, you have to take part in.', 361, 12.79, '16:33:00', '17:33:00'), (114, 26, 'Appoint Workshop', 'Really great workshop, you have to take part in.', 246, 64.63, '12:09:00', '14:09:00'), (115, 28, 'Course Workshop', 'Really great workshop, you have to take part in.', 30, 47.61, '16:33:00', '18:03:00'), (116, 28, 'Agree Workshop', 'Really great workshop, you have to take part in.', 36, 21.62, '15:48:00', '17:18:00'), (117, 28, 'Strike Workshop', 'Really great workshop, you have to take part in.', 98, 68.78, '08:23:00', '09:08:00'), (118, 30, 'Organize Workshop', 'Really great workshop, you have to take part in.', 212, 73.56, '02:41:00', '03:41:00'), (119, 30, 'Off Workshop', 'Really great workshop, you have to take part in.', 64, 30.68, '13:39:00', '14:39:00'), (120, 30, 'London Workshop', 'Really great workshop, you have to take part in.', 368, 78.29, '03:26:00', '04:56:00'), (121, 30, 'Lord Workshop', 'Really great workshop, you have to take part in.', 198, 68.84, '08:30:00', '09:15:00'), (122, 30, 'Into Workshop', 'Really great workshop, you have to take part in.', 339, 74.6, '19:19:00', '20:19:00'), (123, 30, 'Low Workshop', 'Really great workshop, you have to take part in.', 232, 13.83, '10:03:00', '10:48:00'), (124, 31, 'Pick Workshop', 'Really great workshop, you have to take part in.', 351, 93.31, '14:48:00', '15:48:00'), (125, 31, 'Safe Workshop', 'Really great workshop, you have to take part in.', 27, 75.59, '20:05:00', '20:50:00'), (126, 31, 'Wall Workshop', 'Really great workshop, you have to take part in.', 423, 87.54, '04:00:00', '05:00:00'), (127, 32, 'Sell Workshop', 'Really great workshop, you have to take part in.', 156, 20.46, '05:43:00', '07:13:00'), (128, 32, 'Non Workshop', 'Really great workshop, you have to take part in.', 256, 26.66, '11:59:00', '13:29:00'), (129, 33, 'Stage Workshop', 'Really great workshop, you have to take part in.', 142, 42.63, '13:03:00', '14:33:00'), (130, 33, 'Mile Workshop', 'Really great workshop, you have to take part in.', 179, 20.72, '12:00:00', '13:30:00'), (131, 33, 'But Workshop', 'Really great workshop, you have to take part in.', 106, 59.97, '18:39:00', '19:39:00'), (132, 35, 'Any Workshop', 'Really great workshop, you have to take part in.', 127, 25.46, '07:20:00', '08:50:00'), (133, 35, 'Certain Workshop', 'Really great workshop, you have to take part in.', 72, 25.77, '20:48:00', '22:18:00'), (134, 35, 'Tree Workshop', 'Really great workshop, you have to take part in.', 23, 24.14, '04:09:00', '05:39:00'), (135, 35, 'Corner Workshop', 'Really great workshop, you have to take part in.', 78, 88.42, '00:29:00', '01:14:00'), (136, 35, 'Type Workshop', 'Really great workshop, you have to take part in.', 44, 80.74, '18:25:00', '19:25:00'), (137, 35, 'System Workshop', 'Really great workshop, you have to take part in.', 39, 65.83, '17:11:00', '17:56:00'), (138, 36, 'Nine Workshop', 'Really great workshop, you have to take part in.', 310, 55.43, '09:13:00', '10:13:00'), (139, 36, 'Time Workshop', 'Really great workshop, you have to take part in.', 302, 43.94, '11:55:00', '12:55:00'), (140, 36, 'List Workshop', 'Really great workshop, you have to take part in.', 195, 41.49, '07:32:00', '09:02:00'), (141, 36, 'Put Workshop', 'Really great workshop, you have to take part in.', 32, 69.85, '15:31:00', '17:01:00'), (142, 36, 'Address Workshop', 'Really great workshop, you have to take part in.', 176, 63.31, '10:25:00', '12:25:00'), (143, 36, 'Sound Workshop', 'Really great workshop, you have to take part in.', 371, 14.29, '15:21:00', '16:51:00'), (144, 37, 'Hold Workshop', 'Really great workshop, you have to take part in.', 67, 71.61, '15:56:00', '16:56:00'), (145, 37, 'He Workshop', 'Really great workshop, you have to take part in.', 91, 56.15, '00:25:00', '01:25:00'), (146, 37, 'Off Workshop', 'Really great workshop, you have to take part in.', 122, 53.08, '05:11:00', '07:11:00'), (147, 37, 'Mrs Workshop', 'Really great workshop, you have to take part in.', 123, 10.92, '13:42:00', '15:42:00'), (148, 37, 'Just Workshop', 'Really great workshop, you have to take part in.', 85, 35.28, '13:12:00', '15:12:00'), (149, 37, 'Visit Workshop', 'Really great workshop, you have to take part in.', 122, 90.86, '13:31:00', '14:31:00'), (150, 37, 'Only Workshop', 'Really great workshop, you have to take part in.', 24, 69.98, '00:13:00', '02:13:00'), (151, 37, 'Goodbye Workshop', 'Really great workshop, you have to take part in.', 52, 20.31, '04:16:00', '05:46:00'), (152, 38, 'Square Workshop', 'Really great workshop, you have to take part in.', 196, 98.21, '12:53:00', '13:38:00'), (153, 39, 'Section Workshop', 'Really great workshop, you have to take part in.', 256, 20.64, '00:12:00', '02:12:00'), (154, 39, 'Road Workshop', 'Really great workshop, you have to take part in.', 193, 29.33, '14:42:00', '16:42:00'), (155, 40, 'Seven Workshop', 'Really great workshop, you have to take part in.', 148, 63.79, '16:38:00', '17:23:00'), (156, 40, 'Country Workshop', 'Really great workshop, you have to take part in.', 120, 88.1, '14:47:00', '16:17:00'), (157, 40, 'Judge Workshop', 'Really great workshop, you have to take part in.', 335, 69.99, '02:01:00', '03:01:00'), (158, 40, 'Suit Workshop', 'Really great workshop, you have to take part in.', 171, 68.34, '07:27:00', '08:12:00'), (159, 40, 'Unite Workshop', 'Really great workshop, you have to take part in.', 324, 39.72, '05:17:00', '06:02:00'), (160, 40, 'Air Workshop', 'Really great workshop, you have to take part in.', 307, 67.47, '05:06:00', '06:06:00'), (161, 40, 'Copy Workshop', 'Really great workshop, you have to take part in.', 261, 99.28, '03:57:00', '04:42:00'), (162, 40, 'Touch Workshop', 'Really great workshop, you have to take part in.', 196, 22.16, '18:12:00', '18:57:00'), (163, 40, 'Quite Workshop', 'Really great workshop, you have to take part in.', 289, 77.68, '14:02:00', '15:02:00'), (164, 40, 'Will Workshop', 'Really great workshop, you have to take part in.', 15, 38.06, '08:59:00', '10:29:00'), (165, 41, 'Similar Workshop', 'Really great workshop, you have to take part in.', 54, 96.73, '14:19:00', '15:04:00'), (166, 41, 'Rail Workshop', 'Really great workshop, you have to take part in.', 88, 13.38, '00:37:00', '02:37:00'), (167, 42, 'Always Workshop', 'Really great workshop, you have to take part in.', 89, 73.07, '14:40:00', '15:40:00'), (168, 43, 'Law Workshop', 'Really great workshop, you have to take part in.', 189, 90.11, '16:52:00', '17:52:00'), (169, 43, 'Speed Workshop', 'Really great workshop, you have to take part in.', 57, 87.2, '16:39:00', '18:09:00'), (170, 43, 'Goodbye Workshop', 'Really great workshop, you have to take part in.', 102, 11.53, '06:16:00', '08:16:00'), (171, 43, 'Trust Workshop', 'Really great workshop, you have to take part in.', 177, 19.75, '18:38:00', '19:38:00'), (172, 43, 'Presume Workshop', 'Really great workshop, you have to take part in.', 204, 48.51, '20:41:00', '22:41:00'), (173, 43, 'Some Workshop', 'Really great workshop, you have to take part in.', 293, 43.55, '02:04:00', '03:04:00'), (174, 43, 'Alright Workshop', 'Really great workshop, you have to take part in.', 187, 37.34, '19:09:00', '21:09:00'), (175, 44, 'Move Workshop', 'Really great workshop, you have to take part in.', 191, 88.22, '20:53:00', '22:23:00'), (176, 44, 'Worth Workshop', 'Really great workshop, you have to take part in.', 381, 75.13, '10:18:00', '11:48:00'), (177, 44, 'Condition Workshop', 'Really great workshop, you have to take part in.', 162, 12.92, '10:48:00', '12:18:00'), (178, 44, 'Eleven Workshop', 'Really great workshop, you have to take part in.', 336, 66.45, '19:17:00', '21:17:00'), (179, 44, 'Big Workshop', 'Really great workshop, you have to take part in.', 229, 10.53, '06:32:00', '08:02:00'), (180, 45, 'Feel Workshop', 'Really great workshop, you have to take part in.', 54, 36.25, '18:57:00', '19:57:00'), (181, 46, 'Turn Workshop', 'Really great workshop, you have to take part in.', 74, 55.03, '01:21:00', '02:51:00'), (182, 46, 'Create Workshop', 'Really great workshop, you have to take part in.', 122, 90.55, '16:57:00', '18:27:00'), (183, 46, 'Heat Workshop', 'Really great workshop, you have to take part in.', 94, 41.89, '02:50:00', '03:50:00'), (184, 46, 'Dear Workshop', 'Really great workshop, you have to take part in.', 73, 91.54, '18:51:00', '19:36:00'), (185, 46, 'Wind Workshop', 'Really great workshop, you have to take part in.', 37, 98.41, '19:29:00', '20:29:00'), (186, 46, 'Luck Workshop', 'Really great workshop, you have to take part in.', 59, 66.81, '10:24:00', '12:24:00'), (187, 46, 'Leg Workshop', 'Really great workshop, you have to take part in.', 67, 94.08, '03:25:00', '04:25:00'), (188, 46, 'Man Workshop', 'Really great workshop, you have to take part in.', 87, 20.71, '00:31:00', '02:01:00'), (189, 48, 'Twelve Workshop', 'Really great workshop, you have to take part in.', 363, 82.03, '15:31:00', '17:31:00'), (190, 48, 'Health Workshop', 'Really great workshop, you have to take part in.', 362, 73.72, '12:32:00', '13:32:00'), (191, 48, 'Example Workshop', 'Really great workshop, you have to take part in.', 203, 76.68, '05:01:00', '05:46:00'), (192, 48, 'Deep Workshop', 'Really great workshop, you have to take part in.', 66, 81.39, '04:44:00', '05:44:00'), (193, 48, 'Hair Workshop', 'Really great workshop, you have to take part in.', 308, 51.47, '02:38:00', '03:23:00'), (194, 49, 'Unit Workshop', 'Really great workshop, you have to take part in.', 45, 47.51, '03:12:00', '04:42:00'), (195, 49, 'Wonder Workshop', 'Really great workshop, you have to take part in.', 169, 70.46, '01:12:00', '02:42:00'), (196, 49, 'Hair Workshop', 'Really great workshop, you have to take part in.', 37, 34.67, '11:53:00', '13:53:00'), (197, 50, 'Marry Workshop', 'Really great workshop, you have to take part in.', 100, 15.34, '20:46:00', '22:46:00'), (198, 50, 'Church Workshop', 'Really great workshop, you have to take part in.', 88, 90.17, '00:03:00', '01:03:00'), (199, 50, 'Scheme Workshop', 'Really great workshop, you have to take part in.', 48, 59.39, '07:33:00', '09:03:00'), (200, 51, 'Transport Workshop', 'Really great workshop, you have to take part in.', 429, 67.03, '16:50:00', '17:35:00'), (201, 52, 'Less Workshop', 'Really great workshop, you have to take part in.', 238, 90.62, '18:37:00', '20:07:00'), (202, 52, 'Step Workshop', 'Really great workshop, you have to take part in.', 83, 75.86, '16:26:00', '17:56:00'), (203, 52, 'Six Workshop', 'Really great workshop, you have to take part in.', 166, 38.53, '00:26:00', '01:56:00'), (204, 52, 'Non Workshop', 'Really great workshop, you have to take part in.', 168, 73.77, '08:22:00', '10:22:00'), (205, 52, 'Balance Workshop', 'Really great workshop, you have to take part in.', 179, 52.31, '20:33:00', '22:03:00'), (206, 52, 'Arm Workshop', 'Really great workshop, you have to take part in.', 64, 12.22, '14:17:00', '15:02:00'), (207, 53, 'Stop Workshop', 'Really great workshop, you have to take part in.', 181, 16.47, '12:39:00', '14:39:00'), (208, 54, 'Whole Workshop', 'Really great workshop, you have to take part in.', 334, 85.09, '14:31:00', '16:01:00'), (209, 55, 'Depend Workshop', 'Really great workshop, you have to take part in.', 143, 43.09, '10:42:00', '11:27:00'), (210, 55, 'Switch Workshop', 'Really great workshop, you have to take part in.', 112, 33.79, '00:41:00', '01:41:00'), (211, 55, 'Police Workshop', 'Really great workshop, you have to take part in.', 132, 18.24, '12:38:00', '13:38:00'), (212, 55, 'Either Workshop', 'Really great workshop, you have to take part in.', 30, 65.43, '08:52:00', '10:22:00'), (213, 55, 'None Workshop', 'Really great workshop, you have to take part in.', 60, 50.13, '10:51:00', '11:36:00'), (214, 55, 'Like Workshop', 'Really great workshop, you have to take part in.', 146, 30.26, '09:09:00', '11:09:00'), (215, 55, 'Identify Workshop', 'Really great workshop, you have to take part in.', 103, 27.55, '09:27:00', '10:27:00'), (216, 55, 'Strategy Workshop', 'Really great workshop, you have to take part in.', 89, 91.42, '17:54:00', '19:54:00'), (217, 55, 'Associate Workshop', 'Really great workshop, you have to take part in.', 56, 54.3, '12:12:00', '13:12:00'), (218, 56, 'Minister Workshop', 'Really great workshop, you have to take part in.', 131, 75.47, '07:36:00', '08:21:00'), (219, 56, 'Reckon Workshop', 'Really great workshop, you have to take part in.', 123, 23.47, '08:04:00', '08:49:00'), (220, 56, 'Home Workshop', 'Really great workshop, you have to take part in.', 89, 10.25, '15:36:00', '16:36:00'), (221, 56, 'Tend Workshop', 'Really great workshop, you have to take part in.', 319, 13.25, '13:49:00', '14:49:00'), (222, 57, 'Over Workshop', 'Really great workshop, you have to take part in.', 51, 58.74, '00:47:00', '02:17:00'), (223, 57, 'Black Workshop', 'Really great workshop, you have to take part in.', 109, 49.94, '19:34:00', '21:34:00'), (224, 57, 'Please Workshop', 'Really great workshop, you have to take part in.', 27, 78.67, '02:53:00', '04:23:00'), (225, 57, 'Still Workshop', 'Really great workshop, you have to take part in.', 183, 44.36, '06:08:00', '07:38:00'), (226, 57, 'Sheet Workshop', 'Really great workshop, you have to take part in.', 39, 92.28, '06:06:00', '07:36:00'), (227, 57, 'Hope Workshop', 'Really great workshop, you have to take part in.', 36, 96.25, '15:01:00', '16:01:00'), (228, 57, 'Contact Workshop', 'Really great workshop, you have to take part in.', 55, 96.28, '13:03:00', '14:33:00'), (229, 58, 'Same Workshop', 'Really great workshop, you have to take part in.', 223, 66.91, '15:43:00', '16:43:00'), (230, 58, 'Once Workshop', 'Really great workshop, you have to take part in.', 163, 21.98, '07:57:00', '09:27:00'), (231, 59, 'Danger Workshop', 'Really great workshop, you have to take part in.', 282, 27.27, '03:50:00', '05:50:00'), (232, 59, 'Provide Workshop', 'Really great workshop, you have to take part in.', 51, 30.45, '09:31:00', '11:01:00'), (233, 59, 'Beat Workshop', 'Really great workshop, you have to take part in.', 280, 27.35, '08:05:00', '09:05:00'), (234, 59, 'Poor Workshop', 'Really great workshop, you have to take part in.', 321, 26.5, '02:54:00', '03:39:00'), (235, 59, 'Claim Workshop', 'Really great workshop, you have to take part in.', 245, 37.62, '02:24:00', '03:09:00'), (236, 60, 'Size Workshop', 'Really great workshop, you have to take part in.', 237, 70.38, '07:07:00', '08:37:00'), (237, 60, 'Sale Workshop', 'Really great workshop, you have to take part in.', 352, 81.02, '06:09:00', '08:09:00'), (238, 60, 'Equal Workshop', 'Really great workshop, you have to take part in.', 260, 31.59, '13:17:00', '14:17:00'), (239, 60, 'Service Workshop', 'Really great workshop, you have to take part in.', 183, 76.74, '10:12:00', '11:42:00'), (240, 60, 'Rate Workshop', 'Really great workshop, you have to take part in.', 403, 38.35, '20:22:00', '21:07:00'), (241, 60, 'Car Workshop', 'Really great workshop, you have to take part in.', 350, 13.0, '01:53:00', '02:38:00'), (242, 60, 'Quick Workshop', 'Really great workshop, you have to take part in.', 233, 71.67, '08:48:00', '09:48:00'), (243, 61, 'Hold Workshop', 'Really great workshop, you have to take part in.', 234, 64.96, '11:13:00', '12:43:00'), (244, 61, 'Twelve Workshop', 'Really great workshop, you have to take part in.', 238, 20.23, '20:28:00', '21:28:00'), (245, 61, 'Extra Workshop', 'Really great workshop, you have to take part in.', 33, 18.1, '13:01:00', '14:01:00'), (246, 61, 'Occasion Workshop', 'Really great workshop, you have to take part in.', 25, 56.94, '20:48:00', '21:48:00'), (247, 61, 'Produce Workshop', 'Really great workshop, you have to take part in.', 337, 11.91, '17:28:00', '18:58:00'), (248, 61, 'Pence Workshop', 'Really great workshop, you have to take part in.', 356, 56.59, '13:53:00', '15:23:00'), (249, 62, 'Film Workshop', 'Really great workshop, you have to take part in.', 71, 94.66, '16:33:00', '18:03:00'), (250, 62, 'Direct Workshop', 'Really great workshop, you have to take part in.', 94, 38.74, '08:33:00', '09:33:00'), (251, 62, 'Resource Workshop', 'Really great workshop, you have to take part in.', 145, 70.63, '16:15:00', '17:45:00'), (252, 62, 'Cross Workshop', 'Really great workshop, you have to take part in.', 106, 83.64, '06:56:00', '07:56:00'), (253, 62, 'Wednesday Workshop', 'Really great workshop, you have to take part in.', 156, 82.13, '16:40:00', '18:10:00'), (254, 62, 'Leave Workshop', 'Really great workshop, you have to take part in.', 125, 54.69, '06:55:00', '07:55:00'), (255, 62, 'Life Workshop', 'Really great workshop, you have to take part in.', 97, 23.64, '13:00:00', '15:00:00'), (256, 62, 'Dad Workshop', 'Really great workshop, you have to take part in.', 48, 45.5, '11:56:00', '13:56:00'), (257, 62, 'Field Workshop', 'Really great workshop, you have to take part in.', 74, 78.14, '04:04:00', '06:04:00'), (258, 62, 'Depend Workshop', 'Really great workshop, you have to take part in.', 122, 31.05, '09:47:00', '11:47:00'), (259, 63, 'Late Workshop', 'Really great workshop, you have to take part in.', 26, 93.69, '03:13:00', '04:13:00'), (260, 63, 'Know Workshop', 'Really great workshop, you have to take part in.', 138, 35.87, '20:03:00', '21:33:00'), (261, 63, 'Enough Workshop', 'Really great workshop, you have to take part in.', 190, 93.05, '07:50:00', '08:50:00'), (262, 63, 'Parent Workshop', 'Really great workshop, you have to take part in.', 23, 68.77, '06:25:00', '07:55:00'), (263, 63, 'Blow Workshop', 'Really great workshop, you have to take part in.', 10, 85.32, '18:41:00', '19:41:00'), (264, 63, 'Minister Workshop', 'Really great workshop, you have to take part in.', 48, 76.45, '02:50:00', '03:35:00'), (265, 63, 'Poor Workshop', 'Really great workshop, you have to take part in.', 52, 10.11, '20:32:00', '21:17:00'), (266, 64, 'Deep Workshop', 'Really great workshop, you have to take part in.', 80, 83.4, '17:20:00', '18:20:00'), (267, 64, 'Young Workshop', 'Really great workshop, you have to take part in.', 82, 22.33, '15:25:00', '16:25:00'), (268, 64, 'Near Workshop', 'Really great workshop, you have to take part in.', 69, 71.4, '20:54:00', '22:24:00'), (269, 65, 'Catch Workshop', 'Really great workshop, you have to take part in.', 182, 66.46, '16:04:00', '17:34:00'), (270, 65, 'Home Workshop', 'Really great workshop, you have to take part in.', 252, 20.35, '16:30:00', '18:30:00'), (271, 65, 'Will Workshop', 'Really great workshop, you have to take part in.', 422, 57.33, '03:18:00', '04:03:00'), (272, 65, 'Fine Workshop', 'Really great workshop, you have to take part in.', 225, 42.08, '08:50:00', '09:35:00'), (273, 65, 'Contact Workshop', 'Really great workshop, you have to take part in.', 266, 13.55, '04:54:00', '06:24:00'), (274, 65, 'Serve Workshop', 'Really great workshop, you have to take part in.', 433, 19.04, '06:13:00', '08:13:00'), (275, 65, 'Wall Workshop', 'Really great workshop, you have to take part in.', 422, 17.02, '16:18:00', '17:48:00'), (276, 65, 'Need Workshop', 'Really great workshop, you have to take part in.', 319, 38.8, '16:19:00', '18:19:00'), (277, 65, 'Young Workshop', 'Really great workshop, you have to take part in.', 362, 10.72, '07:40:00', '09:10:00'), (278, 65, 'Associate Workshop', 'Really great workshop, you have to take part in.', 117, 41.79, '18:19:00', '19:19:00'), (279, 66, 'Offer Workshop', 'Really great workshop, you have to take part in.', 338, 18.73, '20:57:00', '22:27:00'), (280, 67, 'Argue Workshop', 'Really great workshop, you have to take part in.', 99, 45.12, '01:08:00', '02:38:00'), (281, 68, 'May Workshop', 'Really great workshop, you have to take part in.', 115, 87.84, '13:43:00', '14:43:00'), (282, 69, 'Allow Workshop', 'Really great workshop, you have to take part in.', 355, 89.82, '11:28:00', '12:28:00'), (283, 69, 'Case Workshop', 'Really great workshop, you have to take part in.', 186, 42.79, '02:18:00', '03:03:00'), (284, 69, 'Client Workshop', 'Really great workshop, you have to take part in.', 349, 34.7, '19:18:00', '20:03:00'), (285, 69, 'Figure Workshop', 'Really great workshop, you have to take part in.', 254, 35.79, '14:27:00', '16:27:00'), (286, 69, 'Take Workshop', 'Really great workshop, you have to take part in.', 113, 37.52, '04:30:00', '05:30:00'), (287, 69, 'South Workshop', 'Really great workshop, you have to take part in.', 348, 61.91, '07:31:00', '08:16:00'), (288, 69, 'Plan Workshop', 'Really great workshop, you have to take part in.', 51, 45.0, '07:07:00', '07:52:00'), (289, 69, 'Look Workshop', 'Really great workshop, you have to take part in.', 356, 71.11, '16:31:00', '18:31:00'), (290, 70, 'To Workshop', 'Really great workshop, you have to take part in.', 205, 69.66, '04:34:00', '06:34:00'), (291, 70, 'Group Workshop', 'Really great workshop, you have to take part in.', 178, 55.38, '02:15:00', '03:45:00'), (292, 70, 'High Workshop', 'Really great workshop, you have to take part in.', 332, 96.68, '08:16:00', '09:46:00'), (293, 72, 'Kind Workshop', 'Really great workshop, you have to take part in.', 145, 92.15, '13:27:00', '14:57:00'), (294, 72, 'Tea Workshop', 'Really great workshop, you have to take part in.', 223, 67.21, '15:20:00', '16:05:00'), (295, 72, 'Christmas Workshop', 'Really great workshop, you have to take part in.', 56, 44.61, '11:55:00', '12:40:00'), (296, 72, 'Link Workshop', 'Really great workshop, you have to take part in.', 158, 62.35, '11:59:00', '12:59:00'), (297, 73, 'Tonight Workshop', 'Really great workshop, you have to take part in.', 466, 77.71, '02:20:00', '04:20:00'), (298, 73, 'Old Workshop', 'Really great workshop, you have to take part in.', 385, 98.05, '05:42:00', '06:27:00'), (299, 73, 'Last Workshop', 'Really great workshop, you have to take part in.', 135, 29.46, '09:21:00', '10:51:00'), (300, 73, 'Condition Workshop', 'Really great workshop, you have to take part in.', 350, 35.21, '04:31:00', '05:31:00'), (301, 73, 'Thing Workshop', 'Really great workshop, you have to take part in.', 118, 35.93, '14:32:00', '16:02:00'), (302, 73, 'Experience Workshop', 'Really great workshop, you have to take part in.', 36, 65.5, '07:38:00', '08:23:00'), (303, 74, 'Compare Workshop', 'Really great workshop, you have to take part in.', 93, 90.82, '02:30:00', '03:15:00'), (304, 74, 'Doubt Workshop', 'Really great workshop, you have to take part in.', 129, 90.54, '14:24:00', '16:24:00'), (305, 74, 'Light Workshop', 'Really great workshop, you have to take part in.', 171, 52.1, '18:30:00', '20:30:00'), (306, 74, 'Sudden Workshop', 'Really great workshop, you have to take part in.', 36, 45.47, '12:47:00', '14:17:00'), (307, 74, 'Easy Workshop', 'Really great workshop, you have to take part in.', 15, 90.81, '17:55:00', '19:55:00'), (308, 75, 'Range Workshop', 'Really great workshop, you have to take part in.', 150, 25.31, '01:36:00', '02:21:00'), (309, 75, 'One Workshop', 'Really great workshop, you have to take part in.', 117, 37.71, '10:23:00', '12:23:00'), (310, 75, 'Choice Workshop', 'Really great workshop, you have to take part in.', 37, 29.72, '12:08:00', '13:08:00'), (311, 75, 'Cat Workshop', 'Really great workshop, you have to take part in.', 153, 43.53, '06:24:00', '07:09:00'), (312, 75, 'Subject Workshop', 'Really great workshop, you have to take part in.', 76, 81.73, '14:22:00', '16:22:00'), (313, 75, 'Much Workshop', 'Really great workshop, you have to take part in.', 95, 34.71, '00:48:00', '02:18:00'), (314, 75, 'State Workshop', 'Really great workshop, you have to take part in.', 74, 30.16, '02:30:00', '03:15:00'), (315, 76, 'Why Workshop', 'Really great workshop, you have to take part in.', 136, 62.24, '14:17:00', '15:17:00'), (316, 77, 'Through Workshop', 'Really great workshop, you have to take part in.', 96, 85.17, '10:20:00', '11:20:00'), (317, 77, 'Life Workshop', 'Really great workshop, you have to take part in.', 66, 94.57, '01:00:00', '02:30:00'), (318, 77, 'Motion Workshop', 'Really great workshop, you have to take part in.', 386, 60.52, '04:18:00', '06:18:00'), (319, 77, 'Dog Workshop', 'Really great workshop, you have to take part in.', 133, 14.28, '00:14:00', '00:59:00'), (320, 77, 'Tea Workshop', 'Really great workshop, you have to take part in.', 77, 64.83, '08:57:00', '09:57:00'), (321, 79, 'Example Workshop', 'Really great workshop, you have to take part in.', 209, 16.19, '20:47:00', '21:32:00'), (322, 79, 'Quarter Workshop', 'Really great workshop, you have to take part in.', 208, 92.28, '18:26:00', '19:11:00'), (323, 79, 'Have Workshop', 'Really great workshop, you have to take part in.', 245, 55.64, '01:57:00', '02:42:00'), (324, 79, 'Music Workshop', 'Really great workshop, you have to take part in.', 69, 49.47, '20:36:00', '22:06:00'), (325, 79, 'Summer Workshop', 'Really great workshop, you have to take part in.', 290, 14.31, '12:55:00', '14:25:00'), (326, 79, 'Actual Workshop', 'Really great workshop, you have to take part in.', 177, 83.31, '17:35:00', '19:05:00'), (327, 79, 'Value Workshop', 'Really great workshop, you have to take part in.', 45, 46.72, '11:02:00', '13:02:00'), (328, 79, 'Will Workshop', 'Really great workshop, you have to take part in.', 16, 69.12, '02:23:00', '03:08:00'), (329, 79, 'Stuff Workshop', 'Really great workshop, you have to take part in.', 247, 82.49, '13:11:00', '14:11:00'), (330, 79, 'Matter Workshop', 'Really great workshop, you have to take part in.', 330, 28.29, '19:57:00', '21:27:00'), (331, 80, 'Receive Workshop', 'Really great workshop, you have to take part in.', 119, 48.86, '04:00:00', '05:30:00'), (332, 80, 'Big Workshop', 'Really great workshop, you have to take part in.', 128, 37.35, '09:21:00', '10:21:00'), (333, 81, 'Less Workshop', 'Really great workshop, you have to take part in.', 107, 80.9, '01:53:00', '02:53:00'), (334, 81, 'Sense Workshop', 'Really great workshop, you have to take part in.', 41, 53.69, '20:59:00', '22:29:00'), (335, 81, 'Push Workshop', 'Really great workshop, you have to take part in.', 66, 13.67, '17:41:00', '19:11:00'), (336, 82, 'Ten Workshop', 'Really great workshop, you have to take part in.', 241, 47.59, '03:11:00', '04:11:00'), (337, 82, 'Compute Workshop', 'Really great workshop, you have to take part in.', 22, 93.75, '11:05:00', '12:05:00'), (338, 83, 'Cost Workshop', 'Really great workshop, you have to take part in.', 193, 53.5, '07:24:00', '09:24:00'), (339, 84, 'Free Workshop', 'Really great workshop, you have to take part in.', 53, 24.21, '18:18:00', '20:18:00'), (340, 84, 'Sorry Workshop', 'Really great workshop, you have to take part in.', 16, 81.46, '02:57:00', '03:57:00'), (341, 84, 'Visit Workshop', 'Really great workshop, you have to take part in.', 84, 70.57, '01:48:00', '02:33:00'), (342, 84, 'Note Workshop', 'Really great workshop, you have to take part in.', 110, 14.93, '00:48:00', '02:48:00'), (343, 84, 'Role Workshop', 'Really great workshop, you have to take part in.', 53, 37.83, '03:08:00', '04:38:00'), (344, 84, 'Than Workshop', 'Really great workshop, you have to take part in.', 17, 47.08, '05:14:00', '06:14:00'), (345, 84, 'Day Workshop', 'Really great workshop, you have to take part in.', 60, 11.45, '18:40:00', '19:40:00'), (346, 84, 'Another Workshop', 'Really great workshop, you have to take part in.', 48, 16.16, '14:23:00', '15:08:00'), (347, 84, 'Period Workshop', 'Really great workshop, you have to take part in.', 36, 80.02, '18:44:00', '20:44:00'), (348, 85, 'Even Workshop', 'Really great workshop, you have to take part in.', 97, 60.96, '12:02:00', '12:47:00'), (349, 85, 'Month Workshop', 'Really great workshop, you have to take part in.', 107, 89.08, '03:44:00', '05:14:00'), (350, 86, 'Perfect Workshop', 'Really great workshop, you have to take part in.', 123, 31.92, '11:08:00', '12:38:00'), (351, 86, 'Terrible Workshop', 'Really great workshop, you have to take part in.', 49, 61.4, '15:11:00', '16:41:00'), (352, 86, 'Lunch Workshop', 'Really great workshop, you have to take part in.', 112, 73.98, '16:50:00', '18:20:00'), (353, 86, 'World Workshop', 'Really great workshop, you have to take part in.', 91, 98.56, '01:18:00', '02:48:00'), (354, 86, 'Fire Workshop', 'Really great workshop, you have to take part in.', 33, 77.55, '16:24:00', '17:24:00'), (355, 86, 'Chance Workshop', 'Really great workshop, you have to take part in.', 35, 45.36, '20:34:00', '22:04:00'), (356, 86, 'Under Workshop', 'Really great workshop, you have to take part in.', 45, 56.42, '06:55:00', '07:55:00'), (357, 86, 'Settle Workshop', 'Really great workshop, you have to take part in.', 51, 29.56, '16:05:00', '17:05:00'), (358, 86, 'Judge Workshop', 'Really great workshop, you have to take part in.', 71, 19.7, '02:51:00', '03:36:00'), (359, 86, 'Turn Workshop', 'Really great workshop, you have to take part in.', 119, 80.81, '04:42:00', '06:12:00'), (360, 87, 'Not Workshop', 'Really great workshop, you have to take part in.', 182, 41.51, '16:39:00', '18:39:00'), (361, 87, 'Contract Workshop', 'Really great workshop, you have to take part in.', 35, 55.48, '16:08:00', '17:08:00'), (362, 87, 'Encourage Workshop', 'Really great workshop, you have to take part in.', 209, 14.27, '16:27:00', '17:57:00'), (363, 87, 'Detail Workshop', 'Really great workshop, you have to take part in.', 209, 47.64, '08:07:00', '09:07:00'), (364, 87, 'Now Workshop', 'Really great workshop, you have to take part in.', 85, 46.85, '13:38:00', '15:38:00'), (365, 87, 'Leave Workshop', 'Really great workshop, you have to take part in.', 109, 21.66, '11:56:00', '13:26:00'), (366, 87, 'Many Workshop', 'Really great workshop, you have to take part in.', 25, 34.8, '20:39:00', '22:39:00'), (367, 87, 'Society Workshop', 'Really great workshop, you have to take part in.', 190, 51.99, '18:01:00', '18:46:00'), (368, 88, 'Face Workshop', 'Really great workshop, you have to take part in.', 311, 56.01, '16:49:00', '18:49:00'), (369, 88, 'Community Workshop', 'Really great workshop, you have to take part in.', 315, 74.1, '09:49:00', '10:49:00'), (370, 88, 'Provide Workshop', 'Really great workshop, you have to take part in.', 96, 13.85, '02:25:00', '03:25:00'), (371, 88, 'Lead Workshop', 'Really great workshop, you have to take part in.', 117, 14.91, '07:52:00', '09:22:00'), (372, 88, 'Art Workshop', 'Really great workshop, you have to take part in.', 330, 11.27, '00:54:00', '01:39:00'), (373, 88, 'Alright Workshop', 'Really great workshop, you have to take part in.', 169, 80.38, '01:22:00', '03:22:00'), (374, 88, 'Practise Workshop', 'Really great workshop, you have to take part in.', 165, 96.06, '14:33:00', '16:03:00'), (375, 89, 'Less Workshop', 'Really great workshop, you have to take part in.', 27, 97.27, '05:26:00', '07:26:00'), (376, 90, 'Stay Workshop', 'Really great workshop, you have to take part in.', 17, 52.74, '12:51:00', '14:51:00'), (377, 90, 'Once Workshop', 'Really great workshop, you have to take part in.', 120, 45.6, '02:37:00', '04:07:00'), (378, 90, 'Improve Workshop', 'Really great workshop, you have to take part in.', 10, 33.8, '17:59:00', '19:29:00'), (379, 90, 'High Workshop', 'Really great workshop, you have to take part in.', 139, 14.94, '10:46:00', '12:46:00'), (380, 90, 'On Workshop', 'Really great workshop, you have to take part in.', 110, 90.76, '13:42:00', '14:42:00'), (381, 91, 'Year Workshop', 'Really great workshop, you have to take part in.', 32, 98.33, '20:02:00', '22:02:00'), (382, 91, 'Ago Workshop', 'Really great workshop, you have to take part in.', 19, 26.55, '09:39:00', '11:39:00'), (383, 91, 'Politic Workshop', 'Really great workshop, you have to take part in.', 62, 24.33, '06:09:00', '07:09:00'), (384, 91, 'Left Workshop', 'Really great workshop, you have to take part in.', 100, 51.55, '08:39:00', '09:39:00'), (385, 91, 'Society Workshop', 'Really great workshop, you have to take part in.', 111, 61.32, '16:28:00', '18:28:00'), (386, 91, 'Respect Workshop', 'Really great workshop, you have to take part in.', 130, 69.25, '09:20:00', '11:20:00'), (387, 91, 'Wait Workshop', 'Really great workshop, you have to take part in.', 34, 14.7, '10:02:00', '10:47:00'), (388, 92, 'Strong Workshop', 'Really great workshop, you have to take part in.', 334, 75.87, '17:54:00', '18:54:00'), (389, 92, 'Cover Workshop', 'Really great workshop, you have to take part in.', 108, 21.8, '04:32:00', '05:17:00'), (390, 92, 'Arrange Workshop', 'Really great workshop, you have to take part in.', 216, 95.12, '03:27:00', '04:27:00'), (391, 92, 'Achieve Workshop', 'Really great workshop, you have to take part in.', 119, 27.66, '14:54:00', '16:54:00'), (392, 92, 'Allow Workshop', 'Really great workshop, you have to take part in.', 388, 65.2, '10:51:00', '11:51:00'), (393, 92, 'About Workshop', 'Really great workshop, you have to take part in.', 272, 78.54, '07:17:00', '08:02:00'), (394, 93, 'Sale Workshop', 'Really great workshop, you have to take part in.', 62, 21.02, '04:54:00', '06:24:00'), (395, 93, 'Mister Workshop', 'Really great workshop, you have to take part in.', 131, 72.23, '01:59:00', '03:59:00'), (396, 93, 'Age Workshop', 'Really great workshop, you have to take part in.', 146, 88.58, '14:49:00', '16:19:00'), (397, 93, 'Around Workshop', 'Really great workshop, you have to take part in.', 218, 90.17, '12:16:00', '13:46:00'), (398, 93, 'Care Workshop', 'Really great workshop, you have to take part in.', 35, 42.95, '11:47:00', '12:32:00'), (399, 93, 'Little Workshop', 'Really great workshop, you have to take part in.', 145, 66.89, '08:38:00', '09:38:00'), (400, 93, 'Item Workshop', 'Really great workshop, you have to take part in.', 176, 25.14, '10:06:00', '10:51:00'), (401, 93, 'Baby Workshop', 'Really great workshop, you have to take part in.', 75, 27.99, '06:23:00', '08:23:00'), (402, 94, 'Score Workshop', 'Really great workshop, you have to take part in.', 273, 23.99, '09:36:00', '10:36:00'), (403, 94, 'Hair Workshop', 'Really great workshop, you have to take part in.', 36, 84.83, '04:56:00', '05:56:00'), (404, 94, 'Function Workshop', 'Really great workshop, you have to take part in.', 233, 15.72, '14:06:00', '15:06:00'), (405, 94, 'Contract Workshop', 'Really great workshop, you have to take part in.', 88, 90.55, '08:48:00', '09:33:00'), (406, 94, 'Interest Workshop', 'Really great workshop, you have to take part in.', 98, 17.31, '03:32:00', '05:02:00'), (407, 94, 'Group Workshop', 'Really great workshop, you have to take part in.', 264, 37.0, '03:33:00', '04:18:00'), (408, 94, 'Mean Workshop', 'Really great workshop, you have to take part in.', 242, 22.47, '01:08:00', '01:53:00'), (409, 95, 'Happy Workshop', 'Really great workshop, you have to take part in.', 292, 41.96, '17:42:00', '19:42:00'), (410, 95, 'Another Workshop', 'Really great workshop, you have to take part in.', 161, 72.02, '07:03:00', '07:48:00'), (411, 96, 'Heavy Workshop', 'Really great workshop, you have to take part in.', 146, 31.56, '01:42:00', '03:42:00'), (412, 97, 'Absolute Workshop', 'Really great workshop, you have to take part in.', 234, 35.25, '16:33:00', '17:18:00'), (413, 97, 'Unit Workshop', 'Really great workshop, you have to take part in.', 69, 92.7, '17:06:00', '18:36:00'), (414, 97, 'Germany Workshop', 'Really great workshop, you have to take part in.', 270, 89.02, '01:23:00', '02:23:00'), (415, 97, 'Decide Workshop', 'Really great workshop, you have to take part in.', 316, 11.52, '15:58:00', '16:43:00'), (416, 97, 'Judge Workshop', 'Really great workshop, you have to take part in.', 273, 22.68, '06:40:00', '07:25:00'), (417, 98, 'Soon Workshop', 'Really great workshop, you have to take part in.', 53, 33.13, '14:57:00', '15:42:00'), (418, 99, 'Visit Workshop', 'Really great workshop, you have to take part in.', 212, 24.0, '02:50:00', '03:50:00'), (419, 99, 'Issue Workshop', 'Really great workshop, you have to take part in.', 310, 97.31, '06:41:00', '08:41:00'), (420, 99, 'Pence Workshop', 'Really great workshop, you have to take part in.', 411, 69.81, '05:20:00', '07:20:00'), (421, 99, 'Pound Workshop', 'Really great workshop, you have to take part in.', 314, 43.34, '07:20:00', '09:20:00'), (422, 99, 'Regard Workshop', 'Really great workshop, you have to take part in.', 159, 65.25, '00:58:00', '02:28:00'), (423, 100, 'System Workshop', 'Really great workshop, you have to take part in.', 150, 10.51, '12:44:00', '14:44:00'), (424, 100, 'Secretary Workshop', 'Really great workshop, you have to take part in.', 242, 98.19, '01:15:00', '02:15:00'), (425, 100, 'Fight Workshop', 'Really great workshop, you have to take part in.', 199, 66.87, '06:45:00', '07:30:00'), (426, 100, 'File Workshop', 'Really great workshop, you have to take part in.', 220, 45.66, '15:41:00', '16:41:00'), (427, 100, 'Train Workshop', 'Really great workshop, you have to take part in.', 173, 33.71, '10:19:00', '11:49:00'), (428, 100, 'Egg Workshop', 'Really great workshop, you have to take part in.', 223, 64.13, '00:38:00', '02:38:00'), (429, 101, 'Close Workshop', 'Really great workshop, you have to take part in.', 183, 47.52, '19:08:00', '21:08:00'), (430, 102, 'Upon Workshop', 'Really great workshop, you have to take part in.', 156, 16.68, '14:37:00', '15:22:00'), (431, 102, 'Equal Workshop', 'Really great workshop, you have to take part in.', 125, 63.76, '02:39:00', '04:39:00'), (432, 102, 'Light Workshop', 'Really great workshop, you have to take part in.', 61, 20.72, '03:46:00', '04:31:00'), (433, 102, 'News Workshop', 'Really great workshop, you have to take part in.', 44, 31.29, '13:16:00', '15:16:00'), (434, 103, 'London Workshop', 'Really great workshop, you have to take part in.', 156, 26.89, '14:00:00', '16:00:00'), (435, 103, 'Specific Workshop', 'Really great workshop, you have to take part in.', 91, 38.06, '20:18:00', '21:48:00'), (436, 103, 'Yes Workshop', 'Really great workshop, you have to take part in.', 93, 47.3, '14:47:00', '15:47:00'), (437, 103, 'Dress Workshop', 'Really great workshop, you have to take part in.', 42, 88.61, '04:14:00', '05:44:00'), (438, 103, 'Telephone Workshop', 'Really great workshop, you have to take part in.', 74, 10.66, '20:23:00', '22:23:00'), (439, 103, 'Decide Workshop', 'Really great workshop, you have to take part in.', 196, 45.41, '07:46:00', '08:31:00'), (440, 103, 'Stupid Workshop', 'Really great workshop, you have to take part in.', 257, 89.01, '20:44:00', '22:44:00'), (441, 103, 'Leg Workshop', 'Really great workshop, you have to take part in.', 87, 42.19, '10:54:00', '11:39:00'), (442, 103, 'More Workshop', 'Really great workshop, you have to take part in.', 166, 66.12, '10:39:00', '11:39:00'), (443, 103, 'Alright Workshop', 'Really great workshop, you have to take part in.', 184, 66.68, '04:59:00', '05:59:00'), (444, 104, 'Recent Workshop', 'Really great workshop, you have to take part in.', 145, 27.66, '14:40:00', '16:40:00'), (445, 104, 'Visit Workshop', 'Really great workshop, you have to take part in.', 174, 83.45, '05:23:00', '07:23:00'), (446, 104, 'Cheap Workshop', 'Really great workshop, you have to take part in.', 56, 59.5, '19:19:00', '20:04:00'), (447, 104, 'Become Workshop', 'Really great workshop, you have to take part in.', 125, 13.59, '03:01:00', '04:01:00'), (448, 104, 'Future Workshop', 'Really great workshop, you have to take part in.', 141, 95.35, '17:56:00', '18:41:00'), (449, 104, 'Guess Workshop', 'Really great workshop, you have to take part in.', 103, 47.81, '01:26:00', '02:11:00'), (450, 104, 'Town Workshop', 'Really great workshop, you have to take part in.', 42, 57.97, '08:06:00', '08:51:00'), (451, 104, 'Marry Workshop', 'Really great workshop, you have to take part in.', 83, 50.12, '14:35:00', '15:35:00'), (452, 104, 'There Workshop', 'Really great workshop, you have to take part in.', 43, 71.71, '12:51:00', '14:51:00'), (453, 108, 'Wall Workshop', 'Really great workshop, you have to take part in.', 176, 82.97, '10:37:00', '11:22:00'), (454, 109, 'Apparent Workshop', 'Really great workshop, you have to take part in.', 83, 59.82, '18:04:00', '20:04:00'), (455, 109, 'Wish Workshop', 'Really great workshop, you have to take part in.', 120, 16.22, '09:24:00', '11:24:00'), (456, 109, 'He Workshop', 'Really great workshop, you have to take part in.', 307, 39.33, '08:08:00', '09:08:00'), (457, 109, 'Bring Workshop', 'Really great workshop, you have to take part in.', 307, 96.36, '00:10:00', '01:10:00'), (458, 110, 'Self Workshop', 'Really great workshop, you have to take part in.', 58, 92.73, '20:25:00', '21:55:00'), (459, 110, 'Product Workshop', 'Really great workshop, you have to take part in.', 64, 27.67, '03:11:00', '03:56:00'), (460, 110, 'Debate Workshop', 'Really great workshop, you have to take part in.', 67, 97.08, '11:56:00', '12:56:00'), (461, 110, 'Police Workshop', 'Really great workshop, you have to take part in.', 67, 34.9, '16:38:00', '18:38:00'), (462, 110, 'Wrong Workshop', 'Really great workshop, you have to take part in.', 103, 50.91, '14:47:00', '15:32:00'), (463, 111, 'Labour Workshop', 'Really great workshop, you have to take part in.', 74, 56.82, '09:35:00', '11:05:00'), (464, 111, 'Part Workshop', 'Really great workshop, you have to take part in.', 247, 86.11, '00:12:00', '01:42:00'), (465, 111, 'Against Workshop', 'Really great workshop, you have to take part in.', 249, 88.58, '03:46:00', '05:46:00'), (466, 111, 'Vote Workshop', 'Really great workshop, you have to take part in.', 46, 17.91, '03:47:00', '05:17:00'), (467, 111, 'Govern Workshop', 'Really great workshop, you have to take part in.', 158, 15.48, '20:36:00', '21:21:00'), (468, 111, 'Tea Workshop', 'Really great workshop, you have to take part in.', 33, 61.58, '09:06:00', '11:06:00'), (469, 111, 'Room Workshop', 'Really great workshop, you have to take part in.', 473, 98.69, '12:09:00', '12:54:00'), (470, 112, 'Special Workshop', 'Really great workshop, you have to take part in.', 61, 77.21, '12:49:00', '13:34:00'), (471, 112, 'Match Workshop', 'Really great workshop, you have to take part in.', 117, 25.59, '12:52:00', '13:37:00'), (472, 112, 'Secretary Workshop', 'Really great workshop, you have to take part in.', 127, 75.55, '14:52:00', '16:22:00'), (473, 112, 'Function Workshop', 'Really great workshop, you have to take part in.', 173, 82.16, '01:05:00', '02:05:00'), (474, 112, 'General Workshop', 'Really great workshop, you have to take part in.', 204, 23.64, '19:32:00', '20:32:00'), (475, 112, 'Regard Workshop', 'Really great workshop, you have to take part in.', 123, 52.54, '14:21:00', '15:06:00'), (476, 113, 'Glass Workshop', 'Really great workshop, you have to take part in.', 291, 56.18, '12:26:00', '14:26:00'), (477, 113, 'Usual Workshop', 'Really great workshop, you have to take part in.', 328, 78.56, '17:59:00', '19:29:00'), (478, 113, 'Industry Workshop', 'Really great workshop, you have to take part in.', 133, 56.38, '02:09:00', '03:39:00'), (479, 114, 'Fast Workshop', 'Really great workshop, you have to take part in.', 448, 83.07, '13:03:00', '13:48:00'), (480, 114, 'Maybe Workshop', 'Really great workshop, you have to take part in.', 109, 76.29, '04:11:00', '04:56:00'), (481, 114, 'Middle Workshop', 'Really great workshop, you have to take part in.', 395, 37.53, '00:38:00', '01:23:00'), (482, 115, 'Poor Workshop', 'Really great workshop, you have to take part in.', 88, 22.7, '09:36:00', '11:36:00'), (483, 115, 'Result Workshop', 'Really great workshop, you have to take part in.', 55, 72.35, '04:15:00', '05:45:00'), (484, 115, 'Give Workshop', 'Really great workshop, you have to take part in.', 77, 13.97, '17:06:00', '17:51:00'), (485, 115, 'Eleven Workshop', 'Really great workshop, you have to take part in.', 53, 10.71, '20:03:00', '22:03:00'), (486, 115, 'Address Workshop', 'Really great workshop, you have to take part in.', 72, 60.84, '01:45:00', '02:30:00'), (487, 116, 'Staff Workshop', 'Really great workshop, you have to take part in.', 41, 69.62, '05:30:00', '07:00:00'), (488, 117, 'When Workshop', 'Really great workshop, you have to take part in.', 135, 17.56, '08:45:00', '10:15:00'), (489, 117, 'Agree Workshop', 'Really great workshop, you have to take part in.', 188, 36.84, '07:57:00', '09:27:00'), (490, 117, 'Also Workshop', 'Really great workshop, you have to take part in.', 74, 36.65, '18:01:00', '18:46:00'), (491, 117, 'Book Workshop', 'Really great workshop, you have to take part in.', 191, 25.96, '00:32:00', '01:17:00'), (492, 118, 'Past Workshop', 'Really great workshop, you have to take part in.', 58, 20.71, '16:22:00', '17:22:00'), (493, 118, 'Happen Workshop', 'Really great workshop, you have to take part in.', 93, 14.56, '05:19:00', '07:19:00'), (494, 118, 'Minus Workshop', 'Really great workshop, you have to take part in.', 156, 46.97, '20:14:00', '21:44:00'), (495, 119, 'Top Workshop', 'Really great workshop, you have to take part in.', 45, 84.15, '01:46:00', '03:16:00'), (496, 120, 'Purpose Workshop', 'Really great workshop, you have to take part in.', 136, 63.42, '10:34:00', '12:34:00'), (497, 121, 'Obvious Workshop', 'Really great workshop, you have to take part in.', 98, 24.68, '00:18:00', '01:18:00'), (498, 121, 'East Workshop', 'Really great workshop, you have to take part in.', 58, 63.09, '12:50:00', '13:35:00'), (499, 121, 'Might Workshop', 'Really great workshop, you have to take part in.', 116, 90.84, '11:18:00', '12:18:00'), (500, 121, 'Club Workshop', 'Really great workshop, you have to take part in.', 52, 15.24, '13:35:00', '15:35:00'), (501, 122, 'Refer Workshop', 'Really great workshop, you have to take part in.', 188, 79.53, '09:49:00', '11:19:00'), (502, 122, 'Tax Workshop', 'Really great workshop, you have to take part in.', 98, 11.02, '06:49:00', '07:34:00'), (503, 122, 'Choice Workshop', 'Really great workshop, you have to take part in.', 205, 10.88, '10:42:00', '12:42:00'), (504, 122, 'Absolute Workshop', 'Really great workshop, you have to take part in.', 88, 33.34, '17:58:00', '18:43:00'), (505, 123, 'Park Workshop', 'Really great workshop, you have to take part in.', 184, 54.4, '14:02:00', '15:32:00'), (506, 123, 'Sheet Workshop', 'Really great workshop, you have to take part in.', 185, 44.49, '16:55:00', '17:40:00'), (507, 123, 'A Workshop', 'Really great workshop, you have to take part in.', 65, 91.5, '12:53:00', '14:23:00'), (508, 123, 'Direct Workshop', 'Really great workshop, you have to take part in.', 273, 95.56, '19:07:00', '21:07:00'), (509, 123, 'And Workshop', 'Really great workshop, you have to take part in.', 189, 24.59, '19:41:00', '20:26:00'), (510, 123, 'Bother Workshop', 'Really great workshop, you have to take part in.', 67, 60.6, '20:13:00', '20:58:00'), (511, 123, 'Often Workshop', 'Really great workshop, you have to take part in.', 128, 97.48, '18:09:00', '20:09:00'), (512, 123, 'Necessary Workshop', 'Really great workshop, you have to take part in.', 229, 65.65, '14:12:00', '15:12:00'), (513, 124, 'Secure Workshop', 'Really great workshop, you have to take part in.', 163, 19.69, '05:42:00', '07:12:00'), (514, 124, 'Throw Workshop', 'Really great workshop, you have to take part in.', 183, 77.62, '09:41:00', '10:26:00'), (515, 124, 'Life Workshop', 'Really great workshop, you have to take part in.', 188, 51.35, '00:46:00', '01:46:00'), (516, 124, 'Might Workshop', 'Really great workshop, you have to take part in.', 10, 50.7, '05:04:00', '06:34:00'), (517, 124, 'Realise Workshop', 'Really great workshop, you have to take part in.', 29, 44.34, '12:01:00', '13:31:00'), (518, 124, 'News Workshop', 'Really great workshop, you have to take part in.', 300, 66.78, '17:38:00', '18:23:00'), (519, 124, 'School Workshop', 'Really great workshop, you have to take part in.', 39, 80.7, '14:29:00', '15:14:00'), (520, 124, 'University Workshop', 'Really great workshop, you have to take part in.', 141, 70.13, '20:23:00', '22:23:00'), (521, 124, 'Kid Workshop', 'Really great workshop, you have to take part in.', 19, 85.87, '20:34:00', '22:34:00'), (522, 125, 'Extra Workshop', 'Really great workshop, you have to take part in.', 232, 22.6, '16:08:00', '18:08:00'), (523, 125, 'Contact Workshop', 'Really great workshop, you have to take part in.', 191, 57.61, '05:39:00', '06:39:00'), (524, 125, 'Must Workshop', 'Really great workshop, you have to take part in.', 24, 71.28, '11:12:00', '12:42:00'), (525, 125, 'Arrange Workshop', 'Really great workshop, you have to take part in.', 41, 39.74, '04:35:00', '05:20:00'), (526, 125, 'Social Workshop', 'Really great workshop, you have to take part in.', 127, 16.21, '05:36:00', '07:06:00'), (527, 125, 'Christmas Workshop', 'Really great workshop, you have to take part in.', 244, 75.3, '09:06:00', '10:06:00'), (528, 125, 'Few Workshop', 'Really great workshop, you have to take part in.', 107, 55.05, '16:09:00', '16:54:00'), (529, 125, 'Could Workshop', 'Really great workshop, you have to take part in.', 204, 99.84, '09:37:00', '10:22:00'), (530, 125, 'Between Workshop', 'Really great workshop, you have to take part in.', 262, 62.48, '09:11:00', '09:56:00'), (531, 125, 'Suppose Workshop', 'Really great workshop, you have to take part in.', 284, 16.26, '11:46:00', '13:16:00'), (532, 126, 'System Workshop', 'Really great workshop, you have to take part in.', 155, 33.48, '03:14:00', '04:44:00'), (533, 126, 'Wage Workshop', 'Really great workshop, you have to take part in.', 337, 33.72, '17:34:00', '18:34:00'), (534, 127, 'Raise Workshop', 'Really great workshop, you have to take part in.', 32, 78.14, '08:17:00', '09:47:00'), (535, 127, 'Same Workshop', 'Really great workshop, you have to take part in.', 185, 72.83, '14:24:00', '15:24:00'), (536, 127, 'Private Workshop', 'Really great workshop, you have to take part in.', 72, 79.1, '10:20:00', '11:05:00'), (537, 127, 'Debate Workshop', 'Really great workshop, you have to take part in.', 319, 60.7, '02:17:00', '04:17:00'), (538, 127, 'Place Workshop', 'Really great workshop, you have to take part in.', 180, 49.04, '12:51:00', '13:36:00'), (539, 127, 'Any Workshop', 'Really great workshop, you have to take part in.', 143, 59.38, '09:29:00', '11:29:00'), (540, 127, 'If Workshop', 'Really great workshop, you have to take part in.', 61, 64.73, '11:24:00', '12:24:00'), (541, 127, 'Govern Workshop', 'Really great workshop, you have to take part in.', 285, 49.28, '20:14:00', '21:14:00'), (542, 129, 'Month Workshop', 'Really great workshop, you have to take part in.', 139, 65.41, '07:56:00', '09:56:00'), (543, 129, 'Favour Workshop', 'Really great workshop, you have to take part in.', 37, 48.7, '18:23:00', '19:08:00'), (544, 129, 'Live Workshop', 'Really great workshop, you have to take part in.', 241, 39.92, '15:09:00', '17:09:00'), (545, 129, 'Consult Workshop', 'Really great workshop, you have to take part in.', 219, 95.52, '17:38:00', '18:38:00'), (546, 129, 'Sister Workshop', 'Really great workshop, you have to take part in.', 36, 30.36, '03:15:00', '04:15:00'), (547, 130, 'Best Workshop', 'Really great workshop, you have to take part in.', 23, 48.77, '20:08:00', '21:38:00'), (548, 130, 'We Workshop', 'Really great workshop, you have to take part in.', 45, 27.68, '18:57:00', '19:42:00'), (549, 130, 'Mrs Workshop', 'Really great workshop, you have to take part in.', 118, 13.65, '10:38:00', '12:08:00'), (550, 130, 'Either Workshop', 'Really great workshop, you have to take part in.', 10, 25.53, '20:43:00', '21:43:00'), (551, 130, 'Lead Workshop', 'Really great workshop, you have to take part in.', 125, 86.8, '06:00:00', '07:00:00'), (552, 131, 'Strike Workshop', 'Really great workshop, you have to take part in.', 198, 85.87, '08:24:00', '10:24:00'), (553, 131, 'Fill Workshop', 'Really great workshop, you have to take part in.', 20, 60.12, '06:37:00', '07:22:00'), (554, 131, 'Within Workshop', 'Really great workshop, you have to take part in.', 246, 94.55, '17:15:00', '18:45:00'), (555, 131, 'There Workshop', 'Really great workshop, you have to take part in.', 315, 29.0, '12:21:00', '13:21:00'), (556, 131, 'Between Workshop', 'Really great workshop, you have to take part in.', 53, 51.85, '20:26:00', '21:26:00'), (557, 131, 'Heat Workshop', 'Really great workshop, you have to take part in.', 54, 51.47, '07:58:00', '09:58:00'), (558, 131, 'Recent Workshop', 'Really great workshop, you have to take part in.', 241, 49.57, '07:10:00', '08:40:00'), (559, 131, 'Shoot Workshop', 'Really great workshop, you have to take part in.', 372, 34.65, '01:34:00', '03:04:00'), (560, 131, 'Tie Workshop', 'Really great workshop, you have to take part in.', 333, 41.97, '00:43:00', '02:13:00'), (561, 131, 'Pick Workshop', 'Really great workshop, you have to take part in.', 34, 34.26, '10:04:00', '10:49:00'), (562, 132, 'Together Workshop', 'Really great workshop, you have to take part in.', 131, 13.02, '14:02:00', '15:02:00'), (563, 132, 'Receive Workshop', 'Really great workshop, you have to take part in.', 32, 93.26, '13:54:00', '15:54:00'), (564, 132, 'Honest Workshop', 'Really great workshop, you have to take part in.', 115, 86.64, '18:41:00', '19:26:00'), (565, 132, 'Point Workshop', 'Really great workshop, you have to take part in.', 233, 43.11, '04:17:00', '05:02:00'), (566, 134, 'Pull Workshop', 'Really great workshop, you have to take part in.', 11, 29.94, '19:04:00', '20:34:00'), (567, 134, 'Television Workshop', 'Really great workshop, you have to take part in.', 67, 83.55, '16:12:00', '16:57:00'), (568, 134, 'Plan Workshop', 'Really great workshop, you have to take part in.', 30, 76.04, '08:46:00', '10:46:00'), (569, 134, 'Just Workshop', 'Really great workshop, you have to take part in.', 106, 76.18, '04:56:00', '06:26:00'), (570, 134, 'Turn Workshop', 'Really great workshop, you have to take part in.', 52, 21.82, '14:15:00', '15:00:00'), (571, 134, 'Thank Workshop', 'Really great workshop, you have to take part in.', 137, 58.03, '16:33:00', '18:03:00'), (572, 134, 'Discuss Workshop', 'Really great workshop, you have to take part in.', 82, 41.65, '16:51:00', '17:51:00'), (573, 134, 'Find Workshop', 'Really great workshop, you have to take part in.', 102, 66.55, '00:31:00', '02:01:00'), (574, 134, 'Brief Workshop', 'Really great workshop, you have to take part in.', 21, 97.71, '04:13:00', '05:13:00'), (575, 135, 'Understand Workshop', 'Really great workshop, you have to take part in.', 158, 32.58, '19:02:00', '20:02:00'), (576, 135, 'Compute Workshop', 'Really great workshop, you have to take part in.', 300, 77.4, '13:22:00', '14:07:00'), (577, 135, 'Example Workshop', 'Really great workshop, you have to take part in.', 182, 13.71, '08:55:00', '09:55:00'), (578, 135, 'Insure Workshop', 'Really great workshop, you have to take part in.', 59, 75.51, '00:28:00', '01:28:00'), (579, 135, 'Language Workshop', 'Really great workshop, you have to take part in.', 252, 64.78, '10:38:00', '12:08:00'), (580, 135, 'County Workshop', 'Really great workshop, you have to take part in.', 91, 88.7, '07:28:00', '09:28:00'), (581, 135, 'Age Workshop', 'Really great workshop, you have to take part in.', 277, 42.98, '09:07:00', '10:37:00'), (582, 135, 'Lot Workshop', 'Really great workshop, you have to take part in.', 11, 36.18, '19:58:00', '20:43:00'), (583, 135, 'Should Workshop', 'Really great workshop, you have to take part in.', 263, 30.41, '03:33:00', '05:33:00'), (584, 135, 'Food Workshop', 'Really great workshop, you have to take part in.', 90, 45.86, '07:58:00', '08:43:00'), (585, 136, 'Inform Workshop', 'Really great workshop, you have to take part in.', 15, 56.55, '17:27:00', '18:12:00'), (586, 136, 'Tie Workshop', 'Really great workshop, you have to take part in.', 166, 53.57, '15:39:00', '16:39:00'), (587, 136, 'Summer Workshop', 'Really great workshop, you have to take part in.', 165, 15.46, '01:18:00', '02:18:00'), (588, 136, 'Wind Workshop', 'Really great workshop, you have to take part in.', 176, 12.95, '13:14:00', '13:59:00'), (589, 136, 'Available Workshop', 'Really great workshop, you have to take part in.', 107, 16.94, '18:54:00', '19:54:00'), (590, 136, 'Step Workshop', 'Really great workshop, you have to take part in.', 69, 67.82, '03:22:00', '05:22:00'), (591, 136, 'Sense Workshop', 'Really great workshop, you have to take part in.', 151, 68.75, '16:47:00', '18:47:00'), (592, 136, 'Apart Workshop', 'Really great workshop, you have to take part in.', 113, 18.83, '01:57:00', '02:42:00'), (593, 137, 'Grow Workshop', 'Really great workshop, you have to take part in.', 83, 22.53, '20:13:00', '21:13:00'), (594, 137, 'Boat Workshop', 'Really great workshop, you have to take part in.', 78, 86.59, '16:00:00', '16:45:00'), (595, 137, 'Apparent Workshop', 'Really great workshop, you have to take part in.', 160, 78.9, '09:20:00', '11:20:00'), (596, 137, 'Brilliant Workshop', 'Really great workshop, you have to take part in.', 154, 12.38, '07:34:00', '08:34:00'), (597, 137, 'Lock Workshop', 'Really great workshop, you have to take part in.', 175, 92.99, '09:15:00', '10:15:00'), (598, 137, 'Bloke Workshop', 'Really great workshop, you have to take part in.', 101, 89.5, '07:22:00', '08:52:00'), (599, 137, 'Nine Workshop', 'Really great workshop, you have to take part in.', 155, 19.2, '08:04:00', '08:49:00'), (600, 137, 'Proceed Workshop', 'Really great workshop, you have to take part in.', 41, 32.04, '02:53:00', '03:38:00'), (601, 137, 'Weigh Workshop', 'Really great workshop, you have to take part in.', 38, 90.88, '19:20:00', '21:20:00'), (602, 137, 'Exercise Workshop', 'Really great workshop, you have to take part in.', 124, 21.66, '19:09:00', '21:09:00'), (603, 138, 'Age Workshop', 'Really great workshop, you have to take part in.', 349, 40.33, '01:41:00', '03:11:00'), (604, 138, 'Individual Workshop', 'Really great workshop, you have to take part in.', 194, 19.55, '08:57:00', '10:27:00'), (605, 138, 'Own Workshop', 'Really great workshop, you have to take part in.', 192, 31.15, '06:16:00', '08:16:00'), (606, 138, 'Scotland Workshop', 'Really great workshop, you have to take part in.', 421, 75.58, '07:45:00', '08:45:00'), (607, 138, 'Pension Workshop', 'Really great workshop, you have to take part in.', 86, 84.37, '09:31:00', '11:31:00'), (608, 138, 'Time Workshop', 'Really great workshop, you have to take part in.', 91, 86.67, '19:27:00', '20:27:00'), (609, 138, 'Run Workshop', 'Really great workshop, you have to take part in.', 416, 43.28, '08:16:00', '09:01:00'), (610, 139, 'Piece Workshop', 'Really great workshop, you have to take part in.', 177, 65.98, '17:26:00', '18:26:00'), (611, 139, 'Kind Workshop', 'Really great workshop, you have to take part in.', 184, 25.39, '11:48:00', '12:48:00'), (612, 139, 'Research Workshop', 'Really great workshop, you have to take part in.', 188, 70.8, '04:22:00', '05:22:00'), (613, 139, 'Recent Workshop', 'Really great workshop, you have to take part in.', 168, 79.83, '06:39:00', '08:09:00'), (614, 139, 'Sing Workshop', 'Really great workshop, you have to take part in.', 216, 66.87, '02:45:00', '04:15:00'), (615, 142, 'Face Workshop', 'Really great workshop, you have to take part in.', 173, 32.62, '14:16:00', '15:01:00'), (616, 142, 'Waste Workshop', 'Really great workshop, you have to take part in.', 147, 92.91, '05:41:00', '06:41:00'), (617, 142, 'Try Workshop', 'Really great workshop, you have to take part in.', 95, 20.73, '16:18:00', '17:48:00'), (618, 142, 'Against Workshop', 'Really great workshop, you have to take part in.', 93, 84.13, '08:21:00', '10:21:00'), (619, 142, 'With Workshop', 'Really great workshop, you have to take part in.', 36, 14.48, '09:25:00', '11:25:00'), (620, 142, 'Study Workshop', 'Really great workshop, you have to take part in.', 87, 79.18, '07:48:00', '08:48:00'), (621, 142, 'Worth Workshop', 'Really great workshop, you have to take part in.', 112, 25.94, '15:59:00', '16:44:00'), (622, 142, 'Sister Workshop', 'Really great workshop, you have to take part in.', 120, 85.77, '03:59:00', '04:44:00'), (623, 142, 'Throw Workshop', 'Really great workshop, you have to take part in.', 197, 38.57, '19:18:00', '20:48:00'), (624, 142, 'Aware Workshop', 'Really great workshop, you have to take part in.', 23, 24.14, '16:59:00', '18:59:00'), (625, 143, 'Holiday Workshop', 'Really great workshop, you have to take part in.', 162, 90.49, '03:52:00', '04:52:00'), (626, 143, 'Unless Workshop', 'Really great workshop, you have to take part in.', 380, 49.75, '08:01:00', '09:31:00'), (627, 145, 'Still Workshop', 'Really great workshop, you have to take part in.', 189, 97.23, '11:29:00', '12:59:00'), (628, 145, 'Appear Workshop', 'Really great workshop, you have to take part in.', 15, 82.91, '02:48:00', '04:18:00'), (629, 145, 'Bar Workshop', 'Really great workshop, you have to take part in.', 180, 19.94, '02:46:00', '04:46:00'), (630, 145, 'Kid Workshop', 'Really great workshop, you have to take part in.', 32, 73.54, '18:24:00', '19:54:00'), (631, 145, 'Could Workshop', 'Really great workshop, you have to take part in.', 223, 91.8, '13:33:00', '15:33:00'), (632, 145, 'Jesus Workshop', 'Really great workshop, you have to take part in.', 67, 66.87, '03:31:00', '04:16:00'), (633, 145, 'Collect Workshop', 'Really great workshop, you have to take part in.', 197, 94.52, '07:31:00', '09:31:00'), (634, 146, 'Include Workshop', 'Really great workshop, you have to take part in.', 205, 38.24, '17:11:00', '19:11:00'), (635, 146, 'Take Workshop', 'Really great workshop, you have to take part in.', 177, 74.63, '18:10:00', '18:55:00'), (636, 148, 'King Workshop', 'Really great workshop, you have to take part in.', 47, 74.1, '14:14:00', '16:14:00'), (637, 148, 'Ask Workshop', 'Really great workshop, you have to take part in.', 174, 47.68, '20:48:00', '21:33:00'), (638, 148, 'Health Workshop', 'Really great workshop, you have to take part in.', 72, 41.9, '02:29:00', '03:14:00'), (639, 148, 'Ago Workshop', 'Really great workshop, you have to take part in.', 206, 97.47, '09:09:00', '11:09:00'), (640, 148, 'Month Workshop', 'Really great workshop, you have to take part in.', 79, 84.5, '14:03:00', '16:03:00'), (641, 148, 'Club Workshop', 'Really great workshop, you have to take part in.', 124, 25.08, '06:37:00', '07:22:00'), (642, 148, 'Shop Workshop', 'Really great workshop, you have to take part in.', 38, 74.05, '19:37:00', '21:37:00'), (643, 148, 'Sex Workshop', 'Really great workshop, you have to take part in.', 184, 11.12, '17:35:00', '18:35:00'), (644, 149, 'Proper Workshop', 'Really great workshop, you have to take part in.', 73, 37.62, '19:51:00', '21:51:00'), (645, 149, 'Britain Workshop', 'Really great workshop, you have to take part in.', 37, 25.66, '02:22:00', '03:52:00'), (646, 149, 'Complete Workshop', 'Really great workshop, you have to take part in.', 26, 10.35, '14:03:00', '15:33:00'), (647, 149, 'Hard Workshop', 'Really great workshop, you have to take part in.', 179, 10.71, '07:40:00', '08:40:00'), (648, 149, 'Rather Workshop', 'Really great workshop, you have to take part in.', 180, 81.63, '03:41:00', '05:11:00'), (649, 149, 'Wage Workshop', 'Really great workshop, you have to take part in.', 25, 12.33, '16:13:00', '17:13:00'), (650, 149, 'Pound Workshop', 'Really great workshop, you have to take part in.', 183, 15.99, '01:54:00', '03:24:00'), (651, 149, 'Beat Workshop', 'Really great workshop, you have to take part in.', 100, 48.66, '08:02:00', '10:02:00'), (652, 149, 'Wage Workshop', 'Really great workshop, you have to take part in.', 156, 11.57, '01:43:00', '03:43:00'), (653, 149, 'Protect Workshop', 'Really great workshop, you have to take part in.', 104, 15.86, '03:48:00', '05:48:00'), (654, 150, 'Both Workshop', 'Really great workshop, you have to take part in.', 99, 61.96, '02:21:00', '03:51:00'), (655, 150, 'Bar Workshop', 'Really great workshop, you have to take part in.', 252, 44.21, '16:13:00', '16:58:00'), (656, 150, 'Christmas Workshop', 'Really great workshop, you have to take part in.', 356, 92.46, '08:13:00', '09:13:00'), (657, 150, 'Toward Workshop', 'Really great workshop, you have to take part in.', 279, 17.38, '12:34:00', '14:34:00'), (658, 151, 'Appoint Workshop', 'Really great workshop, you have to take part in.', 48, 37.01, '18:03:00', '18:48:00'), (659, 151, 'Table Workshop', 'Really great workshop, you have to take part in.', 176, 99.79, '03:15:00', '04:15:00'), (660, 151, 'Apparent Workshop', 'Really great workshop, you have to take part in.', 272, 81.86, '03:12:00', '04:42:00'), (661, 151, 'Step Workshop', 'Really great workshop, you have to take part in.', 260, 71.29, '15:44:00', '17:14:00'), (662, 151, 'Think Workshop', 'Really great workshop, you have to take part in.', 284, 33.34, '11:35:00', '12:20:00'), (663, 151, 'Telephone Workshop', 'Really great workshop, you have to take part in.', 209, 74.11, '09:16:00', '10:46:00'), (664, 151, 'Six Workshop', 'Really great workshop, you have to take part in.', 48, 63.94, '06:49:00', '08:49:00'), (665, 152, 'Forward Workshop', 'Really great workshop, you have to take part in.', 92, 88.94, '18:40:00', '20:40:00'), (666, 152, 'Benefit Workshop', 'Really great workshop, you have to take part in.', 54, 88.49, '19:46:00', '21:46:00'), (667, 152, 'Regard Workshop', 'Really great workshop, you have to take part in.', 17, 26.21, '10:23:00', '11:23:00'), (668, 152, 'Wonder Workshop', 'Really great workshop, you have to take part in.', 123, 72.32, '01:13:00', '02:13:00'), (669, 152, 'Radio Workshop', 'Really great workshop, you have to take part in.', 176, 68.55, '18:39:00', '19:24:00'), (670, 152, 'Not Workshop', 'Really great workshop, you have to take part in.', 100, 47.71, '02:34:00', '03:19:00'), (671, 152, 'Would Workshop', 'Really great workshop, you have to take part in.', 248, 46.98, '05:43:00', '07:43:00'), (672, 153, 'Video Workshop', 'Really great workshop, you have to take part in.', 33, 61.22, '09:06:00', '11:06:00'), (673, 153, 'Sunday Workshop', 'Really great workshop, you have to take part in.', 72, 10.15, '06:10:00', '07:40:00'), (674, 154, 'Today Workshop', 'Really great workshop, you have to take part in.', 335, 65.51, '02:24:00', '04:24:00'), (675, 154, 'Standard Workshop', 'Really great workshop, you have to take part in.', 278, 26.38, '09:03:00', '09:48:00'), (676, 155, 'Wish Workshop', 'Really great workshop, you have to take part in.', 11, 66.12, '01:20:00', '02:20:00'), (677, 155, 'Non Workshop', 'Really great workshop, you have to take part in.', 231, 86.38, '07:13:00', '08:13:00'), (678, 155, 'Lord Workshop', 'Really great workshop, you have to take part in.', 83, 96.81, '12:20:00', '13:20:00'), (679, 155, 'For Workshop', 'Really great workshop, you have to take part in.', 186, 38.48, '20:33:00', '21:33:00'), (680, 155, 'Sell Workshop', 'Really great workshop, you have to take part in.', 181, 83.83, '03:02:00', '03:47:00'), (681, 155, 'Say Workshop', 'Really great workshop, you have to take part in.', 181, 95.8, '16:13:00', '18:13:00'), (682, 156, 'Home Workshop', 'Really great workshop, you have to take part in.', 113, 34.84, '04:55:00', '06:25:00'), (683, 156, 'One Workshop', 'Really great workshop, you have to take part in.', 137, 49.0, '18:49:00', '19:34:00'), (684, 156, 'Before Workshop', 'Really great workshop, you have to take part in.', 197, 98.78, '11:23:00', '12:08:00'), (685, 156, 'Choose Workshop', 'Really great workshop, you have to take part in.', 322, 96.61, '09:30:00', '10:15:00'), (686, 156, 'Fact Workshop', 'Really great workshop, you have to take part in.', 95, 57.39, '09:34:00', '10:34:00'), (687, 157, 'Happen Workshop', 'Really great workshop, you have to take part in.', 40, 67.14, '09:23:00', '10:08:00'), (688, 157, 'Fortune Workshop', 'Really great workshop, you have to take part in.', 100, 14.16, '13:06:00', '14:06:00'), (689, 157, 'Role Workshop', 'Really great workshop, you have to take part in.', 457, 69.84, '06:23:00', '08:23:00'), (690, 157, 'List Workshop', 'Really great workshop, you have to take part in.', 422, 41.93, '20:53:00', '22:23:00'), (691, 157, 'Okay Workshop', 'Really great workshop, you have to take part in.', 430, 39.66, '20:32:00', '22:02:00'), (692, 157, 'Catch Workshop', 'Really great workshop, you have to take part in.', 477, 50.3, '04:15:00', '05:00:00'), (693, 157, 'Slight Workshop', 'Really great workshop, you have to take part in.', 123, 45.59, '19:24:00', '21:24:00'), (694, 157, 'Every Workshop', 'Really great workshop, you have to take part in.', 298, 26.35, '19:13:00', '19:58:00'), (695, 157, 'London Workshop', 'Really great workshop, you have to take part in.', 451, 78.73, '08:55:00', '10:55:00'), (696, 157, 'Contract Workshop', 'Really great workshop, you have to take part in.', 362, 33.89, '16:46:00', '18:16:00'), (697, 158, 'Stick Workshop', 'Really great workshop, you have to take part in.', 380, 81.29, '03:53:00', '05:53:00'), (698, 158, 'Must Workshop', 'Really great workshop, you have to take part in.', 54, 42.22, '04:15:00', '05:00:00'), (699, 158, 'Council Workshop', 'Really great workshop, you have to take part in.', 81, 32.17, '07:08:00', '07:53:00'), (700, 158, 'General Workshop', 'Really great workshop, you have to take part in.', 212, 12.12, '06:39:00', '08:09:00'), (701, 158, 'Okay Workshop', 'Really great workshop, you have to take part in.', 128, 91.57, '16:10:00', '17:40:00'), (702, 158, 'Organize Workshop', 'Really great workshop, you have to take part in.', 216, 44.2, '01:10:00', '02:40:00'), (703, 158, 'Amount Workshop', 'Really great workshop, you have to take part in.', 306, 70.8, '06:08:00', '08:08:00'), (704, 158, 'Week Workshop', 'Really great workshop, you have to take part in.', 61, 70.9, '20:32:00', '22:32:00'), (705, 158, 'Wait Workshop', 'Really great workshop, you have to take part in.', 221, 68.05, '12:37:00', '13:22:00'), (706, 159, 'Commit Workshop', 'Really great workshop, you have to take part in.', 230, 74.0, '13:14:00', '15:14:00'), (707, 159, 'Get Workshop', 'Really great workshop, you have to take part in.', 133, 83.6, '13:06:00', '15:06:00'), (708, 160, 'Art Workshop', 'Really great workshop, you have to take part in.', 126, 24.36, '18:54:00', '20:24:00'), (709, 160, 'Stand Workshop', 'Really great workshop, you have to take part in.', 30, 44.28, '13:30:00', '14:15:00'), (710, 160, 'Take Workshop', 'Really great workshop, you have to take part in.', 120, 61.44, '06:10:00', '06:55:00'), (711, 160, 'Travel Workshop', 'Really great workshop, you have to take part in.', 349, 25.28, '02:50:00', '03:50:00'), (712, 160, 'Identify Workshop', 'Really great workshop, you have to take part in.', 368, 68.52, '04:55:00', '06:55:00'), (713, 160, 'Mark Workshop', 'Really great workshop, you have to take part in.', 209, 79.59, '17:47:00', '18:32:00'), (714, 160, 'Shut Workshop', 'Really great workshop, you have to take part in.', 130, 72.77, '15:31:00', '17:31:00'), (715, 160, 'Period Workshop', 'Really great workshop, you have to take part in.', 218, 75.0, '05:45:00', '07:15:00'), (716, 160, 'Perhaps Workshop', 'Really great workshop, you have to take part in.', 179, 97.07, '07:44:00', '09:14:00'), (717, 161, 'Because Workshop', 'Really great workshop, you have to take part in.', 310, 16.59, '16:51:00', '18:21:00'), (718, 161, 'Idea Workshop', 'Really great workshop, you have to take part in.', 354, 43.73, '12:53:00', '13:38:00'), (719, 161, 'Agree Workshop', 'Really great workshop, you have to take part in.', 363, 24.19, '15:21:00', '16:06:00'), (720, 161, 'Bottle Workshop', 'Really great workshop, you have to take part in.', 210, 96.89, '17:00:00', '17:45:00'), (721, 161, 'Feed Workshop', 'Really great workshop, you have to take part in.', 428, 68.9, '09:31:00', '11:01:00'), (722, 161, 'Strong Workshop', 'Really great workshop, you have to take part in.', 328, 44.72, '02:32:00', '04:02:00'), (723, 161, 'Thirteen Workshop', 'Really great workshop, you have to take part in.', 288, 91.72, '14:53:00', '15:53:00'), (724, 161, 'Yesterday Workshop', 'Really great workshop, you have to take part in.', 126, 92.6, '12:57:00', '13:57:00'), (725, 161, 'Mean Workshop', 'Really great workshop, you have to take part in.', 64, 19.37, '16:48:00', '17:48:00'), (726, 161, 'Face Workshop', 'Really great workshop, you have to take part in.', 418, 28.54, '06:25:00', '07:10:00'), (727, 162, 'Bottle Workshop', 'Really great workshop, you have to take part in.', 345, 30.04, '17:11:00', '19:11:00'), (728, 162, 'Call Workshop', 'Really great workshop, you have to take part in.', 14, 69.39, '00:15:00', '02:15:00'), (729, 162, 'Divide Workshop', 'Really great workshop, you have to take part in.', 314, 33.78, '02:12:00', '03:42:00'), (730, 162, 'Position Workshop', 'Really great workshop, you have to take part in.', 330, 55.39, '12:08:00', '14:08:00'), (731, 162, 'Sense Workshop', 'Really great workshop, you have to take part in.', 235, 62.68, '19:08:00', '19:53:00'), (732, 162, 'Please Workshop', 'Really great workshop, you have to take part in.', 230, 53.24, '19:54:00', '20:39:00'), (733, 162, 'At Workshop', 'Really great workshop, you have to take part in.', 426, 17.23, '09:35:00', '10:20:00'), (734, 162, 'Buy Workshop', 'Really great workshop, you have to take part in.', 162, 69.74, '03:16:00', '04:01:00'), (735, 162, 'Care Workshop', 'Really great workshop, you have to take part in.', 371, 37.94, '13:45:00', '14:30:00'), (736, 162, 'Plus Workshop', 'Really great workshop, you have to take part in.', 296, 38.79, '20:51:00', '21:51:00'), (737, 164, 'Luck Workshop', 'Really great workshop, you have to take part in.', 344, 83.49, '02:36:00', '03:21:00'), (738, 164, 'Long Workshop', 'Really great workshop, you have to take part in.', 12, 48.79, '16:51:00', '17:51:00'), (739, 164, 'Support Workshop', 'Really great workshop, you have to take part in.', 256, 89.93, '03:47:00', '04:32:00'), (740, 164, 'Big Workshop', 'Really great workshop, you have to take part in.', 173, 84.63, '20:12:00', '22:12:00'), (741, 164, 'Hang Workshop', 'Really great workshop, you have to take part in.', 231, 21.39, '13:05:00', '14:35:00'), (742, 164, 'Home Workshop', 'Really great workshop, you have to take part in.', 307, 42.89, '18:13:00', '19:13:00'), (743, 164, 'Quick Workshop', 'Really great workshop, you have to take part in.', 304, 60.22, '00:51:00', '01:51:00'), (744, 165, 'Less Workshop', 'Really great workshop, you have to take part in.', 215, 63.02, '04:48:00', '05:33:00'), (745, 165, 'Bring Workshop', 'Really great workshop, you have to take part in.', 287, 40.86, '07:32:00', '09:02:00'), (746, 166, 'Active Workshop', 'Really great workshop, you have to take part in.', 184, 11.29, '11:58:00', '12:58:00'), (747, 166, 'Example Workshop', 'Really great workshop, you have to take part in.', 57, 51.55, '00:29:00', '01:59:00'), (748, 166, 'Special Workshop', 'Really great workshop, you have to take part in.', 173, 84.98, '14:09:00', '15:39:00'), (749, 167, 'Enough Workshop', 'Really great workshop, you have to take part in.', 223, 97.41, '13:11:00', '13:56:00'), (750, 168, 'First Workshop', 'Really great workshop, you have to take part in.', 69, 16.19, '02:05:00', '03:35:00'), (751, 168, 'At Workshop', 'Really great workshop, you have to take part in.', 120, 21.67, '13:03:00', '15:03:00'), (752, 168, 'Heart Workshop', 'Really great workshop, you have to take part in.', 109, 16.5, '06:46:00', '08:46:00'), (753, 169, 'Achieve Workshop', 'Really great workshop, you have to take part in.', 55, 48.25, '09:57:00', '11:27:00'), (754, 169, 'Clean Workshop', 'Really great workshop, you have to take part in.', 53, 86.99, '11:36:00', '13:06:00'), (755, 170, 'Fly Workshop', 'Really great workshop, you have to take part in.', 108, 81.78, '06:13:00', '07:43:00'), (756, 170, 'Act Workshop', 'Really great workshop, you have to take part in.', 177, 48.46, '02:27:00', '03:57:00'), (757, 170, 'Wood Workshop', 'Really great workshop, you have to take part in.', 217, 30.53, '10:49:00', '12:49:00'), (758, 170, 'List Workshop', 'Really great workshop, you have to take part in.', 157, 10.85, '15:33:00', '16:33:00'), (759, 171, 'Attend Workshop', 'Really great workshop, you have to take part in.', 45, 76.84, '10:57:00', '12:27:00'), (760, 171, 'Thirty Workshop', 'Really great workshop, you have to take part in.', 159, 74.82, '18:59:00', '19:44:00'), (761, 171, 'Slow Workshop', 'Really great workshop, you have to take part in.', 255, 68.16, '11:33:00', '13:33:00'), (762, 171, 'Under Workshop', 'Really great workshop, you have to take part in.', 232, 51.73, '14:50:00', '16:50:00'), (763, 173, 'Achieve Workshop', 'Really great workshop, you have to take part in.', 339, 35.57, '06:35:00', '07:35:00'), (764, 173, 'Ask Workshop', 'Really great workshop, you have to take part in.', 380, 99.19, '11:05:00', '13:05:00'), (765, 173, 'Percent Workshop', 'Really great workshop, you have to take part in.', 147, 99.5, '19:24:00', '20:54:00'), (766, 173, 'Bear Workshop', 'Really great workshop, you have to take part in.', 201, 56.61, '06:03:00', '07:03:00'), (767, 174, 'Try Workshop', 'Really great workshop, you have to take part in.', 221, 90.13, '18:46:00', '19:31:00'), (768, 174, 'Wood Workshop', 'Really great workshop, you have to take part in.', 219, 15.05, '08:24:00', '09:54:00'), (769, 174, 'Subject Workshop', 'Really great workshop, you have to take part in.', 88, 17.88, '09:27:00', '10:27:00'), (770, 174, 'Green Workshop', 'Really great workshop, you have to take part in.', 93, 48.71, '03:36:00', '05:06:00'), (771, 174, 'Tend Workshop', 'Really great workshop, you have to take part in.', 164, 97.53, '01:47:00', '03:17:00'), (772, 174, 'Village Workshop', 'Really great workshop, you have to take part in.', 25, 22.64, '10:22:00', '12:22:00'), (773, 175, 'Degree Workshop', 'Really great workshop, you have to take part in.', 414, 84.78, '18:24:00', '19:54:00'), (774, 175, 'Share Workshop', 'Really great workshop, you have to take part in.', 449, 72.68, '01:08:00', '02:08:00'), (775, 175, 'Resource Workshop', 'Really great workshop, you have to take part in.', 261, 32.37, '04:42:00', '05:42:00'), (776, 175, 'Saturday Workshop', 'Really great workshop, you have to take part in.', 183, 64.23, '00:17:00', '01:17:00'), (777, 175, 'Produce Workshop', 'Really great workshop, you have to take part in.', 12, 45.24, '10:05:00', '11:35:00'), (778, 175, 'View Workshop', 'Really great workshop, you have to take part in.', 219, 59.49, '00:16:00', '01:16:00'), (779, 175, 'Alright Workshop', 'Really great workshop, you have to take part in.', 370, 92.82, '12:59:00', '13:44:00'), (780, 175, 'Pressure Workshop', 'Really great workshop, you have to take part in.', 322, 10.98, '18:27:00', '19:57:00'), (781, 175, 'Than Workshop', 'Really great workshop, you have to take part in.', 66, 82.28, '10:11:00', '10:56:00'), (782, 176, 'Address Workshop', 'Really great workshop, you have to take part in.', 172, 61.74, '07:19:00', '08:19:00'), (783, 177, 'Evidence Workshop', 'Really great workshop, you have to take part in.', 132, 78.37, '17:01:00', '17:46:00'), (784, 177, 'Current Workshop', 'Really great workshop, you have to take part in.', 76, 82.64, '14:01:00', '16:01:00'), (785, 177, 'Door Workshop', 'Really great workshop, you have to take part in.', 163, 74.36, '14:34:00', '15:19:00'), (786, 177, 'Quid Workshop', 'Really great workshop, you have to take part in.', 71, 67.89, '04:24:00', '05:09:00'), (787, 177, 'Clock Workshop', 'Really great workshop, you have to take part in.', 28, 96.27, '09:56:00', '10:41:00'), (788, 177, 'Bottom Workshop', 'Really great workshop, you have to take part in.', 123, 88.6, '19:46:00', '20:46:00'), (789, 177, 'Beat Workshop', 'Really great workshop, you have to take part in.', 170, 63.13, '08:35:00', '09:20:00'), (790, 177, 'Police Workshop', 'Really great workshop, you have to take part in.', 74, 69.25, '17:42:00', '18:27:00'), (791, 177, 'Slow Workshop', 'Really great workshop, you have to take part in.', 63, 10.75, '16:11:00', '18:11:00'), (792, 178, 'Finance Workshop', 'Really great workshop, you have to take part in.', 128, 35.52, '04:50:00', '05:50:00'), (793, 178, 'Clean Workshop', 'Really great workshop, you have to take part in.', 232, 10.53, '16:38:00', '17:38:00'), (794, 178, 'Yesterday Workshop', 'Really great workshop, you have to take part in.', 94, 90.13, '07:32:00', '08:32:00'), (795, 178, 'Propose Workshop', 'Really great workshop, you have to take part in.', 212, 66.47, '04:00:00', '06:00:00'), (796, 178, 'Pick Workshop', 'Really great workshop, you have to take part in.', 75, 10.3, '01:34:00', '03:34:00'), (797, 178, 'Offer Workshop', 'Really great workshop, you have to take part in.', 208, 98.04, '05:42:00', '07:42:00'), (798, 178, 'Left Workshop', 'Really great workshop, you have to take part in.', 247, 95.37, '02:32:00', '03:17:00'), (799, 178, 'Rest Workshop', 'Really great workshop, you have to take part in.', 216, 51.05, '16:58:00', '18:28:00'), (800, 180, 'Often Workshop', 'Really great workshop, you have to take part in.', 82, 57.78, '03:23:00', '04:08:00'), (801, 180, 'None Workshop', 'Really great workshop, you have to take part in.', 18, 88.1, '02:58:00', '03:58:00'), (802, 180, 'Just Workshop', 'Really great workshop, you have to take part in.', 234, 35.38, '12:00:00', '14:00:00'), (803, 180, 'Radio Workshop', 'Really great workshop, you have to take part in.', 306, 57.01, '13:26:00', '14:56:00'), (804, 180, 'Size Workshop', 'Really great workshop, you have to take part in.', 106, 39.74, '07:24:00', '08:54:00'), (805, 181, 'Why Workshop', 'Really great workshop, you have to take part in.', 187, 70.74, '06:14:00', '08:14:00'), (806, 181, 'Each Workshop', 'Really great workshop, you have to take part in.', 294, 35.99, '02:14:00', '03:14:00'), (807, 181, 'Minute Workshop', 'Really great workshop, you have to take part in.', 189, 31.24, '05:42:00', '06:27:00'), (808, 181, 'Tape Workshop', 'Really great workshop, you have to take part in.', 162, 43.4, '19:56:00', '21:56:00'), (809, 181, 'Art Workshop', 'Really great workshop, you have to take part in.', 79, 75.49, '20:59:00', '22:29:00'), (810, 181, 'Always Workshop', 'Really great workshop, you have to take part in.', 248, 15.0, '02:10:00', '03:10:00'), (811, 181, 'Black Workshop', 'Really great workshop, you have to take part in.', 58, 81.05, '11:08:00', '11:53:00'), (812, 181, 'Difference Workshop', 'Really great workshop, you have to take part in.', 343, 23.12, '09:30:00', '11:00:00'), (813, 182, 'Flat Workshop', 'Really great workshop, you have to take part in.', 255, 34.65, '19:18:00', '20:48:00'), (814, 182, 'Tax Workshop', 'Really great workshop, you have to take part in.', 136, 72.14, '10:34:00', '12:04:00'), (815, 182, 'Place Workshop', 'Really great workshop, you have to take part in.', 159, 16.92, '05:44:00', '07:14:00'), (816, 183, 'Spell Workshop', 'Really great workshop, you have to take part in.', 237, 76.7, '13:19:00', '15:19:00'), (817, 183, 'Normal Workshop', 'Really great workshop, you have to take part in.', 212, 22.88, '04:49:00', '06:49:00'), (818, 183, 'Account Workshop', 'Really great workshop, you have to take part in.', 178, 73.06, '04:08:00', '05:08:00'), (819, 183, 'But Workshop', 'Really great workshop, you have to take part in.', 162, 27.15, '11:46:00', '12:31:00'), (820, 183, 'They Workshop', 'Really great workshop, you have to take part in.', 261, 88.95, '14:10:00', '15:40:00'), (821, 184, 'Degree Workshop', 'Really great workshop, you have to take part in.', 104, 48.61, '06:33:00', '08:33:00'), (822, 185, 'Poor Workshop', 'Really great workshop, you have to take part in.', 186, 48.6, '12:17:00', '13:02:00'), (823, 185, 'Reduce Workshop', 'Really great workshop, you have to take part in.', 242, 66.67, '20:24:00', '21:24:00'), (824, 185, 'Television Workshop', 'Really great workshop, you have to take part in.', 201, 50.37, '15:51:00', '17:21:00'), (825, 185, 'Provide Workshop', 'Really great workshop, you have to take part in.', 236, 34.43, '19:10:00', '21:10:00'), (826, 185, 'Child Workshop', 'Really great workshop, you have to take part in.', 162, 60.0, '10:36:00', '11:21:00'), (827, 185, 'Enjoy Workshop', 'Really great workshop, you have to take part in.', 118, 70.91, '13:23:00', '14:08:00'), (828, 185, 'End Workshop', 'Really great workshop, you have to take part in.', 17, 82.38, '16:49:00', '18:19:00'), (829, 185, 'Eat Workshop', 'Really great workshop, you have to take part in.', 284, 97.13, '05:31:00', '06:31:00'), (830, 185, 'Example Workshop', 'Really great workshop, you have to take part in.', 123, 90.52, '19:49:00', '20:49:00'), (831, 186, 'Member Workshop', 'Really great workshop, you have to take part in.', 181, 11.97, '19:23:00', '21:23:00'), (832, 186, 'Beat Workshop', 'Really great workshop, you have to take part in.', 16, 88.34, '05:07:00', '05:52:00'), (833, 186, 'Friend Workshop', 'Really great workshop, you have to take part in.', 118, 37.56, '15:11:00', '16:11:00'), (834, 186, 'Photograph Workshop', 'Really great workshop, you have to take part in.', 196, 33.78, '11:14:00', '12:44:00'), (835, 186, 'Hall Workshop', 'Really great workshop, you have to take part in.', 14, 70.38, '02:31:00', '04:31:00'), (836, 186, 'Blood Workshop', 'Really great workshop, you have to take part in.', 188, 40.87, '17:45:00', '18:45:00'), (837, 186, 'Deep Workshop', 'Really great workshop, you have to take part in.', 94, 79.2, '14:06:00', '15:06:00'), (838, 186, 'Read Workshop', 'Really great workshop, you have to take part in.', 171, 33.33, '17:24:00', '18:54:00'), (839, 186, 'Mention Workshop', 'Really great workshop, you have to take part in.', 136, 70.17, '00:19:00', '01:04:00'), (840, 186, 'Last Workshop', 'Really great workshop, you have to take part in.', 134, 55.35, '02:50:00', '03:50:00'), (841, 187, 'Wee Workshop', 'Really great workshop, you have to take part in.', 94, 65.76, '20:46:00', '21:31:00'), (842, 187, 'Unite Workshop', 'Really great workshop, you have to take part in.', 347, 78.06, '07:24:00', '08:09:00'), (843, 187, 'Compare Workshop', 'Really great workshop, you have to take part in.', 134, 78.41, '16:51:00', '18:21:00'), (844, 187, 'Stupid Workshop', 'Really great workshop, you have to take part in.', 202, 18.63, '06:59:00', '07:44:00'), (845, 187, 'Three Workshop', 'Really great workshop, you have to take part in.', 162, 66.5, '04:50:00', '06:20:00'), (846, 187, 'Easy Workshop', 'Really great workshop, you have to take part in.', 126, 16.14, '13:38:00', '14:23:00'), (847, 187, 'Level Workshop', 'Really great workshop, you have to take part in.', 29, 90.59, '07:04:00', '08:34:00'), (848, 188, 'Bottle Workshop', 'Really great workshop, you have to take part in.', 58, 83.87, '17:29:00', '18:29:00'), (849, 188, 'Design Workshop', 'Really great workshop, you have to take part in.', 67, 71.74, '00:06:00', '01:36:00'), (850, 188, 'Usual Workshop', 'Really great workshop, you have to take part in.', 56, 48.39, '16:24:00', '17:54:00'), (851, 188, 'Bus Workshop', 'Really great workshop, you have to take part in.', 95, 86.48, '11:29:00', '12:14:00'), (852, 188, 'Usual Workshop', 'Really great workshop, you have to take part in.', 65, 31.72, '01:24:00', '02:09:00'), (853, 188, 'To Workshop', 'Really great workshop, you have to take part in.', 37, 44.68, '14:35:00', '15:35:00'), (854, 189, 'Society Workshop', 'Really great workshop, you have to take part in.', 385, 57.53, '00:17:00', '01:02:00'), (855, 189, 'Speak Workshop', 'Really great workshop, you have to take part in.', 171, 52.75, '02:52:00', '04:52:00'), (856, 189, 'Propose Workshop', 'Really great workshop, you have to take part in.', 338, 45.32, '05:41:00', '07:11:00'), (857, 189, 'Appropriate Workshop', 'Really great workshop, you have to take part in.', 441, 96.85, '05:55:00', '07:25:00'), (858, 189, 'Year Workshop', 'Really great workshop, you have to take part in.', 290, 28.11, '00:16:00', '01:16:00'), (859, 190, 'Obvious Workshop', 'Really great workshop, you have to take part in.', 100, 67.28, '05:12:00', '06:12:00'), (860, 190, 'Sister Workshop', 'Really great workshop, you have to take part in.', 85, 29.98, '00:41:00', '02:11:00'), (861, 190, 'Respect Workshop', 'Really great workshop, you have to take part in.', 133, 66.59, '02:31:00', '04:31:00'), (862, 190, 'Stand Workshop', 'Really great workshop, you have to take part in.', 13, 37.94, '02:41:00', '03:26:00'), (863, 190, 'Guess Workshop', 'Really great workshop, you have to take part in.', 83, 59.84, '00:21:00', '01:06:00'), (864, 190, 'Twelve Workshop', 'Really great workshop, you have to take part in.', 53, 59.88, '04:22:00', '05:07:00'), (865, 190, 'Deal Workshop', 'Really great workshop, you have to take part in.', 103, 74.93, '11:26:00', '12:56:00'), (866, 190, 'Help Workshop', 'Really great workshop, you have to take part in.', 111, 17.41, '20:57:00', '22:27:00'), (867, 190, 'Suppose Workshop', 'Really great workshop, you have to take part in.', 102, 58.79, '10:14:00', '12:14:00'), (868, 191, 'Tree Workshop', 'Really great workshop, you have to take part in.', 161, 41.51, '13:10:00', '14:10:00'), (869, 191, 'Draw Workshop', 'Really great workshop, you have to take part in.', 219, 23.83, '04:37:00', '06:37:00'), (870, 191, 'Across Workshop', 'Really great workshop, you have to take part in.', 122, 41.18, '03:53:00', '05:23:00'), (871, 191, 'Bloke Workshop', 'Really great workshop, you have to take part in.', 262, 25.11, '05:21:00', '07:21:00'), (872, 191, 'Get Workshop', 'Really great workshop, you have to take part in.', 132, 42.71, '16:43:00', '18:43:00'), (873, 191, 'Hot Workshop', 'Really great workshop, you have to take part in.', 31, 49.71, '15:39:00', '17:39:00'), (874, 192, 'Girl Workshop', 'Really great workshop, you have to take part in.', 284, 44.32, '02:15:00', '04:15:00'), (875, 192, 'Heat Workshop', 'Really great workshop, you have to take part in.', 14, 70.94, '15:17:00', '16:02:00'), (876, 192, 'Luck Workshop', 'Really great workshop, you have to take part in.', 24, 52.89, '07:39:00', '08:39:00'), (877, 192, 'Situate Workshop', 'Really great workshop, you have to take part in.', 387, 42.69, '11:37:00', '13:07:00'), (878, 192, 'Behind Workshop', 'Really great workshop, you have to take part in.', 104, 31.34, '13:31:00', '15:31:00'), (879, 193, 'Wind Workshop', 'Really great workshop, you have to take part in.', 119, 41.27, '04:08:00', '04:53:00'), (880, 193, 'Cat Workshop', 'Really great workshop, you have to take part in.', 85, 88.17, '02:43:00', '04:13:00'), (881, 193, 'Book Workshop', 'Really great workshop, you have to take part in.', 41, 86.38, '03:31:00', '04:31:00'), (882, 193, 'Often Workshop', 'Really great workshop, you have to take part in.', 115, 35.77, '07:41:00', '09:11:00'), (883, 193, 'Guy Workshop', 'Really great workshop, you have to take part in.', 62, 96.29, '09:29:00', '10:59:00'), (884, 193, 'Especial Workshop', 'Really great workshop, you have to take part in.', 55, 95.42, '11:05:00', '11:50:00'), (885, 193, 'Organize Workshop', 'Really great workshop, you have to take part in.', 100, 95.36, '08:54:00', '09:54:00'), (886, 193, 'Law Workshop', 'Really great workshop, you have to take part in.', 83, 52.94, '17:25:00', '18:55:00'), (887, 193, 'London Workshop', 'Really great workshop, you have to take part in.', 42, 21.56, '15:31:00', '17:31:00'), (888, 193, 'Walk Workshop', 'Really great workshop, you have to take part in.', 26, 39.64, '13:05:00', '14:35:00'), (889, 197, 'Fly Workshop', 'Really great workshop, you have to take part in.', 71, 62.5, '18:22:00', '19:52:00'), (890, 197, 'Sell Workshop', 'Really great workshop, you have to take part in.', 37, 12.09, '11:31:00', '13:01:00'), (891, 198, 'Receive Workshop', 'Really great workshop, you have to take part in.', 327, 66.6, '16:31:00', '18:31:00'), (892, 198, 'Write Workshop', 'Really great workshop, you have to take part in.', 159, 90.43, '06:34:00', '07:34:00'), (893, 198, 'Colour Workshop', 'Really great workshop, you have to take part in.', 124, 61.63, '06:08:00', '07:08:00'), (894, 198, 'Record Workshop', 'Really great workshop, you have to take part in.', 12, 80.56, '01:55:00', '03:25:00'), (895, 199, 'Protect Workshop', 'Really great workshop, you have to take part in.', 106, 54.78, '04:07:00', '05:07:00'), (896, 199, 'Baby Workshop', 'Really great workshop, you have to take part in.', 110, 44.97, '11:00:00', '12:30:00'), (897, 199, 'Wednesday Workshop', 'Really great workshop, you have to take part in.', 90, 39.05, '05:32:00', '06:17:00'), (898, 199, 'Make Workshop', 'Really great workshop, you have to take part in.', 63, 29.08, '12:44:00', '13:44:00'), (899, 199, 'Tuesday Workshop', 'Really great workshop, you have to take part in.', 51, 18.38, '10:27:00', '12:27:00')
insert into dbo.workshops (workshop_id, conference_day_id, workshop_title, workshop_description, attendees_workshop_max, price, start_time, end_time) values (900, 199, 'Give Workshop', 'Really great workshop, you have to take part in.', 56, 29.44, '15:44:00', '17:14:00'), (901, 199, 'Plan Workshop', 'Really great workshop, you have to take part in.', 22, 73.9, '19:28:00', '20:28:00'), (902, 200, 'Only Workshop', 'Really great workshop, you have to take part in.', 324, 36.46, '15:38:00', '16:23:00'), (903, 201, 'Egg Workshop', 'Really great workshop, you have to take part in.', 25, 50.89, '12:18:00', '13:03:00'), (904, 201, 'Deep Workshop', 'Really great workshop, you have to take part in.', 100, 89.06, '19:23:00', '21:23:00'), (905, 201, 'Best Workshop', 'Really great workshop, you have to take part in.', 100, 25.81, '11:06:00', '12:06:00'), (906, 201, 'Keep Workshop', 'Really great workshop, you have to take part in.', 19, 52.49, '18:47:00', '20:17:00'), (907, 201, 'Left Workshop', 'Really great workshop, you have to take part in.', 30, 77.46, '03:14:00', '04:44:00'), (908, 201, 'To Workshop', 'Really great workshop, you have to take part in.', 142, 96.89, '16:53:00', '17:53:00'), (909, 201, 'Effect Workshop', 'Really great workshop, you have to take part in.', 20, 22.24, '04:48:00', '06:18:00'), (910, 202, 'Age Workshop', 'Really great workshop, you have to take part in.', 170, 69.64, '19:17:00', '21:17:00'), (911, 202, 'Complete Workshop', 'Really great workshop, you have to take part in.', 97, 49.03, '02:02:00', '03:02:00'), (912, 202, 'Make Workshop', 'Really great workshop, you have to take part in.', 160, 21.49, '00:41:00', '02:11:00'), (913, 202, 'Expense Workshop', 'Really great workshop, you have to take part in.', 78, 21.06, '16:36:00', '17:36:00'), (914, 202, 'Strike Workshop', 'Really great workshop, you have to take part in.', 268, 94.56, '09:06:00', '10:36:00'), (915, 203, 'Twelve Workshop', 'Really great workshop, you have to take part in.', 27, 68.89, '17:59:00', '19:59:00'), (916, 203, 'Important Workshop', 'Really great workshop, you have to take part in.', 25, 75.16, '16:04:00', '16:49:00'), (917, 203, 'Company Workshop', 'Really great workshop, you have to take part in.', 35, 82.95, '06:51:00', '08:51:00'), (918, 203, 'Near Workshop', 'Really great workshop, you have to take part in.', 43, 89.03, '00:30:00', '02:00:00'), (919, 203, 'Air Workshop', 'Really great workshop, you have to take part in.', 45, 37.91, '13:17:00', '14:47:00'), (920, 203, 'Wrong Workshop', 'Really great workshop, you have to take part in.', 98, 29.39, '11:27:00', '12:27:00'), (921, 203, 'Especial Workshop', 'Really great workshop, you have to take part in.', 64, 66.8, '12:00:00', '12:45:00'), (922, 204, 'Grant Workshop', 'Really great workshop, you have to take part in.', 282, 99.6, '14:40:00', '16:10:00'), (923, 204, 'Represent Workshop', 'Really great workshop, you have to take part in.', 134, 10.12, '18:36:00', '19:36:00'), (924, 204, 'Want Workshop', 'Really great workshop, you have to take part in.', 337, 32.07, '16:59:00', '18:29:00'), (925, 204, 'Thirty Workshop', 'Really great workshop, you have to take part in.', 127, 56.13, '15:37:00', '17:37:00'), (926, 204, 'Assume Workshop', 'Really great workshop, you have to take part in.', 119, 93.8, '12:14:00', '13:44:00'), (927, 204, 'Whether Workshop', 'Really great workshop, you have to take part in.', 120, 12.75, '16:53:00', '17:53:00'), (928, 204, 'Advertise Workshop', 'Really great workshop, you have to take part in.', 383, 37.5, '05:36:00', '07:06:00'), (929, 205, 'Okay Workshop', 'Really great workshop, you have to take part in.', 304, 34.76, '03:47:00', '05:47:00'), (930, 205, 'Product Workshop', 'Really great workshop, you have to take part in.', 179, 24.19, '00:33:00', '02:33:00'), (931, 205, 'Ready Workshop', 'Really great workshop, you have to take part in.', 89, 61.12, '19:15:00', '20:00:00'), (932, 206, 'Afternoon Workshop', 'Really great workshop, you have to take part in.', 198, 33.72, '19:43:00', '21:43:00'), (933, 206, 'In Workshop', 'Really great workshop, you have to take part in.', 150, 62.52, '06:08:00', '06:53:00'), (934, 206, 'Floor Workshop', 'Really great workshop, you have to take part in.', 320, 76.91, '01:14:00', '03:14:00'), (935, 206, 'Motion Workshop', 'Really great workshop, you have to take part in.', 147, 62.98, '05:49:00', '06:49:00'), (936, 206, 'Boat Workshop', 'Really great workshop, you have to take part in.', 20, 68.73, '10:50:00', '12:20:00'), (937, 207, 'Encourage Workshop', 'Really great workshop, you have to take part in.', 58, 88.6, '18:54:00', '19:39:00'), (938, 207, 'Contact Workshop', 'Really great workshop, you have to take part in.', 75, 97.7, '20:32:00', '21:32:00'), (939, 207, 'Client Workshop', 'Really great workshop, you have to take part in.', 40, 70.94, '14:35:00', '16:35:00'), (940, 207, 'Bed Workshop', 'Really great workshop, you have to take part in.', 87, 94.93, '20:51:00', '21:51:00'), (941, 207, 'Quite Workshop', 'Really great workshop, you have to take part in.', 52, 33.93, '06:16:00', '07:46:00'), (942, 208, 'Dry Workshop', 'Really great workshop, you have to take part in.', 71, 43.81, '00:21:00', '01:51:00'), (943, 208, 'Benefit Workshop', 'Really great workshop, you have to take part in.', 143, 32.45, '17:31:00', '18:16:00'), (944, 208, 'Heavy Workshop', 'Really great workshop, you have to take part in.', 112, 75.62, '07:42:00', '09:12:00'), (945, 208, 'Across Workshop', 'Really great workshop, you have to take part in.', 217, 81.25, '14:52:00', '16:52:00'), (946, 208, 'Address Workshop', 'Really great workshop, you have to take part in.', 39, 64.69, '07:38:00', '09:08:00'), (947, 208, 'Quiet Workshop', 'Really great workshop, you have to take part in.', 254, 97.98, '02:27:00', '04:27:00'), (948, 208, 'Science Workshop', 'Really great workshop, you have to take part in.', 153, 17.75, '05:32:00', '07:02:00'), (949, 209, 'Rule Workshop', 'Really great workshop, you have to take part in.', 107, 74.38, '06:44:00', '08:14:00'), (950, 209, 'Early Workshop', 'Really great workshop, you have to take part in.', 123, 82.37, '12:52:00', '13:37:00'), (951, 209, 'Hear Workshop', 'Really great workshop, you have to take part in.', 26, 43.0, '07:09:00', '08:09:00'), (952, 211, 'How Workshop', 'Really great workshop, you have to take part in.', 295, 24.5, '17:29:00', '18:14:00'), (953, 211, 'Mother Workshop', 'Really great workshop, you have to take part in.', 324, 41.72, '03:20:00', '04:50:00'), (954, 211, 'Front Workshop', 'Really great workshop, you have to take part in.', 222, 23.08, '06:29:00', '07:59:00'), (955, 211, 'Well Workshop', 'Really great workshop, you have to take part in.', 151, 40.72, '12:40:00', '13:25:00'), (956, 211, 'About Workshop', 'Really great workshop, you have to take part in.', 196, 24.41, '19:57:00', '21:27:00'), (957, 211, 'Clothe Workshop', 'Really great workshop, you have to take part in.', 195, 24.91, '06:50:00', '08:50:00'), (958, 211, 'Together Workshop', 'Really great workshop, you have to take part in.', 265, 71.47, '09:03:00', '09:48:00'), (959, 211, 'Appoint Workshop', 'Really great workshop, you have to take part in.', 293, 57.9, '12:08:00', '14:08:00'), (960, 211, 'Doubt Workshop', 'Really great workshop, you have to take part in.', 245, 88.92, '04:11:00', '05:41:00'), (961, 212, 'Talk Workshop', 'Really great workshop, you have to take part in.', 151, 56.64, '05:29:00', '06:14:00'), (962, 212, 'Please Workshop', 'Really great workshop, you have to take part in.', 15, 48.0, '04:14:00', '06:14:00'), (963, 212, 'Photograph Workshop', 'Really great workshop, you have to take part in.', 78, 34.47, '05:52:00', '07:52:00'), (964, 212, 'Wind Workshop', 'Really great workshop, you have to take part in.', 60, 64.17, '14:22:00', '15:07:00'), (965, 212, 'Wood Workshop', 'Really great workshop, you have to take part in.', 253, 88.55, '02:40:00', '03:40:00'), (966, 212, 'Black Workshop', 'Really great workshop, you have to take part in.', 209, 30.53, '01:00:00', '02:00:00'), (967, 212, 'Issue Workshop', 'Really great workshop, you have to take part in.', 95, 12.36, '17:17:00', '19:17:00'), (968, 213, 'Whether Workshop', 'Really great workshop, you have to take part in.', 44, 88.54, '18:33:00', '19:33:00'), (969, 213, 'Unless Workshop', 'Really great workshop, you have to take part in.', 18, 16.49, '13:29:00', '14:14:00'), (970, 213, 'East Workshop', 'Really great workshop, you have to take part in.', 16, 48.84, '15:20:00', '17:20:00'), (971, 213, 'Member Workshop', 'Really great workshop, you have to take part in.', 68, 38.97, '19:45:00', '20:30:00'), (972, 213, 'Concern Workshop', 'Really great workshop, you have to take part in.', 35, 87.04, '07:55:00', '09:55:00'), (973, 213, 'Welcome Workshop', 'Really great workshop, you have to take part in.', 20, 33.68, '16:43:00', '18:13:00'), (974, 213, 'Ready Workshop', 'Really great workshop, you have to take part in.', 92, 22.14, '10:13:00', '11:43:00'), (975, 214, 'Throw Workshop', 'Really great workshop, you have to take part in.', 169, 87.58, '03:14:00', '03:59:00'), (976, 214, 'Subject Workshop', 'Really great workshop, you have to take part in.', 105, 46.42, '01:50:00', '03:50:00'), (977, 214, 'Rail Workshop', 'Really great workshop, you have to take part in.', 101, 78.77, '13:23:00', '14:08:00'), (978, 214, 'Deal Workshop', 'Really great workshop, you have to take part in.', 137, 17.12, '19:14:00', '20:14:00'), (979, 214, 'Language Workshop', 'Really great workshop, you have to take part in.', 66, 34.59, '12:10:00', '12:55:00'), (980, 214, 'Bear Workshop', 'Really great workshop, you have to take part in.', 142, 51.05, '16:30:00', '17:15:00'), (981, 214, 'Find Workshop', 'Really great workshop, you have to take part in.', 59, 36.26, '13:37:00', '14:37:00'), (982, 215, 'Cold Workshop', 'Really great workshop, you have to take part in.', 72, 96.33, '15:27:00', '16:27:00'), (983, 215, 'Eleven Workshop', 'Really great workshop, you have to take part in.', 253, 77.88, '17:13:00', '18:13:00'), (984, 215, 'Apparent Workshop', 'Really great workshop, you have to take part in.', 396, 92.47, '05:35:00', '06:35:00'), (985, 215, 'Build Workshop', 'Really great workshop, you have to take part in.', 325, 44.99, '03:27:00', '04:27:00'), (986, 215, 'State Workshop', 'Really great workshop, you have to take part in.', 158, 74.46, '06:26:00', '07:26:00'), (987, 215, 'Current Workshop', 'Really great workshop, you have to take part in.', 43, 65.5, '11:44:00', '13:44:00'), (988, 215, 'Sex Workshop', 'Really great workshop, you have to take part in.', 199, 60.52, '00:58:00', '01:43:00'), (989, 216, 'Likely Workshop', 'Really great workshop, you have to take part in.', 57, 19.75, '15:53:00', '17:23:00'), (990, 216, 'Oppose Workshop', 'Really great workshop, you have to take part in.', 106, 43.26, '13:45:00', '15:45:00'), (991, 216, 'Question Workshop', 'Really great workshop, you have to take part in.', 63, 55.21, '19:12:00', '21:12:00'), (992, 216, 'While Workshop', 'Really great workshop, you have to take part in.', 81, 90.06, '08:10:00', '10:10:00'), (993, 216, 'Need Workshop', 'Really great workshop, you have to take part in.', 90, 36.27, '02:48:00', '04:18:00'), (994, 216, 'Value Workshop', 'Really great workshop, you have to take part in.', 118, 30.47, '06:44:00', '07:29:00'), (995, 216, 'Certain Workshop', 'Really great workshop, you have to take part in.', 168, 54.76, '08:30:00', '09:30:00'), (996, 216, 'Until Workshop', 'Really great workshop, you have to take part in.', 79, 22.0, '03:45:00', '04:30:00'), (997, 216, 'Particular Workshop', 'Really great workshop, you have to take part in.', 93, 15.47, '13:05:00', '15:05:00'), (998, 217, 'General Workshop', 'Really great workshop, you have to take part in.', 89, 94.99, '11:03:00', '12:33:00'), (999, 217, 'Kind Workshop', 'Really great workshop, you have to take part in.', 107, 71.16, '16:57:00', '18:27:00'), (1000, 218, 'Number Workshop', 'Really great workshop, you have to take part in.', 101, 34.51, '14:11:00', '16:11:00'), (1001, 218, 'She Workshop', 'Really great workshop, you have to take part in.', 95, 55.17, '04:17:00', '05:47:00'), (1002, 218, 'Send Workshop', 'Really great workshop, you have to take part in.', 51, 23.73, '15:24:00', '16:54:00'), (1003, 218, 'Hour Workshop', 'Really great workshop, you have to take part in.', 11, 83.69, '01:56:00', '03:26:00'), (1004, 218, 'Bank Workshop', 'Really great workshop, you have to take part in.', 44, 13.64, '08:55:00', '09:55:00'), (1005, 219, 'Enough Workshop', 'Really great workshop, you have to take part in.', 223, 88.78, '00:18:00', '01:03:00'), (1006, 219, 'Free Workshop', 'Really great workshop, you have to take part in.', 218, 61.07, '17:45:00', '19:45:00'), (1007, 219, 'Water Workshop', 'Really great workshop, you have to take part in.', 218, 88.33, '05:28:00', '07:28:00'), (1008, 220, 'Perfect Workshop', 'Really great workshop, you have to take part in.', 87, 90.56, '07:01:00', '07:46:00'), (1009, 220, 'Character Workshop', 'Really great workshop, you have to take part in.', 80, 56.27, '17:35:00', '19:35:00'), (1010, 220, 'Normal Workshop', 'Really great workshop, you have to take part in.', 78, 39.02, '11:51:00', '13:51:00'), (1011, 220, 'Society Workshop', 'Really great workshop, you have to take part in.', 207, 70.75, '19:49:00', '20:34:00'), (1012, 220, 'Paper Workshop', 'Really great workshop, you have to take part in.', 170, 85.13, '12:53:00', '14:53:00'), (1013, 220, 'Department Workshop', 'Really great workshop, you have to take part in.', 111, 62.94, '18:35:00', '19:35:00'), (1014, 220, 'Dry Workshop', 'Really great workshop, you have to take part in.', 103, 84.87, '00:34:00', '01:19:00'), (1015, 220, 'On Workshop', 'Really great workshop, you have to take part in.', 156, 39.5, '09:09:00', '09:54:00'), (1016, 220, 'Green Workshop', 'Really great workshop, you have to take part in.', 96, 84.42, '12:02:00', '13:02:00'), (1017, 221, 'Lock Workshop', 'Really great workshop, you have to take part in.', 309, 78.79, '20:04:00', '21:04:00'), (1018, 221, 'Seat Workshop', 'Really great workshop, you have to take part in.', 31, 24.5, '12:38:00', '13:23:00'), (1019, 221, 'Table Workshop', 'Really great workshop, you have to take part in.', 102, 12.07, '15:10:00', '15:55:00'), (1020, 221, 'Waste Workshop', 'Really great workshop, you have to take part in.', 318, 46.08, '00:54:00', '01:39:00'), (1021, 221, 'College Workshop', 'Really great workshop, you have to take part in.', 114, 24.1, '12:48:00', '14:18:00'), (1022, 222, 'Simple Workshop', 'Really great workshop, you have to take part in.', 70, 32.62, '05:52:00', '07:22:00'), (1023, 222, 'Live Workshop', 'Really great workshop, you have to take part in.', 95, 30.9, '02:34:00', '03:34:00'), (1024, 222, 'Out Workshop', 'Really great workshop, you have to take part in.', 116, 97.9, '13:19:00', '15:19:00'), (1025, 222, 'Minister Workshop', 'Really great workshop, you have to take part in.', 31, 52.34, '00:01:00', '01:31:00'), (1026, 222, 'Clothe Workshop', 'Really great workshop, you have to take part in.', 40, 34.15, '20:19:00', '22:19:00'), (1027, 222, 'Than Workshop', 'Really great workshop, you have to take part in.', 32, 28.31, '02:07:00', '03:37:00'), (1028, 222, 'Business Workshop', 'Really great workshop, you have to take part in.', 122, 29.2, '17:15:00', '19:15:00'), (1029, 222, 'Paragraph Workshop', 'Really great workshop, you have to take part in.', 10, 56.98, '05:48:00', '07:48:00'), (1030, 222, 'Surprise Workshop', 'Really great workshop, you have to take part in.', 45, 81.97, '01:13:00', '02:43:00'), (1031, 223, 'Beauty Workshop', 'Really great workshop, you have to take part in.', 13, 84.03, '05:50:00', '07:50:00'), (1032, 223, 'Go Workshop', 'Really great workshop, you have to take part in.', 134, 99.77, '16:42:00', '18:42:00'), (1033, 223, 'Win Workshop', 'Really great workshop, you have to take part in.', 286, 92.92, '17:14:00', '18:14:00'), (1034, 223, 'Pair Workshop', 'Really great workshop, you have to take part in.', 54, 47.41, '15:39:00', '16:39:00'), (1035, 223, 'Chairman Workshop', 'Really great workshop, you have to take part in.', 200, 86.35, '10:35:00', '11:20:00'), (1036, 224, 'Kill Workshop', 'Really great workshop, you have to take part in.', 346, 55.74, '13:19:00', '15:19:00'), (1037, 224, 'Difficult Workshop', 'Really great workshop, you have to take part in.', 43, 32.87, '00:09:00', '01:09:00'), (1038, 224, 'Decision Workshop', 'Really great workshop, you have to take part in.', 310, 57.8, '20:13:00', '20:58:00'), (1039, 225, 'Original Workshop', 'Really great workshop, you have to take part in.', 16, 27.45, '05:03:00', '06:03:00'), (1040, 225, 'Glass Workshop', 'Really great workshop, you have to take part in.', 205, 12.17, '16:14:00', '17:14:00'), (1041, 226, 'Ten Workshop', 'Really great workshop, you have to take part in.', 126, 81.2, '18:51:00', '19:36:00'), (1042, 226, 'Ask Workshop', 'Really great workshop, you have to take part in.', 274, 63.93, '11:02:00', '13:02:00'), (1043, 226, 'Welcome Workshop', 'Really great workshop, you have to take part in.', 177, 45.48, '05:35:00', '07:35:00'), (1044, 227, 'Quite Workshop', 'Really great workshop, you have to take part in.', 118, 53.85, '02:15:00', '03:15:00'), (1045, 227, 'Insure Workshop', 'Really great workshop, you have to take part in.', 255, 99.74, '16:44:00', '18:14:00'), (1046, 227, 'Video Workshop', 'Really great workshop, you have to take part in.', 79, 62.61, '13:31:00', '14:16:00'), (1047, 227, 'Last Workshop', 'Really great workshop, you have to take part in.', 355, 67.8, '18:16:00', '20:16:00'), (1048, 227, 'Horse Workshop', 'Really great workshop, you have to take part in.', 351, 54.46, '09:05:00', '10:35:00'), (1049, 227, 'Service Workshop', 'Really great workshop, you have to take part in.', 127, 94.05, '13:04:00', '14:34:00'), (1050, 227, 'Politic Workshop', 'Really great workshop, you have to take part in.', 35, 68.73, '00:06:00', '02:06:00'), (1051, 227, 'Major Workshop', 'Really great workshop, you have to take part in.', 81, 89.01, '01:55:00', '02:40:00'), (1052, 227, 'Wear Workshop', 'Really great workshop, you have to take part in.', 206, 99.11, '00:22:00', '02:22:00'), (1053, 228, 'Sir Workshop', 'Really great workshop, you have to take part in.', 71, 60.07, '19:52:00', '21:22:00'), (1054, 228, 'Lord Workshop', 'Really great workshop, you have to take part in.', 83, 34.61, '03:05:00', '04:05:00'), (1055, 229, 'Into Workshop', 'Really great workshop, you have to take part in.', 140, 16.59, '11:33:00', '13:03:00'), (1056, 229, 'Wash Workshop', 'Really great workshop, you have to take part in.', 293, 68.21, '08:16:00', '09:16:00'), (1057, 229, 'Similar Workshop', 'Really great workshop, you have to take part in.', 199, 60.41, '04:19:00', '06:19:00'), (1058, 229, 'Scheme Workshop', 'Really great workshop, you have to take part in.', 230, 14.78, '05:13:00', '05:58:00'), (1059, 229, 'Gas Workshop', 'Really great workshop, you have to take part in.', 110, 37.83, '07:10:00', '09:10:00'), (1060, 229, 'Rid Workshop', 'Really great workshop, you have to take part in.', 188, 65.92, '09:09:00', '10:09:00'), (1061, 231, 'Ever Workshop', 'Really great workshop, you have to take part in.', 175, 53.01, '10:51:00', '11:51:00'), (1062, 232, 'Manage Workshop', 'Really great workshop, you have to take part in.', 68, 74.7, '03:14:00', '04:14:00'), (1063, 232, 'Other Workshop', 'Really great workshop, you have to take part in.', 218, 15.14, '17:54:00', '18:54:00'), (1064, 232, 'Wrong Workshop', 'Really great workshop, you have to take part in.', 128, 37.4, '16:31:00', '17:16:00'), (1065, 232, 'White Workshop', 'Really great workshop, you have to take part in.', 193, 83.08, '11:47:00', '13:47:00'), (1066, 232, 'Five Workshop', 'Really great workshop, you have to take part in.', 247, 61.22, '04:48:00', '06:48:00'), (1067, 232, 'Apart Workshop', 'Really great workshop, you have to take part in.', 229, 14.72, '07:42:00', '08:27:00'), (1068, 232, 'From Workshop', 'Really great workshop, you have to take part in.', 268, 25.2, '09:30:00', '10:15:00'), (1069, 233, 'Affect Workshop', 'Really great workshop, you have to take part in.', 150, 60.25, '04:10:00', '06:10:00'), (1070, 233, 'Print Workshop', 'Really great workshop, you have to take part in.', 119, 77.23, '12:04:00', '13:34:00'), (1071, 233, 'London Workshop', 'Really great workshop, you have to take part in.', 87, 18.17, '15:03:00', '15:48:00'), (1072, 233, 'Wide Workshop', 'Really great workshop, you have to take part in.', 252, 76.44, '08:39:00', '10:09:00'), (1073, 233, 'Positive Workshop', 'Really great workshop, you have to take part in.', 78, 22.03, '13:15:00', '15:15:00'), (1074, 233, 'Quality Workshop', 'Really great workshop, you have to take part in.', 273, 91.56, '02:13:00', '03:43:00'), (1075, 233, 'Art Workshop', 'Really great workshop, you have to take part in.', 97, 77.48, '10:49:00', '11:34:00'), (1076, 233, 'Saturday Workshop', 'Really great workshop, you have to take part in.', 230, 18.46, '16:46:00', '18:46:00'), (1077, 234, 'Load Workshop', 'Really great workshop, you have to take part in.', 171, 60.4, '05:22:00', '06:52:00'), (1078, 235, 'Finish Workshop', 'Really great workshop, you have to take part in.', 76, 35.53, '02:49:00', '03:49:00'), (1079, 235, 'Twenty Workshop', 'Really great workshop, you have to take part in.', 69, 85.98, '11:55:00', '12:55:00'), (1080, 235, 'Ten Workshop', 'Really great workshop, you have to take part in.', 376, 28.24, '10:49:00', '11:34:00'), (1081, 235, 'Scotland Workshop', 'Really great workshop, you have to take part in.', 141, 37.93, '08:10:00', '08:55:00'), (1082, 235, 'Approach Workshop', 'Really great workshop, you have to take part in.', 131, 29.28, '17:59:00', '18:44:00'), (1083, 235, 'Respect Workshop', 'Really great workshop, you have to take part in.', 271, 99.92, '11:09:00', '13:09:00'), (1084, 236, 'End Workshop', 'Really great workshop, you have to take part in.', 68, 83.76, '17:04:00', '18:04:00'), (1085, 237, 'Amount Workshop', 'Really great workshop, you have to take part in.', 422, 85.8, '05:29:00', '07:29:00'), (1086, 237, 'Church Workshop', 'Really great workshop, you have to take part in.', 26, 12.01, '03:29:00', '05:29:00'), (1087, 238, 'Round Workshop', 'Really great workshop, you have to take part in.', 189, 38.29, '19:34:00', '21:34:00'), (1088, 239, 'Room Workshop', 'Really great workshop, you have to take part in.', 401, 78.2, '11:35:00', '13:05:00'), (1089, 239, 'Pull Workshop', 'Really great workshop, you have to take part in.', 280, 74.65, '08:43:00', '09:43:00'), (1090, 239, 'Europe Workshop', 'Really great workshop, you have to take part in.', 183, 74.72, '07:45:00', '09:15:00'), (1091, 240, 'Example Workshop', 'Really great workshop, you have to take part in.', 27, 60.07, '01:42:00', '02:27:00'), (1092, 240, 'Through Workshop', 'Really great workshop, you have to take part in.', 191, 58.14, '18:42:00', '20:12:00'), (1093, 240, 'Turn Workshop', 'Really great workshop, you have to take part in.', 182, 26.26, '04:11:00', '06:11:00'), (1094, 240, 'Cent Workshop', 'Really great workshop, you have to take part in.', 10, 25.77, '13:32:00', '14:32:00'), (1095, 240, 'Apart Workshop', 'Really great workshop, you have to take part in.', 220, 91.66, '09:24:00', '10:09:00'), (1096, 240, 'Couple Workshop', 'Really great workshop, you have to take part in.', 182, 34.77, '09:27:00', '10:12:00'), (1097, 240, 'Thank Workshop', 'Really great workshop, you have to take part in.', 200, 47.47, '14:08:00', '15:38:00'), (1098, 241, 'Today Workshop', 'Really great workshop, you have to take part in.', 29, 95.44, '08:25:00', '09:25:00'), (1099, 241, 'Instead Workshop', 'Really great workshop, you have to take part in.', 62, 25.42, '11:55:00', '13:55:00'), (1100, 241, 'Common Workshop', 'Really great workshop, you have to take part in.', 63, 81.21, '02:00:00', '04:00:00'), (1101, 241, 'Bill Workshop', 'Really great workshop, you have to take part in.', 54, 77.58, '07:42:00', '09:42:00'), (1102, 242, 'Reason Workshop', 'Really great workshop, you have to take part in.', 230, 26.13, '11:16:00', '13:16:00'), (1103, 242, 'Interest Workshop', 'Really great workshop, you have to take part in.', 18, 16.28, '10:39:00', '12:09:00'), (1104, 242, 'Course Workshop', 'Really great workshop, you have to take part in.', 153, 58.0, '04:47:00', '05:32:00'), (1105, 242, 'Jesus Workshop', 'Really great workshop, you have to take part in.', 348, 25.92, '11:35:00', '12:20:00'), (1106, 242, 'And Workshop', 'Really great workshop, you have to take part in.', 324, 32.57, '00:32:00', '01:17:00'), (1107, 242, 'Black Workshop', 'Really great workshop, you have to take part in.', 128, 11.14, '03:05:00', '04:05:00'), (1108, 242, 'Test Workshop', 'Really great workshop, you have to take part in.', 342, 50.84, '16:45:00', '18:45:00'), (1109, 242, 'Charge Workshop', 'Really great workshop, you have to take part in.', 226, 66.19, '13:07:00', '15:07:00'), (1110, 243, 'Black Workshop', 'Really great workshop, you have to take part in.', 63, 22.7, '10:33:00', '11:33:00'), (1111, 243, 'Window Workshop', 'Really great workshop, you have to take part in.', 18, 88.02, '16:03:00', '18:03:00'), (1112, 243, 'Introduce Workshop', 'Really great workshop, you have to take part in.', 81, 53.34, '00:44:00', '02:44:00'), (1113, 243, 'Line Workshop', 'Really great workshop, you have to take part in.', 92, 88.49, '02:19:00', '03:49:00'), (1114, 245, 'Land Workshop', 'Really great workshop, you have to take part in.', 309, 63.16, '03:52:00', '04:37:00'), (1115, 246, 'Create Workshop', 'Really great workshop, you have to take part in.', 213, 66.36, '16:32:00', '18:02:00'), (1116, 247, 'Bottle Workshop', 'Really great workshop, you have to take part in.', 154, 21.44, '04:34:00', '05:34:00'), (1117, 247, 'Carry Workshop', 'Really great workshop, you have to take part in.', 73, 45.85, '16:00:00', '18:00:00'), (1118, 247, 'Fill Workshop', 'Really great workshop, you have to take part in.', 121, 61.51, '10:51:00', '11:51:00'), (1119, 247, 'Converse Workshop', 'Really great workshop, you have to take part in.', 135, 64.14, '07:43:00', '09:43:00'), (1120, 247, 'One Workshop', 'Really great workshop, you have to take part in.', 65, 60.34, '20:57:00', '21:42:00'), (1121, 247, 'Comment Workshop', 'Really great workshop, you have to take part in.', 45, 36.81, '03:04:00', '03:49:00'), (1122, 247, 'Ask Workshop', 'Really great workshop, you have to take part in.', 136, 17.49, '13:33:00', '15:33:00'), (1123, 247, 'Member Workshop', 'Really great workshop, you have to take part in.', 117, 70.51, '20:42:00', '21:27:00'), (1124, 248, 'Put Workshop', 'Really great workshop, you have to take part in.', 89, 13.57, '03:01:00', '04:01:00'), (1125, 248, 'Difficult Workshop', 'Really great workshop, you have to take part in.', 44, 31.29, '00:36:00', '02:06:00'), (1126, 248, 'Each Workshop', 'Really great workshop, you have to take part in.', 174, 60.19, '04:44:00', '06:44:00'), (1127, 248, 'Great Workshop', 'Really great workshop, you have to take part in.', 12, 37.07, '17:34:00', '19:04:00'), (1128, 248, 'Kitchen Workshop', 'Really great workshop, you have to take part in.', 243, 37.89, '09:45:00', '10:30:00'), (1129, 250, 'Member Workshop', 'Really great workshop, you have to take part in.', 185, 75.06, '04:27:00', '06:27:00'), (1130, 250, 'Throw Workshop', 'Really great workshop, you have to take part in.', 69, 42.87, '16:14:00', '16:59:00'), (1131, 250, 'Hand Workshop', 'Really great workshop, you have to take part in.', 139, 96.34, '18:56:00', '19:56:00'), (1132, 250, 'Little Workshop', 'Really great workshop, you have to take part in.', 247, 63.59, '04:16:00', '05:46:00'), (1133, 250, 'Baby Workshop', 'Really great workshop, you have to take part in.', 242, 80.64, '12:38:00', '14:08:00'), (1134, 252, 'Luck Workshop', 'Really great workshop, you have to take part in.', 39, 53.03, '13:07:00', '14:07:00'), (1135, 252, 'Police Workshop', 'Really great workshop, you have to take part in.', 95, 85.92, '05:08:00', '05:53:00'), (1136, 252, 'Express Workshop', 'Really great workshop, you have to take part in.', 83, 95.73, '15:43:00', '16:28:00'), (1137, 253, 'Separate Workshop', 'Really great workshop, you have to take part in.', 14, 52.27, '10:50:00', '12:20:00'), (1138, 253, 'Up Workshop', 'Really great workshop, you have to take part in.', 115, 89.97, '06:10:00', '06:55:00'), (1139, 253, 'Parent Workshop', 'Really great workshop, you have to take part in.', 239, 59.81, '05:10:00', '05:55:00'), (1140, 253, 'With Workshop', 'Really great workshop, you have to take part in.', 74, 60.63, '18:45:00', '20:15:00'), (1141, 253, 'Finish Workshop', 'Really great workshop, you have to take part in.', 11, 80.49, '07:10:00', '08:10:00'), (1142, 253, 'Even Workshop', 'Really great workshop, you have to take part in.', 251, 23.11, '14:21:00', '15:21:00'), (1143, 253, 'Speed Workshop', 'Really great workshop, you have to take part in.', 177, 72.37, '20:18:00', '21:48:00'), (1144, 253, 'Item Workshop', 'Really great workshop, you have to take part in.', 20, 22.45, '09:56:00', '11:26:00'), (1145, 253, 'South Workshop', 'Really great workshop, you have to take part in.', 56, 92.3, '07:19:00', '08:19:00'), (1146, 253, 'Debate Workshop', 'Really great workshop, you have to take part in.', 202, 29.82, '12:25:00', '14:25:00'), (1147, 254, 'Window Workshop', 'Really great workshop, you have to take part in.', 125, 38.89, '14:22:00', '15:52:00'), (1148, 254, 'Job Workshop', 'Really great workshop, you have to take part in.', 205, 23.64, '05:36:00', '06:36:00'), (1149, 257, 'Structure Workshop', 'Really great workshop, you have to take part in.', 33, 79.82, '11:29:00', '12:59:00'), (1150, 258, 'Answer Workshop', 'Really great workshop, you have to take part in.', 241, 15.52, '11:29:00', '12:14:00'), (1151, 258, 'Wash Workshop', 'Really great workshop, you have to take part in.', 86, 97.33, '09:12:00', '10:12:00'), (1152, 258, 'Instead Workshop', 'Really great workshop, you have to take part in.', 262, 26.11, '01:05:00', '02:35:00'), (1153, 258, 'Die Workshop', 'Really great workshop, you have to take part in.', 243, 87.55, '06:33:00', '08:03:00'), (1154, 259, 'Sort Workshop', 'Really great workshop, you have to take part in.', 378, 33.51, '01:30:00', '02:15:00'), (1155, 259, 'Decide Workshop', 'Really great workshop, you have to take part in.', 490, 86.41, '13:24:00', '15:24:00'), (1156, 260, 'North Workshop', 'Really great workshop, you have to take part in.', 70, 47.8, '03:36:00', '04:21:00'), (1157, 260, 'They Workshop', 'Really great workshop, you have to take part in.', 178, 71.04, '11:31:00', '12:31:00'), (1158, 260, 'Major Workshop', 'Really great workshop, you have to take part in.', 138, 57.08, '16:25:00', '17:10:00'), (1159, 261, 'Near Workshop', 'Really great workshop, you have to take part in.', 83, 36.61, '13:14:00', '15:14:00'), (1160, 261, 'Old Workshop', 'Really great workshop, you have to take part in.', 86, 12.69, '09:22:00', '10:52:00'), (1161, 261, 'Over Workshop', 'Really great workshop, you have to take part in.', 101, 54.35, '13:02:00', '13:47:00'), (1162, 261, 'Group Workshop', 'Really great workshop, you have to take part in.', 23, 25.27, '09:34:00', '10:34:00'), (1163, 262, 'Mean Workshop', 'Really great workshop, you have to take part in.', 130, 27.04, '01:58:00', '03:28:00'), (1164, 262, 'Let Workshop', 'Really great workshop, you have to take part in.', 159, 64.41, '17:33:00', '19:03:00'), (1165, 262, 'Game Workshop', 'Really great workshop, you have to take part in.', 162, 20.67, '11:07:00', '12:07:00'), (1166, 263, 'With Workshop', 'Really great workshop, you have to take part in.', 197, 12.86, '06:24:00', '07:54:00'), (1167, 264, 'Produce Workshop', 'Really great workshop, you have to take part in.', 34, 67.32, '05:27:00', '06:57:00'), (1168, 264, 'Consult Workshop', 'Really great workshop, you have to take part in.', 135, 70.78, '16:23:00', '17:53:00'), (1169, 264, 'Well Workshop', 'Really great workshop, you have to take part in.', 157, 15.73, '00:16:00', '01:01:00'), (1170, 264, 'Region Workshop', 'Really great workshop, you have to take part in.', 65, 58.78, '11:29:00', '12:14:00'), (1171, 264, 'Dry Workshop', 'Really great workshop, you have to take part in.', 98, 87.89, '17:32:00', '18:32:00'), (1172, 264, 'Result Workshop', 'Really great workshop, you have to take part in.', 109, 41.06, '13:11:00', '15:11:00'), (1173, 264, 'Simple Workshop', 'Really great workshop, you have to take part in.', 162, 94.65, '08:58:00', '10:58:00'), (1174, 264, 'Attend Workshop', 'Really great workshop, you have to take part in.', 156, 33.37, '15:02:00', '16:02:00'), (1175, 264, 'Use Workshop', 'Really great workshop, you have to take part in.', 116, 68.81, '18:41:00', '20:41:00'), (1176, 264, 'Four Workshop', 'Really great workshop, you have to take part in.', 114, 14.97, '01:40:00', '03:40:00'), (1177, 265, 'Thank Workshop', 'Really great workshop, you have to take part in.', 219, 33.97, '04:34:00', '05:34:00'), (1178, 265, 'Operate Workshop', 'Really great workshop, you have to take part in.', 117, 54.8, '11:48:00', '13:18:00'), (1179, 265, 'Type Workshop', 'Really great workshop, you have to take part in.', 21, 83.37, '11:03:00', '11:48:00'), (1180, 265, 'Blue Workshop', 'Really great workshop, you have to take part in.', 220, 24.81, '17:14:00', '17:59:00'), (1181, 265, 'University Workshop', 'Really great workshop, you have to take part in.', 141, 82.55, '06:39:00', '07:24:00'), (1182, 265, 'Twelve Workshop', 'Really great workshop, you have to take part in.', 185, 71.64, '00:06:00', '00:51:00'), (1183, 265, 'Minister Workshop', 'Really great workshop, you have to take part in.', 69, 50.53, '16:24:00', '18:24:00'), (1184, 265, 'Choose Workshop', 'Really great workshop, you have to take part in.', 30, 18.88, '02:32:00', '03:32:00'), (1185, 266, 'Rather Workshop', 'Really great workshop, you have to take part in.', 147, 58.27, '10:18:00', '11:03:00'), (1186, 266, 'Fast Workshop', 'Really great workshop, you have to take part in.', 211, 17.39, '13:19:00', '14:49:00'), (1187, 266, 'State Workshop', 'Really great workshop, you have to take part in.', 202, 89.28, '15:51:00', '17:21:00'), (1188, 266, 'Woman Workshop', 'Really great workshop, you have to take part in.', 133, 60.64, '19:46:00', '20:46:00'), (1189, 266, 'Secretary Workshop', 'Really great workshop, you have to take part in.', 79, 10.63, '19:03:00', '21:03:00'), (1190, 266, 'Experience Workshop', 'Really great workshop, you have to take part in.', 91, 38.6, '03:05:00', '03:50:00'), (1191, 267, 'Front Workshop', 'Really great workshop, you have to take part in.', 11, 98.22, '11:38:00', '13:08:00'), (1192, 267, 'There Workshop', 'Really great workshop, you have to take part in.', 40, 20.21, '13:29:00', '14:29:00'), (1193, 267, 'Hope Workshop', 'Really great workshop, you have to take part in.', 149, 14.07, '07:32:00', '09:32:00'), (1194, 267, 'Further Workshop', 'Really great workshop, you have to take part in.', 45, 51.8, '01:13:00', '02:13:00'), (1195, 267, 'Wash Workshop', 'Really great workshop, you have to take part in.', 173, 28.88, '20:13:00', '22:13:00'), (1196, 267, 'Character Workshop', 'Really great workshop, you have to take part in.', 98, 52.9, '10:39:00', '12:39:00'), (1197, 267, 'Brilliant Workshop', 'Really great workshop, you have to take part in.', 196, 78.84, '19:50:00', '20:50:00'), (1198, 267, 'Authority Workshop', 'Really great workshop, you have to take part in.', 90, 76.43, '00:43:00', '02:43:00'), (1199, 267, 'Per Workshop', 'Really great workshop, you have to take part in.', 204, 17.47, '18:39:00', '19:24:00'), (1200, 269, 'Day Workshop', 'Really great workshop, you have to take part in.', 216, 93.27, '07:11:00', '07:56:00'), (1201, 269, 'Could Workshop', 'Really great workshop, you have to take part in.', 94, 48.62, '15:02:00', '16:32:00'), (1202, 269, 'Hall Workshop', 'Really great workshop, you have to take part in.', 108, 82.77, '10:19:00', '11:04:00'), (1203, 270, 'As Workshop', 'Really great workshop, you have to take part in.', 21, 93.03, '09:04:00', '11:04:00'), (1204, 270, 'Coffee Workshop', 'Really great workshop, you have to take part in.', 250, 76.87, '18:31:00', '19:16:00'), (1205, 270, 'Cold Workshop', 'Really great workshop, you have to take part in.', 104, 35.82, '01:24:00', '03:24:00'), (1206, 272, 'Able Workshop', 'Really great workshop, you have to take part in.', 215, 72.66, '02:35:00', '03:20:00'), (1207, 273, 'But Workshop', 'Really great workshop, you have to take part in.', 135, 27.59, '02:38:00', '03:38:00'), (1208, 273, 'Compare Workshop', 'Really great workshop, you have to take part in.', 233, 10.16, '13:21:00', '14:06:00'), (1209, 273, 'Morning Workshop', 'Really great workshop, you have to take part in.', 261, 15.91, '05:10:00', '07:10:00'), (1210, 273, 'Science Workshop', 'Really great workshop, you have to take part in.', 166, 96.76, '08:29:00', '09:29:00'), (1211, 274, 'A Workshop', 'Really great workshop, you have to take part in.', 217, 40.36, '13:11:00', '14:41:00'), (1212, 274, 'Off Workshop', 'Really great workshop, you have to take part in.', 146, 35.84, '10:44:00', '12:44:00'), (1213, 274, 'Against Workshop', 'Really great workshop, you have to take part in.', 224, 37.22, '19:00:00', '19:45:00'), (1214, 275, 'Name Workshop', 'Really great workshop, you have to take part in.', 301, 68.57, '13:33:00', '15:03:00'), (1215, 275, 'Cat Workshop', 'Really great workshop, you have to take part in.', 383, 16.74, '15:37:00', '16:22:00'), (1216, 275, 'Occasion Workshop', 'Really great workshop, you have to take part in.', 22, 74.75, '03:43:00', '05:43:00'), (1217, 275, 'Court Workshop', 'Really great workshop, you have to take part in.', 282, 15.58, '19:16:00', '21:16:00'), (1218, 275, 'Both Workshop', 'Really great workshop, you have to take part in.', 307, 94.52, '15:27:00', '17:27:00'), (1219, 275, 'Self Workshop', 'Really great workshop, you have to take part in.', 55, 92.34, '20:17:00', '21:17:00'), (1220, 275, 'Environment Workshop', 'Really great workshop, you have to take part in.', 390, 16.83, '15:45:00', '17:15:00'), (1221, 275, 'Small Workshop', 'Really great workshop, you have to take part in.', 268, 20.77, '08:18:00', '09:03:00'), (1222, 277, 'War Workshop', 'Really great workshop, you have to take part in.', 39, 10.71, '19:31:00', '20:31:00'), (1223, 277, 'Lose Workshop', 'Really great workshop, you have to take part in.', 56, 10.99, '05:08:00', '06:38:00'), (1224, 277, 'Waste Workshop', 'Really great workshop, you have to take part in.', 16, 98.79, '09:10:00', '11:10:00'), (1225, 277, 'Bed Workshop', 'Really great workshop, you have to take part in.', 151, 88.55, '12:04:00', '13:04:00'), (1226, 277, 'Catch Workshop', 'Really great workshop, you have to take part in.', 24, 45.3, '17:19:00', '18:04:00'), (1227, 277, 'Basis Workshop', 'Really great workshop, you have to take part in.', 128, 85.33, '05:14:00', '06:44:00'), (1228, 277, 'Off Workshop', 'Really great workshop, you have to take part in.', 165, 83.35, '14:48:00', '16:18:00'), (1229, 277, 'Plus Workshop', 'Really great workshop, you have to take part in.', 93, 58.27, '13:18:00', '14:18:00'), (1230, 277, 'Lay Workshop', 'Really great workshop, you have to take part in.', 152, 85.66, '06:21:00', '07:51:00'), (1231, 277, 'Create Workshop', 'Really great workshop, you have to take part in.', 77, 65.07, '16:34:00', '18:34:00'), (1232, 278, 'Bad Workshop', 'Really great workshop, you have to take part in.', 68, 53.68, '08:34:00', '09:34:00'), (1233, 278, 'Pack Workshop', 'Really great workshop, you have to take part in.', 352, 66.75, '07:33:00', '09:03:00'), (1234, 278, 'War Workshop', 'Really great workshop, you have to take part in.', 179, 24.75, '19:53:00', '20:38:00'), (1235, 278, 'Friend Workshop', 'Really great workshop, you have to take part in.', 99, 75.66, '10:06:00', '10:51:00'), (1236, 278, 'Just Workshop', 'Really great workshop, you have to take part in.', 440, 86.73, '02:49:00', '04:49:00'), (1237, 279, 'Character Workshop', 'Really great workshop, you have to take part in.', 250, 17.68, '14:00:00', '14:45:00'), (1238, 279, 'Away Workshop', 'Really great workshop, you have to take part in.', 80, 38.4, '01:34:00', '03:34:00'), (1239, 280, 'About Workshop', 'Really great workshop, you have to take part in.', 352, 43.57, '12:24:00', '13:54:00'), (1240, 280, 'Fall Workshop', 'Really great workshop, you have to take part in.', 152, 39.32, '10:08:00', '11:38:00'), (1241, 280, 'Dead Workshop', 'Really great workshop, you have to take part in.', 13, 58.89, '03:28:00', '05:28:00'), (1242, 280, 'Eight Workshop', 'Really great workshop, you have to take part in.', 152, 93.44, '08:01:00', '09:01:00'), (1243, 280, 'Account Workshop', 'Really great workshop, you have to take part in.', 148, 16.42, '06:08:00', '07:08:00'), (1244, 281, 'Some Workshop', 'Really great workshop, you have to take part in.', 125, 18.85, '06:57:00', '07:42:00'), (1245, 281, 'Standard Workshop', 'Really great workshop, you have to take part in.', 77, 67.92, '12:40:00', '13:40:00'), (1246, 282, 'Dinner Workshop', 'Really great workshop, you have to take part in.', 84, 98.43, '20:09:00', '20:54:00'), (1247, 282, 'Region Workshop', 'Really great workshop, you have to take part in.', 259, 36.28, '08:05:00', '09:35:00'), (1248, 282, 'Please Workshop', 'Really great workshop, you have to take part in.', 199, 73.98, '08:25:00', '09:25:00'), (1249, 282, 'Any Workshop', 'Really great workshop, you have to take part in.', 32, 17.56, '14:13:00', '14:58:00'), (1250, 282, 'Boy Workshop', 'Really great workshop, you have to take part in.', 296, 35.39, '18:04:00', '20:04:00'), (1251, 282, 'Each Workshop', 'Really great workshop, you have to take part in.', 208, 11.2, '20:39:00', '21:24:00'), (1252, 282, 'First Workshop', 'Really great workshop, you have to take part in.', 253, 26.37, '07:07:00', '09:07:00'), (1253, 282, 'This Workshop', 'Really great workshop, you have to take part in.', 145, 25.05, '20:20:00', '21:20:00'), (1254, 282, 'All Workshop', 'Really great workshop, you have to take part in.', 88, 10.09, '03:29:00', '04:29:00'), (1255, 283, 'Apply Workshop', 'Really great workshop, you have to take part in.', 202, 89.5, '02:53:00', '04:23:00'), (1256, 283, 'Rather Workshop', 'Really great workshop, you have to take part in.', 29, 86.85, '13:24:00', '15:24:00'), (1257, 283, 'Environment Workshop', 'Really great workshop, you have to take part in.', 230, 15.01, '12:48:00', '13:33:00'), (1258, 283, 'Hundred Workshop', 'Really great workshop, you have to take part in.', 57, 41.44, '19:21:00', '21:21:00'), (1259, 284, 'Once Workshop', 'Really great workshop, you have to take part in.', 22, 22.9, '16:02:00', '16:47:00'), (1260, 284, 'Mention Workshop', 'Really great workshop, you have to take part in.', 10, 95.09, '13:08:00', '14:38:00'), (1261, 284, 'Finish Workshop', 'Really great workshop, you have to take part in.', 24, 94.27, '09:26:00', '10:26:00'), (1262, 284, 'Degree Workshop', 'Really great workshop, you have to take part in.', 81, 37.18, '08:21:00', '09:06:00'), (1263, 284, 'Value Workshop', 'Really great workshop, you have to take part in.', 72, 79.44, '12:10:00', '14:10:00'), (1264, 284, 'Knock Workshop', 'Really great workshop, you have to take part in.', 28, 27.15, '16:37:00', '18:07:00'), (1265, 284, 'Year Workshop', 'Really great workshop, you have to take part in.', 90, 35.01, '13:00:00', '13:45:00'), (1266, 284, 'Value Workshop', 'Really great workshop, you have to take part in.', 54, 45.77, '11:39:00', '13:09:00'), (1267, 284, 'Actual Workshop', 'Really great workshop, you have to take part in.', 49, 95.74, '15:45:00', '17:45:00'), (1268, 284, 'Next Workshop', 'Really great workshop, you have to take part in.', 95, 45.57, '07:57:00', '08:42:00'), (1269, 285, 'Committee Workshop', 'Really great workshop, you have to take part in.', 324, 51.78, '19:12:00', '20:42:00'), (1270, 285, 'Class Workshop', 'Really great workshop, you have to take part in.', 212, 10.53, '00:29:00', '01:14:00'), (1271, 285, 'Succeed Workshop', 'Really great workshop, you have to take part in.', 307, 45.93, '06:20:00', '07:50:00'), (1272, 285, 'Imagine Workshop', 'Really great workshop, you have to take part in.', 272, 82.96, '19:32:00', '20:32:00'), (1273, 285, 'Smoke Workshop', 'Really great workshop, you have to take part in.', 98, 33.89, '05:49:00', '06:49:00'), (1274, 286, 'Pretty Workshop', 'Really great workshop, you have to take part in.', 448, 39.24, '16:17:00', '17:17:00'), (1275, 286, 'Group Workshop', 'Really great workshop, you have to take part in.', 69, 93.36, '01:37:00', '03:07:00'), (1276, 286, 'Girl Workshop', 'Really great workshop, you have to take part in.', 41, 12.5, '04:02:00', '06:02:00'), (1277, 286, 'Warm Workshop', 'Really great workshop, you have to take part in.', 441, 56.06, '14:46:00', '16:16:00'), (1278, 286, 'Cent Workshop', 'Really great workshop, you have to take part in.', 228, 61.64, '15:35:00', '17:35:00'), (1279, 286, 'English Workshop', 'Really great workshop, you have to take part in.', 277, 90.09, '19:12:00', '19:57:00'), (1280, 286, 'System Workshop', 'Really great workshop, you have to take part in.', 297, 27.44, '12:43:00', '14:43:00'), (1281, 286, 'Hour Workshop', 'Really great workshop, you have to take part in.', 241, 32.93, '12:30:00', '13:30:00'), (1282, 286, 'Indeed Workshop', 'Really great workshop, you have to take part in.', 221, 65.45, '08:45:00', '10:15:00'), (1283, 287, 'Original Workshop', 'Really great workshop, you have to take part in.', 327, 57.76, '02:57:00', '04:57:00')
set identity_insert dbo.workshops off
